27 апр 2026;12:29:03.022 [main] DEBUG i.n.u.i.l.InternalLoggerFactory - Using SLF4J as the default logging framework
27 апр 2026;12:29:03.027 [main] DEBUG i.n.u.i.InternalThreadLocalMap - -Dio.netty.threadLocalMap.stringBuilder.initialSize: 1024
27 апр 2026;12:29:03.028 [main] DEBUG i.n.u.i.InternalThreadLocalMap - -Dio.netty.threadLocalMap.stringBuilder.maxSize: 4096
27 апр 2026;12:29:03.047 [main] DEBUG i.n.util.internal.PlatformDependent0 - -Dio.netty.noUnsafe: false
27 апр 2026;12:29:03.048 [main] DEBUG i.n.util.internal.PlatformDependent0 - Java version: 8
27 апр 2026;12:29:03.049 [main] DEBUG i.n.util.internal.PlatformDependent0 - sun.misc.Unsafe.theUnsafe: available
27 апр 2026;12:29:03.049 [main] DEBUG i.n.util.internal.PlatformDependent0 - sun.misc.Unsafe.copyMemory: available
27 апр 2026;12:29:03.050 [main] DEBUG i.n.util.internal.PlatformDependent0 - sun.misc.Unsafe.storeFence: available
27 апр 2026;12:29:03.050 [main] DEBUG i.n.util.internal.PlatformDependent0 - java.nio.Buffer.address: available
27 апр 2026;12:29:03.051 [main] DEBUG i.n.util.internal.PlatformDependent0 - direct buffer constructor: available
27 апр 2026;12:29:03.052 [main] DEBUG i.n.util.internal.PlatformDependent0 - java.nio.Bits.unaligned: available, true
27 апр 2026;12:29:03.052 [main] DEBUG i.n.util.internal.PlatformDependent0 - jdk.internal.misc.Unsafe.allocateUninitializedArray(int): unavailable prior to Java9
27 апр 2026;12:29:03.052 [main] DEBUG i.n.util.internal.PlatformDependent0 - java.nio.DirectByteBuffer.<init>(long, int): available
27 апр 2026;12:29:03.052 [main] DEBUG i.n.util.internal.PlatformDependent - sun.misc.Unsafe: available
27 апр 2026;12:29:03.052 [main] DEBUG i.n.util.internal.PlatformDependent - -Dio.netty.tmpdir: C:\Users\psoko\AppData\Local\Temp (java.io.tmpdir)
27 апр 2026;12:29:03.052 [main] DEBUG i.n.util.internal.PlatformDependent - -Dio.netty.bitMode: 64 (sun.arch.data.model)
27 апр 2026;12:29:03.052 [main] DEBUG i.n.util.internal.PlatformDependent - Platform: Windows
27 апр 2026;12:29:03.053 [main] DEBUG i.n.util.internal.PlatformDependent - -Dio.netty.maxDirectMemory: 7628390400 bytes
27 апр 2026;12:29:03.053 [main] DEBUG i.n.util.internal.PlatformDependent - -Dio.netty.uninitializedArrayAllocationThreshold: -1
27 апр 2026;12:29:03.054 [main] DEBUG io.netty.util.internal.CleanerJava6 - java.nio.ByteBuffer.cleaner(): available
27 апр 2026;12:29:03.055 [main] DEBUG i.n.util.internal.PlatformDependent - -Dio.netty.noPreferDirect: false
27 апр 2026;12:29:03.063 [main] DEBUG io.netty.util.ResourceLeakDetector - -Dio.netty.leakDetection.level: simple
27 апр 2026;12:29:03.063 [main] DEBUG io.netty.util.ResourceLeakDetector - -Dio.netty.leakDetection.targetRecords: 4
27 апр 2026;12:29:03.065 [main] DEBUG i.n.buffer.PooledByteBufAllocator - -Dio.netty.allocator.numHeapArenas: 16
27 апр 2026;12:29:03.066 [main] DEBUG i.n.buffer.PooledByteBufAllocator - -Dio.netty.allocator.numDirectArenas: 16
27 апр 2026;12:29:03.066 [main] DEBUG i.n.buffer.PooledByteBufAllocator - -Dio.netty.allocator.pageSize: 8192
27 апр 2026;12:29:03.066 [main] DEBUG i.n.buffer.PooledByteBufAllocator - -Dio.netty.allocator.maxOrder: 9
27 апр 2026;12:29:03.066 [main] DEBUG i.n.buffer.PooledByteBufAllocator - -Dio.netty.allocator.chunkSize: 4194304
27 апр 2026;12:29:03.066 [main] DEBUG i.n.buffer.PooledByteBufAllocator - -Dio.netty.allocator.smallCacheSize: 256
27 апр 2026;12:29:03.066 [main] DEBUG i.n.buffer.PooledByteBufAllocator - -Dio.netty.allocator.normalCacheSize: 64
27 апр 2026;12:29:03.066 [main] DEBUG i.n.buffer.PooledByteBufAllocator - -Dio.netty.allocator.maxCachedBufferCapacity: 32768
27 апр 2026;12:29:03.066 [main] DEBUG i.n.buffer.PooledByteBufAllocator - -Dio.netty.allocator.cacheTrimInterval: 8192
27 апр 2026;12:29:03.066 [main] DEBUG i.n.buffer.PooledByteBufAllocator - -Dio.netty.allocator.cacheTrimIntervalMillis: 0
27 апр 2026;12:29:03.066 [main] DEBUG i.n.buffer.PooledByteBufAllocator - -Dio.netty.allocator.useCacheForAllThreads: false
27 апр 2026;12:29:03.066 [main] DEBUG i.n.buffer.PooledByteBufAllocator - -Dio.netty.allocator.maxCachedByteBuffersPerChunk: 1023
27 апр 2026;12:29:03.082 [main] DEBUG io.netty.buffer.ByteBufUtil - -Dio.netty.allocator.type: pooled
27 апр 2026;12:29:03.082 [main] DEBUG io.netty.buffer.ByteBufUtil - -Dio.netty.threadLocalDirectBufferSize: 0
27 апр 2026;12:29:03.082 [main] DEBUG io.netty.buffer.ByteBufUtil - -Dio.netty.maxThreadLocalCharBufferSize: 16384
27 апр 2026;12:29:03.454 [main] DEBUG i.n.c.MultithreadEventLoopGroup - -Dio.netty.eventLoopThreads: 16
27 апр 2026;12:29:03.473 [main] DEBUG io.netty.channel.nio.NioEventLoop - -Dio.netty.noKeySetOptimization: false
27 апр 2026;12:29:03.474 [main] DEBUG io.netty.channel.nio.NioEventLoop - -Dio.netty.selectorAutoRebuildThreshold: 512
27 апр 2026;12:29:03.483 [main] DEBUG i.n.util.internal.PlatformDependent - org.jctools-core.MpscChunkedArrayQueue: available
27 апр 2026;12:29:03.588 [main] DEBUG io.netty.handler.ssl.OpenSsl - netty-tcnative not in the classpath; OpenSslEngine will be unavailable.
27 апр 2026;12:29:03.851 [main] DEBUG io.netty.handler.ssl.JdkSslContext - Default protocols (JDK): [TLSv1.3, TLSv1.2] 
27 апр 2026;12:29:03.851 [main] DEBUG io.netty.handler.ssl.JdkSslContext - Default cipher suites (JDK): [TLS_ECDHE_ECDSA_WITH_AES_256_GCM_SHA384, TLS_ECDHE_ECDSA_WITH_AES_128_GCM_SHA256, TLS_ECDHE_RSA_WITH_AES_128_GCM_SHA256, TLS_ECDHE_RSA_WITH_AES_256_GCM_SHA384, TLS_ECDHE_RSA_WITH_AES_128_CBC_SHA, TLS_ECDHE_RSA_WITH_AES_256_CBC_SHA, TLS_RSA_WITH_AES_128_GCM_SHA256, TLS_RSA_WITH_AES_128_CBC_SHA, TLS_RSA_WITH_AES_256_CBC_SHA, TLS_AES_128_GCM_SHA256, TLS_AES_256_GCM_SHA384]
27 апр 2026;12:29:03.858 [main] DEBUG reactor.util.Loggers - Using Slf4j logging framework
27 апр 2026;12:29:03.948 [main] DEBUG reactor.core.publisher.Hooks - Hooking onEachOperator: micronaut
27 апр 2026;12:29:09.260 [main] DEBUG io.netty.channel.DefaultChannelId - -Dio.netty.processId: 12904 (auto-detected)
27 апр 2026;12:29:09.261 [main] DEBUG io.netty.util.NetUtil - -Djava.net.preferIPv4Stack: false
27 апр 2026;12:29:09.261 [main] DEBUG io.netty.util.NetUtil - -Djava.net.preferIPv6Addresses: false
27 апр 2026;12:29:09.561 [main] DEBUG io.netty.util.NetUtilInitializations - Loopback interface: lo (Software Loopback Interface 1, 127.0.0.1)
27 апр 2026;12:29:09.562 [main] DEBUG io.netty.util.NetUtil - Failed to get SOMAXCONN from sysctl and file \proc\sys\net\core\somaxconn. Default: 200
27 апр 2026;12:29:09.904 [main] DEBUG io.netty.channel.DefaultChannelId - -Dio.netty.machineId: 30:9c:23:ff:fe:02:cb:6e (auto-detected)
27 апр 2026;12:29:09.942 [default-nioEventLoopGroup-1-1] DEBUG io.netty.buffer.AbstractByteBuf - -Dio.netty.buffer.checkAccessible: true
27 апр 2026;12:29:09.942 [default-nioEventLoopGroup-1-1] DEBUG io.netty.buffer.AbstractByteBuf - -Dio.netty.buffer.checkBounds: true
27 апр 2026;12:29:09.943 [default-nioEventLoopGroup-1-1] DEBUG i.n.util.ResourceLeakDetectorFactory - Loaded default ResourceLeakDetector: io.netty.util.ResourceLeakDetector@26558952
27 апр 2026;12:29:09.983 [default-nioEventLoopGroup-1-1] DEBUG io.netty.util.Recycler - -Dio.netty.recycler.maxCapacityPerThread: 4096
27 апр 2026;12:29:09.984 [default-nioEventLoopGroup-1-1] DEBUG io.netty.util.Recycler - -Dio.netty.recycler.ratio: 8
27 апр 2026;12:29:09.984 [default-nioEventLoopGroup-1-1] DEBUG io.netty.util.Recycler - -Dio.netty.recycler.chunkSize: 32
27 апр 2026;12:29:09.984 [default-nioEventLoopGroup-1-1] DEBUG io.netty.util.Recycler - -Dio.netty.recycler.blocking: false
27 апр 2026;12:29:10.061 [default-nioEventLoopGroup-1-1] DEBUG i.n.handler.codec.compression.Brotli - brotli4j not in the classpath; Brotli support will be unavailable.
27 апр 2026;12:29:10.150 [main] ERROR io.micronaut.runtime.Micronaut - Error starting Micronaut server: Unauthorized
io.micronaut.http.client.exceptions.HttpClientResponseException: Unauthorized
	at io.micronaut.http.client.netty.DefaultHttpClient$FullHttpResponseHandler.makeErrorFromRequestBody(DefaultHttpClient.java:3317)
	at io.micronaut.http.client.netty.DefaultHttpClient$FullHttpResponseHandler.buildResponse(DefaultHttpClient.java:3279)
	at io.micronaut.http.client.netty.DefaultHttpClient$FullHttpResponseHandler.buildResponse(DefaultHttpClient.java:3200)
	at io.micronaut.http.client.netty.DefaultHttpClient$BaseHttpResponseHandler.channelReadInstrumented(DefaultHttpClient.java:3175)
	at io.micronaut.http.client.netty.DefaultHttpClient$FullHttpResponseHandler.channelReadInstrumented(DefaultHttpClient.java:3238)
	at io.micronaut.http.client.netty.DefaultHttpClient$FullHttpResponseHandler.channelReadInstrumented(DefaultHttpClient.java:3200)
	at io.micronaut.http.client.netty.SimpleChannelInboundHandlerInstrumented.channelRead0(SimpleChannelInboundHandlerInstrumented.java:49)
	at io.netty.channel.SimpleChannelInboundHandler.channelRead(SimpleChannelInboundHandler.java:99)
	at io.netty.channel.AbstractChannelHandlerContext.invokeChannelRead(AbstractChannelHandlerContext.java:379)
	at io.netty.channel.AbstractChannelHandlerContext.invokeChannelRead(AbstractChannelHandlerContext.java:365)
	at io.netty.channel.AbstractChannelHandlerContext.fireChannelRead(AbstractChannelHandlerContext.java:357)
	at io.micronaut.http.netty.stream.HttpStreamsHandler.channelRead(HttpStreamsHandler.java:215)
	at io.micronaut.http.netty.stream.HttpStreamsClientHandler.channelRead(HttpStreamsClientHandler.java:180)
	at io.netty.channel.AbstractChannelHandlerContext.invokeChannelRead(AbstractChannelHandlerContext.java:379)
	at io.netty.channel.AbstractChannelHandlerContext.invokeChannelRead(AbstractChannelHandlerContext.java:365)
	at io.netty.channel.AbstractChannelHandlerContext.fireChannelRead(AbstractChannelHandlerContext.java:357)
	at io.netty.handler.codec.MessageToMessageDecoder.channelRead(MessageToMessageDecoder.java:103)
	at io.netty.channel.AbstractChannelHandlerContext.invokeChannelRead(AbstractChannelHandlerContext.java:379)
	at io.netty.channel.AbstractChannelHandlerContext.invokeChannelRead(AbstractChannelHandlerContext.java:365)
	at io.netty.channel.AbstractChannelHandlerContext.fireChannelRead(AbstractChannelHandlerContext.java:357)
	at io.netty.handler.codec.MessageToMessageDecoder.channelRead(MessageToMessageDecoder.java:103)
	at io.netty.channel.AbstractChannelHandlerContext.invokeChannelRead(AbstractChannelHandlerContext.java:379)
	at io.netty.channel.AbstractChannelHandlerContext.invokeChannelRead(AbstractChannelHandlerContext.java:365)
	at io.netty.channel.AbstractChannelHandlerContext.fireChannelRead(AbstractChannelHandlerContext.java:357)
	at io.netty.channel.CombinedChannelDuplexHandler$DelegatingChannelHandlerContext.fireChannelRead(CombinedChannelDuplexHandler.java:436)
	at io.netty.handler.codec.ByteToMessageDecoder.fireChannelRead(ByteToMessageDecoder.java:327)
	at io.netty.handler.codec.ByteToMessageDecoder.channelRead(ByteToMessageDecoder.java:299)
	at io.netty.channel.CombinedChannelDuplexHandler.channelRead(CombinedChannelDuplexHandler.java:251)
	at io.netty.channel.AbstractChannelHandlerContext.invokeChannelRead(AbstractChannelHandlerContext.java:379)
	at io.netty.channel.AbstractChannelHandlerContext.invokeChannelRead(AbstractChannelHandlerContext.java:365)
	at io.netty.channel.AbstractChannelHandlerContext.fireChannelRead(AbstractChannelHandlerContext.java:357)
	at io.netty.handler.timeout.IdleStateHandler.channelRead(IdleStateHandler.java:286)
	at io.netty.channel.AbstractChannelHandlerContext.invokeChannelRead(AbstractChannelHandlerContext.java:379)
	at io.netty.channel.AbstractChannelHandlerContext.invokeChannelRead(AbstractChannelHandlerContext.java:365)
	at io.netty.channel.AbstractChannelHandlerContext.fireChannelRead(AbstractChannelHandlerContext.java:357)
	at io.netty.channel.DefaultChannelPipeline$HeadContext.channelRead(DefaultChannelPipeline.java:1410)
	at io.netty.channel.AbstractChannelHandlerContext.invokeChannelRead(AbstractChannelHandlerContext.java:379)
	at io.netty.channel.AbstractChannelHandlerContext.invokeChannelRead(AbstractChannelHandlerContext.java:365)
	at io.netty.channel.DefaultChannelPipeline.fireChannelRead(DefaultChannelPipeline.java:919)
	at io.netty.channel.nio.AbstractNioByteChannel$NioByteUnsafe.read(AbstractNioByteChannel.java:166)
	at io.netty.channel.nio.NioEventLoop.processSelectedKey(NioEventLoop.java:722)
	at io.netty.channel.nio.NioEventLoop.processSelectedKeysOptimized(NioEventLoop.java:658)
	at io.netty.channel.nio.NioEventLoop.processSelectedKeys(NioEventLoop.java:584)
	at io.netty.channel.nio.NioEventLoop.run(NioEventLoop.java:496)
	at io.netty.util.concurrent.SingleThreadEventExecutor$4.run(SingleThreadEventExecutor.java:995)
	at io.netty.util.internal.ThreadExecutorMap$2.run(ThreadExecutorMap.java:74)
	at io.netty.util.concurrent.FastThreadLocalRunnable.run(FastThreadLocalRunnable.java:30)
	at java.lang.Thread.run(Thread.java:750)
	Suppressed: java.lang.Exception: #block terminated with an error
		at reactor.core.publisher.BlockingSingleSubscriber.blockingGet(BlockingSingleSubscriber.java:99)
		at reactor.core.publisher.Flux.blockFirst(Flux.java:2600)
		at io.micronaut.http.client.netty.DefaultHttpClient$3.exchange(DefaultHttpClient.java:617)
		at io.micronaut.http.client.BlockingHttpClient.retrieve(BlockingHttpClient.java:140)
		at io.micronaut.http.client.BlockingHttpClient.retrieve(BlockingHttpClient.java:122)
		at com.qsystems.meddoctorassignment.adapter.gateway.impl.OrchestraMetadataGatewayImpl.getList(OrchestraMetadataGatewayImpl.java:74)
		at com.qsystems.meddoctorassignment.adapter.gateway.impl.OrchestraMetadataGatewayImpl.getServicesFromBranch(OrchestraMetadataGatewayImpl.java:45)
		at com.qsystems.meddoctorassignment.cache.BranchCacheUpdater.updateBranchCache(BranchCacheUpdater.java:58)
		at com.qsystems.meddoctorassignment.cache.service.OrchestraDataCacheUpdateService.refreshConfiguredBranches(OrchestraDataCacheUpdateService.java:63)
		at com.qsystems.meddoctorassignment.cache.service.OrchestraDataCacheUpdateService.onApplicationEvent(OrchestraDataCacheUpdateService.java:53)
		at com.qsystems.meddoctorassignment.cache.service.OrchestraDataCacheUpdateService.onApplicationEvent(OrchestraDataCacheUpdateService.java:25)
		at io.micronaut.context.event.ApplicationEventPublisherFactory.notifyEventListeners(ApplicationEventPublisherFactory.java:262)
		at io.micronaut.context.event.ApplicationEventPublisherFactory.access$200(ApplicationEventPublisherFactory.java:60)
		at io.micronaut.context.event.ApplicationEventPublisherFactory$2.publishEvent(ApplicationEventPublisherFactory.java:229)
		at io.micronaut.context.DefaultBeanContext.publishEvent(DefaultBeanContext.java:1682)
		at io.micronaut.context.DefaultBeanContext.start(DefaultBeanContext.java:354)
		at io.micronaut.context.DefaultApplicationContext.start(DefaultApplicationContext.java:190)
		at io.micronaut.runtime.Micronaut.start(Micronaut.java:72)
		at io.micronaut.runtime.Micronaut.run(Micronaut.java:320)
		at io.micronaut.runtime.Micronaut.run(Micronaut.java:306)
		at com.qsystems.meddoctorassignment.DoctorAssignmentApplication.main(DoctorAssignmentApplication.java:15)
27 апр 2026;12:36:08.964 [main] DEBUG i.n.u.i.l.InternalLoggerFactory - Using SLF4J as the default logging framework
27 апр 2026;12:36:08.977 [main] DEBUG i.n.u.i.InternalThreadLocalMap - -Dio.netty.threadLocalMap.stringBuilder.initialSize: 1024
27 апр 2026;12:36:08.977 [main] DEBUG i.n.u.i.InternalThreadLocalMap - -Dio.netty.threadLocalMap.stringBuilder.maxSize: 4096
27 апр 2026;12:36:09.005 [main] DEBUG i.n.util.internal.PlatformDependent0 - -Dio.netty.noUnsafe: false
27 апр 2026;12:36:09.006 [main] DEBUG i.n.util.internal.PlatformDependent0 - Java version: 8
27 апр 2026;12:36:09.007 [main] DEBUG i.n.util.internal.PlatformDependent0 - sun.misc.Unsafe.theUnsafe: available
27 апр 2026;12:36:09.008 [main] DEBUG i.n.util.internal.PlatformDependent0 - sun.misc.Unsafe.copyMemory: available
27 апр 2026;12:36:09.009 [main] DEBUG i.n.util.internal.PlatformDependent0 - sun.misc.Unsafe.storeFence: available
27 апр 2026;12:36:09.010 [main] DEBUG i.n.util.internal.PlatformDependent0 - java.nio.Buffer.address: available
27 апр 2026;12:36:09.010 [main] DEBUG i.n.util.internal.PlatformDependent0 - direct buffer constructor: available
27 апр 2026;12:36:09.011 [main] DEBUG i.n.util.internal.PlatformDependent0 - java.nio.Bits.unaligned: available, true
27 апр 2026;12:36:09.012 [main] DEBUG i.n.util.internal.PlatformDependent0 - jdk.internal.misc.Unsafe.allocateUninitializedArray(int): unavailable prior to Java9
27 апр 2026;12:36:09.012 [main] DEBUG i.n.util.internal.PlatformDependent0 - java.nio.DirectByteBuffer.<init>(long, int): available
27 апр 2026;12:36:09.012 [main] DEBUG i.n.util.internal.PlatformDependent - sun.misc.Unsafe: available
27 апр 2026;12:36:09.013 [main] DEBUG i.n.util.internal.PlatformDependent - -Dio.netty.tmpdir: C:\Users\psoko\AppData\Local\Temp (java.io.tmpdir)
27 апр 2026;12:36:09.013 [main] DEBUG i.n.util.internal.PlatformDependent - -Dio.netty.bitMode: 64 (sun.arch.data.model)
27 апр 2026;12:36:09.013 [main] DEBUG i.n.util.internal.PlatformDependent - Platform: Windows
27 апр 2026;12:36:09.015 [main] DEBUG i.n.util.internal.PlatformDependent - -Dio.netty.maxDirectMemory: 7628390400 bytes
27 апр 2026;12:36:09.015 [main] DEBUG i.n.util.internal.PlatformDependent - -Dio.netty.uninitializedArrayAllocationThreshold: -1
27 апр 2026;12:36:09.017 [main] DEBUG io.netty.util.internal.CleanerJava6 - java.nio.ByteBuffer.cleaner(): available
27 апр 2026;12:36:09.017 [main] DEBUG i.n.util.internal.PlatformDependent - -Dio.netty.noPreferDirect: false
27 апр 2026;12:36:09.029 [main] DEBUG io.netty.util.ResourceLeakDetector - -Dio.netty.leakDetection.level: simple
27 апр 2026;12:36:09.029 [main] DEBUG io.netty.util.ResourceLeakDetector - -Dio.netty.leakDetection.targetRecords: 4
27 апр 2026;12:36:09.032 [main] DEBUG i.n.buffer.PooledByteBufAllocator - -Dio.netty.allocator.numHeapArenas: 16
27 апр 2026;12:36:09.032 [main] DEBUG i.n.buffer.PooledByteBufAllocator - -Dio.netty.allocator.numDirectArenas: 16
27 апр 2026;12:36:09.032 [main] DEBUG i.n.buffer.PooledByteBufAllocator - -Dio.netty.allocator.pageSize: 8192
27 апр 2026;12:36:09.032 [main] DEBUG i.n.buffer.PooledByteBufAllocator - -Dio.netty.allocator.maxOrder: 9
27 апр 2026;12:36:09.032 [main] DEBUG i.n.buffer.PooledByteBufAllocator - -Dio.netty.allocator.chunkSize: 4194304
27 апр 2026;12:36:09.032 [main] DEBUG i.n.buffer.PooledByteBufAllocator - -Dio.netty.allocator.smallCacheSize: 256
27 апр 2026;12:36:09.032 [main] DEBUG i.n.buffer.PooledByteBufAllocator - -Dio.netty.allocator.normalCacheSize: 64
27 апр 2026;12:36:09.032 [main] DEBUG i.n.buffer.PooledByteBufAllocator - -Dio.netty.allocator.maxCachedBufferCapacity: 32768
27 апр 2026;12:36:09.032 [main] DEBUG i.n.buffer.PooledByteBufAllocator - -Dio.netty.allocator.cacheTrimInterval: 8192
27 апр 2026;12:36:09.033 [main] DEBUG i.n.buffer.PooledByteBufAllocator - -Dio.netty.allocator.cacheTrimIntervalMillis: 0
27 апр 2026;12:36:09.033 [main] DEBUG i.n.buffer.PooledByteBufAllocator - -Dio.netty.allocator.useCacheForAllThreads: false
27 апр 2026;12:36:09.033 [main] DEBUG i.n.buffer.PooledByteBufAllocator - -Dio.netty.allocator.maxCachedByteBuffersPerChunk: 1023
27 апр 2026;12:36:09.053 [main] DEBUG io.netty.buffer.ByteBufUtil - -Dio.netty.allocator.type: pooled
27 апр 2026;12:36:09.053 [main] DEBUG io.netty.buffer.ByteBufUtil - -Dio.netty.threadLocalDirectBufferSize: 0
27 апр 2026;12:36:09.053 [main] DEBUG io.netty.buffer.ByteBufUtil - -Dio.netty.maxThreadLocalCharBufferSize: 16384
27 апр 2026;12:36:09.552 [main] DEBUG i.n.c.MultithreadEventLoopGroup - -Dio.netty.eventLoopThreads: 16
27 апр 2026;12:36:09.594 [main] DEBUG io.netty.channel.nio.NioEventLoop - -Dio.netty.noKeySetOptimization: false
27 апр 2026;12:36:09.594 [main] DEBUG io.netty.channel.nio.NioEventLoop - -Dio.netty.selectorAutoRebuildThreshold: 512
27 апр 2026;12:36:09.602 [main] DEBUG i.n.util.internal.PlatformDependent - org.jctools-core.MpscChunkedArrayQueue: available
27 апр 2026;12:36:10.456 [main] DEBUG io.netty.handler.ssl.OpenSsl - netty-tcnative not in the classpath; OpenSslEngine will be unavailable.
27 апр 2026;12:36:10.650 [main] DEBUG io.netty.handler.ssl.JdkSslContext - Default protocols (JDK): [TLSv1.3, TLSv1.2] 
27 апр 2026;12:36:10.650 [main] DEBUG io.netty.handler.ssl.JdkSslContext - Default cipher suites (JDK): [TLS_ECDHE_ECDSA_WITH_AES_256_GCM_SHA384, TLS_ECDHE_ECDSA_WITH_AES_128_GCM_SHA256, TLS_ECDHE_RSA_WITH_AES_128_GCM_SHA256, TLS_ECDHE_RSA_WITH_AES_256_GCM_SHA384, TLS_ECDHE_RSA_WITH_AES_128_CBC_SHA, TLS_ECDHE_RSA_WITH_AES_256_CBC_SHA, TLS_RSA_WITH_AES_128_GCM_SHA256, TLS_RSA_WITH_AES_128_CBC_SHA, TLS_RSA_WITH_AES_256_CBC_SHA, TLS_AES_128_GCM_SHA256, TLS_AES_256_GCM_SHA384]
27 апр 2026;12:36:10.663 [main] DEBUG reactor.util.Loggers - Using Slf4j logging framework
27 апр 2026;12:36:10.765 [main] DEBUG reactor.core.publisher.Hooks - Hooking onEachOperator: micronaut
27 апр 2026;12:36:10.984 [main] DEBUG io.netty.channel.DefaultChannelId - -Dio.netty.processId: 17932 (auto-detected)
27 апр 2026;12:36:10.987 [main] DEBUG io.netty.util.NetUtil - -Djava.net.preferIPv4Stack: false
27 апр 2026;12:36:10.987 [main] DEBUG io.netty.util.NetUtil - -Djava.net.preferIPv6Addresses: false
27 апр 2026;12:36:11.301 [main] DEBUG io.netty.util.NetUtilInitializations - Loopback interface: lo (Software Loopback Interface 1, 127.0.0.1)
27 апр 2026;12:36:11.302 [main] DEBUG io.netty.util.NetUtil - Failed to get SOMAXCONN from sysctl and file \proc\sys\net\core\somaxconn. Default: 200
27 апр 2026;12:36:11.649 [main] DEBUG io.netty.channel.DefaultChannelId - -Dio.netty.machineId: 30:9c:23:ff:fe:02:cb:6e (auto-detected)
27 апр 2026;12:36:11.734 [default-nioEventLoopGroup-1-1] DEBUG io.netty.buffer.AbstractByteBuf - -Dio.netty.buffer.checkAccessible: true
27 апр 2026;12:36:11.734 [default-nioEventLoopGroup-1-1] DEBUG io.netty.buffer.AbstractByteBuf - -Dio.netty.buffer.checkBounds: true
27 апр 2026;12:36:11.735 [default-nioEventLoopGroup-1-1] DEBUG i.n.util.ResourceLeakDetectorFactory - Loaded default ResourceLeakDetector: io.netty.util.ResourceLeakDetector@6392b69e
27 апр 2026;12:36:11.821 [default-nioEventLoopGroup-1-1] DEBUG io.netty.util.Recycler - -Dio.netty.recycler.maxCapacityPerThread: 4096
27 апр 2026;12:36:11.821 [default-nioEventLoopGroup-1-1] DEBUG io.netty.util.Recycler - -Dio.netty.recycler.ratio: 8
27 апр 2026;12:36:11.821 [default-nioEventLoopGroup-1-1] DEBUG io.netty.util.Recycler - -Dio.netty.recycler.chunkSize: 32
27 апр 2026;12:36:11.821 [default-nioEventLoopGroup-1-1] DEBUG io.netty.util.Recycler - -Dio.netty.recycler.blocking: false
27 апр 2026;12:36:11.953 [default-nioEventLoopGroup-1-1] DEBUG i.n.handler.codec.compression.Brotli - brotli4j not in the classpath; Brotli support will be unavailable.
27 апр 2026;12:36:12.232 [main] ERROR io.micronaut.runtime.Micronaut - Error starting Micronaut server: Not Found
io.micronaut.http.client.exceptions.HttpClientResponseException: Not Found
	at io.micronaut.http.client.netty.DefaultHttpClient$FullHttpResponseHandler.makeErrorFromRequestBody(DefaultHttpClient.java:3317)
	at io.micronaut.http.client.netty.DefaultHttpClient$FullHttpResponseHandler.buildResponse(DefaultHttpClient.java:3279)
	at io.micronaut.http.client.netty.DefaultHttpClient$FullHttpResponseHandler.buildResponse(DefaultHttpClient.java:3200)
	at io.micronaut.http.client.netty.DefaultHttpClient$BaseHttpResponseHandler.channelReadInstrumented(DefaultHttpClient.java:3175)
	at io.micronaut.http.client.netty.DefaultHttpClient$FullHttpResponseHandler.channelReadInstrumented(DefaultHttpClient.java:3238)
	at io.micronaut.http.client.netty.DefaultHttpClient$FullHttpResponseHandler.channelReadInstrumented(DefaultHttpClient.java:3200)
	at io.micronaut.http.client.netty.SimpleChannelInboundHandlerInstrumented.channelRead0(SimpleChannelInboundHandlerInstrumented.java:49)
	at io.netty.channel.SimpleChannelInboundHandler.channelRead(SimpleChannelInboundHandler.java:99)
	at io.netty.channel.AbstractChannelHandlerContext.invokeChannelRead(AbstractChannelHandlerContext.java:379)
	at io.netty.channel.AbstractChannelHandlerContext.invokeChannelRead(AbstractChannelHandlerContext.java:365)
	at io.netty.channel.AbstractChannelHandlerContext.fireChannelRead(AbstractChannelHandlerContext.java:357)
	at io.micronaut.http.netty.stream.HttpStreamsHandler.channelRead(HttpStreamsHandler.java:215)
	at io.micronaut.http.netty.stream.HttpStreamsClientHandler.channelRead(HttpStreamsClientHandler.java:180)
	at io.netty.channel.AbstractChannelHandlerContext.invokeChannelRead(AbstractChannelHandlerContext.java:379)
	at io.netty.channel.AbstractChannelHandlerContext.invokeChannelRead(AbstractChannelHandlerContext.java:365)
	at io.netty.channel.AbstractChannelHandlerContext.fireChannelRead(AbstractChannelHandlerContext.java:357)
	at io.netty.handler.codec.MessageToMessageDecoder.channelRead(MessageToMessageDecoder.java:103)
	at io.netty.channel.AbstractChannelHandlerContext.invokeChannelRead(AbstractChannelHandlerContext.java:379)
	at io.netty.channel.AbstractChannelHandlerContext.invokeChannelRead(AbstractChannelHandlerContext.java:365)
	at io.netty.channel.AbstractChannelHandlerContext.fireChannelRead(AbstractChannelHandlerContext.java:357)
	at io.netty.handler.codec.MessageToMessageDecoder.channelRead(MessageToMessageDecoder.java:103)
	at io.netty.channel.AbstractChannelHandlerContext.invokeChannelRead(AbstractChannelHandlerContext.java:379)
	at io.netty.channel.AbstractChannelHandlerContext.invokeChannelRead(AbstractChannelHandlerContext.java:365)
	at io.netty.channel.AbstractChannelHandlerContext.fireChannelRead(AbstractChannelHandlerContext.java:357)
	at io.netty.channel.CombinedChannelDuplexHandler$DelegatingChannelHandlerContext.fireChannelRead(CombinedChannelDuplexHandler.java:436)
	at io.netty.handler.codec.ByteToMessageDecoder.fireChannelRead(ByteToMessageDecoder.java:327)
	at io.netty.handler.codec.ByteToMessageDecoder.channelRead(ByteToMessageDecoder.java:299)
	at io.netty.channel.CombinedChannelDuplexHandler.channelRead(CombinedChannelDuplexHandler.java:251)
	at io.netty.channel.AbstractChannelHandlerContext.invokeChannelRead(AbstractChannelHandlerContext.java:379)
	at io.netty.channel.AbstractChannelHandlerContext.invokeChannelRead(AbstractChannelHandlerContext.java:365)
	at io.netty.channel.AbstractChannelHandlerContext.fireChannelRead(AbstractChannelHandlerContext.java:357)
	at io.netty.handler.timeout.IdleStateHandler.channelRead(IdleStateHandler.java:286)
	at io.netty.channel.AbstractChannelHandlerContext.invokeChannelRead(AbstractChannelHandlerContext.java:379)
	at io.netty.channel.AbstractChannelHandlerContext.invokeChannelRead(AbstractChannelHandlerContext.java:365)
	at io.netty.channel.AbstractChannelHandlerContext.fireChannelRead(AbstractChannelHandlerContext.java:357)
	at io.netty.channel.DefaultChannelPipeline$HeadContext.channelRead(DefaultChannelPipeline.java:1410)
	at io.netty.channel.AbstractChannelHandlerContext.invokeChannelRead(AbstractChannelHandlerContext.java:379)
	at io.netty.channel.AbstractChannelHandlerContext.invokeChannelRead(AbstractChannelHandlerContext.java:365)
	at io.netty.channel.DefaultChannelPipeline.fireChannelRead(DefaultChannelPipeline.java:919)
	at io.netty.channel.nio.AbstractNioByteChannel$NioByteUnsafe.read(AbstractNioByteChannel.java:166)
	at io.netty.channel.nio.NioEventLoop.processSelectedKey(NioEventLoop.java:722)
	at io.netty.channel.nio.NioEventLoop.processSelectedKeysOptimized(NioEventLoop.java:658)
	at io.netty.channel.nio.NioEventLoop.processSelectedKeys(NioEventLoop.java:584)
	at io.netty.channel.nio.NioEventLoop.run(NioEventLoop.java:496)
	at io.netty.util.concurrent.SingleThreadEventExecutor$4.run(SingleThreadEventExecutor.java:995)
	at io.netty.util.internal.ThreadExecutorMap$2.run(ThreadExecutorMap.java:74)
	at io.netty.util.concurrent.FastThreadLocalRunnable.run(FastThreadLocalRunnable.java:30)
	at java.lang.Thread.run(Thread.java:750)
	Suppressed: java.lang.Exception: #block terminated with an error
		at reactor.core.publisher.BlockingSingleSubscriber.blockingGet(BlockingSingleSubscriber.java:99)
		at reactor.core.publisher.Flux.blockFirst(Flux.java:2600)
		at io.micronaut.http.client.netty.DefaultHttpClient$3.exchange(DefaultHttpClient.java:617)
		at io.micronaut.http.client.BlockingHttpClient.retrieve(BlockingHttpClient.java:140)
		at io.micronaut.http.client.BlockingHttpClient.retrieve(BlockingHttpClient.java:122)
		at com.qsystems.meddoctorassignment.adapter.gateway.impl.OrchestraMetadataGatewayImpl.getList(OrchestraMetadataGatewayImpl.java:74)
		at com.qsystems.meddoctorassignment.adapter.gateway.impl.OrchestraMetadataGatewayImpl.getServicePointsFromBranch(OrchestraMetadataGatewayImpl.java:55)
		at com.qsystems.meddoctorassignment.cache.BranchCacheUpdater.updateBranchCache(BranchCacheUpdater.java:114)
		at com.qsystems.meddoctorassignment.cache.service.OrchestraDataCacheUpdateService.refreshConfiguredBranches(OrchestraDataCacheUpdateService.java:63)
		at com.qsystems.meddoctorassignment.cache.service.OrchestraDataCacheUpdateService.onApplicationEvent(OrchestraDataCacheUpdateService.java:53)
		at com.qsystems.meddoctorassignment.cache.service.OrchestraDataCacheUpdateService.onApplicationEvent(OrchestraDataCacheUpdateService.java:25)
		at io.micronaut.context.event.ApplicationEventPublisherFactory.notifyEventListeners(ApplicationEventPublisherFactory.java:262)
		at io.micronaut.context.event.ApplicationEventPublisherFactory.access$200(ApplicationEventPublisherFactory.java:60)
		at io.micronaut.context.event.ApplicationEventPublisherFactory$2.publishEvent(ApplicationEventPublisherFactory.java:229)
		at io.micronaut.context.DefaultBeanContext.publishEvent(DefaultBeanContext.java:1682)
		at io.micronaut.context.DefaultBeanContext.start(DefaultBeanContext.java:354)
		at io.micronaut.context.DefaultApplicationContext.start(DefaultApplicationContext.java:190)
		at io.micronaut.runtime.Micronaut.start(Micronaut.java:72)
		at io.micronaut.runtime.Micronaut.run(Micronaut.java:320)
		at io.micronaut.runtime.Micronaut.run(Micronaut.java:306)
		at com.qsystems.meddoctorassignment.DoctorAssignmentApplication.main(DoctorAssignmentApplication.java:15)
27 апр 2026;12:37:30.023 [main] DEBUG i.n.u.i.l.InternalLoggerFactory - Using SLF4J as the default logging framework
27 апр 2026;12:37:30.027 [main] DEBUG i.n.u.i.InternalThreadLocalMap - -Dio.netty.threadLocalMap.stringBuilder.initialSize: 1024
27 апр 2026;12:37:30.027 [main] DEBUG i.n.u.i.InternalThreadLocalMap - -Dio.netty.threadLocalMap.stringBuilder.maxSize: 4096
27 апр 2026;12:37:30.041 [main] DEBUG i.n.util.internal.PlatformDependent0 - -Dio.netty.noUnsafe: false
27 апр 2026;12:37:30.041 [main] DEBUG i.n.util.internal.PlatformDependent0 - Java version: 8
27 апр 2026;12:37:30.042 [main] DEBUG i.n.util.internal.PlatformDependent0 - sun.misc.Unsafe.theUnsafe: available
27 апр 2026;12:37:30.042 [main] DEBUG i.n.util.internal.PlatformDependent0 - sun.misc.Unsafe.copyMemory: available
27 апр 2026;12:37:30.043 [main] DEBUG i.n.util.internal.PlatformDependent0 - sun.misc.Unsafe.storeFence: available
27 апр 2026;12:37:30.043 [main] DEBUG i.n.util.internal.PlatformDependent0 - java.nio.Buffer.address: available
27 апр 2026;12:37:30.043 [main] DEBUG i.n.util.internal.PlatformDependent0 - direct buffer constructor: available
27 апр 2026;12:37:30.044 [main] DEBUG i.n.util.internal.PlatformDependent0 - java.nio.Bits.unaligned: available, true
27 апр 2026;12:37:30.044 [main] DEBUG i.n.util.internal.PlatformDependent0 - jdk.internal.misc.Unsafe.allocateUninitializedArray(int): unavailable prior to Java9
27 апр 2026;12:37:30.044 [main] DEBUG i.n.util.internal.PlatformDependent0 - java.nio.DirectByteBuffer.<init>(long, int): available
27 апр 2026;12:37:30.044 [main] DEBUG i.n.util.internal.PlatformDependent - sun.misc.Unsafe: available
27 апр 2026;12:37:30.045 [main] DEBUG i.n.util.internal.PlatformDependent - -Dio.netty.tmpdir: C:\Users\psoko\AppData\Local\Temp (java.io.tmpdir)
27 апр 2026;12:37:30.045 [main] DEBUG i.n.util.internal.PlatformDependent - -Dio.netty.bitMode: 64 (sun.arch.data.model)
27 апр 2026;12:37:30.045 [main] DEBUG i.n.util.internal.PlatformDependent - Platform: Windows
27 апр 2026;12:37:30.046 [main] DEBUG i.n.util.internal.PlatformDependent - -Dio.netty.maxDirectMemory: 7628390400 bytes
27 апр 2026;12:37:30.046 [main] DEBUG i.n.util.internal.PlatformDependent - -Dio.netty.uninitializedArrayAllocationThreshold: -1
27 апр 2026;12:37:30.047 [main] DEBUG io.netty.util.internal.CleanerJava6 - java.nio.ByteBuffer.cleaner(): available
27 апр 2026;12:37:30.047 [main] DEBUG i.n.util.internal.PlatformDependent - -Dio.netty.noPreferDirect: false
27 апр 2026;12:37:30.055 [main] DEBUG io.netty.util.ResourceLeakDetector - -Dio.netty.leakDetection.level: simple
27 апр 2026;12:37:30.055 [main] DEBUG io.netty.util.ResourceLeakDetector - -Dio.netty.leakDetection.targetRecords: 4
27 апр 2026;12:37:30.057 [main] DEBUG i.n.buffer.PooledByteBufAllocator - -Dio.netty.allocator.numHeapArenas: 16
27 апр 2026;12:37:30.057 [main] DEBUG i.n.buffer.PooledByteBufAllocator - -Dio.netty.allocator.numDirectArenas: 16
27 апр 2026;12:37:30.057 [main] DEBUG i.n.buffer.PooledByteBufAllocator - -Dio.netty.allocator.pageSize: 8192
27 апр 2026;12:37:30.057 [main] DEBUG i.n.buffer.PooledByteBufAllocator - -Dio.netty.allocator.maxOrder: 9
27 апр 2026;12:37:30.057 [main] DEBUG i.n.buffer.PooledByteBufAllocator - -Dio.netty.allocator.chunkSize: 4194304
27 апр 2026;12:37:30.057 [main] DEBUG i.n.buffer.PooledByteBufAllocator - -Dio.netty.allocator.smallCacheSize: 256
27 апр 2026;12:37:30.057 [main] DEBUG i.n.buffer.PooledByteBufAllocator - -Dio.netty.allocator.normalCacheSize: 64
27 апр 2026;12:37:30.057 [main] DEBUG i.n.buffer.PooledByteBufAllocator - -Dio.netty.allocator.maxCachedBufferCapacity: 32768
27 апр 2026;12:37:30.058 [main] DEBUG i.n.buffer.PooledByteBufAllocator - -Dio.netty.allocator.cacheTrimInterval: 8192
27 апр 2026;12:37:30.058 [main] DEBUG i.n.buffer.PooledByteBufAllocator - -Dio.netty.allocator.cacheTrimIntervalMillis: 0
27 апр 2026;12:37:30.058 [main] DEBUG i.n.buffer.PooledByteBufAllocator - -Dio.netty.allocator.useCacheForAllThreads: false
27 апр 2026;12:37:30.058 [main] DEBUG i.n.buffer.PooledByteBufAllocator - -Dio.netty.allocator.maxCachedByteBuffersPerChunk: 1023
27 апр 2026;12:37:30.068 [main] DEBUG io.netty.buffer.ByteBufUtil - -Dio.netty.allocator.type: pooled
27 апр 2026;12:37:30.068 [main] DEBUG io.netty.buffer.ByteBufUtil - -Dio.netty.threadLocalDirectBufferSize: 0
27 апр 2026;12:37:30.068 [main] DEBUG io.netty.buffer.ByteBufUtil - -Dio.netty.maxThreadLocalCharBufferSize: 16384
27 апр 2026;12:37:30.396 [main] DEBUG i.n.c.MultithreadEventLoopGroup - -Dio.netty.eventLoopThreads: 16
27 апр 2026;12:37:30.413 [main] DEBUG io.netty.channel.nio.NioEventLoop - -Dio.netty.noKeySetOptimization: false
27 апр 2026;12:37:30.413 [main] DEBUG io.netty.channel.nio.NioEventLoop - -Dio.netty.selectorAutoRebuildThreshold: 512
27 апр 2026;12:37:30.420 [main] DEBUG i.n.util.internal.PlatformDependent - org.jctools-core.MpscChunkedArrayQueue: available
27 апр 2026;12:37:30.883 [main] DEBUG io.netty.handler.ssl.OpenSsl - netty-tcnative not in the classpath; OpenSslEngine will be unavailable.
27 апр 2026;12:37:30.987 [main] DEBUG io.netty.handler.ssl.JdkSslContext - Default protocols (JDK): [TLSv1.3, TLSv1.2] 
27 апр 2026;12:37:30.987 [main] DEBUG io.netty.handler.ssl.JdkSslContext - Default cipher suites (JDK): [TLS_ECDHE_ECDSA_WITH_AES_256_GCM_SHA384, TLS_ECDHE_ECDSA_WITH_AES_128_GCM_SHA256, TLS_ECDHE_RSA_WITH_AES_128_GCM_SHA256, TLS_ECDHE_RSA_WITH_AES_256_GCM_SHA384, TLS_ECDHE_RSA_WITH_AES_128_CBC_SHA, TLS_ECDHE_RSA_WITH_AES_256_CBC_SHA, TLS_RSA_WITH_AES_128_GCM_SHA256, TLS_RSA_WITH_AES_128_CBC_SHA, TLS_RSA_WITH_AES_256_CBC_SHA, TLS_AES_128_GCM_SHA256, TLS_AES_256_GCM_SHA384]
27 апр 2026;12:37:30.994 [main] DEBUG reactor.util.Loggers - Using Slf4j logging framework
27 апр 2026;12:37:31.049 [main] DEBUG reactor.core.publisher.Hooks - Hooking onEachOperator: micronaut
27 апр 2026;12:37:31.146 [main] DEBUG io.netty.channel.DefaultChannelId - -Dio.netty.processId: 21060 (auto-detected)
27 апр 2026;12:37:31.148 [main] DEBUG io.netty.util.NetUtil - -Djava.net.preferIPv4Stack: false
27 апр 2026;12:37:31.148 [main] DEBUG io.netty.util.NetUtil - -Djava.net.preferIPv6Addresses: false
27 апр 2026;12:37:31.444 [main] DEBUG io.netty.util.NetUtilInitializations - Loopback interface: lo (Software Loopback Interface 1, 127.0.0.1)
27 апр 2026;12:37:31.445 [main] DEBUG io.netty.util.NetUtil - Failed to get SOMAXCONN from sysctl and file \proc\sys\net\core\somaxconn. Default: 200
27 апр 2026;12:37:31.769 [main] DEBUG io.netty.channel.DefaultChannelId - -Dio.netty.machineId: 30:9c:23:ff:fe:02:cb:6e (auto-detected)
27 апр 2026;12:37:31.835 [default-nioEventLoopGroup-1-1] DEBUG io.netty.buffer.AbstractByteBuf - -Dio.netty.buffer.checkAccessible: true
27 апр 2026;12:37:31.836 [default-nioEventLoopGroup-1-1] DEBUG io.netty.buffer.AbstractByteBuf - -Dio.netty.buffer.checkBounds: true
27 апр 2026;12:37:31.836 [default-nioEventLoopGroup-1-1] DEBUG i.n.util.ResourceLeakDetectorFactory - Loaded default ResourceLeakDetector: io.netty.util.ResourceLeakDetector@2220a166
27 апр 2026;12:37:31.878 [default-nioEventLoopGroup-1-1] DEBUG io.netty.util.Recycler - -Dio.netty.recycler.maxCapacityPerThread: 4096
27 апр 2026;12:37:31.878 [default-nioEventLoopGroup-1-1] DEBUG io.netty.util.Recycler - -Dio.netty.recycler.ratio: 8
27 апр 2026;12:37:31.878 [default-nioEventLoopGroup-1-1] DEBUG io.netty.util.Recycler - -Dio.netty.recycler.chunkSize: 32
27 апр 2026;12:37:31.878 [default-nioEventLoopGroup-1-1] DEBUG io.netty.util.Recycler - -Dio.netty.recycler.blocking: false
27 апр 2026;12:37:31.938 [default-nioEventLoopGroup-1-1] DEBUG i.n.handler.codec.compression.Brotli - brotli4j not in the classpath; Brotli support will be unavailable.
27 апр 2026;12:37:32.294 [main] ERROR io.micronaut.runtime.Micronaut - Error starting Micronaut server: Not Found
io.micronaut.http.client.exceptions.HttpClientResponseException: Not Found
	at io.micronaut.http.client.netty.DefaultHttpClient$FullHttpResponseHandler.makeErrorFromRequestBody(DefaultHttpClient.java:3317)
	at io.micronaut.http.client.netty.DefaultHttpClient$FullHttpResponseHandler.buildResponse(DefaultHttpClient.java:3279)
	at io.micronaut.http.client.netty.DefaultHttpClient$FullHttpResponseHandler.buildResponse(DefaultHttpClient.java:3200)
	at io.micronaut.http.client.netty.DefaultHttpClient$BaseHttpResponseHandler.channelReadInstrumented(DefaultHttpClient.java:3175)
	at io.micronaut.http.client.netty.DefaultHttpClient$FullHttpResponseHandler.channelReadInstrumented(DefaultHttpClient.java:3238)
	at io.micronaut.http.client.netty.DefaultHttpClient$FullHttpResponseHandler.channelReadInstrumented(DefaultHttpClient.java:3200)
	at io.micronaut.http.client.netty.SimpleChannelInboundHandlerInstrumented.channelRead0(SimpleChannelInboundHandlerInstrumented.java:49)
	at io.netty.channel.SimpleChannelInboundHandler.channelRead(SimpleChannelInboundHandler.java:99)
	at io.netty.channel.AbstractChannelHandlerContext.invokeChannelRead(AbstractChannelHandlerContext.java:379)
	at io.netty.channel.AbstractChannelHandlerContext.invokeChannelRead(AbstractChannelHandlerContext.java:365)
	at io.netty.channel.AbstractChannelHandlerContext.fireChannelRead(AbstractChannelHandlerContext.java:357)
	at io.micronaut.http.netty.stream.HttpStreamsHandler.channelRead(HttpStreamsHandler.java:215)
	at io.micronaut.http.netty.stream.HttpStreamsClientHandler.channelRead(HttpStreamsClientHandler.java:180)
	at io.netty.channel.AbstractChannelHandlerContext.invokeChannelRead(AbstractChannelHandlerContext.java:379)
	at io.netty.channel.AbstractChannelHandlerContext.invokeChannelRead(AbstractChannelHandlerContext.java:365)
	at io.netty.channel.AbstractChannelHandlerContext.fireChannelRead(AbstractChannelHandlerContext.java:357)
	at io.netty.handler.codec.MessageToMessageDecoder.channelRead(MessageToMessageDecoder.java:103)
	at io.netty.channel.AbstractChannelHandlerContext.invokeChannelRead(AbstractChannelHandlerContext.java:379)
	at io.netty.channel.AbstractChannelHandlerContext.invokeChannelRead(AbstractChannelHandlerContext.java:365)
	at io.netty.channel.AbstractChannelHandlerContext.fireChannelRead(AbstractChannelHandlerContext.java:357)
	at io.netty.handler.codec.MessageToMessageDecoder.channelRead(MessageToMessageDecoder.java:103)
	at io.netty.channel.AbstractChannelHandlerContext.invokeChannelRead(AbstractChannelHandlerContext.java:379)
	at io.netty.channel.AbstractChannelHandlerContext.invokeChannelRead(AbstractChannelHandlerContext.java:365)
	at io.netty.channel.AbstractChannelHandlerContext.fireChannelRead(AbstractChannelHandlerContext.java:357)
	at io.netty.channel.CombinedChannelDuplexHandler$DelegatingChannelHandlerContext.fireChannelRead(CombinedChannelDuplexHandler.java:436)
	at io.netty.handler.codec.ByteToMessageDecoder.fireChannelRead(ByteToMessageDecoder.java:327)
	at io.netty.handler.codec.ByteToMessageDecoder.channelRead(ByteToMessageDecoder.java:299)
	at io.netty.channel.CombinedChannelDuplexHandler.channelRead(CombinedChannelDuplexHandler.java:251)
	at io.netty.channel.AbstractChannelHandlerContext.invokeChannelRead(AbstractChannelHandlerContext.java:379)
	at io.netty.channel.AbstractChannelHandlerContext.invokeChannelRead(AbstractChannelHandlerContext.java:365)
	at io.netty.channel.AbstractChannelHandlerContext.fireChannelRead(AbstractChannelHandlerContext.java:357)
	at io.netty.handler.timeout.IdleStateHandler.channelRead(IdleStateHandler.java:286)
	at io.netty.channel.AbstractChannelHandlerContext.invokeChannelRead(AbstractChannelHandlerContext.java:379)
	at io.netty.channel.AbstractChannelHandlerContext.invokeChannelRead(AbstractChannelHandlerContext.java:365)
	at io.netty.channel.AbstractChannelHandlerContext.fireChannelRead(AbstractChannelHandlerContext.java:357)
	at io.netty.channel.DefaultChannelPipeline$HeadContext.channelRead(DefaultChannelPipeline.java:1410)
	at io.netty.channel.AbstractChannelHandlerContext.invokeChannelRead(AbstractChannelHandlerContext.java:379)
	at io.netty.channel.AbstractChannelHandlerContext.invokeChannelRead(AbstractChannelHandlerContext.java:365)
	at io.netty.channel.DefaultChannelPipeline.fireChannelRead(DefaultChannelPipeline.java:919)
	at io.netty.channel.nio.AbstractNioByteChannel$NioByteUnsafe.read(AbstractNioByteChannel.java:166)
	at io.netty.channel.nio.NioEventLoop.processSelectedKey(NioEventLoop.java:722)
	at io.netty.channel.nio.NioEventLoop.processSelectedKeysOptimized(NioEventLoop.java:658)
	at io.netty.channel.nio.NioEventLoop.processSelectedKeys(NioEventLoop.java:584)
	at io.netty.channel.nio.NioEventLoop.run(NioEventLoop.java:496)
	at io.netty.util.concurrent.SingleThreadEventExecutor$4.run(SingleThreadEventExecutor.java:995)
	at io.netty.util.internal.ThreadExecutorMap$2.run(ThreadExecutorMap.java:74)
	at io.netty.util.concurrent.FastThreadLocalRunnable.run(FastThreadLocalRunnable.java:30)
	at java.lang.Thread.run(Thread.java:750)
	Suppressed: java.lang.Exception: #block terminated with an error
		at reactor.core.publisher.BlockingSingleSubscriber.blockingGet(BlockingSingleSubscriber.java:99)
		at reactor.core.publisher.Flux.blockFirst(Flux.java:2600)
		at io.micronaut.http.client.netty.DefaultHttpClient$3.exchange(DefaultHttpClient.java:617)
		at io.micronaut.http.client.BlockingHttpClient.retrieve(BlockingHttpClient.java:140)
		at io.micronaut.http.client.BlockingHttpClient.retrieve(BlockingHttpClient.java:122)
		at com.qsystems.meddoctorassignment.adapter.gateway.impl.OrchestraMetadataGatewayImpl.getList(OrchestraMetadataGatewayImpl.java:74)
		at com.qsystems.meddoctorassignment.adapter.gateway.impl.OrchestraMetadataGatewayImpl.getServicePointsFromBranch(OrchestraMetadataGatewayImpl.java:55)
		at com.qsystems.meddoctorassignment.cache.BranchCacheUpdater.updateBranchCache(BranchCacheUpdater.java:114)
		at com.qsystems.meddoctorassignment.cache.service.OrchestraDataCacheUpdateService.refreshConfiguredBranches(OrchestraDataCacheUpdateService.java:63)
		at com.qsystems.meddoctorassignment.cache.service.OrchestraDataCacheUpdateService.onApplicationEvent(OrchestraDataCacheUpdateService.java:53)
		at com.qsystems.meddoctorassignment.cache.service.OrchestraDataCacheUpdateService.onApplicationEvent(OrchestraDataCacheUpdateService.java:25)
		at io.micronaut.context.event.ApplicationEventPublisherFactory.notifyEventListeners(ApplicationEventPublisherFactory.java:262)
		at io.micronaut.context.event.ApplicationEventPublisherFactory.access$200(ApplicationEventPublisherFactory.java:60)
		at io.micronaut.context.event.ApplicationEventPublisherFactory$2.publishEvent(ApplicationEventPublisherFactory.java:229)
		at io.micronaut.context.DefaultBeanContext.publishEvent(DefaultBeanContext.java:1682)
		at io.micronaut.context.DefaultBeanContext.start(DefaultBeanContext.java:354)
		at io.micronaut.context.DefaultApplicationContext.start(DefaultApplicationContext.java:190)
		at io.micronaut.runtime.Micronaut.start(Micronaut.java:72)
		at io.micronaut.runtime.Micronaut.run(Micronaut.java:320)
		at io.micronaut.runtime.Micronaut.run(Micronaut.java:306)
		at com.qsystems.meddoctorassignment.DoctorAssignmentApplication.main(DoctorAssignmentApplication.java:15)
27 апр 2026;12:38:56.767 [main] DEBUG i.n.u.i.l.InternalLoggerFactory - Using SLF4J as the default logging framework
27 апр 2026;12:38:56.770 [main] DEBUG i.n.u.i.InternalThreadLocalMap - -Dio.netty.threadLocalMap.stringBuilder.initialSize: 1024
27 апр 2026;12:38:56.771 [main] DEBUG i.n.u.i.InternalThreadLocalMap - -Dio.netty.threadLocalMap.stringBuilder.maxSize: 4096
27 апр 2026;12:38:56.784 [main] DEBUG i.n.util.internal.PlatformDependent0 - -Dio.netty.noUnsafe: false
27 апр 2026;12:38:56.785 [main] DEBUG i.n.util.internal.PlatformDependent0 - Java version: 8
27 апр 2026;12:38:56.786 [main] DEBUG i.n.util.internal.PlatformDependent0 - sun.misc.Unsafe.theUnsafe: available
27 апр 2026;12:38:56.786 [main] DEBUG i.n.util.internal.PlatformDependent0 - sun.misc.Unsafe.copyMemory: available
27 апр 2026;12:38:56.786 [main] DEBUG i.n.util.internal.PlatformDependent0 - sun.misc.Unsafe.storeFence: available
27 апр 2026;12:38:56.787 [main] DEBUG i.n.util.internal.PlatformDependent0 - java.nio.Buffer.address: available
27 апр 2026;12:38:56.787 [main] DEBUG i.n.util.internal.PlatformDependent0 - direct buffer constructor: available
27 апр 2026;12:38:56.788 [main] DEBUG i.n.util.internal.PlatformDependent0 - java.nio.Bits.unaligned: available, true
27 апр 2026;12:38:56.788 [main] DEBUG i.n.util.internal.PlatformDependent0 - jdk.internal.misc.Unsafe.allocateUninitializedArray(int): unavailable prior to Java9
27 апр 2026;12:38:56.788 [main] DEBUG i.n.util.internal.PlatformDependent0 - java.nio.DirectByteBuffer.<init>(long, int): available
27 апр 2026;12:38:56.788 [main] DEBUG i.n.util.internal.PlatformDependent - sun.misc.Unsafe: available
27 апр 2026;12:38:56.788 [main] DEBUG i.n.util.internal.PlatformDependent - -Dio.netty.tmpdir: C:\Users\psoko\AppData\Local\Temp (java.io.tmpdir)
27 апр 2026;12:38:56.789 [main] DEBUG i.n.util.internal.PlatformDependent - -Dio.netty.bitMode: 64 (sun.arch.data.model)
27 апр 2026;12:38:56.789 [main] DEBUG i.n.util.internal.PlatformDependent - Platform: Windows
27 апр 2026;12:38:56.790 [main] DEBUG i.n.util.internal.PlatformDependent - -Dio.netty.maxDirectMemory: 7628390400 bytes
27 апр 2026;12:38:56.790 [main] DEBUG i.n.util.internal.PlatformDependent - -Dio.netty.uninitializedArrayAllocationThreshold: -1
27 апр 2026;12:38:56.791 [main] DEBUG io.netty.util.internal.CleanerJava6 - java.nio.ByteBuffer.cleaner(): available
27 апр 2026;12:38:56.791 [main] DEBUG i.n.util.internal.PlatformDependent - -Dio.netty.noPreferDirect: false
27 апр 2026;12:38:56.799 [main] DEBUG io.netty.util.ResourceLeakDetector - -Dio.netty.leakDetection.level: simple
27 апр 2026;12:38:56.799 [main] DEBUG io.netty.util.ResourceLeakDetector - -Dio.netty.leakDetection.targetRecords: 4
27 апр 2026;12:38:56.802 [main] DEBUG i.n.buffer.PooledByteBufAllocator - -Dio.netty.allocator.numHeapArenas: 16
27 апр 2026;12:38:56.802 [main] DEBUG i.n.buffer.PooledByteBufAllocator - -Dio.netty.allocator.numDirectArenas: 16
27 апр 2026;12:38:56.802 [main] DEBUG i.n.buffer.PooledByteBufAllocator - -Dio.netty.allocator.pageSize: 8192
27 апр 2026;12:38:56.802 [main] DEBUG i.n.buffer.PooledByteBufAllocator - -Dio.netty.allocator.maxOrder: 9
27 апр 2026;12:38:56.802 [main] DEBUG i.n.buffer.PooledByteBufAllocator - -Dio.netty.allocator.chunkSize: 4194304
27 апр 2026;12:38:56.802 [main] DEBUG i.n.buffer.PooledByteBufAllocator - -Dio.netty.allocator.smallCacheSize: 256
27 апр 2026;12:38:56.802 [main] DEBUG i.n.buffer.PooledByteBufAllocator - -Dio.netty.allocator.normalCacheSize: 64
27 апр 2026;12:38:56.802 [main] DEBUG i.n.buffer.PooledByteBufAllocator - -Dio.netty.allocator.maxCachedBufferCapacity: 32768
27 апр 2026;12:38:56.802 [main] DEBUG i.n.buffer.PooledByteBufAllocator - -Dio.netty.allocator.cacheTrimInterval: 8192
27 апр 2026;12:38:56.802 [main] DEBUG i.n.buffer.PooledByteBufAllocator - -Dio.netty.allocator.cacheTrimIntervalMillis: 0
27 апр 2026;12:38:56.803 [main] DEBUG i.n.buffer.PooledByteBufAllocator - -Dio.netty.allocator.useCacheForAllThreads: false
27 апр 2026;12:38:56.803 [main] DEBUG i.n.buffer.PooledByteBufAllocator - -Dio.netty.allocator.maxCachedByteBuffersPerChunk: 1023
27 апр 2026;12:38:56.815 [main] DEBUG io.netty.buffer.ByteBufUtil - -Dio.netty.allocator.type: pooled
27 апр 2026;12:38:56.815 [main] DEBUG io.netty.buffer.ByteBufUtil - -Dio.netty.threadLocalDirectBufferSize: 0
27 апр 2026;12:38:56.815 [main] DEBUG io.netty.buffer.ByteBufUtil - -Dio.netty.maxThreadLocalCharBufferSize: 16384
27 апр 2026;12:38:57.191 [main] DEBUG i.n.c.MultithreadEventLoopGroup - -Dio.netty.eventLoopThreads: 16
27 апр 2026;12:38:57.213 [main] DEBUG io.netty.channel.nio.NioEventLoop - -Dio.netty.noKeySetOptimization: false
27 апр 2026;12:38:57.214 [main] DEBUG io.netty.channel.nio.NioEventLoop - -Dio.netty.selectorAutoRebuildThreshold: 512
27 апр 2026;12:38:57.225 [main] DEBUG i.n.util.internal.PlatformDependent - org.jctools-core.MpscChunkedArrayQueue: available
27 апр 2026;12:38:57.720 [main] DEBUG io.netty.handler.ssl.OpenSsl - netty-tcnative not in the classpath; OpenSslEngine will be unavailable.
27 апр 2026;12:38:57.814 [main] DEBUG io.netty.handler.ssl.JdkSslContext - Default protocols (JDK): [TLSv1.3, TLSv1.2] 
27 апр 2026;12:38:57.814 [main] DEBUG io.netty.handler.ssl.JdkSslContext - Default cipher suites (JDK): [TLS_ECDHE_ECDSA_WITH_AES_256_GCM_SHA384, TLS_ECDHE_ECDSA_WITH_AES_128_GCM_SHA256, TLS_ECDHE_RSA_WITH_AES_128_GCM_SHA256, TLS_ECDHE_RSA_WITH_AES_256_GCM_SHA384, TLS_ECDHE_RSA_WITH_AES_128_CBC_SHA, TLS_ECDHE_RSA_WITH_AES_256_CBC_SHA, TLS_RSA_WITH_AES_128_GCM_SHA256, TLS_RSA_WITH_AES_128_CBC_SHA, TLS_RSA_WITH_AES_256_CBC_SHA, TLS_AES_128_GCM_SHA256, TLS_AES_256_GCM_SHA384]
27 апр 2026;12:38:57.820 [main] DEBUG reactor.util.Loggers - Using Slf4j logging framework
27 апр 2026;12:38:57.872 [main] DEBUG reactor.core.publisher.Hooks - Hooking onEachOperator: micronaut
27 апр 2026;12:38:57.963 [main] DEBUG io.netty.channel.DefaultChannelId - -Dio.netty.processId: 23360 (auto-detected)
27 апр 2026;12:38:57.965 [main] DEBUG io.netty.util.NetUtil - -Djava.net.preferIPv4Stack: false
27 апр 2026;12:38:57.965 [main] DEBUG io.netty.util.NetUtil - -Djava.net.preferIPv6Addresses: false
27 апр 2026;12:38:58.259 [main] DEBUG io.netty.util.NetUtilInitializations - Loopback interface: lo (Software Loopback Interface 1, 127.0.0.1)
27 апр 2026;12:38:58.260 [main] DEBUG io.netty.util.NetUtil - Failed to get SOMAXCONN from sysctl and file \proc\sys\net\core\somaxconn. Default: 200
27 апр 2026;12:38:58.588 [main] DEBUG io.netty.channel.DefaultChannelId - -Dio.netty.machineId: 30:9c:23:ff:fe:02:cb:6e (auto-detected)
27 апр 2026;12:38:58.655 [default-nioEventLoopGroup-1-1] DEBUG io.netty.buffer.AbstractByteBuf - -Dio.netty.buffer.checkAccessible: true
27 апр 2026;12:38:58.656 [default-nioEventLoopGroup-1-1] DEBUG io.netty.buffer.AbstractByteBuf - -Dio.netty.buffer.checkBounds: true
27 апр 2026;12:38:58.656 [default-nioEventLoopGroup-1-1] DEBUG i.n.util.ResourceLeakDetectorFactory - Loaded default ResourceLeakDetector: io.netty.util.ResourceLeakDetector@fafc96c
27 апр 2026;12:38:58.694 [default-nioEventLoopGroup-1-1] DEBUG io.netty.util.Recycler - -Dio.netty.recycler.maxCapacityPerThread: 4096
27 апр 2026;12:38:58.694 [default-nioEventLoopGroup-1-1] DEBUG io.netty.util.Recycler - -Dio.netty.recycler.ratio: 8
27 апр 2026;12:38:58.694 [default-nioEventLoopGroup-1-1] DEBUG io.netty.util.Recycler - -Dio.netty.recycler.chunkSize: 32
27 апр 2026;12:38:58.695 [default-nioEventLoopGroup-1-1] DEBUG io.netty.util.Recycler - -Dio.netty.recycler.blocking: false
27 апр 2026;12:38:58.767 [default-nioEventLoopGroup-1-1] DEBUG i.n.handler.codec.compression.Brotli - brotli4j not in the classpath; Brotli support will be unavailable.
27 апр 2026;12:39:00.107 [main] INFO  io.micronaut.runtime.Micronaut - Startup completed in 4469ms. Server Running: http://localhost:8085
27 апр 2026;12:43:18.789 [Thread-1] INFO  io.micronaut.runtime.Micronaut - Embedded Application shutting down
27 апр 2026;12:43:18.810 [default-nioEventLoopGroup-1-14] DEBUG io.netty.buffer.PoolThreadCache - Freed 3 thread-local buffer(s) from thread: default-nioEventLoopGroup-1-14
27 апр 2026;12:43:18.810 [default-nioEventLoopGroup-1-11] DEBUG io.netty.buffer.PoolThreadCache - Freed 5 thread-local buffer(s) from thread: default-nioEventLoopGroup-1-11
27 апр 2026;12:43:18.810 [default-nioEventLoopGroup-1-4] DEBUG io.netty.buffer.PoolThreadCache - Freed 3 thread-local buffer(s) from thread: default-nioEventLoopGroup-1-4
27 апр 2026;12:43:18.810 [default-nioEventLoopGroup-1-3] DEBUG io.netty.buffer.PoolThreadCache - Freed 3 thread-local buffer(s) from thread: default-nioEventLoopGroup-1-3
27 апр 2026;12:43:18.810 [default-nioEventLoopGroup-1-9] DEBUG io.netty.buffer.PoolThreadCache - Freed 5 thread-local buffer(s) from thread: default-nioEventLoopGroup-1-9
27 апр 2026;12:43:18.810 [default-nioEventLoopGroup-1-1] DEBUG io.netty.buffer.PoolThreadCache - Freed 7 thread-local buffer(s) from thread: default-nioEventLoopGroup-1-1
27 апр 2026;12:43:18.810 [default-nioEventLoopGroup-1-5] DEBUG io.netty.buffer.PoolThreadCache - Freed 3 thread-local buffer(s) from thread: default-nioEventLoopGroup-1-5
27 апр 2026;12:43:18.810 [default-nioEventLoopGroup-1-16] DEBUG io.netty.buffer.PoolThreadCache - Freed 3 thread-local buffer(s) from thread: default-nioEventLoopGroup-1-16
27 апр 2026;12:43:18.810 [default-nioEventLoopGroup-1-12] DEBUG io.netty.buffer.PoolThreadCache - Freed 3 thread-local buffer(s) from thread: default-nioEventLoopGroup-1-12
27 апр 2026;12:43:18.810 [default-nioEventLoopGroup-1-8] DEBUG io.netty.buffer.PoolThreadCache - Freed 3 thread-local buffer(s) from thread: default-nioEventLoopGroup-1-8
27 апр 2026;12:43:18.810 [default-nioEventLoopGroup-1-13] DEBUG io.netty.buffer.PoolThreadCache - Freed 3 thread-local buffer(s) from thread: default-nioEventLoopGroup-1-13
27 апр 2026;12:43:18.810 [default-nioEventLoopGroup-1-2] DEBUG io.netty.buffer.PoolThreadCache - Freed 11 thread-local buffer(s) from thread: default-nioEventLoopGroup-1-2
27 апр 2026;12:43:18.810 [default-nioEventLoopGroup-1-15] DEBUG io.netty.buffer.PoolThreadCache - Freed 3 thread-local buffer(s) from thread: default-nioEventLoopGroup-1-15
27 апр 2026;12:43:18.810 [default-nioEventLoopGroup-1-6] DEBUG io.netty.buffer.PoolThreadCache - Freed 3 thread-local buffer(s) from thread: default-nioEventLoopGroup-1-6
27 апр 2026;12:43:18.810 [default-nioEventLoopGroup-1-7] DEBUG io.netty.buffer.PoolThreadCache - Freed 3 thread-local buffer(s) from thread: default-nioEventLoopGroup-1-7
27 апр 2026;12:43:18.810 [default-nioEventLoopGroup-1-10] DEBUG io.netty.buffer.PoolThreadCache - Freed 3 thread-local buffer(s) from thread: default-nioEventLoopGroup-1-10
27 апр 2026;12:43:18.814 [Thread-1] DEBUG reactor.core.publisher.Hooks - Reset onEachOperator: micronaut
27 апр 2026;12:43:28.347 [main] DEBUG i.n.u.i.l.InternalLoggerFactory - Using SLF4J as the default logging framework
27 апр 2026;12:43:28.351 [main] DEBUG i.n.u.i.InternalThreadLocalMap - -Dio.netty.threadLocalMap.stringBuilder.initialSize: 1024
27 апр 2026;12:43:28.351 [main] DEBUG i.n.u.i.InternalThreadLocalMap - -Dio.netty.threadLocalMap.stringBuilder.maxSize: 4096
27 апр 2026;12:43:28.364 [main] DEBUG i.n.util.internal.PlatformDependent0 - -Dio.netty.noUnsafe: false
27 апр 2026;12:43:28.365 [main] DEBUG i.n.util.internal.PlatformDependent0 - Java version: 8
27 апр 2026;12:43:28.366 [main] DEBUG i.n.util.internal.PlatformDependent0 - sun.misc.Unsafe.theUnsafe: available
27 апр 2026;12:43:28.366 [main] DEBUG i.n.util.internal.PlatformDependent0 - sun.misc.Unsafe.copyMemory: available
27 апр 2026;12:43:28.366 [main] DEBUG i.n.util.internal.PlatformDependent0 - sun.misc.Unsafe.storeFence: available
27 апр 2026;12:43:28.367 [main] DEBUG i.n.util.internal.PlatformDependent0 - java.nio.Buffer.address: available
27 апр 2026;12:43:28.367 [main] DEBUG i.n.util.internal.PlatformDependent0 - direct buffer constructor: available
27 апр 2026;12:43:28.368 [main] DEBUG i.n.util.internal.PlatformDependent0 - java.nio.Bits.unaligned: available, true
27 апр 2026;12:43:28.368 [main] DEBUG i.n.util.internal.PlatformDependent0 - jdk.internal.misc.Unsafe.allocateUninitializedArray(int): unavailable prior to Java9
27 апр 2026;12:43:28.368 [main] DEBUG i.n.util.internal.PlatformDependent0 - java.nio.DirectByteBuffer.<init>(long, int): available
27 апр 2026;12:43:28.368 [main] DEBUG i.n.util.internal.PlatformDependent - sun.misc.Unsafe: available
27 апр 2026;12:43:28.368 [main] DEBUG i.n.util.internal.PlatformDependent - -Dio.netty.tmpdir: C:\Users\psoko\AppData\Local\Temp (java.io.tmpdir)
27 апр 2026;12:43:28.368 [main] DEBUG i.n.util.internal.PlatformDependent - -Dio.netty.bitMode: 64 (sun.arch.data.model)
27 апр 2026;12:43:28.369 [main] DEBUG i.n.util.internal.PlatformDependent - Platform: Windows
27 апр 2026;12:43:28.370 [main] DEBUG i.n.util.internal.PlatformDependent - -Dio.netty.maxDirectMemory: 7628390400 bytes
27 апр 2026;12:43:28.370 [main] DEBUG i.n.util.internal.PlatformDependent - -Dio.netty.uninitializedArrayAllocationThreshold: -1
27 апр 2026;12:43:28.370 [main] DEBUG io.netty.util.internal.CleanerJava6 - java.nio.ByteBuffer.cleaner(): available
27 апр 2026;12:43:28.370 [main] DEBUG i.n.util.internal.PlatformDependent - -Dio.netty.noPreferDirect: false
27 апр 2026;12:43:28.378 [main] DEBUG io.netty.util.ResourceLeakDetector - -Dio.netty.leakDetection.level: simple
27 апр 2026;12:43:28.378 [main] DEBUG io.netty.util.ResourceLeakDetector - -Dio.netty.leakDetection.targetRecords: 4
27 апр 2026;12:43:28.380 [main] DEBUG i.n.buffer.PooledByteBufAllocator - -Dio.netty.allocator.numHeapArenas: 16
27 апр 2026;12:43:28.381 [main] DEBUG i.n.buffer.PooledByteBufAllocator - -Dio.netty.allocator.numDirectArenas: 16
27 апр 2026;12:43:28.381 [main] DEBUG i.n.buffer.PooledByteBufAllocator - -Dio.netty.allocator.pageSize: 8192
27 апр 2026;12:43:28.381 [main] DEBUG i.n.buffer.PooledByteBufAllocator - -Dio.netty.allocator.maxOrder: 9
27 апр 2026;12:43:28.381 [main] DEBUG i.n.buffer.PooledByteBufAllocator - -Dio.netty.allocator.chunkSize: 4194304
27 апр 2026;12:43:28.381 [main] DEBUG i.n.buffer.PooledByteBufAllocator - -Dio.netty.allocator.smallCacheSize: 256
27 апр 2026;12:43:28.381 [main] DEBUG i.n.buffer.PooledByteBufAllocator - -Dio.netty.allocator.normalCacheSize: 64
27 апр 2026;12:43:28.381 [main] DEBUG i.n.buffer.PooledByteBufAllocator - -Dio.netty.allocator.maxCachedBufferCapacity: 32768
27 апр 2026;12:43:28.381 [main] DEBUG i.n.buffer.PooledByteBufAllocator - -Dio.netty.allocator.cacheTrimInterval: 8192
27 апр 2026;12:43:28.381 [main] DEBUG i.n.buffer.PooledByteBufAllocator - -Dio.netty.allocator.cacheTrimIntervalMillis: 0
27 апр 2026;12:43:28.381 [main] DEBUG i.n.buffer.PooledByteBufAllocator - -Dio.netty.allocator.useCacheForAllThreads: false
27 апр 2026;12:43:28.381 [main] DEBUG i.n.buffer.PooledByteBufAllocator - -Dio.netty.allocator.maxCachedByteBuffersPerChunk: 1023
27 апр 2026;12:43:28.391 [main] DEBUG io.netty.buffer.ByteBufUtil - -Dio.netty.allocator.type: pooled
27 апр 2026;12:43:28.392 [main] DEBUG io.netty.buffer.ByteBufUtil - -Dio.netty.threadLocalDirectBufferSize: 0
27 апр 2026;12:43:28.392 [main] DEBUG io.netty.buffer.ByteBufUtil - -Dio.netty.maxThreadLocalCharBufferSize: 16384
27 апр 2026;12:43:28.711 [main] DEBUG i.n.c.MultithreadEventLoopGroup - -Dio.netty.eventLoopThreads: 16
27 апр 2026;12:43:28.730 [main] DEBUG io.netty.channel.nio.NioEventLoop - -Dio.netty.noKeySetOptimization: false
27 апр 2026;12:43:28.730 [main] DEBUG io.netty.channel.nio.NioEventLoop - -Dio.netty.selectorAutoRebuildThreshold: 512
27 апр 2026;12:43:28.737 [main] DEBUG i.n.util.internal.PlatformDependent - org.jctools-core.MpscChunkedArrayQueue: available
27 апр 2026;12:43:29.154 [main] DEBUG io.netty.handler.ssl.OpenSsl - netty-tcnative not in the classpath; OpenSslEngine will be unavailable.
27 апр 2026;12:43:29.243 [main] DEBUG io.netty.handler.ssl.JdkSslContext - Default protocols (JDK): [TLSv1.3, TLSv1.2] 
27 апр 2026;12:43:29.244 [main] DEBUG io.netty.handler.ssl.JdkSslContext - Default cipher suites (JDK): [TLS_ECDHE_ECDSA_WITH_AES_256_GCM_SHA384, TLS_ECDHE_ECDSA_WITH_AES_128_GCM_SHA256, TLS_ECDHE_RSA_WITH_AES_128_GCM_SHA256, TLS_ECDHE_RSA_WITH_AES_256_GCM_SHA384, TLS_ECDHE_RSA_WITH_AES_128_CBC_SHA, TLS_ECDHE_RSA_WITH_AES_256_CBC_SHA, TLS_RSA_WITH_AES_128_GCM_SHA256, TLS_RSA_WITH_AES_128_CBC_SHA, TLS_RSA_WITH_AES_256_CBC_SHA, TLS_AES_128_GCM_SHA256, TLS_AES_256_GCM_SHA384]
27 апр 2026;12:43:29.249 [main] DEBUG reactor.util.Loggers - Using Slf4j logging framework
27 апр 2026;12:43:29.300 [main] DEBUG reactor.core.publisher.Hooks - Hooking onEachOperator: micronaut
27 апр 2026;12:43:29.390 [main] DEBUG io.netty.channel.DefaultChannelId - -Dio.netty.processId: 25472 (auto-detected)
27 апр 2026;12:43:29.392 [main] DEBUG io.netty.util.NetUtil - -Djava.net.preferIPv4Stack: false
27 апр 2026;12:43:29.392 [main] DEBUG io.netty.util.NetUtil - -Djava.net.preferIPv6Addresses: false
27 апр 2026;12:43:29.691 [main] DEBUG io.netty.util.NetUtilInitializations - Loopback interface: lo (Software Loopback Interface 1, 127.0.0.1)
27 апр 2026;12:43:29.692 [main] DEBUG io.netty.util.NetUtil - Failed to get SOMAXCONN from sysctl and file \proc\sys\net\core\somaxconn. Default: 200
27 апр 2026;12:43:30.013 [main] DEBUG io.netty.channel.DefaultChannelId - -Dio.netty.machineId: 30:9c:23:ff:fe:02:cb:6e (auto-detected)
27 апр 2026;12:43:30.078 [default-nioEventLoopGroup-1-1] DEBUG io.netty.buffer.AbstractByteBuf - -Dio.netty.buffer.checkAccessible: true
27 апр 2026;12:43:30.078 [default-nioEventLoopGroup-1-1] DEBUG io.netty.buffer.AbstractByteBuf - -Dio.netty.buffer.checkBounds: true
27 апр 2026;12:43:30.079 [default-nioEventLoopGroup-1-1] DEBUG i.n.util.ResourceLeakDetectorFactory - Loaded default ResourceLeakDetector: io.netty.util.ResourceLeakDetector@36688efa
27 апр 2026;12:43:30.119 [default-nioEventLoopGroup-1-1] DEBUG io.netty.util.Recycler - -Dio.netty.recycler.maxCapacityPerThread: 4096
27 апр 2026;12:43:30.119 [default-nioEventLoopGroup-1-1] DEBUG io.netty.util.Recycler - -Dio.netty.recycler.ratio: 8
27 апр 2026;12:43:30.119 [default-nioEventLoopGroup-1-1] DEBUG io.netty.util.Recycler - -Dio.netty.recycler.chunkSize: 32
27 апр 2026;12:43:30.119 [default-nioEventLoopGroup-1-1] DEBUG io.netty.util.Recycler - -Dio.netty.recycler.blocking: false
27 апр 2026;12:43:30.171 [default-nioEventLoopGroup-1-1] DEBUG i.n.handler.codec.compression.Brotli - brotli4j not in the classpath; Brotli support will be unavailable.
27 апр 2026;12:43:31.473 [main] INFO  io.micronaut.runtime.Micronaut - Startup completed in 4344ms. Server Running: http://localhost:8085
27 апр 2026;12:49:58.989 [Thread-1] INFO  io.micronaut.runtime.Micronaut - Embedded Application shutting down
27 апр 2026;12:49:59.007 [default-nioEventLoopGroup-1-2] DEBUG io.netty.buffer.PoolThreadCache - Freed 15 thread-local buffer(s) from thread: default-nioEventLoopGroup-1-2
27 апр 2026;12:49:59.007 [default-nioEventLoopGroup-1-8] DEBUG io.netty.buffer.PoolThreadCache - Freed 6 thread-local buffer(s) from thread: default-nioEventLoopGroup-1-8
27 апр 2026;12:49:59.007 [default-nioEventLoopGroup-1-11] DEBUG io.netty.buffer.PoolThreadCache - Freed 6 thread-local buffer(s) from thread: default-nioEventLoopGroup-1-11
27 апр 2026;12:49:59.007 [default-nioEventLoopGroup-1-9] DEBUG io.netty.buffer.PoolThreadCache - Freed 6 thread-local buffer(s) from thread: default-nioEventLoopGroup-1-9
27 апр 2026;12:49:59.007 [default-nioEventLoopGroup-1-15] DEBUG io.netty.buffer.PoolThreadCache - Freed 6 thread-local buffer(s) from thread: default-nioEventLoopGroup-1-15
27 апр 2026;12:49:59.007 [default-nioEventLoopGroup-1-13] DEBUG io.netty.buffer.PoolThreadCache - Freed 5 thread-local buffer(s) from thread: default-nioEventLoopGroup-1-13
27 апр 2026;12:49:59.007 [default-nioEventLoopGroup-1-12] DEBUG io.netty.buffer.PoolThreadCache - Freed 6 thread-local buffer(s) from thread: default-nioEventLoopGroup-1-12
27 апр 2026;12:49:59.007 [default-nioEventLoopGroup-1-16] DEBUG io.netty.buffer.PoolThreadCache - Freed 6 thread-local buffer(s) from thread: default-nioEventLoopGroup-1-16
27 апр 2026;12:49:59.007 [default-nioEventLoopGroup-1-14] DEBUG io.netty.buffer.PoolThreadCache - Freed 6 thread-local buffer(s) from thread: default-nioEventLoopGroup-1-14
27 апр 2026;12:49:59.008 [default-nioEventLoopGroup-1-1] DEBUG io.netty.buffer.PoolThreadCache - Freed 8 thread-local buffer(s) from thread: default-nioEventLoopGroup-1-1
27 апр 2026;12:49:59.010 [default-nioEventLoopGroup-1-3] DEBUG io.netty.buffer.PoolThreadCache - Freed 6 thread-local buffer(s) from thread: default-nioEventLoopGroup-1-3
27 апр 2026;12:49:59.007 [default-nioEventLoopGroup-1-10] DEBUG io.netty.buffer.PoolThreadCache - Freed 6 thread-local buffer(s) from thread: default-nioEventLoopGroup-1-10
27 апр 2026;12:49:59.010 [default-nioEventLoopGroup-1-5] DEBUG io.netty.buffer.PoolThreadCache - Freed 6 thread-local buffer(s) from thread: default-nioEventLoopGroup-1-5
27 апр 2026;12:49:59.008 [default-nioEventLoopGroup-1-7] DEBUG io.netty.buffer.PoolThreadCache - Freed 7 thread-local buffer(s) from thread: default-nioEventLoopGroup-1-7
27 апр 2026;12:49:59.010 [default-nioEventLoopGroup-1-4] DEBUG io.netty.buffer.PoolThreadCache - Freed 10 thread-local buffer(s) from thread: default-nioEventLoopGroup-1-4
27 апр 2026;12:49:59.007 [default-nioEventLoopGroup-1-6] DEBUG io.netty.buffer.PoolThreadCache - Freed 6 thread-local buffer(s) from thread: default-nioEventLoopGroup-1-6
27 апр 2026;12:49:59.016 [Thread-1] DEBUG reactor.core.publisher.Hooks - Reset onEachOperator: micronaut
27 апр 2026;13:17:53.150 [main] DEBUG i.n.u.i.l.InternalLoggerFactory - Using SLF4J as the default logging framework
27 апр 2026;13:17:53.153 [main] DEBUG i.n.u.i.InternalThreadLocalMap - -Dio.netty.threadLocalMap.stringBuilder.initialSize: 1024
27 апр 2026;13:17:53.154 [main] DEBUG i.n.u.i.InternalThreadLocalMap - -Dio.netty.threadLocalMap.stringBuilder.maxSize: 4096
27 апр 2026;13:17:53.167 [main] DEBUG i.n.util.internal.PlatformDependent0 - -Dio.netty.noUnsafe: false
27 апр 2026;13:17:53.167 [main] DEBUG i.n.util.internal.PlatformDependent0 - Java version: 8
27 апр 2026;13:17:53.168 [main] DEBUG i.n.util.internal.PlatformDependent0 - sun.misc.Unsafe.theUnsafe: available
27 апр 2026;13:17:53.168 [main] DEBUG i.n.util.internal.PlatformDependent0 - sun.misc.Unsafe.copyMemory: available
27 апр 2026;13:17:53.169 [main] DEBUG i.n.util.internal.PlatformDependent0 - sun.misc.Unsafe.storeFence: available
27 апр 2026;13:17:53.169 [main] DEBUG i.n.util.internal.PlatformDependent0 - java.nio.Buffer.address: available
27 апр 2026;13:17:53.169 [main] DEBUG i.n.util.internal.PlatformDependent0 - direct buffer constructor: available
27 апр 2026;13:17:53.170 [main] DEBUG i.n.util.internal.PlatformDependent0 - java.nio.Bits.unaligned: available, true
27 апр 2026;13:17:53.170 [main] DEBUG i.n.util.internal.PlatformDependent0 - jdk.internal.misc.Unsafe.allocateUninitializedArray(int): unavailable prior to Java9
27 апр 2026;13:17:53.170 [main] DEBUG i.n.util.internal.PlatformDependent0 - java.nio.DirectByteBuffer.<init>(long, int): available
27 апр 2026;13:17:53.170 [main] DEBUG i.n.util.internal.PlatformDependent - sun.misc.Unsafe: available
27 апр 2026;13:17:53.171 [main] DEBUG i.n.util.internal.PlatformDependent - -Dio.netty.tmpdir: C:\Users\psoko\AppData\Local\Temp (java.io.tmpdir)
27 апр 2026;13:17:53.171 [main] DEBUG i.n.util.internal.PlatformDependent - -Dio.netty.bitMode: 64 (sun.arch.data.model)
27 апр 2026;13:17:53.171 [main] DEBUG i.n.util.internal.PlatformDependent - Platform: Windows
27 апр 2026;13:17:53.172 [main] DEBUG i.n.util.internal.PlatformDependent - -Dio.netty.maxDirectMemory: 7628390400 bytes
27 апр 2026;13:17:53.172 [main] DEBUG i.n.util.internal.PlatformDependent - -Dio.netty.uninitializedArrayAllocationThreshold: -1
27 апр 2026;13:17:53.172 [main] DEBUG io.netty.util.internal.CleanerJava6 - java.nio.ByteBuffer.cleaner(): available
27 апр 2026;13:17:53.173 [main] DEBUG i.n.util.internal.PlatformDependent - -Dio.netty.noPreferDirect: false
27 апр 2026;13:17:53.180 [main] DEBUG io.netty.util.ResourceLeakDetector - -Dio.netty.leakDetection.level: simple
27 апр 2026;13:17:53.180 [main] DEBUG io.netty.util.ResourceLeakDetector - -Dio.netty.leakDetection.targetRecords: 4
27 апр 2026;13:17:53.183 [main] DEBUG i.n.buffer.PooledByteBufAllocator - -Dio.netty.allocator.numHeapArenas: 16
27 апр 2026;13:17:53.183 [main] DEBUG i.n.buffer.PooledByteBufAllocator - -Dio.netty.allocator.numDirectArenas: 16
27 апр 2026;13:17:53.183 [main] DEBUG i.n.buffer.PooledByteBufAllocator - -Dio.netty.allocator.pageSize: 8192
27 апр 2026;13:17:53.183 [main] DEBUG i.n.buffer.PooledByteBufAllocator - -Dio.netty.allocator.maxOrder: 9
27 апр 2026;13:17:53.183 [main] DEBUG i.n.buffer.PooledByteBufAllocator - -Dio.netty.allocator.chunkSize: 4194304
27 апр 2026;13:17:53.183 [main] DEBUG i.n.buffer.PooledByteBufAllocator - -Dio.netty.allocator.smallCacheSize: 256
27 апр 2026;13:17:53.183 [main] DEBUG i.n.buffer.PooledByteBufAllocator - -Dio.netty.allocator.normalCacheSize: 64
27 апр 2026;13:17:53.183 [main] DEBUG i.n.buffer.PooledByteBufAllocator - -Dio.netty.allocator.maxCachedBufferCapacity: 32768
27 апр 2026;13:17:53.183 [main] DEBUG i.n.buffer.PooledByteBufAllocator - -Dio.netty.allocator.cacheTrimInterval: 8192
27 апр 2026;13:17:53.183 [main] DEBUG i.n.buffer.PooledByteBufAllocator - -Dio.netty.allocator.cacheTrimIntervalMillis: 0
27 апр 2026;13:17:53.183 [main] DEBUG i.n.buffer.PooledByteBufAllocator - -Dio.netty.allocator.useCacheForAllThreads: false
27 апр 2026;13:17:53.183 [main] DEBUG i.n.buffer.PooledByteBufAllocator - -Dio.netty.allocator.maxCachedByteBuffersPerChunk: 1023
27 апр 2026;13:17:53.193 [main] DEBUG io.netty.buffer.ByteBufUtil - -Dio.netty.allocator.type: pooled
27 апр 2026;13:17:53.194 [main] DEBUG io.netty.buffer.ByteBufUtil - -Dio.netty.threadLocalDirectBufferSize: 0
27 апр 2026;13:17:53.194 [main] DEBUG io.netty.buffer.ByteBufUtil - -Dio.netty.maxThreadLocalCharBufferSize: 16384
27 апр 2026;13:17:53.498 [main] DEBUG i.n.c.MultithreadEventLoopGroup - -Dio.netty.eventLoopThreads: 16
27 апр 2026;13:17:53.514 [main] DEBUG io.netty.channel.nio.NioEventLoop - -Dio.netty.noKeySetOptimization: false
27 апр 2026;13:17:53.514 [main] DEBUG io.netty.channel.nio.NioEventLoop - -Dio.netty.selectorAutoRebuildThreshold: 512
27 апр 2026;13:17:53.521 [main] DEBUG i.n.util.internal.PlatformDependent - org.jctools-core.MpscChunkedArrayQueue: available
27 апр 2026;13:17:53.978 [main] DEBUG io.netty.handler.ssl.OpenSsl - netty-tcnative not in the classpath; OpenSslEngine will be unavailable.
27 апр 2026;13:17:54.069 [main] DEBUG io.netty.handler.ssl.JdkSslContext - Default protocols (JDK): [TLSv1.3, TLSv1.2] 
27 апр 2026;13:17:54.070 [main] DEBUG io.netty.handler.ssl.JdkSslContext - Default cipher suites (JDK): [TLS_ECDHE_ECDSA_WITH_AES_256_GCM_SHA384, TLS_ECDHE_ECDSA_WITH_AES_128_GCM_SHA256, TLS_ECDHE_RSA_WITH_AES_128_GCM_SHA256, TLS_ECDHE_RSA_WITH_AES_256_GCM_SHA384, TLS_ECDHE_RSA_WITH_AES_128_CBC_SHA, TLS_ECDHE_RSA_WITH_AES_256_CBC_SHA, TLS_RSA_WITH_AES_128_GCM_SHA256, TLS_RSA_WITH_AES_128_CBC_SHA, TLS_RSA_WITH_AES_256_CBC_SHA, TLS_AES_128_GCM_SHA256, TLS_AES_256_GCM_SHA384]
27 апр 2026;13:17:54.075 [main] DEBUG reactor.util.Loggers - Using Slf4j logging framework
27 апр 2026;13:17:54.126 [main] DEBUG reactor.core.publisher.Hooks - Hooking onEachOperator: micronaut
27 апр 2026;13:17:54.227 [main] DEBUG io.netty.channel.DefaultChannelId - -Dio.netty.processId: 5452 (auto-detected)
27 апр 2026;13:17:54.230 [main] DEBUG io.netty.util.NetUtil - -Djava.net.preferIPv4Stack: false
27 апр 2026;13:17:54.230 [main] DEBUG io.netty.util.NetUtil - -Djava.net.preferIPv6Addresses: false
27 апр 2026;13:17:54.539 [main] DEBUG io.netty.util.NetUtilInitializations - Loopback interface: lo (Software Loopback Interface 1, 127.0.0.1)
27 апр 2026;13:17:54.539 [main] DEBUG io.netty.util.NetUtil - Failed to get SOMAXCONN from sysctl and file \proc\sys\net\core\somaxconn. Default: 200
27 апр 2026;13:17:54.869 [main] DEBUG io.netty.channel.DefaultChannelId - -Dio.netty.machineId: 30:9c:23:ff:fe:02:cb:6e (auto-detected)
27 апр 2026;13:17:54.933 [default-nioEventLoopGroup-1-1] DEBUG io.netty.buffer.AbstractByteBuf - -Dio.netty.buffer.checkAccessible: true
27 апр 2026;13:17:54.933 [default-nioEventLoopGroup-1-1] DEBUG io.netty.buffer.AbstractByteBuf - -Dio.netty.buffer.checkBounds: true
27 апр 2026;13:17:54.934 [default-nioEventLoopGroup-1-1] DEBUG i.n.util.ResourceLeakDetectorFactory - Loaded default ResourceLeakDetector: io.netty.util.ResourceLeakDetector@fafc96c
27 апр 2026;13:17:54.975 [default-nioEventLoopGroup-1-1] DEBUG io.netty.util.Recycler - -Dio.netty.recycler.maxCapacityPerThread: 4096
27 апр 2026;13:17:54.975 [default-nioEventLoopGroup-1-1] DEBUG io.netty.util.Recycler - -Dio.netty.recycler.ratio: 8
27 апр 2026;13:17:54.975 [default-nioEventLoopGroup-1-1] DEBUG io.netty.util.Recycler - -Dio.netty.recycler.chunkSize: 32
27 апр 2026;13:17:54.975 [default-nioEventLoopGroup-1-1] DEBUG io.netty.util.Recycler - -Dio.netty.recycler.blocking: false
27 апр 2026;13:17:55.056 [default-nioEventLoopGroup-1-1] DEBUG i.n.handler.codec.compression.Brotli - brotli4j not in the classpath; Brotli support will be unavailable.
27 апр 2026;13:17:56.450 [main] INFO  io.micronaut.runtime.Micronaut - Startup completed in 4478ms. Server Running: http://localhost:8085
27 апр 2026;13:21:01.872 [Thread-1] INFO  io.micronaut.runtime.Micronaut - Embedded Application shutting down
27 апр 2026;13:21:01.890 [default-nioEventLoopGroup-1-9] DEBUG io.netty.buffer.PoolThreadCache - Freed 6 thread-local buffer(s) from thread: default-nioEventLoopGroup-1-9
27 апр 2026;13:21:01.889 [default-nioEventLoopGroup-1-10] DEBUG io.netty.buffer.PoolThreadCache - Freed 6 thread-local buffer(s) from thread: default-nioEventLoopGroup-1-10
27 апр 2026;13:21:01.889 [default-nioEventLoopGroup-1-12] DEBUG io.netty.buffer.PoolThreadCache - Freed 6 thread-local buffer(s) from thread: default-nioEventLoopGroup-1-12
27 апр 2026;13:21:01.889 [default-nioEventLoopGroup-1-15] DEBUG io.netty.buffer.PoolThreadCache - Freed 6 thread-local buffer(s) from thread: default-nioEventLoopGroup-1-15
27 апр 2026;13:21:01.890 [default-nioEventLoopGroup-1-8] DEBUG io.netty.buffer.PoolThreadCache - Freed 6 thread-local buffer(s) from thread: default-nioEventLoopGroup-1-8
27 апр 2026;13:21:01.889 [default-nioEventLoopGroup-1-13] DEBUG io.netty.buffer.PoolThreadCache - Freed 7 thread-local buffer(s) from thread: default-nioEventLoopGroup-1-13
27 апр 2026;13:21:01.889 [default-nioEventLoopGroup-1-2] DEBUG io.netty.buffer.PoolThreadCache - Freed 13 thread-local buffer(s) from thread: default-nioEventLoopGroup-1-2
27 апр 2026;13:21:01.889 [default-nioEventLoopGroup-1-14] DEBUG io.netty.buffer.PoolThreadCache - Freed 7 thread-local buffer(s) from thread: default-nioEventLoopGroup-1-14
27 апр 2026;13:21:01.889 [default-nioEventLoopGroup-1-4] DEBUG io.netty.buffer.PoolThreadCache - Freed 10 thread-local buffer(s) from thread: default-nioEventLoopGroup-1-4
27 апр 2026;13:21:01.889 [default-nioEventLoopGroup-1-11] DEBUG io.netty.buffer.PoolThreadCache - Freed 7 thread-local buffer(s) from thread: default-nioEventLoopGroup-1-11
27 апр 2026;13:21:01.889 [default-nioEventLoopGroup-1-16] DEBUG io.netty.buffer.PoolThreadCache - Freed 6 thread-local buffer(s) from thread: default-nioEventLoopGroup-1-16
27 апр 2026;13:21:01.890 [default-nioEventLoopGroup-1-5] DEBUG io.netty.buffer.PoolThreadCache - Freed 7 thread-local buffer(s) from thread: default-nioEventLoopGroup-1-5
27 апр 2026;13:21:01.889 [default-nioEventLoopGroup-1-6] DEBUG io.netty.buffer.PoolThreadCache - Freed 6 thread-local buffer(s) from thread: default-nioEventLoopGroup-1-6
27 апр 2026;13:21:01.890 [default-nioEventLoopGroup-1-3] DEBUG io.netty.buffer.PoolThreadCache - Freed 8 thread-local buffer(s) from thread: default-nioEventLoopGroup-1-3
27 апр 2026;13:21:01.890 [default-nioEventLoopGroup-1-7] DEBUG io.netty.buffer.PoolThreadCache - Freed 6 thread-local buffer(s) from thread: default-nioEventLoopGroup-1-7
27 апр 2026;13:21:01.890 [default-nioEventLoopGroup-1-1] DEBUG io.netty.buffer.PoolThreadCache - Freed 8 thread-local buffer(s) from thread: default-nioEventLoopGroup-1-1
27 апр 2026;13:21:01.894 [Thread-1] DEBUG reactor.core.publisher.Hooks - Reset onEachOperator: micronaut
27 апр 2026;13:21:05.638 [main] DEBUG i.n.u.i.l.InternalLoggerFactory - Using SLF4J as the default logging framework
27 апр 2026;13:21:05.642 [main] DEBUG i.n.u.i.InternalThreadLocalMap - -Dio.netty.threadLocalMap.stringBuilder.initialSize: 1024
27 апр 2026;13:21:05.642 [main] DEBUG i.n.u.i.InternalThreadLocalMap - -Dio.netty.threadLocalMap.stringBuilder.maxSize: 4096
27 апр 2026;13:21:05.656 [main] DEBUG i.n.util.internal.PlatformDependent0 - -Dio.netty.noUnsafe: false
27 апр 2026;13:21:05.656 [main] DEBUG i.n.util.internal.PlatformDependent0 - Java version: 8
27 апр 2026;13:21:05.657 [main] DEBUG i.n.util.internal.PlatformDependent0 - sun.misc.Unsafe.theUnsafe: available
27 апр 2026;13:21:05.657 [main] DEBUG i.n.util.internal.PlatformDependent0 - sun.misc.Unsafe.copyMemory: available
27 апр 2026;13:21:05.657 [main] DEBUG i.n.util.internal.PlatformDependent0 - sun.misc.Unsafe.storeFence: available
27 апр 2026;13:21:05.658 [main] DEBUG i.n.util.internal.PlatformDependent0 - java.nio.Buffer.address: available
27 апр 2026;13:21:05.658 [main] DEBUG i.n.util.internal.PlatformDependent0 - direct buffer constructor: available
27 апр 2026;13:21:05.659 [main] DEBUG i.n.util.internal.PlatformDependent0 - java.nio.Bits.unaligned: available, true
27 апр 2026;13:21:05.659 [main] DEBUG i.n.util.internal.PlatformDependent0 - jdk.internal.misc.Unsafe.allocateUninitializedArray(int): unavailable prior to Java9
27 апр 2026;13:21:05.659 [main] DEBUG i.n.util.internal.PlatformDependent0 - java.nio.DirectByteBuffer.<init>(long, int): available
27 апр 2026;13:21:05.659 [main] DEBUG i.n.util.internal.PlatformDependent - sun.misc.Unsafe: available
27 апр 2026;13:21:05.659 [main] DEBUG i.n.util.internal.PlatformDependent - -Dio.netty.tmpdir: C:\Users\psoko\AppData\Local\Temp (java.io.tmpdir)
27 апр 2026;13:21:05.659 [main] DEBUG i.n.util.internal.PlatformDependent - -Dio.netty.bitMode: 64 (sun.arch.data.model)
27 апр 2026;13:21:05.660 [main] DEBUG i.n.util.internal.PlatformDependent - Platform: Windows
27 апр 2026;13:21:05.660 [main] DEBUG i.n.util.internal.PlatformDependent - -Dio.netty.maxDirectMemory: 7628390400 bytes
27 апр 2026;13:21:05.660 [main] DEBUG i.n.util.internal.PlatformDependent - -Dio.netty.uninitializedArrayAllocationThreshold: -1
27 апр 2026;13:21:05.661 [main] DEBUG io.netty.util.internal.CleanerJava6 - java.nio.ByteBuffer.cleaner(): available
27 апр 2026;13:21:05.661 [main] DEBUG i.n.util.internal.PlatformDependent - -Dio.netty.noPreferDirect: false
27 апр 2026;13:21:05.669 [main] DEBUG io.netty.util.ResourceLeakDetector - -Dio.netty.leakDetection.level: simple
27 апр 2026;13:21:05.669 [main] DEBUG io.netty.util.ResourceLeakDetector - -Dio.netty.leakDetection.targetRecords: 4
27 апр 2026;13:21:05.671 [main] DEBUG i.n.buffer.PooledByteBufAllocator - -Dio.netty.allocator.numHeapArenas: 16
27 апр 2026;13:21:05.671 [main] DEBUG i.n.buffer.PooledByteBufAllocator - -Dio.netty.allocator.numDirectArenas: 16
27 апр 2026;13:21:05.671 [main] DEBUG i.n.buffer.PooledByteBufAllocator - -Dio.netty.allocator.pageSize: 8192
27 апр 2026;13:21:05.672 [main] DEBUG i.n.buffer.PooledByteBufAllocator - -Dio.netty.allocator.maxOrder: 9
27 апр 2026;13:21:05.672 [main] DEBUG i.n.buffer.PooledByteBufAllocator - -Dio.netty.allocator.chunkSize: 4194304
27 апр 2026;13:21:05.672 [main] DEBUG i.n.buffer.PooledByteBufAllocator - -Dio.netty.allocator.smallCacheSize: 256
27 апр 2026;13:21:05.672 [main] DEBUG i.n.buffer.PooledByteBufAllocator - -Dio.netty.allocator.normalCacheSize: 64
27 апр 2026;13:21:05.672 [main] DEBUG i.n.buffer.PooledByteBufAllocator - -Dio.netty.allocator.maxCachedBufferCapacity: 32768
27 апр 2026;13:21:05.672 [main] DEBUG i.n.buffer.PooledByteBufAllocator - -Dio.netty.allocator.cacheTrimInterval: 8192
27 апр 2026;13:21:05.672 [main] DEBUG i.n.buffer.PooledByteBufAllocator - -Dio.netty.allocator.cacheTrimIntervalMillis: 0
27 апр 2026;13:21:05.672 [main] DEBUG i.n.buffer.PooledByteBufAllocator - -Dio.netty.allocator.useCacheForAllThreads: false
27 апр 2026;13:21:05.672 [main] DEBUG i.n.buffer.PooledByteBufAllocator - -Dio.netty.allocator.maxCachedByteBuffersPerChunk: 1023
27 апр 2026;13:21:05.682 [main] DEBUG io.netty.buffer.ByteBufUtil - -Dio.netty.allocator.type: pooled
27 апр 2026;13:21:05.682 [main] DEBUG io.netty.buffer.ByteBufUtil - -Dio.netty.threadLocalDirectBufferSize: 0
27 апр 2026;13:21:05.682 [main] DEBUG io.netty.buffer.ByteBufUtil - -Dio.netty.maxThreadLocalCharBufferSize: 16384
27 апр 2026;13:21:05.969 [main] DEBUG i.n.c.MultithreadEventLoopGroup - -Dio.netty.eventLoopThreads: 16
27 апр 2026;13:21:05.985 [main] DEBUG io.netty.channel.nio.NioEventLoop - -Dio.netty.noKeySetOptimization: false
27 апр 2026;13:21:05.985 [main] DEBUG io.netty.channel.nio.NioEventLoop - -Dio.netty.selectorAutoRebuildThreshold: 512
27 апр 2026;13:21:05.991 [main] DEBUG i.n.util.internal.PlatformDependent - org.jctools-core.MpscChunkedArrayQueue: available
27 апр 2026;13:21:06.445 [main] DEBUG io.netty.handler.ssl.OpenSsl - netty-tcnative not in the classpath; OpenSslEngine will be unavailable.
27 апр 2026;13:21:06.534 [main] DEBUG io.netty.handler.ssl.JdkSslContext - Default protocols (JDK): [TLSv1.3, TLSv1.2] 
27 апр 2026;13:21:06.535 [main] DEBUG io.netty.handler.ssl.JdkSslContext - Default cipher suites (JDK): [TLS_ECDHE_ECDSA_WITH_AES_256_GCM_SHA384, TLS_ECDHE_ECDSA_WITH_AES_128_GCM_SHA256, TLS_ECDHE_RSA_WITH_AES_128_GCM_SHA256, TLS_ECDHE_RSA_WITH_AES_256_GCM_SHA384, TLS_ECDHE_RSA_WITH_AES_128_CBC_SHA, TLS_ECDHE_RSA_WITH_AES_256_CBC_SHA, TLS_RSA_WITH_AES_128_GCM_SHA256, TLS_RSA_WITH_AES_128_CBC_SHA, TLS_RSA_WITH_AES_256_CBC_SHA, TLS_AES_128_GCM_SHA256, TLS_AES_256_GCM_SHA384]
27 апр 2026;13:21:06.540 [main] DEBUG reactor.util.Loggers - Using Slf4j logging framework
27 апр 2026;13:21:06.597 [main] DEBUG reactor.core.publisher.Hooks - Hooking onEachOperator: micronaut
27 апр 2026;13:21:06.708 [main] DEBUG io.netty.channel.DefaultChannelId - -Dio.netty.processId: 15972 (auto-detected)
27 апр 2026;13:21:06.710 [main] DEBUG io.netty.util.NetUtil - -Djava.net.preferIPv4Stack: false
27 апр 2026;13:21:06.711 [main] DEBUG io.netty.util.NetUtil - -Djava.net.preferIPv6Addresses: false
27 апр 2026;13:21:07.005 [main] DEBUG io.netty.util.NetUtilInitializations - Loopback interface: lo (Software Loopback Interface 1, 127.0.0.1)
27 апр 2026;13:21:07.005 [main] DEBUG io.netty.util.NetUtil - Failed to get SOMAXCONN from sysctl and file \proc\sys\net\core\somaxconn. Default: 200
27 апр 2026;13:21:07.325 [main] DEBUG io.netty.channel.DefaultChannelId - -Dio.netty.machineId: 30:9c:23:ff:fe:02:cb:6e (auto-detected)
27 апр 2026;13:21:07.396 [default-nioEventLoopGroup-1-1] DEBUG io.netty.buffer.AbstractByteBuf - -Dio.netty.buffer.checkAccessible: true
27 апр 2026;13:21:07.397 [default-nioEventLoopGroup-1-1] DEBUG io.netty.buffer.AbstractByteBuf - -Dio.netty.buffer.checkBounds: true
27 апр 2026;13:21:07.397 [default-nioEventLoopGroup-1-1] DEBUG i.n.util.ResourceLeakDetectorFactory - Loaded default ResourceLeakDetector: io.netty.util.ResourceLeakDetector@2220a166
27 апр 2026;13:21:07.440 [default-nioEventLoopGroup-1-1] DEBUG io.netty.util.Recycler - -Dio.netty.recycler.maxCapacityPerThread: 4096
27 апр 2026;13:21:07.440 [default-nioEventLoopGroup-1-1] DEBUG io.netty.util.Recycler - -Dio.netty.recycler.ratio: 8
27 апр 2026;13:21:07.440 [default-nioEventLoopGroup-1-1] DEBUG io.netty.util.Recycler - -Dio.netty.recycler.chunkSize: 32
27 апр 2026;13:21:07.440 [default-nioEventLoopGroup-1-1] DEBUG io.netty.util.Recycler - -Dio.netty.recycler.blocking: false
27 апр 2026;13:21:07.488 [default-nioEventLoopGroup-1-1] DEBUG i.n.handler.codec.compression.Brotli - brotli4j not in the classpath; Brotli support will be unavailable.
27 апр 2026;13:21:08.740 [main] INFO  io.micronaut.runtime.Micronaut - Startup completed in 4282ms. Server Running: http://localhost:8085
27 апр 2026;13:26:32.866 [Thread-1] INFO  io.micronaut.runtime.Micronaut - Embedded Application shutting down
27 апр 2026;13:26:32.893 [default-nioEventLoopGroup-1-3] DEBUG io.netty.buffer.PoolThreadCache - Freed 10 thread-local buffer(s) from thread: default-nioEventLoopGroup-1-3
27 апр 2026;13:26:32.893 [default-nioEventLoopGroup-1-13] DEBUG io.netty.buffer.PoolThreadCache - Freed 6 thread-local buffer(s) from thread: default-nioEventLoopGroup-1-13
27 апр 2026;13:26:32.893 [default-nioEventLoopGroup-1-2] DEBUG io.netty.buffer.PoolThreadCache - Freed 17 thread-local buffer(s) from thread: default-nioEventLoopGroup-1-2
27 апр 2026;13:26:32.893 [default-nioEventLoopGroup-1-16] DEBUG io.netty.buffer.PoolThreadCache - Freed 6 thread-local buffer(s) from thread: default-nioEventLoopGroup-1-16
27 апр 2026;13:26:32.893 [default-nioEventLoopGroup-1-1] DEBUG io.netty.buffer.PoolThreadCache - Freed 7 thread-local buffer(s) from thread: default-nioEventLoopGroup-1-1
27 апр 2026;13:26:32.893 [default-nioEventLoopGroup-1-5] DEBUG io.netty.buffer.PoolThreadCache - Freed 13 thread-local buffer(s) from thread: default-nioEventLoopGroup-1-5
27 апр 2026;13:26:32.893 [default-nioEventLoopGroup-1-15] DEBUG io.netty.buffer.PoolThreadCache - Freed 6 thread-local buffer(s) from thread: default-nioEventLoopGroup-1-15
27 апр 2026;13:26:32.893 [default-nioEventLoopGroup-1-9] DEBUG io.netty.buffer.PoolThreadCache - Freed 6 thread-local buffer(s) from thread: default-nioEventLoopGroup-1-9
27 апр 2026;13:26:32.893 [default-nioEventLoopGroup-1-11] DEBUG io.netty.buffer.PoolThreadCache - Freed 6 thread-local buffer(s) from thread: default-nioEventLoopGroup-1-11
27 апр 2026;13:26:32.893 [default-nioEventLoopGroup-1-14] DEBUG io.netty.buffer.PoolThreadCache - Freed 6 thread-local buffer(s) from thread: default-nioEventLoopGroup-1-14
27 апр 2026;13:26:32.893 [default-nioEventLoopGroup-1-12] DEBUG io.netty.buffer.PoolThreadCache - Freed 6 thread-local buffer(s) from thread: default-nioEventLoopGroup-1-12
27 апр 2026;13:26:32.893 [default-nioEventLoopGroup-1-6] DEBUG io.netty.buffer.PoolThreadCache - Freed 6 thread-local buffer(s) from thread: default-nioEventLoopGroup-1-6
27 апр 2026;13:26:32.893 [default-nioEventLoopGroup-1-4] DEBUG io.netty.buffer.PoolThreadCache - Freed 9 thread-local buffer(s) from thread: default-nioEventLoopGroup-1-4
27 апр 2026;13:26:32.893 [default-nioEventLoopGroup-1-8] DEBUG io.netty.buffer.PoolThreadCache - Freed 6 thread-local buffer(s) from thread: default-nioEventLoopGroup-1-8
27 апр 2026;13:26:32.893 [default-nioEventLoopGroup-1-10] DEBUG io.netty.buffer.PoolThreadCache - Freed 6 thread-local buffer(s) from thread: default-nioEventLoopGroup-1-10
27 апр 2026;13:26:32.893 [default-nioEventLoopGroup-1-7] DEBUG io.netty.buffer.PoolThreadCache - Freed 6 thread-local buffer(s) from thread: default-nioEventLoopGroup-1-7
27 апр 2026;13:26:32.898 [Thread-1] DEBUG reactor.core.publisher.Hooks - Reset onEachOperator: micronaut
27 апр 2026;13:26:36.444 [main] DEBUG i.n.u.i.l.InternalLoggerFactory - Using SLF4J as the default logging framework
27 апр 2026;13:26:36.447 [main] DEBUG i.n.u.i.InternalThreadLocalMap - -Dio.netty.threadLocalMap.stringBuilder.initialSize: 1024
27 апр 2026;13:26:36.448 [main] DEBUG i.n.u.i.InternalThreadLocalMap - -Dio.netty.threadLocalMap.stringBuilder.maxSize: 4096
27 апр 2026;13:26:36.461 [main] DEBUG i.n.util.internal.PlatformDependent0 - -Dio.netty.noUnsafe: false
27 апр 2026;13:26:36.462 [main] DEBUG i.n.util.internal.PlatformDependent0 - Java version: 8
27 апр 2026;13:26:36.462 [main] DEBUG i.n.util.internal.PlatformDependent0 - sun.misc.Unsafe.theUnsafe: available
27 апр 2026;13:26:36.463 [main] DEBUG i.n.util.internal.PlatformDependent0 - sun.misc.Unsafe.copyMemory: available
27 апр 2026;13:26:36.463 [main] DEBUG i.n.util.internal.PlatformDependent0 - sun.misc.Unsafe.storeFence: available
27 апр 2026;13:26:36.463 [main] DEBUG i.n.util.internal.PlatformDependent0 - java.nio.Buffer.address: available
27 апр 2026;13:26:36.464 [main] DEBUG i.n.util.internal.PlatformDependent0 - direct buffer constructor: available
27 апр 2026;13:26:36.464 [main] DEBUG i.n.util.internal.PlatformDependent0 - java.nio.Bits.unaligned: available, true
27 апр 2026;13:26:36.464 [main] DEBUG i.n.util.internal.PlatformDependent0 - jdk.internal.misc.Unsafe.allocateUninitializedArray(int): unavailable prior to Java9
27 апр 2026;13:26:36.464 [main] DEBUG i.n.util.internal.PlatformDependent0 - java.nio.DirectByteBuffer.<init>(long, int): available
27 апр 2026;13:26:36.464 [main] DEBUG i.n.util.internal.PlatformDependent - sun.misc.Unsafe: available
27 апр 2026;13:26:36.465 [main] DEBUG i.n.util.internal.PlatformDependent - -Dio.netty.tmpdir: C:\Users\psoko\AppData\Local\Temp (java.io.tmpdir)
27 апр 2026;13:26:36.465 [main] DEBUG i.n.util.internal.PlatformDependent - -Dio.netty.bitMode: 64 (sun.arch.data.model)
27 апр 2026;13:26:36.465 [main] DEBUG i.n.util.internal.PlatformDependent - Platform: Windows
27 апр 2026;13:26:36.466 [main] DEBUG i.n.util.internal.PlatformDependent - -Dio.netty.maxDirectMemory: 7628390400 bytes
27 апр 2026;13:26:36.466 [main] DEBUG i.n.util.internal.PlatformDependent - -Dio.netty.uninitializedArrayAllocationThreshold: -1
27 апр 2026;13:26:36.467 [main] DEBUG io.netty.util.internal.CleanerJava6 - java.nio.ByteBuffer.cleaner(): available
27 апр 2026;13:26:36.467 [main] DEBUG i.n.util.internal.PlatformDependent - -Dio.netty.noPreferDirect: false
27 апр 2026;13:26:36.475 [main] DEBUG io.netty.util.ResourceLeakDetector - -Dio.netty.leakDetection.level: simple
27 апр 2026;13:26:36.475 [main] DEBUG io.netty.util.ResourceLeakDetector - -Dio.netty.leakDetection.targetRecords: 4
27 апр 2026;13:26:36.477 [main] DEBUG i.n.buffer.PooledByteBufAllocator - -Dio.netty.allocator.numHeapArenas: 16
27 апр 2026;13:26:36.477 [main] DEBUG i.n.buffer.PooledByteBufAllocator - -Dio.netty.allocator.numDirectArenas: 16
27 апр 2026;13:26:36.477 [main] DEBUG i.n.buffer.PooledByteBufAllocator - -Dio.netty.allocator.pageSize: 8192
27 апр 2026;13:26:36.477 [main] DEBUG i.n.buffer.PooledByteBufAllocator - -Dio.netty.allocator.maxOrder: 9
27 апр 2026;13:26:36.478 [main] DEBUG i.n.buffer.PooledByteBufAllocator - -Dio.netty.allocator.chunkSize: 4194304
27 апр 2026;13:26:36.478 [main] DEBUG i.n.buffer.PooledByteBufAllocator - -Dio.netty.allocator.smallCacheSize: 256
27 апр 2026;13:26:36.478 [main] DEBUG i.n.buffer.PooledByteBufAllocator - -Dio.netty.allocator.normalCacheSize: 64
27 апр 2026;13:26:36.478 [main] DEBUG i.n.buffer.PooledByteBufAllocator - -Dio.netty.allocator.maxCachedBufferCapacity: 32768
27 апр 2026;13:26:36.478 [main] DEBUG i.n.buffer.PooledByteBufAllocator - -Dio.netty.allocator.cacheTrimInterval: 8192
27 апр 2026;13:26:36.478 [main] DEBUG i.n.buffer.PooledByteBufAllocator - -Dio.netty.allocator.cacheTrimIntervalMillis: 0
27 апр 2026;13:26:36.478 [main] DEBUG i.n.buffer.PooledByteBufAllocator - -Dio.netty.allocator.useCacheForAllThreads: false
27 апр 2026;13:26:36.478 [main] DEBUG i.n.buffer.PooledByteBufAllocator - -Dio.netty.allocator.maxCachedByteBuffersPerChunk: 1023
27 апр 2026;13:26:36.489 [main] DEBUG io.netty.buffer.ByteBufUtil - -Dio.netty.allocator.type: pooled
27 апр 2026;13:26:36.489 [main] DEBUG io.netty.buffer.ByteBufUtil - -Dio.netty.threadLocalDirectBufferSize: 0
27 апр 2026;13:26:36.489 [main] DEBUG io.netty.buffer.ByteBufUtil - -Dio.netty.maxThreadLocalCharBufferSize: 16384
27 апр 2026;13:26:36.791 [main] DEBUG i.n.c.MultithreadEventLoopGroup - -Dio.netty.eventLoopThreads: 16
27 апр 2026;13:26:36.808 [main] DEBUG io.netty.channel.nio.NioEventLoop - -Dio.netty.noKeySetOptimization: false
27 апр 2026;13:26:36.808 [main] DEBUG io.netty.channel.nio.NioEventLoop - -Dio.netty.selectorAutoRebuildThreshold: 512
27 апр 2026;13:26:36.815 [main] DEBUG i.n.util.internal.PlatformDependent - org.jctools-core.MpscChunkedArrayQueue: available
27 апр 2026;13:26:37.260 [main] DEBUG io.netty.handler.ssl.OpenSsl - netty-tcnative not in the classpath; OpenSslEngine will be unavailable.
27 апр 2026;13:26:37.348 [main] DEBUG io.netty.handler.ssl.JdkSslContext - Default protocols (JDK): [TLSv1.3, TLSv1.2] 
27 апр 2026;13:26:37.349 [main] DEBUG io.netty.handler.ssl.JdkSslContext - Default cipher suites (JDK): [TLS_ECDHE_ECDSA_WITH_AES_256_GCM_SHA384, TLS_ECDHE_ECDSA_WITH_AES_128_GCM_SHA256, TLS_ECDHE_RSA_WITH_AES_128_GCM_SHA256, TLS_ECDHE_RSA_WITH_AES_256_GCM_SHA384, TLS_ECDHE_RSA_WITH_AES_128_CBC_SHA, TLS_ECDHE_RSA_WITH_AES_256_CBC_SHA, TLS_RSA_WITH_AES_128_GCM_SHA256, TLS_RSA_WITH_AES_128_CBC_SHA, TLS_RSA_WITH_AES_256_CBC_SHA, TLS_AES_128_GCM_SHA256, TLS_AES_256_GCM_SHA384]
27 апр 2026;13:26:37.354 [main] DEBUG reactor.util.Loggers - Using Slf4j logging framework
27 апр 2026;13:26:37.406 [main] DEBUG reactor.core.publisher.Hooks - Hooking onEachOperator: micronaut
27 апр 2026;13:26:37.494 [main] DEBUG io.netty.channel.DefaultChannelId - -Dio.netty.processId: 29484 (auto-detected)
27 апр 2026;13:26:37.496 [main] DEBUG io.netty.util.NetUtil - -Djava.net.preferIPv4Stack: false
27 апр 2026;13:26:37.496 [main] DEBUG io.netty.util.NetUtil - -Djava.net.preferIPv6Addresses: false
27 апр 2026;13:26:37.790 [main] DEBUG io.netty.util.NetUtilInitializations - Loopback interface: lo (Software Loopback Interface 1, 127.0.0.1)
27 апр 2026;13:26:37.791 [main] DEBUG io.netty.util.NetUtil - Failed to get SOMAXCONN from sysctl and file \proc\sys\net\core\somaxconn. Default: 200
27 апр 2026;13:26:38.116 [main] DEBUG io.netty.channel.DefaultChannelId - -Dio.netty.machineId: 30:9c:23:ff:fe:02:cb:6e (auto-detected)
27 апр 2026;13:26:38.180 [default-nioEventLoopGroup-1-1] DEBUG io.netty.buffer.AbstractByteBuf - -Dio.netty.buffer.checkAccessible: true
27 апр 2026;13:26:38.180 [default-nioEventLoopGroup-1-1] DEBUG io.netty.buffer.AbstractByteBuf - -Dio.netty.buffer.checkBounds: true
27 апр 2026;13:26:38.180 [default-nioEventLoopGroup-1-1] DEBUG i.n.util.ResourceLeakDetectorFactory - Loaded default ResourceLeakDetector: io.netty.util.ResourceLeakDetector@1193ceb6
27 апр 2026;13:26:38.220 [default-nioEventLoopGroup-1-1] DEBUG io.netty.util.Recycler - -Dio.netty.recycler.maxCapacityPerThread: 4096
27 апр 2026;13:26:38.220 [default-nioEventLoopGroup-1-1] DEBUG io.netty.util.Recycler - -Dio.netty.recycler.ratio: 8
27 апр 2026;13:26:38.220 [default-nioEventLoopGroup-1-1] DEBUG io.netty.util.Recycler - -Dio.netty.recycler.chunkSize: 32
27 апр 2026;13:26:38.220 [default-nioEventLoopGroup-1-1] DEBUG io.netty.util.Recycler - -Dio.netty.recycler.blocking: false
27 апр 2026;13:26:38.286 [default-nioEventLoopGroup-1-1] DEBUG i.n.handler.codec.compression.Brotli - brotli4j not in the classpath; Brotli support will be unavailable.
27 апр 2026;13:26:39.536 [main] INFO  io.micronaut.runtime.Micronaut - Startup completed in 4304ms. Server Running: http://localhost:8085
27 апр 2026;13:38:28.074 [Thread-1] INFO  io.micronaut.runtime.Micronaut - Embedded Application shutting down
27 апр 2026;13:38:28.096 [default-nioEventLoopGroup-1-15] DEBUG io.netty.buffer.PoolThreadCache - Freed 18 thread-local buffer(s) from thread: default-nioEventLoopGroup-1-15
27 апр 2026;13:38:28.096 [default-nioEventLoopGroup-1-7] DEBUG io.netty.buffer.PoolThreadCache - Freed 7 thread-local buffer(s) from thread: default-nioEventLoopGroup-1-7
27 апр 2026;13:38:28.096 [default-nioEventLoopGroup-1-3] DEBUG io.netty.buffer.PoolThreadCache - Freed 11 thread-local buffer(s) from thread: default-nioEventLoopGroup-1-3
27 апр 2026;13:38:28.096 [default-nioEventLoopGroup-1-8] DEBUG io.netty.buffer.PoolThreadCache - Freed 6 thread-local buffer(s) from thread: default-nioEventLoopGroup-1-8
27 апр 2026;13:38:28.096 [default-nioEventLoopGroup-1-10] DEBUG io.netty.buffer.PoolThreadCache - Freed 6 thread-local buffer(s) from thread: default-nioEventLoopGroup-1-10
27 апр 2026;13:38:28.096 [default-nioEventLoopGroup-1-13] DEBUG io.netty.buffer.PoolThreadCache - Freed 6 thread-local buffer(s) from thread: default-nioEventLoopGroup-1-13
27 апр 2026;13:38:28.096 [default-nioEventLoopGroup-1-1] DEBUG io.netty.buffer.PoolThreadCache - Freed 9 thread-local buffer(s) from thread: default-nioEventLoopGroup-1-1
27 апр 2026;13:38:28.096 [default-nioEventLoopGroup-1-11] DEBUG io.netty.buffer.PoolThreadCache - Freed 6 thread-local buffer(s) from thread: default-nioEventLoopGroup-1-11
27 апр 2026;13:38:28.096 [default-nioEventLoopGroup-1-9] DEBUG io.netty.buffer.PoolThreadCache - Freed 6 thread-local buffer(s) from thread: default-nioEventLoopGroup-1-9
27 апр 2026;13:38:28.096 [default-nioEventLoopGroup-1-14] DEBUG io.netty.buffer.PoolThreadCache - Freed 8 thread-local buffer(s) from thread: default-nioEventLoopGroup-1-14
27 апр 2026;13:38:28.096 [default-nioEventLoopGroup-1-16] DEBUG io.netty.buffer.PoolThreadCache - Freed 6 thread-local buffer(s) from thread: default-nioEventLoopGroup-1-16
27 апр 2026;13:38:28.096 [default-nioEventLoopGroup-1-2] DEBUG io.netty.buffer.PoolThreadCache - Freed 17 thread-local buffer(s) from thread: default-nioEventLoopGroup-1-2
27 апр 2026;13:38:28.096 [default-nioEventLoopGroup-1-5] DEBUG io.netty.buffer.PoolThreadCache - Freed 6 thread-local buffer(s) from thread: default-nioEventLoopGroup-1-5
27 апр 2026;13:38:28.096 [default-nioEventLoopGroup-1-6] DEBUG io.netty.buffer.PoolThreadCache - Freed 6 thread-local buffer(s) from thread: default-nioEventLoopGroup-1-6
27 апр 2026;13:38:28.096 [default-nioEventLoopGroup-1-12] DEBUG io.netty.buffer.PoolThreadCache - Freed 6 thread-local buffer(s) from thread: default-nioEventLoopGroup-1-12
27 апр 2026;13:38:28.096 [default-nioEventLoopGroup-1-4] DEBUG io.netty.buffer.PoolThreadCache - Freed 7 thread-local buffer(s) from thread: default-nioEventLoopGroup-1-4
27 апр 2026;13:38:28.100 [Thread-1] DEBUG reactor.core.publisher.Hooks - Reset onEachOperator: micronaut
27 апр 2026;13:38:34.179 [main] DEBUG i.n.u.i.l.InternalLoggerFactory - Using SLF4J as the default logging framework
27 апр 2026;13:38:34.182 [main] DEBUG i.n.u.i.InternalThreadLocalMap - -Dio.netty.threadLocalMap.stringBuilder.initialSize: 1024
27 апр 2026;13:38:34.183 [main] DEBUG i.n.u.i.InternalThreadLocalMap - -Dio.netty.threadLocalMap.stringBuilder.maxSize: 4096
27 апр 2026;13:38:34.197 [main] DEBUG i.n.util.internal.PlatformDependent0 - -Dio.netty.noUnsafe: false
27 апр 2026;13:38:34.197 [main] DEBUG i.n.util.internal.PlatformDependent0 - Java version: 8
27 апр 2026;13:38:34.198 [main] DEBUG i.n.util.internal.PlatformDependent0 - sun.misc.Unsafe.theUnsafe: available
27 апр 2026;13:38:34.198 [main] DEBUG i.n.util.internal.PlatformDependent0 - sun.misc.Unsafe.copyMemory: available
27 апр 2026;13:38:34.198 [main] DEBUG i.n.util.internal.PlatformDependent0 - sun.misc.Unsafe.storeFence: available
27 апр 2026;13:38:34.199 [main] DEBUG i.n.util.internal.PlatformDependent0 - java.nio.Buffer.address: available
27 апр 2026;13:38:34.199 [main] DEBUG i.n.util.internal.PlatformDependent0 - direct buffer constructor: available
27 апр 2026;13:38:34.200 [main] DEBUG i.n.util.internal.PlatformDependent0 - java.nio.Bits.unaligned: available, true
27 апр 2026;13:38:34.200 [main] DEBUG i.n.util.internal.PlatformDependent0 - jdk.internal.misc.Unsafe.allocateUninitializedArray(int): unavailable prior to Java9
27 апр 2026;13:38:34.200 [main] DEBUG i.n.util.internal.PlatformDependent0 - java.nio.DirectByteBuffer.<init>(long, int): available
27 апр 2026;13:38:34.200 [main] DEBUG i.n.util.internal.PlatformDependent - sun.misc.Unsafe: available
27 апр 2026;13:38:34.200 [main] DEBUG i.n.util.internal.PlatformDependent - -Dio.netty.tmpdir: C:\Users\psoko\AppData\Local\Temp (java.io.tmpdir)
27 апр 2026;13:38:34.200 [main] DEBUG i.n.util.internal.PlatformDependent - -Dio.netty.bitMode: 64 (sun.arch.data.model)
27 апр 2026;13:38:34.201 [main] DEBUG i.n.util.internal.PlatformDependent - Platform: Windows
27 апр 2026;13:38:34.202 [main] DEBUG i.n.util.internal.PlatformDependent - -Dio.netty.maxDirectMemory: 7628390400 bytes
27 апр 2026;13:38:34.202 [main] DEBUG i.n.util.internal.PlatformDependent - -Dio.netty.uninitializedArrayAllocationThreshold: -1
27 апр 2026;13:38:34.202 [main] DEBUG io.netty.util.internal.CleanerJava6 - java.nio.ByteBuffer.cleaner(): available
27 апр 2026;13:38:34.202 [main] DEBUG i.n.util.internal.PlatformDependent - -Dio.netty.noPreferDirect: false
27 апр 2026;13:38:34.210 [main] DEBUG io.netty.util.ResourceLeakDetector - -Dio.netty.leakDetection.level: simple
27 апр 2026;13:38:34.210 [main] DEBUG io.netty.util.ResourceLeakDetector - -Dio.netty.leakDetection.targetRecords: 4
27 апр 2026;13:38:34.212 [main] DEBUG i.n.buffer.PooledByteBufAllocator - -Dio.netty.allocator.numHeapArenas: 16
27 апр 2026;13:38:34.213 [main] DEBUG i.n.buffer.PooledByteBufAllocator - -Dio.netty.allocator.numDirectArenas: 16
27 апр 2026;13:38:34.213 [main] DEBUG i.n.buffer.PooledByteBufAllocator - -Dio.netty.allocator.pageSize: 8192
27 апр 2026;13:38:34.213 [main] DEBUG i.n.buffer.PooledByteBufAllocator - -Dio.netty.allocator.maxOrder: 9
27 апр 2026;13:38:34.213 [main] DEBUG i.n.buffer.PooledByteBufAllocator - -Dio.netty.allocator.chunkSize: 4194304
27 апр 2026;13:38:34.213 [main] DEBUG i.n.buffer.PooledByteBufAllocator - -Dio.netty.allocator.smallCacheSize: 256
27 апр 2026;13:38:34.213 [main] DEBUG i.n.buffer.PooledByteBufAllocator - -Dio.netty.allocator.normalCacheSize: 64
27 апр 2026;13:38:34.213 [main] DEBUG i.n.buffer.PooledByteBufAllocator - -Dio.netty.allocator.maxCachedBufferCapacity: 32768
27 апр 2026;13:38:34.213 [main] DEBUG i.n.buffer.PooledByteBufAllocator - -Dio.netty.allocator.cacheTrimInterval: 8192
27 апр 2026;13:38:34.213 [main] DEBUG i.n.buffer.PooledByteBufAllocator - -Dio.netty.allocator.cacheTrimIntervalMillis: 0
27 апр 2026;13:38:34.213 [main] DEBUG i.n.buffer.PooledByteBufAllocator - -Dio.netty.allocator.useCacheForAllThreads: false
27 апр 2026;13:38:34.213 [main] DEBUG i.n.buffer.PooledByteBufAllocator - -Dio.netty.allocator.maxCachedByteBuffersPerChunk: 1023
27 апр 2026;13:38:34.223 [main] DEBUG io.netty.buffer.ByteBufUtil - -Dio.netty.allocator.type: pooled
27 апр 2026;13:38:34.223 [main] DEBUG io.netty.buffer.ByteBufUtil - -Dio.netty.threadLocalDirectBufferSize: 0
27 апр 2026;13:38:34.223 [main] DEBUG io.netty.buffer.ByteBufUtil - -Dio.netty.maxThreadLocalCharBufferSize: 16384
27 апр 2026;13:38:34.523 [main] DEBUG i.n.c.MultithreadEventLoopGroup - -Dio.netty.eventLoopThreads: 16
27 апр 2026;13:38:34.540 [main] DEBUG io.netty.channel.nio.NioEventLoop - -Dio.netty.noKeySetOptimization: false
27 апр 2026;13:38:34.541 [main] DEBUG io.netty.channel.nio.NioEventLoop - -Dio.netty.selectorAutoRebuildThreshold: 512
27 апр 2026;13:38:34.548 [main] DEBUG i.n.util.internal.PlatformDependent - org.jctools-core.MpscChunkedArrayQueue: available
27 апр 2026;13:38:34.995 [main] DEBUG io.netty.handler.ssl.OpenSsl - netty-tcnative not in the classpath; OpenSslEngine will be unavailable.
27 апр 2026;13:38:35.107 [main] DEBUG io.netty.handler.ssl.JdkSslContext - Default protocols (JDK): [TLSv1.3, TLSv1.2] 
27 апр 2026;13:38:35.107 [main] DEBUG io.netty.handler.ssl.JdkSslContext - Default cipher suites (JDK): [TLS_ECDHE_ECDSA_WITH_AES_256_GCM_SHA384, TLS_ECDHE_ECDSA_WITH_AES_128_GCM_SHA256, TLS_ECDHE_RSA_WITH_AES_128_GCM_SHA256, TLS_ECDHE_RSA_WITH_AES_256_GCM_SHA384, TLS_ECDHE_RSA_WITH_AES_128_CBC_SHA, TLS_ECDHE_RSA_WITH_AES_256_CBC_SHA, TLS_RSA_WITH_AES_128_GCM_SHA256, TLS_RSA_WITH_AES_128_CBC_SHA, TLS_RSA_WITH_AES_256_CBC_SHA, TLS_AES_128_GCM_SHA256, TLS_AES_256_GCM_SHA384]
27 апр 2026;13:38:35.117 [main] DEBUG reactor.util.Loggers - Using Slf4j logging framework
27 апр 2026;13:38:35.197 [main] DEBUG reactor.core.publisher.Hooks - Hooking onEachOperator: micronaut
27 апр 2026;13:38:35.324 [main] DEBUG io.netty.channel.DefaultChannelId - -Dio.netty.processId: 19496 (auto-detected)
27 апр 2026;13:38:35.326 [main] DEBUG io.netty.util.NetUtil - -Djava.net.preferIPv4Stack: false
27 апр 2026;13:38:35.326 [main] DEBUG io.netty.util.NetUtil - -Djava.net.preferIPv6Addresses: false
27 апр 2026;13:38:35.631 [main] DEBUG io.netty.util.NetUtilInitializations - Loopback interface: lo (Software Loopback Interface 1, 127.0.0.1)
27 апр 2026;13:38:35.631 [main] DEBUG io.netty.util.NetUtil - Failed to get SOMAXCONN from sysctl and file \proc\sys\net\core\somaxconn. Default: 200
27 апр 2026;13:38:35.964 [main] DEBUG io.netty.channel.DefaultChannelId - -Dio.netty.machineId: 30:9c:23:ff:fe:02:cb:6e (auto-detected)
27 апр 2026;13:38:36.030 [default-nioEventLoopGroup-1-1] DEBUG io.netty.buffer.AbstractByteBuf - -Dio.netty.buffer.checkAccessible: true
27 апр 2026;13:38:36.030 [default-nioEventLoopGroup-1-1] DEBUG io.netty.buffer.AbstractByteBuf - -Dio.netty.buffer.checkBounds: true
27 апр 2026;13:38:36.030 [default-nioEventLoopGroup-1-1] DEBUG i.n.util.ResourceLeakDetectorFactory - Loaded default ResourceLeakDetector: io.netty.util.ResourceLeakDetector@3ea27421
27 апр 2026;13:38:36.069 [default-nioEventLoopGroup-1-1] DEBUG io.netty.util.Recycler - -Dio.netty.recycler.maxCapacityPerThread: 4096
27 апр 2026;13:38:36.069 [default-nioEventLoopGroup-1-1] DEBUG io.netty.util.Recycler - -Dio.netty.recycler.ratio: 8
27 апр 2026;13:38:36.069 [default-nioEventLoopGroup-1-1] DEBUG io.netty.util.Recycler - -Dio.netty.recycler.chunkSize: 32
27 апр 2026;13:38:36.069 [default-nioEventLoopGroup-1-1] DEBUG io.netty.util.Recycler - -Dio.netty.recycler.blocking: false
27 апр 2026;13:38:36.115 [default-nioEventLoopGroup-1-1] DEBUG i.n.handler.codec.compression.Brotli - brotli4j not in the classpath; Brotli support will be unavailable.
27 апр 2026;13:38:38.442 [main] INFO  io.micronaut.runtime.Micronaut - Startup completed in 5479ms. Server Running: http://localhost:8085
27 апр 2026;14:08:58.877 [Thread-1] INFO  io.micronaut.runtime.Micronaut - Embedded Application shutting down
27 апр 2026;14:08:58.896 [default-nioEventLoopGroup-1-10] DEBUG io.netty.buffer.PoolThreadCache - Freed 7 thread-local buffer(s) from thread: default-nioEventLoopGroup-1-10
27 апр 2026;14:08:58.896 [default-nioEventLoopGroup-1-7] DEBUG io.netty.buffer.PoolThreadCache - Freed 7 thread-local buffer(s) from thread: default-nioEventLoopGroup-1-7
27 апр 2026;14:08:58.896 [default-nioEventLoopGroup-1-9] DEBUG io.netty.buffer.PoolThreadCache - Freed 7 thread-local buffer(s) from thread: default-nioEventLoopGroup-1-9
27 апр 2026;14:08:58.896 [default-nioEventLoopGroup-1-5] DEBUG io.netty.buffer.PoolThreadCache - Freed 23 thread-local buffer(s) from thread: default-nioEventLoopGroup-1-5
27 апр 2026;14:08:58.896 [default-nioEventLoopGroup-1-12] DEBUG io.netty.buffer.PoolThreadCache - Freed 16 thread-local buffer(s) from thread: default-nioEventLoopGroup-1-12
27 апр 2026;14:08:58.896 [default-nioEventLoopGroup-1-2] DEBUG io.netty.buffer.PoolThreadCache - Freed 20 thread-local buffer(s) from thread: default-nioEventLoopGroup-1-2
27 апр 2026;14:08:58.896 [default-nioEventLoopGroup-1-13] DEBUG io.netty.buffer.PoolThreadCache - Freed 22 thread-local buffer(s) from thread: default-nioEventLoopGroup-1-13
27 апр 2026;14:08:58.897 [default-nioEventLoopGroup-1-16] DEBUG io.netty.buffer.PoolThreadCache - Freed 10 thread-local buffer(s) from thread: default-nioEventLoopGroup-1-16
27 апр 2026;14:08:58.896 [default-nioEventLoopGroup-1-11] DEBUG io.netty.buffer.PoolThreadCache - Freed 7 thread-local buffer(s) from thread: default-nioEventLoopGroup-1-11
27 апр 2026;14:08:58.896 [default-nioEventLoopGroup-1-14] DEBUG io.netty.buffer.PoolThreadCache - Freed 7 thread-local buffer(s) from thread: default-nioEventLoopGroup-1-14
27 апр 2026;14:08:58.896 [default-nioEventLoopGroup-1-4] DEBUG io.netty.buffer.PoolThreadCache - Freed 26 thread-local buffer(s) from thread: default-nioEventLoopGroup-1-4
27 апр 2026;14:08:58.896 [default-nioEventLoopGroup-1-6] DEBUG io.netty.buffer.PoolThreadCache - Freed 7 thread-local buffer(s) from thread: default-nioEventLoopGroup-1-6
27 апр 2026;14:08:58.896 [default-nioEventLoopGroup-1-15] DEBUG io.netty.buffer.PoolThreadCache - Freed 7 thread-local buffer(s) from thread: default-nioEventLoopGroup-1-15
27 апр 2026;14:08:58.896 [default-nioEventLoopGroup-1-8] DEBUG io.netty.buffer.PoolThreadCache - Freed 7 thread-local buffer(s) from thread: default-nioEventLoopGroup-1-8
27 апр 2026;14:08:58.896 [default-nioEventLoopGroup-1-3] DEBUG io.netty.buffer.PoolThreadCache - Freed 7 thread-local buffer(s) from thread: default-nioEventLoopGroup-1-3
27 апр 2026;14:08:58.897 [default-nioEventLoopGroup-1-1] DEBUG io.netty.buffer.PoolThreadCache - Freed 23 thread-local buffer(s) from thread: default-nioEventLoopGroup-1-1
27 апр 2026;14:08:58.903 [Thread-1] DEBUG reactor.core.publisher.Hooks - Reset onEachOperator: micronaut
27 апр 2026;14:09:04.820 [main] DEBUG i.n.u.i.l.InternalLoggerFactory - Using SLF4J as the default logging framework
27 апр 2026;14:09:04.823 [main] DEBUG i.n.u.i.InternalThreadLocalMap - -Dio.netty.threadLocalMap.stringBuilder.initialSize: 1024
27 апр 2026;14:09:04.824 [main] DEBUG i.n.u.i.InternalThreadLocalMap - -Dio.netty.threadLocalMap.stringBuilder.maxSize: 4096
27 апр 2026;14:09:04.837 [main] DEBUG i.n.util.internal.PlatformDependent0 - -Dio.netty.noUnsafe: false
27 апр 2026;14:09:04.837 [main] DEBUG i.n.util.internal.PlatformDependent0 - Java version: 8
27 апр 2026;14:09:04.838 [main] DEBUG i.n.util.internal.PlatformDependent0 - sun.misc.Unsafe.theUnsafe: available
27 апр 2026;14:09:04.838 [main] DEBUG i.n.util.internal.PlatformDependent0 - sun.misc.Unsafe.copyMemory: available
27 апр 2026;14:09:04.839 [main] DEBUG i.n.util.internal.PlatformDependent0 - sun.misc.Unsafe.storeFence: available
27 апр 2026;14:09:04.839 [main] DEBUG i.n.util.internal.PlatformDependent0 - java.nio.Buffer.address: available
27 апр 2026;14:09:04.839 [main] DEBUG i.n.util.internal.PlatformDependent0 - direct buffer constructor: available
27 апр 2026;14:09:04.840 [main] DEBUG i.n.util.internal.PlatformDependent0 - java.nio.Bits.unaligned: available, true
27 апр 2026;14:09:04.840 [main] DEBUG i.n.util.internal.PlatformDependent0 - jdk.internal.misc.Unsafe.allocateUninitializedArray(int): unavailable prior to Java9
27 апр 2026;14:09:04.840 [main] DEBUG i.n.util.internal.PlatformDependent0 - java.nio.DirectByteBuffer.<init>(long, int): available
27 апр 2026;14:09:04.840 [main] DEBUG i.n.util.internal.PlatformDependent - sun.misc.Unsafe: available
27 апр 2026;14:09:04.841 [main] DEBUG i.n.util.internal.PlatformDependent - -Dio.netty.tmpdir: C:\Users\psoko\AppData\Local\Temp (java.io.tmpdir)
27 апр 2026;14:09:04.841 [main] DEBUG i.n.util.internal.PlatformDependent - -Dio.netty.bitMode: 64 (sun.arch.data.model)
27 апр 2026;14:09:04.841 [main] DEBUG i.n.util.internal.PlatformDependent - Platform: Windows
27 апр 2026;14:09:04.842 [main] DEBUG i.n.util.internal.PlatformDependent - -Dio.netty.maxDirectMemory: 7628390400 bytes
27 апр 2026;14:09:04.842 [main] DEBUG i.n.util.internal.PlatformDependent - -Dio.netty.uninitializedArrayAllocationThreshold: -1
27 апр 2026;14:09:04.843 [main] DEBUG io.netty.util.internal.CleanerJava6 - java.nio.ByteBuffer.cleaner(): available
27 апр 2026;14:09:04.843 [main] DEBUG i.n.util.internal.PlatformDependent - -Dio.netty.noPreferDirect: false
27 апр 2026;14:09:04.851 [main] DEBUG io.netty.util.ResourceLeakDetector - -Dio.netty.leakDetection.level: simple
27 апр 2026;14:09:04.851 [main] DEBUG io.netty.util.ResourceLeakDetector - -Dio.netty.leakDetection.targetRecords: 4
27 апр 2026;14:09:04.853 [main] DEBUG i.n.buffer.PooledByteBufAllocator - -Dio.netty.allocator.numHeapArenas: 16
27 апр 2026;14:09:04.853 [main] DEBUG i.n.buffer.PooledByteBufAllocator - -Dio.netty.allocator.numDirectArenas: 16
27 апр 2026;14:09:04.853 [main] DEBUG i.n.buffer.PooledByteBufAllocator - -Dio.netty.allocator.pageSize: 8192
27 апр 2026;14:09:04.853 [main] DEBUG i.n.buffer.PooledByteBufAllocator - -Dio.netty.allocator.maxOrder: 9
27 апр 2026;14:09:04.853 [main] DEBUG i.n.buffer.PooledByteBufAllocator - -Dio.netty.allocator.chunkSize: 4194304
27 апр 2026;14:09:04.853 [main] DEBUG i.n.buffer.PooledByteBufAllocator - -Dio.netty.allocator.smallCacheSize: 256
27 апр 2026;14:09:04.853 [main] DEBUG i.n.buffer.PooledByteBufAllocator - -Dio.netty.allocator.normalCacheSize: 64
27 апр 2026;14:09:04.853 [main] DEBUG i.n.buffer.PooledByteBufAllocator - -Dio.netty.allocator.maxCachedBufferCapacity: 32768
27 апр 2026;14:09:04.854 [main] DEBUG i.n.buffer.PooledByteBufAllocator - -Dio.netty.allocator.cacheTrimInterval: 8192
27 апр 2026;14:09:04.854 [main] DEBUG i.n.buffer.PooledByteBufAllocator - -Dio.netty.allocator.cacheTrimIntervalMillis: 0
27 апр 2026;14:09:04.854 [main] DEBUG i.n.buffer.PooledByteBufAllocator - -Dio.netty.allocator.useCacheForAllThreads: false
27 апр 2026;14:09:04.854 [main] DEBUG i.n.buffer.PooledByteBufAllocator - -Dio.netty.allocator.maxCachedByteBuffersPerChunk: 1023
27 апр 2026;14:09:04.864 [main] DEBUG io.netty.buffer.ByteBufUtil - -Dio.netty.allocator.type: pooled
27 апр 2026;14:09:04.864 [main] DEBUG io.netty.buffer.ByteBufUtil - -Dio.netty.threadLocalDirectBufferSize: 0
27 апр 2026;14:09:04.864 [main] DEBUG io.netty.buffer.ByteBufUtil - -Dio.netty.maxThreadLocalCharBufferSize: 16384
27 апр 2026;14:09:05.196 [main] DEBUG i.n.c.MultithreadEventLoopGroup - -Dio.netty.eventLoopThreads: 16
27 апр 2026;14:09:05.217 [main] DEBUG io.netty.channel.nio.NioEventLoop - -Dio.netty.noKeySetOptimization: false
27 апр 2026;14:09:05.217 [main] DEBUG io.netty.channel.nio.NioEventLoop - -Dio.netty.selectorAutoRebuildThreshold: 512
27 апр 2026;14:09:05.224 [main] DEBUG i.n.util.internal.PlatformDependent - org.jctools-core.MpscChunkedArrayQueue: available
27 апр 2026;14:09:05.649 [main] DEBUG io.netty.handler.ssl.OpenSsl - netty-tcnative not in the classpath; OpenSslEngine will be unavailable.
27 апр 2026;14:09:05.745 [main] DEBUG io.netty.handler.ssl.JdkSslContext - Default protocols (JDK): [TLSv1.3, TLSv1.2] 
27 апр 2026;14:09:05.746 [main] DEBUG io.netty.handler.ssl.JdkSslContext - Default cipher suites (JDK): [TLS_ECDHE_ECDSA_WITH_AES_256_GCM_SHA384, TLS_ECDHE_ECDSA_WITH_AES_128_GCM_SHA256, TLS_ECDHE_RSA_WITH_AES_128_GCM_SHA256, TLS_ECDHE_RSA_WITH_AES_256_GCM_SHA384, TLS_ECDHE_RSA_WITH_AES_128_CBC_SHA, TLS_ECDHE_RSA_WITH_AES_256_CBC_SHA, TLS_RSA_WITH_AES_128_GCM_SHA256, TLS_RSA_WITH_AES_128_CBC_SHA, TLS_RSA_WITH_AES_256_CBC_SHA, TLS_AES_128_GCM_SHA256, TLS_AES_256_GCM_SHA384]
27 апр 2026;14:09:05.752 [main] DEBUG reactor.util.Loggers - Using Slf4j logging framework
27 апр 2026;14:09:05.810 [main] DEBUG reactor.core.publisher.Hooks - Hooking onEachOperator: micronaut
27 апр 2026;14:09:05.907 [main] DEBUG io.netty.channel.DefaultChannelId - -Dio.netty.processId: 9692 (auto-detected)
27 апр 2026;14:09:05.909 [main] DEBUG io.netty.util.NetUtil - -Djava.net.preferIPv4Stack: false
27 апр 2026;14:09:05.909 [main] DEBUG io.netty.util.NetUtil - -Djava.net.preferIPv6Addresses: false
27 апр 2026;14:09:06.203 [main] DEBUG io.netty.util.NetUtilInitializations - Loopback interface: lo (Software Loopback Interface 1, 127.0.0.1)
27 апр 2026;14:09:06.204 [main] DEBUG io.netty.util.NetUtil - Failed to get SOMAXCONN from sysctl and file \proc\sys\net\core\somaxconn. Default: 200
27 апр 2026;14:09:06.532 [main] DEBUG io.netty.channel.DefaultChannelId - -Dio.netty.machineId: 30:9c:23:ff:fe:02:cb:6e (auto-detected)
27 апр 2026;14:09:06.598 [default-nioEventLoopGroup-1-1] DEBUG io.netty.buffer.AbstractByteBuf - -Dio.netty.buffer.checkAccessible: true
27 апр 2026;14:09:06.598 [default-nioEventLoopGroup-1-1] DEBUG io.netty.buffer.AbstractByteBuf - -Dio.netty.buffer.checkBounds: true
27 апр 2026;14:09:06.599 [default-nioEventLoopGroup-1-1] DEBUG i.n.util.ResourceLeakDetectorFactory - Loaded default ResourceLeakDetector: io.netty.util.ResourceLeakDetector@22c9214d
27 апр 2026;14:09:06.637 [default-nioEventLoopGroup-1-1] DEBUG io.netty.util.Recycler - -Dio.netty.recycler.maxCapacityPerThread: 4096
27 апр 2026;14:09:06.637 [default-nioEventLoopGroup-1-1] DEBUG io.netty.util.Recycler - -Dio.netty.recycler.ratio: 8
27 апр 2026;14:09:06.637 [default-nioEventLoopGroup-1-1] DEBUG io.netty.util.Recycler - -Dio.netty.recycler.chunkSize: 32
27 апр 2026;14:09:06.637 [default-nioEventLoopGroup-1-1] DEBUG io.netty.util.Recycler - -Dio.netty.recycler.blocking: false
27 апр 2026;14:09:06.694 [default-nioEventLoopGroup-1-1] DEBUG i.n.handler.codec.compression.Brotli - brotli4j not in the classpath; Brotli support will be unavailable.
27 апр 2026;14:09:10.092 [main] INFO  io.micronaut.runtime.Micronaut - Startup completed in 6465ms. Server Running: http://localhost:8085
27 апр 2026;14:33:03.547 [Thread-1] INFO  io.micronaut.runtime.Micronaut - Embedded Application shutting down
27 апр 2026;14:33:03.572 [Thread-1] DEBUG reactor.core.publisher.Hooks - Reset onEachOperator: micronaut
28 апр 2026;09:10:29.685 [main] DEBUG i.n.u.i.l.InternalLoggerFactory - Using SLF4J as the default logging framework
28 апр 2026;09:10:29.691 [main] DEBUG i.n.u.i.InternalThreadLocalMap - -Dio.netty.threadLocalMap.stringBuilder.initialSize: 1024
28 апр 2026;09:10:29.692 [main] DEBUG i.n.u.i.InternalThreadLocalMap - -Dio.netty.threadLocalMap.stringBuilder.maxSize: 4096
28 апр 2026;09:10:29.707 [main] DEBUG i.n.util.internal.PlatformDependent0 - -Dio.netty.noUnsafe: false
28 апр 2026;09:10:29.707 [main] DEBUG i.n.util.internal.PlatformDependent0 - Java version: 8
28 апр 2026;09:10:29.708 [main] DEBUG i.n.util.internal.PlatformDependent0 - sun.misc.Unsafe.theUnsafe: available
28 апр 2026;09:10:29.709 [main] DEBUG i.n.util.internal.PlatformDependent0 - sun.misc.Unsafe.copyMemory: available
28 апр 2026;09:10:29.709 [main] DEBUG i.n.util.internal.PlatformDependent0 - sun.misc.Unsafe.storeFence: available
28 апр 2026;09:10:29.710 [main] DEBUG i.n.util.internal.PlatformDependent0 - java.nio.Buffer.address: available
28 апр 2026;09:10:29.710 [main] DEBUG i.n.util.internal.PlatformDependent0 - direct buffer constructor: available
28 апр 2026;09:10:29.711 [main] DEBUG i.n.util.internal.PlatformDependent0 - java.nio.Bits.unaligned: available, true
28 апр 2026;09:10:29.711 [main] DEBUG i.n.util.internal.PlatformDependent0 - jdk.internal.misc.Unsafe.allocateUninitializedArray(int): unavailable prior to Java9
28 апр 2026;09:10:29.711 [main] DEBUG i.n.util.internal.PlatformDependent0 - java.nio.DirectByteBuffer.<init>(long, int): available
28 апр 2026;09:10:29.711 [main] DEBUG i.n.util.internal.PlatformDependent - sun.misc.Unsafe: available
28 апр 2026;09:10:29.712 [main] DEBUG i.n.util.internal.PlatformDependent - -Dio.netty.tmpdir: C:\Users\psoko\AppData\Local\Temp (java.io.tmpdir)
28 апр 2026;09:10:29.712 [main] DEBUG i.n.util.internal.PlatformDependent - -Dio.netty.bitMode: 64 (sun.arch.data.model)
28 апр 2026;09:10:29.713 [main] DEBUG i.n.util.internal.PlatformDependent - Platform: Windows
28 апр 2026;09:10:29.713 [main] DEBUG i.n.util.internal.PlatformDependent - -Dio.netty.maxDirectMemory: 7628390400 bytes
28 апр 2026;09:10:29.713 [main] DEBUG i.n.util.internal.PlatformDependent - -Dio.netty.uninitializedArrayAllocationThreshold: -1
28 апр 2026;09:10:29.714 [main] DEBUG io.netty.util.internal.CleanerJava6 - java.nio.ByteBuffer.cleaner(): available
28 апр 2026;09:10:29.714 [main] DEBUG i.n.util.internal.PlatformDependent - -Dio.netty.noPreferDirect: false
28 апр 2026;09:10:29.723 [main] DEBUG io.netty.util.ResourceLeakDetector - -Dio.netty.leakDetection.level: simple
28 апр 2026;09:10:29.723 [main] DEBUG io.netty.util.ResourceLeakDetector - -Dio.netty.leakDetection.targetRecords: 4
28 апр 2026;09:10:29.725 [main] DEBUG i.n.buffer.PooledByteBufAllocator - -Dio.netty.allocator.numHeapArenas: 16
28 апр 2026;09:10:29.725 [main] DEBUG i.n.buffer.PooledByteBufAllocator - -Dio.netty.allocator.numDirectArenas: 16
28 апр 2026;09:10:29.725 [main] DEBUG i.n.buffer.PooledByteBufAllocator - -Dio.netty.allocator.pageSize: 8192
28 апр 2026;09:10:29.725 [main] DEBUG i.n.buffer.PooledByteBufAllocator - -Dio.netty.allocator.maxOrder: 9
28 апр 2026;09:10:29.726 [main] DEBUG i.n.buffer.PooledByteBufAllocator - -Dio.netty.allocator.chunkSize: 4194304
28 апр 2026;09:10:29.726 [main] DEBUG i.n.buffer.PooledByteBufAllocator - -Dio.netty.allocator.smallCacheSize: 256
28 апр 2026;09:10:29.726 [main] DEBUG i.n.buffer.PooledByteBufAllocator - -Dio.netty.allocator.normalCacheSize: 64
28 апр 2026;09:10:29.726 [main] DEBUG i.n.buffer.PooledByteBufAllocator - -Dio.netty.allocator.maxCachedBufferCapacity: 32768
28 апр 2026;09:10:29.726 [main] DEBUG i.n.buffer.PooledByteBufAllocator - -Dio.netty.allocator.cacheTrimInterval: 8192
28 апр 2026;09:10:29.726 [main] DEBUG i.n.buffer.PooledByteBufAllocator - -Dio.netty.allocator.cacheTrimIntervalMillis: 0
28 апр 2026;09:10:29.726 [main] DEBUG i.n.buffer.PooledByteBufAllocator - -Dio.netty.allocator.useCacheForAllThreads: false
28 апр 2026;09:10:29.726 [main] DEBUG i.n.buffer.PooledByteBufAllocator - -Dio.netty.allocator.maxCachedByteBuffersPerChunk: 1023
28 апр 2026;09:10:29.738 [main] DEBUG io.netty.buffer.ByteBufUtil - -Dio.netty.allocator.type: pooled
28 апр 2026;09:10:29.738 [main] DEBUG io.netty.buffer.ByteBufUtil - -Dio.netty.threadLocalDirectBufferSize: 0
28 апр 2026;09:10:29.738 [main] DEBUG io.netty.buffer.ByteBufUtil - -Dio.netty.maxThreadLocalCharBufferSize: 16384
28 апр 2026;09:10:30.145 [main] DEBUG i.n.c.MultithreadEventLoopGroup - -Dio.netty.eventLoopThreads: 16
28 апр 2026;09:10:30.165 [main] DEBUG io.netty.channel.nio.NioEventLoop - -Dio.netty.noKeySetOptimization: false
28 апр 2026;09:10:30.165 [main] DEBUG io.netty.channel.nio.NioEventLoop - -Dio.netty.selectorAutoRebuildThreshold: 512
28 апр 2026;09:10:30.171 [main] DEBUG i.n.util.internal.PlatformDependent - org.jctools-core.MpscChunkedArrayQueue: available
28 апр 2026;09:10:30.738 [main] DEBUG io.netty.handler.ssl.OpenSsl - netty-tcnative not in the classpath; OpenSslEngine will be unavailable.
28 апр 2026;09:10:30.837 [main] DEBUG io.netty.handler.ssl.JdkSslContext - Default protocols (JDK): [TLSv1.3, TLSv1.2] 
28 апр 2026;09:10:30.837 [main] DEBUG io.netty.handler.ssl.JdkSslContext - Default cipher suites (JDK): [TLS_ECDHE_ECDSA_WITH_AES_256_GCM_SHA384, TLS_ECDHE_ECDSA_WITH_AES_128_GCM_SHA256, TLS_ECDHE_RSA_WITH_AES_128_GCM_SHA256, TLS_ECDHE_RSA_WITH_AES_256_GCM_SHA384, TLS_ECDHE_RSA_WITH_AES_128_CBC_SHA, TLS_ECDHE_RSA_WITH_AES_256_CBC_SHA, TLS_RSA_WITH_AES_128_GCM_SHA256, TLS_RSA_WITH_AES_128_CBC_SHA, TLS_RSA_WITH_AES_256_CBC_SHA, TLS_AES_128_GCM_SHA256, TLS_AES_256_GCM_SHA384]
28 апр 2026;09:10:30.844 [main] DEBUG reactor.util.Loggers - Using Slf4j logging framework
28 апр 2026;09:10:30.917 [main] DEBUG reactor.core.publisher.Hooks - Hooking onEachOperator: micronaut
28 апр 2026;09:10:31.069 [main] DEBUG io.netty.channel.DefaultChannelId - -Dio.netty.processId: 26644 (auto-detected)
28 апр 2026;09:10:31.071 [main] DEBUG io.netty.util.NetUtil - -Djava.net.preferIPv4Stack: false
28 апр 2026;09:10:31.071 [main] DEBUG io.netty.util.NetUtil - -Djava.net.preferIPv6Addresses: false
28 апр 2026;09:10:31.408 [main] DEBUG io.netty.util.NetUtilInitializations - Loopback interface: lo (Software Loopback Interface 1, 127.0.0.1)
28 апр 2026;09:10:31.408 [main] DEBUG io.netty.util.NetUtil - Failed to get SOMAXCONN from sysctl and file \proc\sys\net\core\somaxconn. Default: 200
28 апр 2026;09:10:31.792 [main] DEBUG io.netty.channel.DefaultChannelId - -Dio.netty.machineId: 30:9c:23:ff:fe:02:cb:6e (auto-detected)
28 апр 2026;09:10:31.879 [default-nioEventLoopGroup-1-1] DEBUG io.netty.buffer.AbstractByteBuf - -Dio.netty.buffer.checkAccessible: true
28 апр 2026;09:10:31.879 [default-nioEventLoopGroup-1-1] DEBUG io.netty.buffer.AbstractByteBuf - -Dio.netty.buffer.checkBounds: true
28 апр 2026;09:10:31.880 [default-nioEventLoopGroup-1-1] DEBUG i.n.util.ResourceLeakDetectorFactory - Loaded default ResourceLeakDetector: io.netty.util.ResourceLeakDetector@1363ae3e
28 апр 2026;09:21:21.306 [main] DEBUG i.n.u.i.l.InternalLoggerFactory - Using SLF4J as the default logging framework
28 апр 2026;09:21:21.317 [main] DEBUG i.n.u.i.InternalThreadLocalMap - -Dio.netty.threadLocalMap.stringBuilder.initialSize: 1024
28 апр 2026;09:21:21.318 [main] DEBUG i.n.u.i.InternalThreadLocalMap - -Dio.netty.threadLocalMap.stringBuilder.maxSize: 4096
28 апр 2026;09:21:21.366 [main] DEBUG i.n.util.internal.PlatformDependent0 - -Dio.netty.noUnsafe: false
28 апр 2026;09:21:21.367 [main] DEBUG i.n.util.internal.PlatformDependent0 - Java version: 8
28 апр 2026;09:21:21.368 [main] DEBUG i.n.util.internal.PlatformDependent0 - sun.misc.Unsafe.theUnsafe: available
28 апр 2026;09:21:21.369 [main] DEBUG i.n.util.internal.PlatformDependent0 - sun.misc.Unsafe.copyMemory: available
28 апр 2026;09:21:21.370 [main] DEBUG i.n.util.internal.PlatformDependent0 - sun.misc.Unsafe.storeFence: available
28 апр 2026;09:21:21.370 [main] DEBUG i.n.util.internal.PlatformDependent0 - java.nio.Buffer.address: available
28 апр 2026;09:21:21.371 [main] DEBUG i.n.util.internal.PlatformDependent0 - direct buffer constructor: available
28 апр 2026;09:21:21.372 [main] DEBUG i.n.util.internal.PlatformDependent0 - java.nio.Bits.unaligned: available, true
28 апр 2026;09:21:21.373 [main] DEBUG i.n.util.internal.PlatformDependent0 - jdk.internal.misc.Unsafe.allocateUninitializedArray(int): unavailable prior to Java9
28 апр 2026;09:21:21.373 [main] DEBUG i.n.util.internal.PlatformDependent0 - java.nio.DirectByteBuffer.<init>(long, int): available
28 апр 2026;09:21:21.373 [main] DEBUG i.n.util.internal.PlatformDependent - sun.misc.Unsafe: available
28 апр 2026;09:21:21.375 [main] DEBUG i.n.util.internal.PlatformDependent - -Dio.netty.tmpdir: C:\Users\psoko\AppData\Local\Temp (java.io.tmpdir)
28 апр 2026;09:21:21.376 [main] DEBUG i.n.util.internal.PlatformDependent - -Dio.netty.bitMode: 64 (sun.arch.data.model)
28 апр 2026;09:21:21.378 [main] DEBUG i.n.util.internal.PlatformDependent - Platform: Windows
28 апр 2026;09:21:21.379 [main] DEBUG i.n.util.internal.PlatformDependent - -Dio.netty.maxDirectMemory: 7628390400 bytes
28 апр 2026;09:21:21.379 [main] DEBUG i.n.util.internal.PlatformDependent - -Dio.netty.uninitializedArrayAllocationThreshold: -1
28 апр 2026;09:21:21.382 [main] DEBUG io.netty.util.internal.CleanerJava6 - java.nio.ByteBuffer.cleaner(): available
28 апр 2026;09:21:21.382 [main] DEBUG i.n.util.internal.PlatformDependent - -Dio.netty.noPreferDirect: false
28 апр 2026;09:21:21.397 [main] DEBUG io.netty.util.ResourceLeakDetector - -Dio.netty.leakDetection.level: simple
28 апр 2026;09:21:21.397 [main] DEBUG io.netty.util.ResourceLeakDetector - -Dio.netty.leakDetection.targetRecords: 4
28 апр 2026;09:21:21.403 [main] DEBUG i.n.buffer.PooledByteBufAllocator - -Dio.netty.allocator.numHeapArenas: 16
28 апр 2026;09:21:21.403 [main] DEBUG i.n.buffer.PooledByteBufAllocator - -Dio.netty.allocator.numDirectArenas: 16
28 апр 2026;09:21:21.403 [main] DEBUG i.n.buffer.PooledByteBufAllocator - -Dio.netty.allocator.pageSize: 8192
28 апр 2026;09:21:21.403 [main] DEBUG i.n.buffer.PooledByteBufAllocator - -Dio.netty.allocator.maxOrder: 9
28 апр 2026;09:21:21.403 [main] DEBUG i.n.buffer.PooledByteBufAllocator - -Dio.netty.allocator.chunkSize: 4194304
28 апр 2026;09:21:21.404 [main] DEBUG i.n.buffer.PooledByteBufAllocator - -Dio.netty.allocator.smallCacheSize: 256
28 апр 2026;09:21:21.404 [main] DEBUG i.n.buffer.PooledByteBufAllocator - -Dio.netty.allocator.normalCacheSize: 64
28 апр 2026;09:21:21.404 [main] DEBUG i.n.buffer.PooledByteBufAllocator - -Dio.netty.allocator.maxCachedBufferCapacity: 32768
28 апр 2026;09:21:21.404 [main] DEBUG i.n.buffer.PooledByteBufAllocator - -Dio.netty.allocator.cacheTrimInterval: 8192
28 апр 2026;09:21:21.404 [main] DEBUG i.n.buffer.PooledByteBufAllocator - -Dio.netty.allocator.cacheTrimIntervalMillis: 0
28 апр 2026;09:21:21.404 [main] DEBUG i.n.buffer.PooledByteBufAllocator - -Dio.netty.allocator.useCacheForAllThreads: false
28 апр 2026;09:21:21.404 [main] DEBUG i.n.buffer.PooledByteBufAllocator - -Dio.netty.allocator.maxCachedByteBuffersPerChunk: 1023
28 апр 2026;09:21:21.423 [main] DEBUG io.netty.buffer.ByteBufUtil - -Dio.netty.allocator.type: pooled
28 апр 2026;09:21:21.423 [main] DEBUG io.netty.buffer.ByteBufUtil - -Dio.netty.threadLocalDirectBufferSize: 0
28 апр 2026;09:21:21.423 [main] DEBUG io.netty.buffer.ByteBufUtil - -Dio.netty.maxThreadLocalCharBufferSize: 16384
28 апр 2026;09:21:22.489 [main] DEBUG i.n.c.MultithreadEventLoopGroup - -Dio.netty.eventLoopThreads: 16
28 апр 2026;09:21:22.539 [main] DEBUG io.netty.channel.nio.NioEventLoop - -Dio.netty.noKeySetOptimization: false
28 апр 2026;09:21:22.542 [main] DEBUG io.netty.channel.nio.NioEventLoop - -Dio.netty.selectorAutoRebuildThreshold: 512
28 апр 2026;09:21:22.560 [main] DEBUG i.n.util.internal.PlatformDependent - org.jctools-core.MpscChunkedArrayQueue: available
28 апр 2026;09:21:22.925 [main] DEBUG io.netty.handler.ssl.OpenSsl - netty-tcnative not in the classpath; OpenSslEngine will be unavailable.
28 апр 2026;09:21:23.730 [main] DEBUG io.netty.handler.ssl.JdkSslContext - Default protocols (JDK): [TLSv1.3, TLSv1.2] 
28 апр 2026;09:21:23.730 [main] DEBUG io.netty.handler.ssl.JdkSslContext - Default cipher suites (JDK): [TLS_ECDHE_ECDSA_WITH_AES_256_GCM_SHA384, TLS_ECDHE_ECDSA_WITH_AES_128_GCM_SHA256, TLS_ECDHE_RSA_WITH_AES_128_GCM_SHA256, TLS_ECDHE_RSA_WITH_AES_256_GCM_SHA384, TLS_ECDHE_RSA_WITH_AES_128_CBC_SHA, TLS_ECDHE_RSA_WITH_AES_256_CBC_SHA, TLS_RSA_WITH_AES_128_GCM_SHA256, TLS_RSA_WITH_AES_128_CBC_SHA, TLS_RSA_WITH_AES_256_CBC_SHA, TLS_AES_128_GCM_SHA256, TLS_AES_256_GCM_SHA384]
28 апр 2026;09:21:23.796 [main] DEBUG reactor.util.Loggers - Using Slf4j logging framework
28 апр 2026;09:21:23.968 [main] DEBUG reactor.core.publisher.Hooks - Hooking onEachOperator: micronaut
28 апр 2026;09:21:24.229 [main] DEBUG io.netty.channel.DefaultChannelId - -Dio.netty.processId: 32308 (auto-detected)
28 апр 2026;09:21:24.231 [main] DEBUG io.netty.util.NetUtil - -Djava.net.preferIPv4Stack: false
28 апр 2026;09:21:24.232 [main] DEBUG io.netty.util.NetUtil - -Djava.net.preferIPv6Addresses: false
28 апр 2026;09:21:24.615 [main] DEBUG io.netty.util.NetUtilInitializations - Loopback interface: lo (Software Loopback Interface 1, 127.0.0.1)
28 апр 2026;09:21:24.618 [main] DEBUG io.netty.util.NetUtil - Failed to get SOMAXCONN from sysctl and file \proc\sys\net\core\somaxconn. Default: 200
28 апр 2026;09:21:25.121 [main] DEBUG io.netty.channel.DefaultChannelId - -Dio.netty.machineId: 30:9c:23:ff:fe:02:cb:6e (auto-detected)
28 апр 2026;09:21:25.180 [default-nioEventLoopGroup-1-1] DEBUG io.netty.buffer.AbstractByteBuf - -Dio.netty.buffer.checkAccessible: true
28 апр 2026;09:21:25.180 [default-nioEventLoopGroup-1-1] DEBUG io.netty.buffer.AbstractByteBuf - -Dio.netty.buffer.checkBounds: true
28 апр 2026;09:21:25.182 [default-nioEventLoopGroup-1-1] DEBUG i.n.util.ResourceLeakDetectorFactory - Loaded default ResourceLeakDetector: io.netty.util.ResourceLeakDetector@40b6df27
28 апр 2026;09:21:46.396 [main] INFO  io.micronaut.runtime.Micronaut - Startup completed in 28337ms. Server Running: http://localhost:8085
28 апр 2026;09:25:29.257 [Thread-2] INFO  io.micronaut.runtime.Micronaut - Embedded Application shutting down
28 апр 2026;09:25:29.288 [Thread-2] DEBUG reactor.core.publisher.Hooks - Reset onEachOperator: micronaut
28 апр 2026;11:09:52.924 [main] DEBUG i.n.u.i.l.InternalLoggerFactory - Using SLF4J as the default logging framework
28 апр 2026;11:09:52.928 [main] DEBUG i.n.u.i.InternalThreadLocalMap - -Dio.netty.threadLocalMap.stringBuilder.initialSize: 1024
28 апр 2026;11:09:52.929 [main] DEBUG i.n.u.i.InternalThreadLocalMap - -Dio.netty.threadLocalMap.stringBuilder.maxSize: 4096
28 апр 2026;11:09:52.943 [main] DEBUG i.n.util.internal.PlatformDependent0 - -Dio.netty.noUnsafe: false
28 апр 2026;11:09:52.943 [main] DEBUG i.n.util.internal.PlatformDependent0 - Java version: 8
28 апр 2026;11:09:52.944 [main] DEBUG i.n.util.internal.PlatformDependent0 - sun.misc.Unsafe.theUnsafe: available
28 апр 2026;11:09:52.945 [main] DEBUG i.n.util.internal.PlatformDependent0 - sun.misc.Unsafe.copyMemory: available
28 апр 2026;11:09:52.945 [main] DEBUG i.n.util.internal.PlatformDependent0 - sun.misc.Unsafe.storeFence: available
28 апр 2026;11:09:52.947 [main] DEBUG i.n.util.internal.PlatformDependent0 - java.nio.Buffer.address: available
28 апр 2026;11:09:52.947 [main] DEBUG i.n.util.internal.PlatformDependent0 - direct buffer constructor: available
28 апр 2026;11:09:52.947 [main] DEBUG i.n.util.internal.PlatformDependent0 - java.nio.Bits.unaligned: available, true
28 апр 2026;11:09:52.947 [main] DEBUG i.n.util.internal.PlatformDependent0 - jdk.internal.misc.Unsafe.allocateUninitializedArray(int): unavailable prior to Java9
28 апр 2026;11:09:52.947 [main] DEBUG i.n.util.internal.PlatformDependent0 - java.nio.DirectByteBuffer.<init>(long, int): available
28 апр 2026;11:09:52.947 [main] DEBUG i.n.util.internal.PlatformDependent - sun.misc.Unsafe: available
28 апр 2026;11:09:52.948 [main] DEBUG i.n.util.internal.PlatformDependent - -Dio.netty.tmpdir: C:\Users\psoko\AppData\Local\Temp (java.io.tmpdir)
28 апр 2026;11:09:52.948 [main] DEBUG i.n.util.internal.PlatformDependent - -Dio.netty.bitMode: 64 (sun.arch.data.model)
28 апр 2026;11:09:52.949 [main] DEBUG i.n.util.internal.PlatformDependent - Platform: Windows
28 апр 2026;11:09:52.950 [main] DEBUG i.n.util.internal.PlatformDependent - -Dio.netty.maxDirectMemory: 7628390400 bytes
28 апр 2026;11:09:52.950 [main] DEBUG i.n.util.internal.PlatformDependent - -Dio.netty.uninitializedArrayAllocationThreshold: -1
28 апр 2026;11:09:52.951 [main] DEBUG io.netty.util.internal.CleanerJava6 - java.nio.ByteBuffer.cleaner(): available
28 апр 2026;11:09:52.951 [main] DEBUG i.n.util.internal.PlatformDependent - -Dio.netty.noPreferDirect: false
28 апр 2026;11:09:52.959 [main] DEBUG io.netty.util.ResourceLeakDetector - -Dio.netty.leakDetection.level: simple
28 апр 2026;11:09:52.959 [main] DEBUG io.netty.util.ResourceLeakDetector - -Dio.netty.leakDetection.targetRecords: 4
28 апр 2026;11:09:52.962 [main] DEBUG i.n.buffer.PooledByteBufAllocator - -Dio.netty.allocator.numHeapArenas: 16
28 апр 2026;11:09:52.962 [main] DEBUG i.n.buffer.PooledByteBufAllocator - -Dio.netty.allocator.numDirectArenas: 16
28 апр 2026;11:09:52.962 [main] DEBUG i.n.buffer.PooledByteBufAllocator - -Dio.netty.allocator.pageSize: 8192
28 апр 2026;11:09:52.962 [main] DEBUG i.n.buffer.PooledByteBufAllocator - -Dio.netty.allocator.maxOrder: 9
28 апр 2026;11:09:52.962 [main] DEBUG i.n.buffer.PooledByteBufAllocator - -Dio.netty.allocator.chunkSize: 4194304
28 апр 2026;11:09:52.963 [main] DEBUG i.n.buffer.PooledByteBufAllocator - -Dio.netty.allocator.smallCacheSize: 256
28 апр 2026;11:09:52.963 [main] DEBUG i.n.buffer.PooledByteBufAllocator - -Dio.netty.allocator.normalCacheSize: 64
28 апр 2026;11:09:52.963 [main] DEBUG i.n.buffer.PooledByteBufAllocator - -Dio.netty.allocator.maxCachedBufferCapacity: 32768
28 апр 2026;11:09:52.963 [main] DEBUG i.n.buffer.PooledByteBufAllocator - -Dio.netty.allocator.cacheTrimInterval: 8192
28 апр 2026;11:09:52.963 [main] DEBUG i.n.buffer.PooledByteBufAllocator - -Dio.netty.allocator.cacheTrimIntervalMillis: 0
28 апр 2026;11:09:52.963 [main] DEBUG i.n.buffer.PooledByteBufAllocator - -Dio.netty.allocator.useCacheForAllThreads: false
28 апр 2026;11:09:52.963 [main] DEBUG i.n.buffer.PooledByteBufAllocator - -Dio.netty.allocator.maxCachedByteBuffersPerChunk: 1023
28 апр 2026;11:09:52.973 [main] DEBUG io.netty.buffer.ByteBufUtil - -Dio.netty.allocator.type: pooled
28 апр 2026;11:09:52.974 [main] DEBUG io.netty.buffer.ByteBufUtil - -Dio.netty.threadLocalDirectBufferSize: 0
28 апр 2026;11:09:52.974 [main] DEBUG io.netty.buffer.ByteBufUtil - -Dio.netty.maxThreadLocalCharBufferSize: 16384
28 апр 2026;11:09:53.474 [main] DEBUG i.n.c.MultithreadEventLoopGroup - -Dio.netty.eventLoopThreads: 16
28 апр 2026;11:09:53.491 [main] DEBUG io.netty.channel.nio.NioEventLoop - -Dio.netty.noKeySetOptimization: false
28 апр 2026;11:09:53.491 [main] DEBUG io.netty.channel.nio.NioEventLoop - -Dio.netty.selectorAutoRebuildThreshold: 512
28 апр 2026;11:09:53.498 [main] DEBUG i.n.util.internal.PlatformDependent - org.jctools-core.MpscChunkedArrayQueue: available
28 апр 2026;11:09:53.943 [main] DEBUG io.netty.handler.ssl.OpenSsl - netty-tcnative not in the classpath; OpenSslEngine will be unavailable.
28 апр 2026;11:09:54.044 [main] DEBUG io.netty.handler.ssl.JdkSslContext - Default protocols (JDK): [TLSv1.3, TLSv1.2] 
28 апр 2026;11:09:54.044 [main] DEBUG io.netty.handler.ssl.JdkSslContext - Default cipher suites (JDK): [TLS_ECDHE_ECDSA_WITH_AES_256_GCM_SHA384, TLS_ECDHE_ECDSA_WITH_AES_128_GCM_SHA256, TLS_ECDHE_RSA_WITH_AES_128_GCM_SHA256, TLS_ECDHE_RSA_WITH_AES_256_GCM_SHA384, TLS_ECDHE_RSA_WITH_AES_128_CBC_SHA, TLS_ECDHE_RSA_WITH_AES_256_CBC_SHA, TLS_RSA_WITH_AES_128_GCM_SHA256, TLS_RSA_WITH_AES_128_CBC_SHA, TLS_RSA_WITH_AES_256_CBC_SHA, TLS_AES_128_GCM_SHA256, TLS_AES_256_GCM_SHA384]
28 апр 2026;11:09:54.050 [main] DEBUG reactor.util.Loggers - Using Slf4j logging framework
28 апр 2026;11:09:54.114 [main] DEBUG reactor.core.publisher.Hooks - Hooking onEachOperator: micronaut
28 апр 2026;11:09:54.224 [main] DEBUG io.netty.channel.DefaultChannelId - -Dio.netty.processId: 28980 (auto-detected)
28 апр 2026;11:09:54.226 [main] DEBUG io.netty.util.NetUtil - -Djava.net.preferIPv4Stack: false
28 апр 2026;11:09:54.226 [main] DEBUG io.netty.util.NetUtil - -Djava.net.preferIPv6Addresses: false
28 апр 2026;11:09:54.531 [main] DEBUG io.netty.util.NetUtilInitializations - Loopback interface: lo (Software Loopback Interface 1, 127.0.0.1)
28 апр 2026;11:09:54.532 [main] DEBUG io.netty.util.NetUtil - Failed to get SOMAXCONN from sysctl and file \proc\sys\net\core\somaxconn. Default: 200
28 апр 2026;11:09:54.926 [main] DEBUG io.netty.channel.DefaultChannelId - -Dio.netty.machineId: 30:9c:23:ff:fe:02:cb:6e (auto-detected)
28 апр 2026;11:09:55.011 [default-nioEventLoopGroup-1-1] DEBUG io.netty.buffer.AbstractByteBuf - -Dio.netty.buffer.checkAccessible: true
28 апр 2026;11:09:55.011 [default-nioEventLoopGroup-1-1] DEBUG io.netty.buffer.AbstractByteBuf - -Dio.netty.buffer.checkBounds: true
28 апр 2026;11:09:55.012 [default-nioEventLoopGroup-1-1] DEBUG i.n.util.ResourceLeakDetectorFactory - Loaded default ResourceLeakDetector: io.netty.util.ResourceLeakDetector@5a936582
28 апр 2026;11:09:55.062 [default-nioEventLoopGroup-1-1] DEBUG io.netty.util.Recycler - -Dio.netty.recycler.maxCapacityPerThread: 4096
28 апр 2026;11:09:55.062 [default-nioEventLoopGroup-1-1] DEBUG io.netty.util.Recycler - -Dio.netty.recycler.ratio: 8
28 апр 2026;11:09:55.063 [default-nioEventLoopGroup-1-1] DEBUG io.netty.util.Recycler - -Dio.netty.recycler.chunkSize: 32
28 апр 2026;11:09:55.063 [default-nioEventLoopGroup-1-1] DEBUG io.netty.util.Recycler - -Dio.netty.recycler.blocking: false
28 апр 2026;11:09:55.128 [default-nioEventLoopGroup-1-1] DEBUG i.n.handler.codec.compression.Brotli - brotli4j not in the classpath; Brotli support will be unavailable.
28 апр 2026;11:10:01.535 [main] INFO  io.micronaut.runtime.Micronaut - Startup completed in 9965ms. Server Running: http://localhost:8085
28 апр 2026;11:15:04.607 [Thread-1] INFO  io.micronaut.runtime.Micronaut - Embedded Application shutting down
28 апр 2026;11:15:04.624 [default-nioEventLoopGroup-1-5] DEBUG io.netty.buffer.PoolThreadCache - Freed 3 thread-local buffer(s) from thread: default-nioEventLoopGroup-1-5
28 апр 2026;11:15:04.624 [default-nioEventLoopGroup-1-11] DEBUG io.netty.buffer.PoolThreadCache - Freed 3 thread-local buffer(s) from thread: default-nioEventLoopGroup-1-11
28 апр 2026;11:15:04.624 [default-nioEventLoopGroup-1-6] DEBUG io.netty.buffer.PoolThreadCache - Freed 4 thread-local buffer(s) from thread: default-nioEventLoopGroup-1-6
28 апр 2026;11:15:04.624 [default-nioEventLoopGroup-1-12] DEBUG io.netty.buffer.PoolThreadCache - Freed 5 thread-local buffer(s) from thread: default-nioEventLoopGroup-1-12
28 апр 2026;11:15:04.624 [default-nioEventLoopGroup-1-16] DEBUG io.netty.buffer.PoolThreadCache - Freed 3 thread-local buffer(s) from thread: default-nioEventLoopGroup-1-16
28 апр 2026;11:15:04.624 [default-nioEventLoopGroup-1-13] DEBUG io.netty.buffer.PoolThreadCache - Freed 7 thread-local buffer(s) from thread: default-nioEventLoopGroup-1-13
28 апр 2026;11:15:04.624 [default-nioEventLoopGroup-1-3] DEBUG io.netty.buffer.PoolThreadCache - Freed 4 thread-local buffer(s) from thread: default-nioEventLoopGroup-1-3
28 апр 2026;11:15:04.624 [default-nioEventLoopGroup-1-2] DEBUG io.netty.buffer.PoolThreadCache - Freed 22 thread-local buffer(s) from thread: default-nioEventLoopGroup-1-2
28 апр 2026;11:15:04.624 [default-nioEventLoopGroup-1-4] DEBUG io.netty.buffer.PoolThreadCache - Freed 3 thread-local buffer(s) from thread: default-nioEventLoopGroup-1-4
28 апр 2026;11:15:04.624 [default-nioEventLoopGroup-1-10] DEBUG io.netty.buffer.PoolThreadCache - Freed 4 thread-local buffer(s) from thread: default-nioEventLoopGroup-1-10
28 апр 2026;11:15:04.624 [default-nioEventLoopGroup-1-14] DEBUG io.netty.buffer.PoolThreadCache - Freed 4 thread-local buffer(s) from thread: default-nioEventLoopGroup-1-14
28 апр 2026;11:15:04.624 [default-nioEventLoopGroup-1-9] DEBUG io.netty.buffer.PoolThreadCache - Freed 5 thread-local buffer(s) from thread: default-nioEventLoopGroup-1-9
28 апр 2026;11:15:04.624 [default-nioEventLoopGroup-1-7] DEBUG io.netty.buffer.PoolThreadCache - Freed 3 thread-local buffer(s) from thread: default-nioEventLoopGroup-1-7
28 апр 2026;11:15:04.624 [default-nioEventLoopGroup-1-1] DEBUG io.netty.buffer.PoolThreadCache - Freed 28 thread-local buffer(s) from thread: default-nioEventLoopGroup-1-1
28 апр 2026;11:15:04.624 [default-nioEventLoopGroup-1-15] DEBUG io.netty.buffer.PoolThreadCache - Freed 5 thread-local buffer(s) from thread: default-nioEventLoopGroup-1-15
28 апр 2026;11:15:04.624 [default-nioEventLoopGroup-1-8] DEBUG io.netty.buffer.PoolThreadCache - Freed 3 thread-local buffer(s) from thread: default-nioEventLoopGroup-1-8
28 апр 2026;11:15:04.630 [Thread-1] DEBUG reactor.core.publisher.Hooks - Reset onEachOperator: micronaut
28 апр 2026;11:35:37.988 [main] DEBUG i.n.u.i.l.InternalLoggerFactory - Using SLF4J as the default logging framework
28 апр 2026;11:35:37.996 [main] DEBUG i.n.u.i.InternalThreadLocalMap - -Dio.netty.threadLocalMap.stringBuilder.initialSize: 1024
28 апр 2026;11:35:37.996 [main] DEBUG i.n.u.i.InternalThreadLocalMap - -Dio.netty.threadLocalMap.stringBuilder.maxSize: 4096
28 апр 2026;11:35:38.019 [main] DEBUG i.n.util.internal.PlatformDependent0 - -Dio.netty.noUnsafe: false
28 апр 2026;11:35:38.019 [main] DEBUG i.n.util.internal.PlatformDependent0 - Java version: 8
28 апр 2026;11:35:38.020 [main] DEBUG i.n.util.internal.PlatformDependent0 - sun.misc.Unsafe.theUnsafe: available
28 апр 2026;11:35:38.021 [main] DEBUG i.n.util.internal.PlatformDependent0 - sun.misc.Unsafe.copyMemory: available
28 апр 2026;11:35:38.021 [main] DEBUG i.n.util.internal.PlatformDependent0 - sun.misc.Unsafe.storeFence: available
28 апр 2026;11:35:38.022 [main] DEBUG i.n.util.internal.PlatformDependent0 - java.nio.Buffer.address: available
28 апр 2026;11:35:38.022 [main] DEBUG i.n.util.internal.PlatformDependent0 - direct buffer constructor: available
28 апр 2026;11:35:38.023 [main] DEBUG i.n.util.internal.PlatformDependent0 - java.nio.Bits.unaligned: available, true
28 апр 2026;11:35:38.023 [main] DEBUG i.n.util.internal.PlatformDependent0 - jdk.internal.misc.Unsafe.allocateUninitializedArray(int): unavailable prior to Java9
28 апр 2026;11:35:38.023 [main] DEBUG i.n.util.internal.PlatformDependent0 - java.nio.DirectByteBuffer.<init>(long, int): available
28 апр 2026;11:35:38.023 [main] DEBUG i.n.util.internal.PlatformDependent - sun.misc.Unsafe: available
28 апр 2026;11:35:38.023 [main] DEBUG i.n.util.internal.PlatformDependent - -Dio.netty.tmpdir: C:\Users\psoko\AppData\Local\Temp (java.io.tmpdir)
28 апр 2026;11:35:38.024 [main] DEBUG i.n.util.internal.PlatformDependent - -Dio.netty.bitMode: 64 (sun.arch.data.model)
28 апр 2026;11:35:38.024 [main] DEBUG i.n.util.internal.PlatformDependent - Platform: Windows
28 апр 2026;11:35:38.025 [main] DEBUG i.n.util.internal.PlatformDependent - -Dio.netty.maxDirectMemory: 7628390400 bytes
28 апр 2026;11:35:38.025 [main] DEBUG i.n.util.internal.PlatformDependent - -Dio.netty.uninitializedArrayAllocationThreshold: -1
28 апр 2026;11:35:38.026 [main] DEBUG io.netty.util.internal.CleanerJava6 - java.nio.ByteBuffer.cleaner(): available
28 апр 2026;11:35:38.026 [main] DEBUG i.n.util.internal.PlatformDependent - -Dio.netty.noPreferDirect: false
28 апр 2026;11:35:38.034 [main] DEBUG io.netty.util.ResourceLeakDetector - -Dio.netty.leakDetection.level: simple
28 апр 2026;11:35:38.034 [main] DEBUG io.netty.util.ResourceLeakDetector - -Dio.netty.leakDetection.targetRecords: 4
28 апр 2026;11:35:38.037 [main] DEBUG i.n.buffer.PooledByteBufAllocator - -Dio.netty.allocator.numHeapArenas: 16
28 апр 2026;11:35:38.037 [main] DEBUG i.n.buffer.PooledByteBufAllocator - -Dio.netty.allocator.numDirectArenas: 16
28 апр 2026;11:35:38.037 [main] DEBUG i.n.buffer.PooledByteBufAllocator - -Dio.netty.allocator.pageSize: 8192
28 апр 2026;11:35:38.037 [main] DEBUG i.n.buffer.PooledByteBufAllocator - -Dio.netty.allocator.maxOrder: 9
28 апр 2026;11:35:38.037 [main] DEBUG i.n.buffer.PooledByteBufAllocator - -Dio.netty.allocator.chunkSize: 4194304
28 апр 2026;11:35:38.037 [main] DEBUG i.n.buffer.PooledByteBufAllocator - -Dio.netty.allocator.smallCacheSize: 256
28 апр 2026;11:35:38.037 [main] DEBUG i.n.buffer.PooledByteBufAllocator - -Dio.netty.allocator.normalCacheSize: 64
28 апр 2026;11:35:38.037 [main] DEBUG i.n.buffer.PooledByteBufAllocator - -Dio.netty.allocator.maxCachedBufferCapacity: 32768
28 апр 2026;11:35:38.037 [main] DEBUG i.n.buffer.PooledByteBufAllocator - -Dio.netty.allocator.cacheTrimInterval: 8192
28 апр 2026;11:35:38.037 [main] DEBUG i.n.buffer.PooledByteBufAllocator - -Dio.netty.allocator.cacheTrimIntervalMillis: 0
28 апр 2026;11:35:38.038 [main] DEBUG i.n.buffer.PooledByteBufAllocator - -Dio.netty.allocator.useCacheForAllThreads: false
28 апр 2026;11:35:38.038 [main] DEBUG i.n.buffer.PooledByteBufAllocator - -Dio.netty.allocator.maxCachedByteBuffersPerChunk: 1023
28 апр 2026;11:35:38.049 [main] DEBUG io.netty.buffer.ByteBufUtil - -Dio.netty.allocator.type: pooled
28 апр 2026;11:35:38.049 [main] DEBUG io.netty.buffer.ByteBufUtil - -Dio.netty.threadLocalDirectBufferSize: 0
28 апр 2026;11:35:38.049 [main] DEBUG io.netty.buffer.ByteBufUtil - -Dio.netty.maxThreadLocalCharBufferSize: 16384
28 апр 2026;11:35:38.363 [main] DEBUG i.n.c.MultithreadEventLoopGroup - -Dio.netty.eventLoopThreads: 16
28 апр 2026;11:35:38.379 [main] DEBUG io.netty.channel.nio.NioEventLoop - -Dio.netty.noKeySetOptimization: false
28 апр 2026;11:35:38.379 [main] DEBUG io.netty.channel.nio.NioEventLoop - -Dio.netty.selectorAutoRebuildThreshold: 512
28 апр 2026;11:35:38.385 [main] DEBUG i.n.util.internal.PlatformDependent - org.jctools-core.MpscChunkedArrayQueue: available
28 апр 2026;11:35:38.821 [main] DEBUG io.netty.handler.ssl.OpenSsl - netty-tcnative not in the classpath; OpenSslEngine will be unavailable.
28 апр 2026;11:35:38.948 [main] DEBUG io.netty.handler.ssl.JdkSslContext - Default protocols (JDK): [TLSv1.3, TLSv1.2] 
28 апр 2026;11:35:38.948 [main] DEBUG io.netty.handler.ssl.JdkSslContext - Default cipher suites (JDK): [TLS_ECDHE_ECDSA_WITH_AES_256_GCM_SHA384, TLS_ECDHE_ECDSA_WITH_AES_128_GCM_SHA256, TLS_ECDHE_RSA_WITH_AES_128_GCM_SHA256, TLS_ECDHE_RSA_WITH_AES_256_GCM_SHA384, TLS_ECDHE_RSA_WITH_AES_128_CBC_SHA, TLS_ECDHE_RSA_WITH_AES_256_CBC_SHA, TLS_RSA_WITH_AES_128_GCM_SHA256, TLS_RSA_WITH_AES_128_CBC_SHA, TLS_RSA_WITH_AES_256_CBC_SHA, TLS_AES_128_GCM_SHA256, TLS_AES_256_GCM_SHA384]
28 апр 2026;11:35:38.954 [main] DEBUG reactor.util.Loggers - Using Slf4j logging framework
28 апр 2026;11:35:39.010 [main] DEBUG reactor.core.publisher.Hooks - Hooking onEachOperator: micronaut
28 апр 2026;11:35:39.105 [main] DEBUG io.netty.channel.DefaultChannelId - -Dio.netty.processId: 1508 (auto-detected)
28 апр 2026;11:35:39.107 [main] DEBUG io.netty.util.NetUtil - -Djava.net.preferIPv4Stack: false
28 апр 2026;11:35:39.107 [main] DEBUG io.netty.util.NetUtil - -Djava.net.preferIPv6Addresses: false
28 апр 2026;11:35:39.399 [main] DEBUG io.netty.util.NetUtilInitializations - Loopback interface: lo (Software Loopback Interface 1, 127.0.0.1)
28 апр 2026;11:35:39.400 [main] DEBUG io.netty.util.NetUtil - Failed to get SOMAXCONN from sysctl and file \proc\sys\net\core\somaxconn. Default: 200
28 апр 2026;11:35:39.730 [main] DEBUG io.netty.channel.DefaultChannelId - -Dio.netty.machineId: 30:9c:23:ff:fe:02:cb:6e (auto-detected)
28 апр 2026;11:35:39.797 [default-nioEventLoopGroup-1-1] DEBUG io.netty.buffer.AbstractByteBuf - -Dio.netty.buffer.checkAccessible: true
28 апр 2026;11:35:39.797 [default-nioEventLoopGroup-1-1] DEBUG io.netty.buffer.AbstractByteBuf - -Dio.netty.buffer.checkBounds: true
28 апр 2026;11:35:39.798 [default-nioEventLoopGroup-1-1] DEBUG i.n.util.ResourceLeakDetectorFactory - Loaded default ResourceLeakDetector: io.netty.util.ResourceLeakDetector@2ac084f2
28 апр 2026;11:35:39.838 [default-nioEventLoopGroup-1-1] DEBUG io.netty.util.Recycler - -Dio.netty.recycler.maxCapacityPerThread: 4096
28 апр 2026;11:35:39.838 [default-nioEventLoopGroup-1-1] DEBUG io.netty.util.Recycler - -Dio.netty.recycler.ratio: 8
28 апр 2026;11:35:39.838 [default-nioEventLoopGroup-1-1] DEBUG io.netty.util.Recycler - -Dio.netty.recycler.chunkSize: 32
28 апр 2026;11:35:39.838 [default-nioEventLoopGroup-1-1] DEBUG io.netty.util.Recycler - -Dio.netty.recycler.blocking: false
28 апр 2026;11:35:39.894 [default-nioEventLoopGroup-1-1] DEBUG i.n.handler.codec.compression.Brotli - brotli4j not in the classpath; Brotli support will be unavailable.
28 апр 2026;11:35:44.176 [main] INFO  io.micronaut.runtime.Micronaut - Startup completed in 7465ms. Server Running: http://localhost:8085
28 апр 2026;11:37:44.318 [Thread-1] INFO  io.micronaut.runtime.Micronaut - Embedded Application shutting down
28 апр 2026;11:37:44.336 [default-nioEventLoopGroup-1-10] DEBUG io.netty.buffer.PoolThreadCache - Freed 3 thread-local buffer(s) from thread: default-nioEventLoopGroup-1-10
28 апр 2026;11:37:44.337 [default-nioEventLoopGroup-1-1] DEBUG io.netty.buffer.PoolThreadCache - Freed 25 thread-local buffer(s) from thread: default-nioEventLoopGroup-1-1
28 апр 2026;11:37:44.337 [default-nioEventLoopGroup-1-3] DEBUG io.netty.buffer.PoolThreadCache - Freed 5 thread-local buffer(s) from thread: default-nioEventLoopGroup-1-3
28 апр 2026;11:37:44.337 [default-nioEventLoopGroup-1-6] DEBUG io.netty.buffer.PoolThreadCache - Freed 4 thread-local buffer(s) from thread: default-nioEventLoopGroup-1-6
28 апр 2026;11:37:44.337 [default-nioEventLoopGroup-1-13] DEBUG io.netty.buffer.PoolThreadCache - Freed 6 thread-local buffer(s) from thread: default-nioEventLoopGroup-1-13
28 апр 2026;11:37:44.337 [default-nioEventLoopGroup-1-16] DEBUG io.netty.buffer.PoolThreadCache - Freed 3 thread-local buffer(s) from thread: default-nioEventLoopGroup-1-16
28 апр 2026;11:37:44.336 [default-nioEventLoopGroup-1-12] DEBUG io.netty.buffer.PoolThreadCache - Freed 3 thread-local buffer(s) from thread: default-nioEventLoopGroup-1-12
28 апр 2026;11:37:44.337 [default-nioEventLoopGroup-1-7] DEBUG io.netty.buffer.PoolThreadCache - Freed 3 thread-local buffer(s) from thread: default-nioEventLoopGroup-1-7
28 апр 2026;11:37:44.336 [default-nioEventLoopGroup-1-5] DEBUG io.netty.buffer.PoolThreadCache - Freed 3 thread-local buffer(s) from thread: default-nioEventLoopGroup-1-5
28 апр 2026;11:37:44.336 [default-nioEventLoopGroup-1-4] DEBUG io.netty.buffer.PoolThreadCache - Freed 4 thread-local buffer(s) from thread: default-nioEventLoopGroup-1-4
28 апр 2026;11:37:44.336 [default-nioEventLoopGroup-1-11] DEBUG io.netty.buffer.PoolThreadCache - Freed 3 thread-local buffer(s) from thread: default-nioEventLoopGroup-1-11
28 апр 2026;11:37:44.336 [default-nioEventLoopGroup-1-8] DEBUG io.netty.buffer.PoolThreadCache - Freed 4 thread-local buffer(s) from thread: default-nioEventLoopGroup-1-8
28 апр 2026;11:37:44.336 [default-nioEventLoopGroup-1-14] DEBUG io.netty.buffer.PoolThreadCache - Freed 3 thread-local buffer(s) from thread: default-nioEventLoopGroup-1-14
28 апр 2026;11:37:44.337 [default-nioEventLoopGroup-1-2] DEBUG io.netty.buffer.PoolThreadCache - Freed 42 thread-local buffer(s) from thread: default-nioEventLoopGroup-1-2
28 апр 2026;11:37:44.337 [default-nioEventLoopGroup-1-9] DEBUG io.netty.buffer.PoolThreadCache - Freed 4 thread-local buffer(s) from thread: default-nioEventLoopGroup-1-9
28 апр 2026;11:37:44.337 [default-nioEventLoopGroup-1-15] DEBUG io.netty.buffer.PoolThreadCache - Freed 3 thread-local buffer(s) from thread: default-nioEventLoopGroup-1-15
28 апр 2026;11:37:44.343 [Thread-1] DEBUG reactor.core.publisher.Hooks - Reset onEachOperator: micronaut
28 апр 2026;11:51:27.343 [main] DEBUG i.n.u.i.l.InternalLoggerFactory - Using SLF4J as the default logging framework
28 апр 2026;11:51:27.346 [main] DEBUG i.n.u.i.InternalThreadLocalMap - -Dio.netty.threadLocalMap.stringBuilder.initialSize: 1024
28 апр 2026;11:51:27.346 [main] DEBUG i.n.u.i.InternalThreadLocalMap - -Dio.netty.threadLocalMap.stringBuilder.maxSize: 4096
28 апр 2026;11:51:27.360 [main] DEBUG i.n.util.internal.PlatformDependent0 - -Dio.netty.noUnsafe: false
28 апр 2026;11:51:27.360 [main] DEBUG i.n.util.internal.PlatformDependent0 - Java version: 8
28 апр 2026;11:51:27.361 [main] DEBUG i.n.util.internal.PlatformDependent0 - sun.misc.Unsafe.theUnsafe: available
28 апр 2026;11:51:27.361 [main] DEBUG i.n.util.internal.PlatformDependent0 - sun.misc.Unsafe.copyMemory: available
28 апр 2026;11:51:27.361 [main] DEBUG i.n.util.internal.PlatformDependent0 - sun.misc.Unsafe.storeFence: available
28 апр 2026;11:51:27.362 [main] DEBUG i.n.util.internal.PlatformDependent0 - java.nio.Buffer.address: available
28 апр 2026;11:51:27.362 [main] DEBUG i.n.util.internal.PlatformDependent0 - direct buffer constructor: available
28 апр 2026;11:51:27.363 [main] DEBUG i.n.util.internal.PlatformDependent0 - java.nio.Bits.unaligned: available, true
28 апр 2026;11:51:27.363 [main] DEBUG i.n.util.internal.PlatformDependent0 - jdk.internal.misc.Unsafe.allocateUninitializedArray(int): unavailable prior to Java9
28 апр 2026;11:51:27.363 [main] DEBUG i.n.util.internal.PlatformDependent0 - java.nio.DirectByteBuffer.<init>(long, int): available
28 апр 2026;11:51:27.363 [main] DEBUG i.n.util.internal.PlatformDependent - sun.misc.Unsafe: available
28 апр 2026;11:51:27.364 [main] DEBUG i.n.util.internal.PlatformDependent - -Dio.netty.tmpdir: C:\Users\psoko\AppData\Local\Temp (java.io.tmpdir)
28 апр 2026;11:51:27.364 [main] DEBUG i.n.util.internal.PlatformDependent - -Dio.netty.bitMode: 64 (sun.arch.data.model)
28 апр 2026;11:51:27.365 [main] DEBUG i.n.util.internal.PlatformDependent - Platform: Windows
28 апр 2026;11:51:27.365 [main] DEBUG i.n.util.internal.PlatformDependent - -Dio.netty.maxDirectMemory: 7628390400 bytes
28 апр 2026;11:51:27.367 [main] DEBUG i.n.util.internal.PlatformDependent - -Dio.netty.uninitializedArrayAllocationThreshold: -1
28 апр 2026;11:51:27.367 [main] DEBUG io.netty.util.internal.CleanerJava6 - java.nio.ByteBuffer.cleaner(): available
28 апр 2026;11:51:27.367 [main] DEBUG i.n.util.internal.PlatformDependent - -Dio.netty.noPreferDirect: false
28 апр 2026;11:51:27.375 [main] DEBUG io.netty.util.ResourceLeakDetector - -Dio.netty.leakDetection.level: simple
28 апр 2026;11:51:27.375 [main] DEBUG io.netty.util.ResourceLeakDetector - -Dio.netty.leakDetection.targetRecords: 4
28 апр 2026;11:51:27.378 [main] DEBUG i.n.buffer.PooledByteBufAllocator - -Dio.netty.allocator.numHeapArenas: 16
28 апр 2026;11:51:27.378 [main] DEBUG i.n.buffer.PooledByteBufAllocator - -Dio.netty.allocator.numDirectArenas: 16
28 апр 2026;11:51:27.379 [main] DEBUG i.n.buffer.PooledByteBufAllocator - -Dio.netty.allocator.pageSize: 8192
28 апр 2026;11:51:27.379 [main] DEBUG i.n.buffer.PooledByteBufAllocator - -Dio.netty.allocator.maxOrder: 9
28 апр 2026;11:51:27.379 [main] DEBUG i.n.buffer.PooledByteBufAllocator - -Dio.netty.allocator.chunkSize: 4194304
28 апр 2026;11:51:27.379 [main] DEBUG i.n.buffer.PooledByteBufAllocator - -Dio.netty.allocator.smallCacheSize: 256
28 апр 2026;11:51:27.379 [main] DEBUG i.n.buffer.PooledByteBufAllocator - -Dio.netty.allocator.normalCacheSize: 64
28 апр 2026;11:51:27.379 [main] DEBUG i.n.buffer.PooledByteBufAllocator - -Dio.netty.allocator.maxCachedBufferCapacity: 32768
28 апр 2026;11:51:27.379 [main] DEBUG i.n.buffer.PooledByteBufAllocator - -Dio.netty.allocator.cacheTrimInterval: 8192
28 апр 2026;11:51:27.379 [main] DEBUG i.n.buffer.PooledByteBufAllocator - -Dio.netty.allocator.cacheTrimIntervalMillis: 0
28 апр 2026;11:51:27.379 [main] DEBUG i.n.buffer.PooledByteBufAllocator - -Dio.netty.allocator.useCacheForAllThreads: false
28 апр 2026;11:51:27.379 [main] DEBUG i.n.buffer.PooledByteBufAllocator - -Dio.netty.allocator.maxCachedByteBuffersPerChunk: 1023
28 апр 2026;11:51:27.392 [main] DEBUG io.netty.buffer.ByteBufUtil - -Dio.netty.allocator.type: pooled
28 апр 2026;11:51:27.392 [main] DEBUG io.netty.buffer.ByteBufUtil - -Dio.netty.threadLocalDirectBufferSize: 0
28 апр 2026;11:51:27.393 [main] DEBUG io.netty.buffer.ByteBufUtil - -Dio.netty.maxThreadLocalCharBufferSize: 16384
28 апр 2026;11:51:27.731 [main] DEBUG i.n.c.MultithreadEventLoopGroup - -Dio.netty.eventLoopThreads: 16
28 апр 2026;11:51:27.747 [main] DEBUG io.netty.channel.nio.NioEventLoop - -Dio.netty.noKeySetOptimization: false
28 апр 2026;11:51:27.747 [main] DEBUG io.netty.channel.nio.NioEventLoop - -Dio.netty.selectorAutoRebuildThreshold: 512
28 апр 2026;11:51:27.753 [main] DEBUG i.n.util.internal.PlatformDependent - org.jctools-core.MpscChunkedArrayQueue: available
28 апр 2026;11:51:28.187 [main] DEBUG io.netty.handler.ssl.OpenSsl - netty-tcnative not in the classpath; OpenSslEngine will be unavailable.
28 апр 2026;11:51:28.272 [main] DEBUG io.netty.handler.ssl.JdkSslContext - Default protocols (JDK): [TLSv1.3, TLSv1.2] 
28 апр 2026;11:51:28.272 [main] DEBUG io.netty.handler.ssl.JdkSslContext - Default cipher suites (JDK): [TLS_ECDHE_ECDSA_WITH_AES_256_GCM_SHA384, TLS_ECDHE_ECDSA_WITH_AES_128_GCM_SHA256, TLS_ECDHE_RSA_WITH_AES_128_GCM_SHA256, TLS_ECDHE_RSA_WITH_AES_256_GCM_SHA384, TLS_ECDHE_RSA_WITH_AES_128_CBC_SHA, TLS_ECDHE_RSA_WITH_AES_256_CBC_SHA, TLS_RSA_WITH_AES_128_GCM_SHA256, TLS_RSA_WITH_AES_128_CBC_SHA, TLS_RSA_WITH_AES_256_CBC_SHA, TLS_AES_128_GCM_SHA256, TLS_AES_256_GCM_SHA384]
28 апр 2026;11:51:28.278 [main] DEBUG reactor.util.Loggers - Using Slf4j logging framework
28 апр 2026;11:51:28.337 [main] DEBUG reactor.core.publisher.Hooks - Hooking onEachOperator: micronaut
28 апр 2026;11:51:28.427 [main] DEBUG io.netty.channel.DefaultChannelId - -Dio.netty.processId: 31416 (auto-detected)
28 апр 2026;11:51:28.429 [main] DEBUG io.netty.util.NetUtil - -Djava.net.preferIPv4Stack: false
28 апр 2026;11:51:28.429 [main] DEBUG io.netty.util.NetUtil - -Djava.net.preferIPv6Addresses: false
28 апр 2026;11:51:28.721 [main] DEBUG io.netty.util.NetUtilInitializations - Loopback interface: lo (Software Loopback Interface 1, 127.0.0.1)
28 апр 2026;11:51:28.722 [main] DEBUG io.netty.util.NetUtil - Failed to get SOMAXCONN from sysctl and file \proc\sys\net\core\somaxconn. Default: 200
28 апр 2026;11:51:29.064 [main] DEBUG io.netty.channel.DefaultChannelId - -Dio.netty.machineId: 30:9c:23:ff:fe:02:cb:6e (auto-detected)
28 апр 2026;11:51:29.128 [default-nioEventLoopGroup-1-1] DEBUG io.netty.buffer.AbstractByteBuf - -Dio.netty.buffer.checkAccessible: true
28 апр 2026;11:51:29.129 [default-nioEventLoopGroup-1-1] DEBUG io.netty.buffer.AbstractByteBuf - -Dio.netty.buffer.checkBounds: true
28 апр 2026;11:51:29.129 [default-nioEventLoopGroup-1-1] DEBUG i.n.util.ResourceLeakDetectorFactory - Loaded default ResourceLeakDetector: io.netty.util.ResourceLeakDetector@343779de
28 апр 2026;11:51:29.167 [default-nioEventLoopGroup-1-1] DEBUG io.netty.util.Recycler - -Dio.netty.recycler.maxCapacityPerThread: 4096
28 апр 2026;11:51:29.167 [default-nioEventLoopGroup-1-1] DEBUG io.netty.util.Recycler - -Dio.netty.recycler.ratio: 8
28 апр 2026;11:51:29.167 [default-nioEventLoopGroup-1-1] DEBUG io.netty.util.Recycler - -Dio.netty.recycler.chunkSize: 32
28 апр 2026;11:51:29.167 [default-nioEventLoopGroup-1-1] DEBUG io.netty.util.Recycler - -Dio.netty.recycler.blocking: false
28 апр 2026;11:51:29.234 [default-nioEventLoopGroup-1-1] DEBUG i.n.handler.codec.compression.Brotli - brotli4j not in the classpath; Brotli support will be unavailable.
28 апр 2026;11:51:32.619 [main] INFO  io.micronaut.runtime.Micronaut - Startup completed in 6482ms. Server Running: http://localhost:8085
28 апр 2026;12:04:13.186 [Thread-1] INFO  io.micronaut.runtime.Micronaut - Embedded Application shutting down
28 апр 2026;12:04:13.205 [default-nioEventLoopGroup-1-9] DEBUG io.netty.buffer.PoolThreadCache - Freed 6 thread-local buffer(s) from thread: default-nioEventLoopGroup-1-9
28 апр 2026;12:04:13.205 [default-nioEventLoopGroup-1-1] DEBUG io.netty.buffer.PoolThreadCache - Freed 27 thread-local buffer(s) from thread: default-nioEventLoopGroup-1-1
28 апр 2026;12:04:13.205 [default-nioEventLoopGroup-1-13] DEBUG io.netty.buffer.PoolThreadCache - Freed 9 thread-local buffer(s) from thread: default-nioEventLoopGroup-1-13
28 апр 2026;12:04:13.205 [default-nioEventLoopGroup-1-12] DEBUG io.netty.buffer.PoolThreadCache - Freed 5 thread-local buffer(s) from thread: default-nioEventLoopGroup-1-12
28 апр 2026;12:04:13.206 [default-nioEventLoopGroup-1-5] DEBUG io.netty.buffer.PoolThreadCache - Freed 41 thread-local buffer(s) from thread: default-nioEventLoopGroup-1-5
28 апр 2026;12:04:13.205 [default-nioEventLoopGroup-1-4] DEBUG io.netty.buffer.PoolThreadCache - Freed 40 thread-local buffer(s) from thread: default-nioEventLoopGroup-1-4
28 апр 2026;12:04:13.205 [default-nioEventLoopGroup-1-15] DEBUG io.netty.buffer.PoolThreadCache - Freed 4 thread-local buffer(s) from thread: default-nioEventLoopGroup-1-15
28 апр 2026;12:04:13.205 [default-nioEventLoopGroup-1-14] DEBUG io.netty.buffer.PoolThreadCache - Freed 4 thread-local buffer(s) from thread: default-nioEventLoopGroup-1-14
28 апр 2026;12:04:13.206 [default-nioEventLoopGroup-1-16] DEBUG io.netty.buffer.PoolThreadCache - Freed 8 thread-local buffer(s) from thread: default-nioEventLoopGroup-1-16
28 апр 2026;12:04:13.205 [default-nioEventLoopGroup-1-8] DEBUG io.netty.buffer.PoolThreadCache - Freed 6 thread-local buffer(s) from thread: default-nioEventLoopGroup-1-8
28 апр 2026;12:04:13.206 [default-nioEventLoopGroup-1-6] DEBUG io.netty.buffer.PoolThreadCache - Freed 37 thread-local buffer(s) from thread: default-nioEventLoopGroup-1-6
28 апр 2026;12:04:13.206 [default-nioEventLoopGroup-1-7] DEBUG io.netty.buffer.PoolThreadCache - Freed 42 thread-local buffer(s) from thread: default-nioEventLoopGroup-1-7
28 апр 2026;12:04:13.205 [default-nioEventLoopGroup-1-10] DEBUG io.netty.buffer.PoolThreadCache - Freed 4 thread-local buffer(s) from thread: default-nioEventLoopGroup-1-10
28 апр 2026;12:04:13.205 [default-nioEventLoopGroup-1-11] DEBUG io.netty.buffer.PoolThreadCache - Freed 4 thread-local buffer(s) from thread: default-nioEventLoopGroup-1-11
28 апр 2026;12:04:13.206 [default-nioEventLoopGroup-1-2] DEBUG io.netty.buffer.PoolThreadCache - Freed 24 thread-local buffer(s) from thread: default-nioEventLoopGroup-1-2
28 апр 2026;12:04:13.206 [default-nioEventLoopGroup-1-3] DEBUG io.netty.buffer.PoolThreadCache - Freed 6 thread-local buffer(s) from thread: default-nioEventLoopGroup-1-3
28 апр 2026;12:04:13.211 [Thread-1] DEBUG reactor.core.publisher.Hooks - Reset onEachOperator: micronaut
28 апр 2026;12:04:36.952 [main] DEBUG i.n.u.i.l.InternalLoggerFactory - Using SLF4J as the default logging framework
28 апр 2026;12:04:36.956 [main] DEBUG i.n.u.i.InternalThreadLocalMap - -Dio.netty.threadLocalMap.stringBuilder.initialSize: 1024
28 апр 2026;12:04:36.957 [main] DEBUG i.n.u.i.InternalThreadLocalMap - -Dio.netty.threadLocalMap.stringBuilder.maxSize: 4096
28 апр 2026;12:04:36.970 [main] DEBUG i.n.util.internal.PlatformDependent0 - -Dio.netty.noUnsafe: false
28 апр 2026;12:04:36.970 [main] DEBUG i.n.util.internal.PlatformDependent0 - Java version: 8
28 апр 2026;12:04:36.971 [main] DEBUG i.n.util.internal.PlatformDependent0 - sun.misc.Unsafe.theUnsafe: available
28 апр 2026;12:04:36.971 [main] DEBUG i.n.util.internal.PlatformDependent0 - sun.misc.Unsafe.copyMemory: available
28 апр 2026;12:04:36.971 [main] DEBUG i.n.util.internal.PlatformDependent0 - sun.misc.Unsafe.storeFence: available
28 апр 2026;12:04:36.972 [main] DEBUG i.n.util.internal.PlatformDependent0 - java.nio.Buffer.address: available
28 апр 2026;12:04:36.972 [main] DEBUG i.n.util.internal.PlatformDependent0 - direct buffer constructor: available
28 апр 2026;12:04:36.973 [main] DEBUG i.n.util.internal.PlatformDependent0 - java.nio.Bits.unaligned: available, true
28 апр 2026;12:04:36.973 [main] DEBUG i.n.util.internal.PlatformDependent0 - jdk.internal.misc.Unsafe.allocateUninitializedArray(int): unavailable prior to Java9
28 апр 2026;12:04:36.973 [main] DEBUG i.n.util.internal.PlatformDependent0 - java.nio.DirectByteBuffer.<init>(long, int): available
28 апр 2026;12:04:36.973 [main] DEBUG i.n.util.internal.PlatformDependent - sun.misc.Unsafe: available
28 апр 2026;12:04:36.973 [main] DEBUG i.n.util.internal.PlatformDependent - -Dio.netty.tmpdir: C:\Users\psoko\AppData\Local\Temp (java.io.tmpdir)
28 апр 2026;12:04:36.973 [main] DEBUG i.n.util.internal.PlatformDependent - -Dio.netty.bitMode: 64 (sun.arch.data.model)
28 апр 2026;12:04:36.974 [main] DEBUG i.n.util.internal.PlatformDependent - Platform: Windows
28 апр 2026;12:04:36.974 [main] DEBUG i.n.util.internal.PlatformDependent - -Dio.netty.maxDirectMemory: 7628390400 bytes
28 апр 2026;12:04:36.975 [main] DEBUG i.n.util.internal.PlatformDependent - -Dio.netty.uninitializedArrayAllocationThreshold: -1
28 апр 2026;12:04:36.975 [main] DEBUG io.netty.util.internal.CleanerJava6 - java.nio.ByteBuffer.cleaner(): available
28 апр 2026;12:04:36.975 [main] DEBUG i.n.util.internal.PlatformDependent - -Dio.netty.noPreferDirect: false
28 апр 2026;12:04:36.983 [main] DEBUG io.netty.util.ResourceLeakDetector - -Dio.netty.leakDetection.level: simple
28 апр 2026;12:04:36.983 [main] DEBUG io.netty.util.ResourceLeakDetector - -Dio.netty.leakDetection.targetRecords: 4
28 апр 2026;12:04:36.986 [main] DEBUG i.n.buffer.PooledByteBufAllocator - -Dio.netty.allocator.numHeapArenas: 16
28 апр 2026;12:04:36.986 [main] DEBUG i.n.buffer.PooledByteBufAllocator - -Dio.netty.allocator.numDirectArenas: 16
28 апр 2026;12:04:36.986 [main] DEBUG i.n.buffer.PooledByteBufAllocator - -Dio.netty.allocator.pageSize: 8192
28 апр 2026;12:04:36.986 [main] DEBUG i.n.buffer.PooledByteBufAllocator - -Dio.netty.allocator.maxOrder: 9
28 апр 2026;12:04:36.986 [main] DEBUG i.n.buffer.PooledByteBufAllocator - -Dio.netty.allocator.chunkSize: 4194304
28 апр 2026;12:04:36.986 [main] DEBUG i.n.buffer.PooledByteBufAllocator - -Dio.netty.allocator.smallCacheSize: 256
28 апр 2026;12:04:36.986 [main] DEBUG i.n.buffer.PooledByteBufAllocator - -Dio.netty.allocator.normalCacheSize: 64
28 апр 2026;12:04:36.986 [main] DEBUG i.n.buffer.PooledByteBufAllocator - -Dio.netty.allocator.maxCachedBufferCapacity: 32768
28 апр 2026;12:04:36.986 [main] DEBUG i.n.buffer.PooledByteBufAllocator - -Dio.netty.allocator.cacheTrimInterval: 8192
28 апр 2026;12:04:36.986 [main] DEBUG i.n.buffer.PooledByteBufAllocator - -Dio.netty.allocator.cacheTrimIntervalMillis: 0
28 апр 2026;12:04:36.986 [main] DEBUG i.n.buffer.PooledByteBufAllocator - -Dio.netty.allocator.useCacheForAllThreads: false
28 апр 2026;12:04:36.986 [main] DEBUG i.n.buffer.PooledByteBufAllocator - -Dio.netty.allocator.maxCachedByteBuffersPerChunk: 1023
28 апр 2026;12:04:36.997 [main] DEBUG io.netty.buffer.ByteBufUtil - -Dio.netty.allocator.type: pooled
28 апр 2026;12:04:36.997 [main] DEBUG io.netty.buffer.ByteBufUtil - -Dio.netty.threadLocalDirectBufferSize: 0
28 апр 2026;12:04:36.997 [main] DEBUG io.netty.buffer.ByteBufUtil - -Dio.netty.maxThreadLocalCharBufferSize: 16384
28 апр 2026;12:04:37.294 [main] DEBUG i.n.c.MultithreadEventLoopGroup - -Dio.netty.eventLoopThreads: 16
28 апр 2026;12:04:37.309 [main] DEBUG io.netty.channel.nio.NioEventLoop - -Dio.netty.noKeySetOptimization: false
28 апр 2026;12:04:37.310 [main] DEBUG io.netty.channel.nio.NioEventLoop - -Dio.netty.selectorAutoRebuildThreshold: 512
28 апр 2026;12:04:37.317 [main] DEBUG i.n.util.internal.PlatformDependent - org.jctools-core.MpscChunkedArrayQueue: available
28 апр 2026;12:04:37.754 [main] DEBUG io.netty.handler.ssl.OpenSsl - netty-tcnative not in the classpath; OpenSslEngine will be unavailable.
28 апр 2026;12:04:37.843 [main] DEBUG io.netty.handler.ssl.JdkSslContext - Default protocols (JDK): [TLSv1.3, TLSv1.2] 
28 апр 2026;12:04:37.843 [main] DEBUG io.netty.handler.ssl.JdkSslContext - Default cipher suites (JDK): [TLS_ECDHE_ECDSA_WITH_AES_256_GCM_SHA384, TLS_ECDHE_ECDSA_WITH_AES_128_GCM_SHA256, TLS_ECDHE_RSA_WITH_AES_128_GCM_SHA256, TLS_ECDHE_RSA_WITH_AES_256_GCM_SHA384, TLS_ECDHE_RSA_WITH_AES_128_CBC_SHA, TLS_ECDHE_RSA_WITH_AES_256_CBC_SHA, TLS_RSA_WITH_AES_128_GCM_SHA256, TLS_RSA_WITH_AES_128_CBC_SHA, TLS_RSA_WITH_AES_256_CBC_SHA, TLS_AES_128_GCM_SHA256, TLS_AES_256_GCM_SHA384]
28 апр 2026;12:04:37.849 [main] DEBUG reactor.util.Loggers - Using Slf4j logging framework
28 апр 2026;12:04:37.904 [main] DEBUG reactor.core.publisher.Hooks - Hooking onEachOperator: micronaut
28 апр 2026;12:04:37.990 [main] DEBUG io.netty.channel.DefaultChannelId - -Dio.netty.processId: 17840 (auto-detected)
28 апр 2026;12:04:37.992 [main] DEBUG io.netty.util.NetUtil - -Djava.net.preferIPv4Stack: false
28 апр 2026;12:04:37.992 [main] DEBUG io.netty.util.NetUtil - -Djava.net.preferIPv6Addresses: false
28 апр 2026;12:04:38.286 [main] DEBUG io.netty.util.NetUtilInitializations - Loopback interface: lo (Software Loopback Interface 1, 127.0.0.1)
28 апр 2026;12:04:38.286 [main] DEBUG io.netty.util.NetUtil - Failed to get SOMAXCONN from sysctl and file \proc\sys\net\core\somaxconn. Default: 200
28 апр 2026;12:04:38.613 [main] DEBUG io.netty.channel.DefaultChannelId - -Dio.netty.machineId: 30:9c:23:ff:fe:02:cb:6e (auto-detected)
28 апр 2026;12:04:38.677 [default-nioEventLoopGroup-1-1] DEBUG io.netty.buffer.AbstractByteBuf - -Dio.netty.buffer.checkAccessible: true
28 апр 2026;12:04:38.677 [default-nioEventLoopGroup-1-1] DEBUG io.netty.buffer.AbstractByteBuf - -Dio.netty.buffer.checkBounds: true
28 апр 2026;12:04:38.678 [default-nioEventLoopGroup-1-1] DEBUG i.n.util.ResourceLeakDetectorFactory - Loaded default ResourceLeakDetector: io.netty.util.ResourceLeakDetector@51408f1b
28 апр 2026;12:04:38.717 [default-nioEventLoopGroup-1-1] DEBUG io.netty.util.Recycler - -Dio.netty.recycler.maxCapacityPerThread: 4096
28 апр 2026;12:04:38.717 [default-nioEventLoopGroup-1-1] DEBUG io.netty.util.Recycler - -Dio.netty.recycler.ratio: 8
28 апр 2026;12:04:38.717 [default-nioEventLoopGroup-1-1] DEBUG io.netty.util.Recycler - -Dio.netty.recycler.chunkSize: 32
28 апр 2026;12:04:38.717 [default-nioEventLoopGroup-1-1] DEBUG io.netty.util.Recycler - -Dio.netty.recycler.blocking: false
28 апр 2026;12:04:38.779 [default-nioEventLoopGroup-1-1] DEBUG i.n.handler.codec.compression.Brotli - brotli4j not in the classpath; Brotli support will be unavailable.
28 апр 2026;12:04:42.019 [main] INFO  io.micronaut.runtime.Micronaut - Startup completed in 6272ms. Server Running: http://localhost:8085
28 апр 2026;12:06:59.149 [Thread-1] INFO  io.micronaut.runtime.Micronaut - Embedded Application shutting down
28 апр 2026;12:06:59.168 [default-nioEventLoopGroup-1-11] DEBUG io.netty.buffer.PoolThreadCache - Freed 3 thread-local buffer(s) from thread: default-nioEventLoopGroup-1-11
28 апр 2026;12:06:59.169 [default-nioEventLoopGroup-1-12] DEBUG io.netty.buffer.PoolThreadCache - Freed 3 thread-local buffer(s) from thread: default-nioEventLoopGroup-1-12
28 апр 2026;12:06:59.169 [default-nioEventLoopGroup-1-9] DEBUG io.netty.buffer.PoolThreadCache - Freed 3 thread-local buffer(s) from thread: default-nioEventLoopGroup-1-9
28 апр 2026;12:06:59.168 [default-nioEventLoopGroup-1-13] DEBUG io.netty.buffer.PoolThreadCache - Freed 5 thread-local buffer(s) from thread: default-nioEventLoopGroup-1-13
28 апр 2026;12:06:59.169 [default-nioEventLoopGroup-1-10] DEBUG io.netty.buffer.PoolThreadCache - Freed 3 thread-local buffer(s) from thread: default-nioEventLoopGroup-1-10
28 апр 2026;12:06:59.168 [default-nioEventLoopGroup-1-1] DEBUG io.netty.buffer.PoolThreadCache - Freed 25 thread-local buffer(s) from thread: default-nioEventLoopGroup-1-1
28 апр 2026;12:06:59.168 [default-nioEventLoopGroup-1-8] DEBUG io.netty.buffer.PoolThreadCache - Freed 3 thread-local buffer(s) from thread: default-nioEventLoopGroup-1-8
28 апр 2026;12:06:59.168 [default-nioEventLoopGroup-1-14] DEBUG io.netty.buffer.PoolThreadCache - Freed 3 thread-local buffer(s) from thread: default-nioEventLoopGroup-1-14
28 апр 2026;12:06:59.168 [default-nioEventLoopGroup-1-3] DEBUG io.netty.buffer.PoolThreadCache - Freed 5 thread-local buffer(s) from thread: default-nioEventLoopGroup-1-3
28 апр 2026;12:06:59.168 [default-nioEventLoopGroup-1-7] DEBUG io.netty.buffer.PoolThreadCache - Freed 5 thread-local buffer(s) from thread: default-nioEventLoopGroup-1-7
28 апр 2026;12:06:59.169 [default-nioEventLoopGroup-1-2] DEBUG io.netty.buffer.PoolThreadCache - Freed 38 thread-local buffer(s) from thread: default-nioEventLoopGroup-1-2
28 апр 2026;12:06:59.169 [default-nioEventLoopGroup-1-5] DEBUG io.netty.buffer.PoolThreadCache - Freed 3 thread-local buffer(s) from thread: default-nioEventLoopGroup-1-5
28 апр 2026;12:06:59.169 [default-nioEventLoopGroup-1-4] DEBUG io.netty.buffer.PoolThreadCache - Freed 5 thread-local buffer(s) from thread: default-nioEventLoopGroup-1-4
28 апр 2026;12:06:59.169 [default-nioEventLoopGroup-1-16] DEBUG io.netty.buffer.PoolThreadCache - Freed 3 thread-local buffer(s) from thread: default-nioEventLoopGroup-1-16
28 апр 2026;12:06:59.169 [default-nioEventLoopGroup-1-6] DEBUG io.netty.buffer.PoolThreadCache - Freed 5 thread-local buffer(s) from thread: default-nioEventLoopGroup-1-6
28 апр 2026;12:06:59.169 [default-nioEventLoopGroup-1-15] DEBUG io.netty.buffer.PoolThreadCache - Freed 3 thread-local buffer(s) from thread: default-nioEventLoopGroup-1-15
28 апр 2026;12:06:59.176 [Thread-1] DEBUG reactor.core.publisher.Hooks - Reset onEachOperator: micronaut
28 апр 2026;12:07:02.498 [main] DEBUG i.n.u.i.l.InternalLoggerFactory - Using SLF4J as the default logging framework
28 апр 2026;12:07:02.501 [main] DEBUG i.n.u.i.InternalThreadLocalMap - -Dio.netty.threadLocalMap.stringBuilder.initialSize: 1024
28 апр 2026;12:07:02.502 [main] DEBUG i.n.u.i.InternalThreadLocalMap - -Dio.netty.threadLocalMap.stringBuilder.maxSize: 4096
28 апр 2026;12:07:02.517 [main] DEBUG i.n.util.internal.PlatformDependent0 - -Dio.netty.noUnsafe: false
28 апр 2026;12:07:02.517 [main] DEBUG i.n.util.internal.PlatformDependent0 - Java version: 8
28 апр 2026;12:07:02.518 [main] DEBUG i.n.util.internal.PlatformDependent0 - sun.misc.Unsafe.theUnsafe: available
28 апр 2026;12:07:02.518 [main] DEBUG i.n.util.internal.PlatformDependent0 - sun.misc.Unsafe.copyMemory: available
28 апр 2026;12:07:02.518 [main] DEBUG i.n.util.internal.PlatformDependent0 - sun.misc.Unsafe.storeFence: available
28 апр 2026;12:07:02.519 [main] DEBUG i.n.util.internal.PlatformDependent0 - java.nio.Buffer.address: available
28 апр 2026;12:07:02.519 [main] DEBUG i.n.util.internal.PlatformDependent0 - direct buffer constructor: available
28 апр 2026;12:07:02.520 [main] DEBUG i.n.util.internal.PlatformDependent0 - java.nio.Bits.unaligned: available, true
28 апр 2026;12:07:02.520 [main] DEBUG i.n.util.internal.PlatformDependent0 - jdk.internal.misc.Unsafe.allocateUninitializedArray(int): unavailable prior to Java9
28 апр 2026;12:07:02.520 [main] DEBUG i.n.util.internal.PlatformDependent0 - java.nio.DirectByteBuffer.<init>(long, int): available
28 апр 2026;12:07:02.520 [main] DEBUG i.n.util.internal.PlatformDependent - sun.misc.Unsafe: available
28 апр 2026;12:07:02.520 [main] DEBUG i.n.util.internal.PlatformDependent - -Dio.netty.tmpdir: C:\Users\psoko\AppData\Local\Temp (java.io.tmpdir)
28 апр 2026;12:07:02.520 [main] DEBUG i.n.util.internal.PlatformDependent - -Dio.netty.bitMode: 64 (sun.arch.data.model)
28 апр 2026;12:07:02.521 [main] DEBUG i.n.util.internal.PlatformDependent - Platform: Windows
28 апр 2026;12:07:02.521 [main] DEBUG i.n.util.internal.PlatformDependent - -Dio.netty.maxDirectMemory: 7628390400 bytes
28 апр 2026;12:07:02.522 [main] DEBUG i.n.util.internal.PlatformDependent - -Dio.netty.uninitializedArrayAllocationThreshold: -1
28 апр 2026;12:07:02.522 [main] DEBUG io.netty.util.internal.CleanerJava6 - java.nio.ByteBuffer.cleaner(): available
28 апр 2026;12:07:02.522 [main] DEBUG i.n.util.internal.PlatformDependent - -Dio.netty.noPreferDirect: false
28 апр 2026;12:07:02.534 [main] DEBUG io.netty.util.ResourceLeakDetector - -Dio.netty.leakDetection.level: simple
28 апр 2026;12:07:02.534 [main] DEBUG io.netty.util.ResourceLeakDetector - -Dio.netty.leakDetection.targetRecords: 4
28 апр 2026;12:07:02.537 [main] DEBUG i.n.buffer.PooledByteBufAllocator - -Dio.netty.allocator.numHeapArenas: 16
28 апр 2026;12:07:02.537 [main] DEBUG i.n.buffer.PooledByteBufAllocator - -Dio.netty.allocator.numDirectArenas: 16
28 апр 2026;12:07:02.537 [main] DEBUG i.n.buffer.PooledByteBufAllocator - -Dio.netty.allocator.pageSize: 8192
28 апр 2026;12:07:02.537 [main] DEBUG i.n.buffer.PooledByteBufAllocator - -Dio.netty.allocator.maxOrder: 9
28 апр 2026;12:07:02.537 [main] DEBUG i.n.buffer.PooledByteBufAllocator - -Dio.netty.allocator.chunkSize: 4194304
28 апр 2026;12:07:02.537 [main] DEBUG i.n.buffer.PooledByteBufAllocator - -Dio.netty.allocator.smallCacheSize: 256
28 апр 2026;12:07:02.537 [main] DEBUG i.n.buffer.PooledByteBufAllocator - -Dio.netty.allocator.normalCacheSize: 64
28 апр 2026;12:07:02.537 [main] DEBUG i.n.buffer.PooledByteBufAllocator - -Dio.netty.allocator.maxCachedBufferCapacity: 32768
28 апр 2026;12:07:02.537 [main] DEBUG i.n.buffer.PooledByteBufAllocator - -Dio.netty.allocator.cacheTrimInterval: 8192
28 апр 2026;12:07:02.538 [main] DEBUG i.n.buffer.PooledByteBufAllocator - -Dio.netty.allocator.cacheTrimIntervalMillis: 0
28 апр 2026;12:07:02.538 [main] DEBUG i.n.buffer.PooledByteBufAllocator - -Dio.netty.allocator.useCacheForAllThreads: false
28 апр 2026;12:07:02.538 [main] DEBUG i.n.buffer.PooledByteBufAllocator - -Dio.netty.allocator.maxCachedByteBuffersPerChunk: 1023
28 апр 2026;12:07:02.549 [main] DEBUG io.netty.buffer.ByteBufUtil - -Dio.netty.allocator.type: pooled
28 апр 2026;12:07:02.550 [main] DEBUG io.netty.buffer.ByteBufUtil - -Dio.netty.threadLocalDirectBufferSize: 0
28 апр 2026;12:07:02.550 [main] DEBUG io.netty.buffer.ByteBufUtil - -Dio.netty.maxThreadLocalCharBufferSize: 16384
28 апр 2026;12:07:02.857 [main] DEBUG i.n.c.MultithreadEventLoopGroup - -Dio.netty.eventLoopThreads: 16
28 апр 2026;12:07:02.876 [main] DEBUG io.netty.channel.nio.NioEventLoop - -Dio.netty.noKeySetOptimization: false
28 апр 2026;12:07:02.876 [main] DEBUG io.netty.channel.nio.NioEventLoop - -Dio.netty.selectorAutoRebuildThreshold: 512
28 апр 2026;12:07:02.882 [main] DEBUG i.n.util.internal.PlatformDependent - org.jctools-core.MpscChunkedArrayQueue: available
28 апр 2026;12:07:03.318 [main] DEBUG io.netty.handler.ssl.OpenSsl - netty-tcnative not in the classpath; OpenSslEngine will be unavailable.
28 апр 2026;12:07:03.410 [main] DEBUG io.netty.handler.ssl.JdkSslContext - Default protocols (JDK): [TLSv1.3, TLSv1.2] 
28 апр 2026;12:07:03.411 [main] DEBUG io.netty.handler.ssl.JdkSslContext - Default cipher suites (JDK): [TLS_ECDHE_ECDSA_WITH_AES_256_GCM_SHA384, TLS_ECDHE_ECDSA_WITH_AES_128_GCM_SHA256, TLS_ECDHE_RSA_WITH_AES_128_GCM_SHA256, TLS_ECDHE_RSA_WITH_AES_256_GCM_SHA384, TLS_ECDHE_RSA_WITH_AES_128_CBC_SHA, TLS_ECDHE_RSA_WITH_AES_256_CBC_SHA, TLS_RSA_WITH_AES_128_GCM_SHA256, TLS_RSA_WITH_AES_128_CBC_SHA, TLS_RSA_WITH_AES_256_CBC_SHA, TLS_AES_128_GCM_SHA256, TLS_AES_256_GCM_SHA384]
28 апр 2026;12:07:03.417 [main] DEBUG reactor.util.Loggers - Using Slf4j logging framework
28 апр 2026;12:07:03.474 [main] DEBUG reactor.core.publisher.Hooks - Hooking onEachOperator: micronaut
28 апр 2026;12:07:03.574 [main] DEBUG io.netty.channel.DefaultChannelId - -Dio.netty.processId: 30104 (auto-detected)
28 апр 2026;12:07:03.577 [main] DEBUG io.netty.util.NetUtil - -Djava.net.preferIPv4Stack: false
28 апр 2026;12:07:03.577 [main] DEBUG io.netty.util.NetUtil - -Djava.net.preferIPv6Addresses: false
28 апр 2026;12:07:03.872 [main] DEBUG io.netty.util.NetUtilInitializations - Loopback interface: lo (Software Loopback Interface 1, 127.0.0.1)
28 апр 2026;12:07:03.872 [main] DEBUG io.netty.util.NetUtil - Failed to get SOMAXCONN from sysctl and file \proc\sys\net\core\somaxconn. Default: 200
28 апр 2026;12:07:04.238 [main] DEBUG io.netty.channel.DefaultChannelId - -Dio.netty.machineId: 30:9c:23:ff:fe:02:cb:6e (auto-detected)
28 апр 2026;12:07:04.319 [default-nioEventLoopGroup-1-1] DEBUG io.netty.buffer.AbstractByteBuf - -Dio.netty.buffer.checkAccessible: true
28 апр 2026;12:07:04.319 [default-nioEventLoopGroup-1-1] DEBUG io.netty.buffer.AbstractByteBuf - -Dio.netty.buffer.checkBounds: true
28 апр 2026;12:07:04.320 [default-nioEventLoopGroup-1-1] DEBUG i.n.util.ResourceLeakDetectorFactory - Loaded default ResourceLeakDetector: io.netty.util.ResourceLeakDetector@62f34184
28 апр 2026;12:07:04.362 [default-nioEventLoopGroup-1-1] DEBUG io.netty.util.Recycler - -Dio.netty.recycler.maxCapacityPerThread: 4096
28 апр 2026;12:07:04.363 [default-nioEventLoopGroup-1-1] DEBUG io.netty.util.Recycler - -Dio.netty.recycler.ratio: 8
28 апр 2026;12:07:04.363 [default-nioEventLoopGroup-1-1] DEBUG io.netty.util.Recycler - -Dio.netty.recycler.chunkSize: 32
28 апр 2026;12:07:04.363 [default-nioEventLoopGroup-1-1] DEBUG io.netty.util.Recycler - -Dio.netty.recycler.blocking: false
28 апр 2026;12:07:04.427 [default-nioEventLoopGroup-1-1] DEBUG i.n.handler.codec.compression.Brotli - brotli4j not in the classpath; Brotli support will be unavailable.
28 апр 2026;12:07:07.710 [main] INFO  io.micronaut.runtime.Micronaut - Startup completed in 6522ms. Server Running: http://localhost:8085
28 апр 2026;12:09:29.991 [Thread-1] INFO  io.micronaut.runtime.Micronaut - Embedded Application shutting down
28 апр 2026;12:09:30.010 [default-nioEventLoopGroup-1-13] DEBUG io.netty.buffer.PoolThreadCache - Freed 6 thread-local buffer(s) from thread: default-nioEventLoopGroup-1-13
28 апр 2026;12:09:30.010 [default-nioEventLoopGroup-1-9] DEBUG io.netty.buffer.PoolThreadCache - Freed 3 thread-local buffer(s) from thread: default-nioEventLoopGroup-1-9
28 апр 2026;12:09:30.010 [default-nioEventLoopGroup-1-14] DEBUG io.netty.buffer.PoolThreadCache - Freed 3 thread-local buffer(s) from thread: default-nioEventLoopGroup-1-14
28 апр 2026;12:09:30.010 [default-nioEventLoopGroup-1-12] DEBUG io.netty.buffer.PoolThreadCache - Freed 3 thread-local buffer(s) from thread: default-nioEventLoopGroup-1-12
28 апр 2026;12:09:30.010 [default-nioEventLoopGroup-1-16] DEBUG io.netty.buffer.PoolThreadCache - Freed 3 thread-local buffer(s) from thread: default-nioEventLoopGroup-1-16
28 апр 2026;12:09:30.010 [default-nioEventLoopGroup-1-3] DEBUG io.netty.buffer.PoolThreadCache - Freed 5 thread-local buffer(s) from thread: default-nioEventLoopGroup-1-3
28 апр 2026;12:09:30.010 [default-nioEventLoopGroup-1-10] DEBUG io.netty.buffer.PoolThreadCache - Freed 3 thread-local buffer(s) from thread: default-nioEventLoopGroup-1-10
28 апр 2026;12:09:30.010 [default-nioEventLoopGroup-1-15] DEBUG io.netty.buffer.PoolThreadCache - Freed 3 thread-local buffer(s) from thread: default-nioEventLoopGroup-1-15
28 апр 2026;12:09:30.010 [default-nioEventLoopGroup-1-1] DEBUG io.netty.buffer.PoolThreadCache - Freed 27 thread-local buffer(s) from thread: default-nioEventLoopGroup-1-1
28 апр 2026;12:09:30.010 [default-nioEventLoopGroup-1-4] DEBUG io.netty.buffer.PoolThreadCache - Freed 5 thread-local buffer(s) from thread: default-nioEventLoopGroup-1-4
28 апр 2026;12:09:30.010 [default-nioEventLoopGroup-1-11] DEBUG io.netty.buffer.PoolThreadCache - Freed 3 thread-local buffer(s) from thread: default-nioEventLoopGroup-1-11
28 апр 2026;12:09:30.010 [default-nioEventLoopGroup-1-2] DEBUG io.netty.buffer.PoolThreadCache - Freed 42 thread-local buffer(s) from thread: default-nioEventLoopGroup-1-2
28 апр 2026;12:09:30.010 [default-nioEventLoopGroup-1-7] DEBUG io.netty.buffer.PoolThreadCache - Freed 4 thread-local buffer(s) from thread: default-nioEventLoopGroup-1-7
28 апр 2026;12:09:30.010 [default-nioEventLoopGroup-1-8] DEBUG io.netty.buffer.PoolThreadCache - Freed 3 thread-local buffer(s) from thread: default-nioEventLoopGroup-1-8
28 апр 2026;12:09:30.010 [default-nioEventLoopGroup-1-6] DEBUG io.netty.buffer.PoolThreadCache - Freed 5 thread-local buffer(s) from thread: default-nioEventLoopGroup-1-6
28 апр 2026;12:09:30.010 [default-nioEventLoopGroup-1-5] DEBUG io.netty.buffer.PoolThreadCache - Freed 3 thread-local buffer(s) from thread: default-nioEventLoopGroup-1-5
28 апр 2026;12:09:30.017 [Thread-1] DEBUG reactor.core.publisher.Hooks - Reset onEachOperator: micronaut
28 апр 2026;12:09:33.697 [main] DEBUG i.n.u.i.l.InternalLoggerFactory - Using SLF4J as the default logging framework
28 апр 2026;12:09:33.701 [main] DEBUG i.n.u.i.InternalThreadLocalMap - -Dio.netty.threadLocalMap.stringBuilder.initialSize: 1024
28 апр 2026;12:09:33.701 [main] DEBUG i.n.u.i.InternalThreadLocalMap - -Dio.netty.threadLocalMap.stringBuilder.maxSize: 4096
28 апр 2026;12:09:33.715 [main] DEBUG i.n.util.internal.PlatformDependent0 - -Dio.netty.noUnsafe: false
28 апр 2026;12:09:33.716 [main] DEBUG i.n.util.internal.PlatformDependent0 - Java version: 8
28 апр 2026;12:09:33.716 [main] DEBUG i.n.util.internal.PlatformDependent0 - sun.misc.Unsafe.theUnsafe: available
28 апр 2026;12:09:33.717 [main] DEBUG i.n.util.internal.PlatformDependent0 - sun.misc.Unsafe.copyMemory: available
28 апр 2026;12:09:33.717 [main] DEBUG i.n.util.internal.PlatformDependent0 - sun.misc.Unsafe.storeFence: available
28 апр 2026;12:09:33.717 [main] DEBUG i.n.util.internal.PlatformDependent0 - java.nio.Buffer.address: available
28 апр 2026;12:09:33.718 [main] DEBUG i.n.util.internal.PlatformDependent0 - direct buffer constructor: available
28 апр 2026;12:09:33.718 [main] DEBUG i.n.util.internal.PlatformDependent0 - java.nio.Bits.unaligned: available, true
28 апр 2026;12:09:33.718 [main] DEBUG i.n.util.internal.PlatformDependent0 - jdk.internal.misc.Unsafe.allocateUninitializedArray(int): unavailable prior to Java9
28 апр 2026;12:09:33.718 [main] DEBUG i.n.util.internal.PlatformDependent0 - java.nio.DirectByteBuffer.<init>(long, int): available
28 апр 2026;12:09:33.718 [main] DEBUG i.n.util.internal.PlatformDependent - sun.misc.Unsafe: available
28 апр 2026;12:09:33.719 [main] DEBUG i.n.util.internal.PlatformDependent - -Dio.netty.tmpdir: C:\Users\psoko\AppData\Local\Temp (java.io.tmpdir)
28 апр 2026;12:09:33.719 [main] DEBUG i.n.util.internal.PlatformDependent - -Dio.netty.bitMode: 64 (sun.arch.data.model)
28 апр 2026;12:09:33.719 [main] DEBUG i.n.util.internal.PlatformDependent - Platform: Windows
28 апр 2026;12:09:33.720 [main] DEBUG i.n.util.internal.PlatformDependent - -Dio.netty.maxDirectMemory: 7628390400 bytes
28 апр 2026;12:09:33.720 [main] DEBUG i.n.util.internal.PlatformDependent - -Dio.netty.uninitializedArrayAllocationThreshold: -1
28 апр 2026;12:09:33.721 [main] DEBUG io.netty.util.internal.CleanerJava6 - java.nio.ByteBuffer.cleaner(): available
28 апр 2026;12:09:33.721 [main] DEBUG i.n.util.internal.PlatformDependent - -Dio.netty.noPreferDirect: false
28 апр 2026;12:09:33.729 [main] DEBUG io.netty.util.ResourceLeakDetector - -Dio.netty.leakDetection.level: simple
28 апр 2026;12:09:33.729 [main] DEBUG io.netty.util.ResourceLeakDetector - -Dio.netty.leakDetection.targetRecords: 4
28 апр 2026;12:09:33.731 [main] DEBUG i.n.buffer.PooledByteBufAllocator - -Dio.netty.allocator.numHeapArenas: 16
28 апр 2026;12:09:33.731 [main] DEBUG i.n.buffer.PooledByteBufAllocator - -Dio.netty.allocator.numDirectArenas: 16
28 апр 2026;12:09:33.731 [main] DEBUG i.n.buffer.PooledByteBufAllocator - -Dio.netty.allocator.pageSize: 8192
28 апр 2026;12:09:33.731 [main] DEBUG i.n.buffer.PooledByteBufAllocator - -Dio.netty.allocator.maxOrder: 9
28 апр 2026;12:09:33.731 [main] DEBUG i.n.buffer.PooledByteBufAllocator - -Dio.netty.allocator.chunkSize: 4194304
28 апр 2026;12:09:33.731 [main] DEBUG i.n.buffer.PooledByteBufAllocator - -Dio.netty.allocator.smallCacheSize: 256
28 апр 2026;12:09:33.731 [main] DEBUG i.n.buffer.PooledByteBufAllocator - -Dio.netty.allocator.normalCacheSize: 64
28 апр 2026;12:09:33.731 [main] DEBUG i.n.buffer.PooledByteBufAllocator - -Dio.netty.allocator.maxCachedBufferCapacity: 32768
28 апр 2026;12:09:33.732 [main] DEBUG i.n.buffer.PooledByteBufAllocator - -Dio.netty.allocator.cacheTrimInterval: 8192
28 апр 2026;12:09:33.732 [main] DEBUG i.n.buffer.PooledByteBufAllocator - -Dio.netty.allocator.cacheTrimIntervalMillis: 0
28 апр 2026;12:09:33.732 [main] DEBUG i.n.buffer.PooledByteBufAllocator - -Dio.netty.allocator.useCacheForAllThreads: false
28 апр 2026;12:09:33.732 [main] DEBUG i.n.buffer.PooledByteBufAllocator - -Dio.netty.allocator.maxCachedByteBuffersPerChunk: 1023
28 апр 2026;12:09:33.742 [main] DEBUG io.netty.buffer.ByteBufUtil - -Dio.netty.allocator.type: pooled
28 апр 2026;12:09:33.742 [main] DEBUG io.netty.buffer.ByteBufUtil - -Dio.netty.threadLocalDirectBufferSize: 0
28 апр 2026;12:09:33.742 [main] DEBUG io.netty.buffer.ByteBufUtil - -Dio.netty.maxThreadLocalCharBufferSize: 16384
28 апр 2026;12:09:34.049 [main] DEBUG i.n.c.MultithreadEventLoopGroup - -Dio.netty.eventLoopThreads: 16
28 апр 2026;12:09:34.065 [main] DEBUG io.netty.channel.nio.NioEventLoop - -Dio.netty.noKeySetOptimization: false
28 апр 2026;12:09:34.065 [main] DEBUG io.netty.channel.nio.NioEventLoop - -Dio.netty.selectorAutoRebuildThreshold: 512
28 апр 2026;12:09:34.071 [main] DEBUG i.n.util.internal.PlatformDependent - org.jctools-core.MpscChunkedArrayQueue: available
28 апр 2026;12:09:34.493 [main] DEBUG io.netty.handler.ssl.OpenSsl - netty-tcnative not in the classpath; OpenSslEngine will be unavailable.
28 апр 2026;12:09:34.579 [main] DEBUG io.netty.handler.ssl.JdkSslContext - Default protocols (JDK): [TLSv1.3, TLSv1.2] 
28 апр 2026;12:09:34.579 [main] DEBUG io.netty.handler.ssl.JdkSslContext - Default cipher suites (JDK): [TLS_ECDHE_ECDSA_WITH_AES_256_GCM_SHA384, TLS_ECDHE_ECDSA_WITH_AES_128_GCM_SHA256, TLS_ECDHE_RSA_WITH_AES_128_GCM_SHA256, TLS_ECDHE_RSA_WITH_AES_256_GCM_SHA384, TLS_ECDHE_RSA_WITH_AES_128_CBC_SHA, TLS_ECDHE_RSA_WITH_AES_256_CBC_SHA, TLS_RSA_WITH_AES_128_GCM_SHA256, TLS_RSA_WITH_AES_128_CBC_SHA, TLS_RSA_WITH_AES_256_CBC_SHA, TLS_AES_128_GCM_SHA256, TLS_AES_256_GCM_SHA384]
28 апр 2026;12:09:34.585 [main] DEBUG reactor.util.Loggers - Using Slf4j logging framework
28 апр 2026;12:09:34.640 [main] DEBUG reactor.core.publisher.Hooks - Hooking onEachOperator: micronaut
28 апр 2026;12:09:34.724 [main] DEBUG io.netty.channel.DefaultChannelId - -Dio.netty.processId: 33388 (auto-detected)
28 апр 2026;12:09:34.725 [main] DEBUG io.netty.util.NetUtil - -Djava.net.preferIPv4Stack: false
28 апр 2026;12:09:34.726 [main] DEBUG io.netty.util.NetUtil - -Djava.net.preferIPv6Addresses: false
28 апр 2026;12:09:35.022 [main] DEBUG io.netty.util.NetUtilInitializations - Loopback interface: lo (Software Loopback Interface 1, 127.0.0.1)
28 апр 2026;12:09:35.023 [main] DEBUG io.netty.util.NetUtil - Failed to get SOMAXCONN from sysctl and file \proc\sys\net\core\somaxconn. Default: 200
28 апр 2026;12:09:35.349 [main] DEBUG io.netty.channel.DefaultChannelId - -Dio.netty.machineId: 30:9c:23:ff:fe:02:cb:6e (auto-detected)
28 апр 2026;12:09:35.416 [default-nioEventLoopGroup-1-1] DEBUG io.netty.buffer.AbstractByteBuf - -Dio.netty.buffer.checkAccessible: true
28 апр 2026;12:09:35.416 [default-nioEventLoopGroup-1-1] DEBUG io.netty.buffer.AbstractByteBuf - -Dio.netty.buffer.checkBounds: true
28 апр 2026;12:09:35.417 [default-nioEventLoopGroup-1-1] DEBUG i.n.util.ResourceLeakDetectorFactory - Loaded default ResourceLeakDetector: io.netty.util.ResourceLeakDetector@ed809b5
28 апр 2026;12:09:35.453 [default-nioEventLoopGroup-1-1] DEBUG io.netty.util.Recycler - -Dio.netty.recycler.maxCapacityPerThread: 4096
28 апр 2026;12:09:35.454 [default-nioEventLoopGroup-1-1] DEBUG io.netty.util.Recycler - -Dio.netty.recycler.ratio: 8
28 апр 2026;12:09:35.454 [default-nioEventLoopGroup-1-1] DEBUG io.netty.util.Recycler - -Dio.netty.recycler.chunkSize: 32
28 апр 2026;12:09:35.454 [default-nioEventLoopGroup-1-1] DEBUG io.netty.util.Recycler - -Dio.netty.recycler.blocking: false
28 апр 2026;12:09:35.518 [default-nioEventLoopGroup-1-1] DEBUG i.n.handler.codec.compression.Brotli - brotli4j not in the classpath; Brotli support will be unavailable.
28 апр 2026;12:09:38.745 [main] INFO  io.micronaut.runtime.Micronaut - Startup completed in 6257ms. Server Running: http://localhost:8085
28 апр 2026;12:24:32.764 [Thread-1] INFO  io.micronaut.runtime.Micronaut - Embedded Application shutting down
28 апр 2026;12:24:32.779 [default-nioEventLoopGroup-1-13] DEBUG io.netty.buffer.PoolThreadCache - Freed 6 thread-local buffer(s) from thread: default-nioEventLoopGroup-1-13
28 апр 2026;12:24:32.779 [default-nioEventLoopGroup-1-7] DEBUG io.netty.buffer.PoolThreadCache - Freed 6 thread-local buffer(s) from thread: default-nioEventLoopGroup-1-7
28 апр 2026;12:24:32.780 [default-nioEventLoopGroup-1-6] DEBUG io.netty.buffer.PoolThreadCache - Freed 6 thread-local buffer(s) from thread: default-nioEventLoopGroup-1-6
28 апр 2026;12:24:32.779 [default-nioEventLoopGroup-1-12] DEBUG io.netty.buffer.PoolThreadCache - Freed 4 thread-local buffer(s) from thread: default-nioEventLoopGroup-1-12
28 апр 2026;12:24:32.779 [default-nioEventLoopGroup-1-5] DEBUG io.netty.buffer.PoolThreadCache - Freed 6 thread-local buffer(s) from thread: default-nioEventLoopGroup-1-5
28 апр 2026;12:24:32.780 [default-nioEventLoopGroup-1-8] DEBUG io.netty.buffer.PoolThreadCache - Freed 32 thread-local buffer(s) from thread: default-nioEventLoopGroup-1-8
28 апр 2026;12:24:32.780 [default-nioEventLoopGroup-1-9] DEBUG io.netty.buffer.PoolThreadCache - Freed 43 thread-local buffer(s) from thread: default-nioEventLoopGroup-1-9
28 апр 2026;12:24:32.780 [default-nioEventLoopGroup-1-14] DEBUG io.netty.buffer.PoolThreadCache - Freed 6 thread-local buffer(s) from thread: default-nioEventLoopGroup-1-14
28 апр 2026;12:24:32.780 [default-nioEventLoopGroup-1-3] DEBUG io.netty.buffer.PoolThreadCache - Freed 35 thread-local buffer(s) from thread: default-nioEventLoopGroup-1-3
28 апр 2026;12:24:32.779 [default-nioEventLoopGroup-1-2] DEBUG io.netty.buffer.PoolThreadCache - Freed 45 thread-local buffer(s) from thread: default-nioEventLoopGroup-1-2
28 апр 2026;12:24:32.779 [default-nioEventLoopGroup-1-11] DEBUG io.netty.buffer.PoolThreadCache - Freed 4 thread-local buffer(s) from thread: default-nioEventLoopGroup-1-11
28 апр 2026;12:24:32.779 [default-nioEventLoopGroup-1-1] DEBUG io.netty.buffer.PoolThreadCache - Freed 26 thread-local buffer(s) from thread: default-nioEventLoopGroup-1-1
28 апр 2026;12:24:32.779 [default-nioEventLoopGroup-1-4] DEBUG io.netty.buffer.PoolThreadCache - Freed 9 thread-local buffer(s) from thread: default-nioEventLoopGroup-1-4
28 апр 2026;12:24:32.779 [default-nioEventLoopGroup-1-10] DEBUG io.netty.buffer.PoolThreadCache - Freed 6 thread-local buffer(s) from thread: default-nioEventLoopGroup-1-10
28 апр 2026;12:24:32.781 [default-nioEventLoopGroup-1-16] DEBUG io.netty.buffer.PoolThreadCache - Freed 6 thread-local buffer(s) from thread: default-nioEventLoopGroup-1-16
28 апр 2026;12:24:32.781 [default-nioEventLoopGroup-1-15] DEBUG io.netty.buffer.PoolThreadCache - Freed 4 thread-local buffer(s) from thread: default-nioEventLoopGroup-1-15
28 апр 2026;12:24:32.786 [Thread-1] DEBUG reactor.core.publisher.Hooks - Reset onEachOperator: micronaut
28 апр 2026;12:49:12.432 [main] DEBUG i.n.u.i.l.InternalLoggerFactory - Using SLF4J as the default logging framework
28 апр 2026;12:49:12.437 [main] DEBUG i.n.u.i.InternalThreadLocalMap - -Dio.netty.threadLocalMap.stringBuilder.initialSize: 1024
28 апр 2026;12:49:12.437 [main] DEBUG i.n.u.i.InternalThreadLocalMap - -Dio.netty.threadLocalMap.stringBuilder.maxSize: 4096
28 апр 2026;12:49:12.453 [main] DEBUG i.n.util.internal.PlatformDependent0 - -Dio.netty.noUnsafe: false
28 апр 2026;12:49:12.453 [main] DEBUG i.n.util.internal.PlatformDependent0 - Java version: 8
28 апр 2026;12:49:12.454 [main] DEBUG i.n.util.internal.PlatformDependent0 - sun.misc.Unsafe.theUnsafe: available
28 апр 2026;12:49:12.455 [main] DEBUG i.n.util.internal.PlatformDependent0 - sun.misc.Unsafe.copyMemory: available
28 апр 2026;12:49:12.455 [main] DEBUG i.n.util.internal.PlatformDependent0 - sun.misc.Unsafe.storeFence: available
28 апр 2026;12:49:12.456 [main] DEBUG i.n.util.internal.PlatformDependent0 - java.nio.Buffer.address: available
28 апр 2026;12:49:12.456 [main] DEBUG i.n.util.internal.PlatformDependent0 - direct buffer constructor: available
28 апр 2026;12:49:12.457 [main] DEBUG i.n.util.internal.PlatformDependent0 - java.nio.Bits.unaligned: available, true
28 апр 2026;12:49:12.457 [main] DEBUG i.n.util.internal.PlatformDependent0 - jdk.internal.misc.Unsafe.allocateUninitializedArray(int): unavailable prior to Java9
28 апр 2026;12:49:12.457 [main] DEBUG i.n.util.internal.PlatformDependent0 - java.nio.DirectByteBuffer.<init>(long, int): available
28 апр 2026;12:49:12.457 [main] DEBUG i.n.util.internal.PlatformDependent - sun.misc.Unsafe: available
28 апр 2026;12:49:12.458 [main] DEBUG i.n.util.internal.PlatformDependent - -Dio.netty.tmpdir: C:\Users\psoko\AppData\Local\Temp (java.io.tmpdir)
28 апр 2026;12:49:12.458 [main] DEBUG i.n.util.internal.PlatformDependent - -Dio.netty.bitMode: 64 (sun.arch.data.model)
28 апр 2026;12:49:12.459 [main] DEBUG i.n.util.internal.PlatformDependent - Platform: Windows
28 апр 2026;12:49:12.459 [main] DEBUG i.n.util.internal.PlatformDependent - -Dio.netty.maxDirectMemory: 7628390400 bytes
28 апр 2026;12:49:12.459 [main] DEBUG i.n.util.internal.PlatformDependent - -Dio.netty.uninitializedArrayAllocationThreshold: -1
28 апр 2026;12:49:12.460 [main] DEBUG io.netty.util.internal.CleanerJava6 - java.nio.ByteBuffer.cleaner(): available
28 апр 2026;12:49:12.460 [main] DEBUG i.n.util.internal.PlatformDependent - -Dio.netty.noPreferDirect: false
28 апр 2026;12:49:12.468 [main] DEBUG io.netty.util.ResourceLeakDetector - -Dio.netty.leakDetection.level: simple
28 апр 2026;12:49:12.469 [main] DEBUG io.netty.util.ResourceLeakDetector - -Dio.netty.leakDetection.targetRecords: 4
28 апр 2026;12:49:12.471 [main] DEBUG i.n.buffer.PooledByteBufAllocator - -Dio.netty.allocator.numHeapArenas: 16
28 апр 2026;12:49:12.471 [main] DEBUG i.n.buffer.PooledByteBufAllocator - -Dio.netty.allocator.numDirectArenas: 16
28 апр 2026;12:49:12.471 [main] DEBUG i.n.buffer.PooledByteBufAllocator - -Dio.netty.allocator.pageSize: 8192
28 апр 2026;12:49:12.471 [main] DEBUG i.n.buffer.PooledByteBufAllocator - -Dio.netty.allocator.maxOrder: 9
28 апр 2026;12:49:12.472 [main] DEBUG i.n.buffer.PooledByteBufAllocator - -Dio.netty.allocator.chunkSize: 4194304
28 апр 2026;12:49:12.472 [main] DEBUG i.n.buffer.PooledByteBufAllocator - -Dio.netty.allocator.smallCacheSize: 256
28 апр 2026;12:49:12.472 [main] DEBUG i.n.buffer.PooledByteBufAllocator - -Dio.netty.allocator.normalCacheSize: 64
28 апр 2026;12:49:12.472 [main] DEBUG i.n.buffer.PooledByteBufAllocator - -Dio.netty.allocator.maxCachedBufferCapacity: 32768
28 апр 2026;12:49:12.472 [main] DEBUG i.n.buffer.PooledByteBufAllocator - -Dio.netty.allocator.cacheTrimInterval: 8192
28 апр 2026;12:49:12.472 [main] DEBUG i.n.buffer.PooledByteBufAllocator - -Dio.netty.allocator.cacheTrimIntervalMillis: 0
28 апр 2026;12:49:12.472 [main] DEBUG i.n.buffer.PooledByteBufAllocator - -Dio.netty.allocator.useCacheForAllThreads: false
28 апр 2026;12:49:12.472 [main] DEBUG i.n.buffer.PooledByteBufAllocator - -Dio.netty.allocator.maxCachedByteBuffersPerChunk: 1023
28 апр 2026;12:49:12.483 [main] DEBUG io.netty.buffer.ByteBufUtil - -Dio.netty.allocator.type: pooled
28 апр 2026;12:49:12.483 [main] DEBUG io.netty.buffer.ByteBufUtil - -Dio.netty.threadLocalDirectBufferSize: 0
28 апр 2026;12:49:12.483 [main] DEBUG io.netty.buffer.ByteBufUtil - -Dio.netty.maxThreadLocalCharBufferSize: 16384
28 апр 2026;12:49:12.798 [main] DEBUG i.n.c.MultithreadEventLoopGroup - -Dio.netty.eventLoopThreads: 16
28 апр 2026;12:49:12.814 [main] DEBUG io.netty.channel.nio.NioEventLoop - -Dio.netty.noKeySetOptimization: false
28 апр 2026;12:49:12.814 [main] DEBUG io.netty.channel.nio.NioEventLoop - -Dio.netty.selectorAutoRebuildThreshold: 512
28 апр 2026;12:49:12.821 [main] DEBUG i.n.util.internal.PlatformDependent - org.jctools-core.MpscChunkedArrayQueue: available
28 апр 2026;12:49:13.267 [main] DEBUG io.netty.handler.ssl.OpenSsl - netty-tcnative not in the classpath; OpenSslEngine will be unavailable.
28 апр 2026;12:49:13.431 [main] DEBUG io.netty.handler.ssl.JdkSslContext - Default protocols (JDK): [TLSv1.3, TLSv1.2] 
28 апр 2026;12:49:13.432 [main] DEBUG io.netty.handler.ssl.JdkSslContext - Default cipher suites (JDK): [TLS_ECDHE_ECDSA_WITH_AES_256_GCM_SHA384, TLS_ECDHE_ECDSA_WITH_AES_128_GCM_SHA256, TLS_ECDHE_RSA_WITH_AES_128_GCM_SHA256, TLS_ECDHE_RSA_WITH_AES_256_GCM_SHA384, TLS_ECDHE_RSA_WITH_AES_128_CBC_SHA, TLS_ECDHE_RSA_WITH_AES_256_CBC_SHA, TLS_RSA_WITH_AES_128_GCM_SHA256, TLS_RSA_WITH_AES_128_CBC_SHA, TLS_RSA_WITH_AES_256_CBC_SHA, TLS_AES_128_GCM_SHA256, TLS_AES_256_GCM_SHA384]
28 апр 2026;12:49:13.437 [main] DEBUG reactor.util.Loggers - Using Slf4j logging framework
28 апр 2026;12:49:13.497 [main] DEBUG reactor.core.publisher.Hooks - Hooking onEachOperator: micronaut
28 апр 2026;12:49:13.581 [main] DEBUG io.netty.channel.DefaultChannelId - -Dio.netty.processId: 19900 (auto-detected)
28 апр 2026;12:49:13.583 [main] DEBUG io.netty.util.NetUtil - -Djava.net.preferIPv4Stack: false
28 апр 2026;12:49:13.583 [main] DEBUG io.netty.util.NetUtil - -Djava.net.preferIPv6Addresses: false
28 апр 2026;12:49:13.887 [main] DEBUG io.netty.util.NetUtilInitializations - Loopback interface: lo (Software Loopback Interface 1, 127.0.0.1)
28 апр 2026;12:49:13.887 [main] DEBUG io.netty.util.NetUtil - Failed to get SOMAXCONN from sysctl and file \proc\sys\net\core\somaxconn. Default: 200
28 апр 2026;12:49:14.236 [main] DEBUG io.netty.channel.DefaultChannelId - -Dio.netty.machineId: 30:9c:23:ff:fe:02:cb:6e (auto-detected)
28 апр 2026;12:49:14.305 [default-nioEventLoopGroup-1-1] DEBUG io.netty.buffer.AbstractByteBuf - -Dio.netty.buffer.checkAccessible: true
28 апр 2026;12:49:14.305 [default-nioEventLoopGroup-1-1] DEBUG io.netty.buffer.AbstractByteBuf - -Dio.netty.buffer.checkBounds: true
28 апр 2026;12:49:14.306 [default-nioEventLoopGroup-1-1] DEBUG i.n.util.ResourceLeakDetectorFactory - Loaded default ResourceLeakDetector: io.netty.util.ResourceLeakDetector@2f1a13b9
28 апр 2026;12:49:14.345 [default-nioEventLoopGroup-1-1] DEBUG io.netty.util.Recycler - -Dio.netty.recycler.maxCapacityPerThread: 4096
28 апр 2026;12:49:14.345 [default-nioEventLoopGroup-1-1] DEBUG io.netty.util.Recycler - -Dio.netty.recycler.ratio: 8
28 апр 2026;12:49:14.345 [default-nioEventLoopGroup-1-1] DEBUG io.netty.util.Recycler - -Dio.netty.recycler.chunkSize: 32
28 апр 2026;12:49:14.346 [default-nioEventLoopGroup-1-1] DEBUG io.netty.util.Recycler - -Dio.netty.recycler.blocking: false
28 апр 2026;12:49:14.411 [default-nioEventLoopGroup-1-1] DEBUG i.n.handler.codec.compression.Brotli - brotli4j not in the classpath; Brotli support will be unavailable.
28 апр 2026;12:49:18.819 [main] INFO  io.micronaut.runtime.Micronaut - Startup completed in 7732ms. Server Running: http://localhost:8085
28 апр 2026;13:16:55.035 [Thread-1] INFO  io.micronaut.runtime.Micronaut - Embedded Application shutting down
28 апр 2026;13:16:55.054 [default-nioEventLoopGroup-1-14] DEBUG io.netty.buffer.PoolThreadCache - Freed 8 thread-local buffer(s) from thread: default-nioEventLoopGroup-1-14
28 апр 2026;13:16:55.054 [default-nioEventLoopGroup-1-5] DEBUG io.netty.buffer.PoolThreadCache - Freed 5 thread-local buffer(s) from thread: default-nioEventLoopGroup-1-5
28 апр 2026;13:16:55.054 [default-nioEventLoopGroup-1-7] DEBUG io.netty.buffer.PoolThreadCache - Freed 7 thread-local buffer(s) from thread: default-nioEventLoopGroup-1-7
28 апр 2026;13:16:55.055 [default-nioEventLoopGroup-1-3] DEBUG io.netty.buffer.PoolThreadCache - Freed 44 thread-local buffer(s) from thread: default-nioEventLoopGroup-1-3
28 апр 2026;13:16:55.054 [default-nioEventLoopGroup-1-6] DEBUG io.netty.buffer.PoolThreadCache - Freed 12 thread-local buffer(s) from thread: default-nioEventLoopGroup-1-6
28 апр 2026;13:16:55.054 [default-nioEventLoopGroup-1-10] DEBUG io.netty.buffer.PoolThreadCache - Freed 39 thread-local buffer(s) from thread: default-nioEventLoopGroup-1-10
28 апр 2026;13:16:55.054 [default-nioEventLoopGroup-1-13] DEBUG io.netty.buffer.PoolThreadCache - Freed 8 thread-local buffer(s) from thread: default-nioEventLoopGroup-1-13
28 апр 2026;13:16:55.054 [default-nioEventLoopGroup-1-12] DEBUG io.netty.buffer.PoolThreadCache - Freed 9 thread-local buffer(s) from thread: default-nioEventLoopGroup-1-12
28 апр 2026;13:16:55.054 [default-nioEventLoopGroup-1-2] DEBUG io.netty.buffer.PoolThreadCache - Freed 43 thread-local buffer(s) from thread: default-nioEventLoopGroup-1-2
28 апр 2026;13:16:55.054 [default-nioEventLoopGroup-1-8] DEBUG io.netty.buffer.PoolThreadCache - Freed 7 thread-local buffer(s) from thread: default-nioEventLoopGroup-1-8
28 апр 2026;13:16:55.054 [default-nioEventLoopGroup-1-4] DEBUG io.netty.buffer.PoolThreadCache - Freed 8 thread-local buffer(s) from thread: default-nioEventLoopGroup-1-4
28 апр 2026;13:16:55.054 [default-nioEventLoopGroup-1-11] DEBUG io.netty.buffer.PoolThreadCache - Freed 51 thread-local buffer(s) from thread: default-nioEventLoopGroup-1-11
28 апр 2026;13:16:55.054 [default-nioEventLoopGroup-1-9] DEBUG io.netty.buffer.PoolThreadCache - Freed 7 thread-local buffer(s) from thread: default-nioEventLoopGroup-1-9
28 апр 2026;13:16:55.055 [default-nioEventLoopGroup-1-1] DEBUG io.netty.buffer.PoolThreadCache - Freed 44 thread-local buffer(s) from thread: default-nioEventLoopGroup-1-1
28 апр 2026;13:16:55.056 [default-nioEventLoopGroup-1-15] DEBUG io.netty.buffer.PoolThreadCache - Freed 6 thread-local buffer(s) from thread: default-nioEventLoopGroup-1-15
28 апр 2026;13:16:55.056 [default-nioEventLoopGroup-1-16] DEBUG io.netty.buffer.PoolThreadCache - Freed 31 thread-local buffer(s) from thread: default-nioEventLoopGroup-1-16
28 апр 2026;13:16:55.062 [Thread-1] DEBUG reactor.core.publisher.Hooks - Reset onEachOperator: micronaut
28 апр 2026;14:21:22.003 [main] DEBUG i.n.u.i.l.InternalLoggerFactory - Using SLF4J as the default logging framework
28 апр 2026;14:21:22.007 [main] DEBUG i.n.u.i.InternalThreadLocalMap - -Dio.netty.threadLocalMap.stringBuilder.initialSize: 1024
28 апр 2026;14:21:22.007 [main] DEBUG i.n.u.i.InternalThreadLocalMap - -Dio.netty.threadLocalMap.stringBuilder.maxSize: 4096
28 апр 2026;14:21:22.022 [main] DEBUG i.n.util.internal.PlatformDependent0 - -Dio.netty.noUnsafe: false
28 апр 2026;14:21:22.022 [main] DEBUG i.n.util.internal.PlatformDependent0 - Java version: 8
28 апр 2026;14:21:22.023 [main] DEBUG i.n.util.internal.PlatformDependent0 - sun.misc.Unsafe.theUnsafe: available
28 апр 2026;14:21:22.023 [main] DEBUG i.n.util.internal.PlatformDependent0 - sun.misc.Unsafe.copyMemory: available
28 апр 2026;14:21:22.023 [main] DEBUG i.n.util.internal.PlatformDependent0 - sun.misc.Unsafe.storeFence: available
28 апр 2026;14:21:22.024 [main] DEBUG i.n.util.internal.PlatformDependent0 - java.nio.Buffer.address: available
28 апр 2026;14:21:22.024 [main] DEBUG i.n.util.internal.PlatformDependent0 - direct buffer constructor: available
28 апр 2026;14:21:22.025 [main] DEBUG i.n.util.internal.PlatformDependent0 - java.nio.Bits.unaligned: available, true
28 апр 2026;14:21:22.025 [main] DEBUG i.n.util.internal.PlatformDependent0 - jdk.internal.misc.Unsafe.allocateUninitializedArray(int): unavailable prior to Java9
28 апр 2026;14:21:22.025 [main] DEBUG i.n.util.internal.PlatformDependent0 - java.nio.DirectByteBuffer.<init>(long, int): available
28 апр 2026;14:21:22.025 [main] DEBUG i.n.util.internal.PlatformDependent - sun.misc.Unsafe: available
28 апр 2026;14:21:22.025 [main] DEBUG i.n.util.internal.PlatformDependent - -Dio.netty.tmpdir: C:\Users\psoko\AppData\Local\Temp (java.io.tmpdir)
28 апр 2026;14:21:22.025 [main] DEBUG i.n.util.internal.PlatformDependent - -Dio.netty.bitMode: 64 (sun.arch.data.model)
28 апр 2026;14:21:22.026 [main] DEBUG i.n.util.internal.PlatformDependent - Platform: Windows
28 апр 2026;14:21:22.027 [main] DEBUG i.n.util.internal.PlatformDependent - -Dio.netty.maxDirectMemory: 7628390400 bytes
28 апр 2026;14:21:22.027 [main] DEBUG i.n.util.internal.PlatformDependent - -Dio.netty.uninitializedArrayAllocationThreshold: -1
28 апр 2026;14:21:22.027 [main] DEBUG io.netty.util.internal.CleanerJava6 - java.nio.ByteBuffer.cleaner(): available
28 апр 2026;14:21:22.027 [main] DEBUG i.n.util.internal.PlatformDependent - -Dio.netty.noPreferDirect: false
28 апр 2026;14:21:22.036 [main] DEBUG io.netty.util.ResourceLeakDetector - -Dio.netty.leakDetection.level: simple
28 апр 2026;14:21:22.036 [main] DEBUG io.netty.util.ResourceLeakDetector - -Dio.netty.leakDetection.targetRecords: 4
28 апр 2026;14:21:22.038 [main] DEBUG i.n.buffer.PooledByteBufAllocator - -Dio.netty.allocator.numHeapArenas: 16
28 апр 2026;14:21:22.039 [main] DEBUG i.n.buffer.PooledByteBufAllocator - -Dio.netty.allocator.numDirectArenas: 16
28 апр 2026;14:21:22.039 [main] DEBUG i.n.buffer.PooledByteBufAllocator - -Dio.netty.allocator.pageSize: 8192
28 апр 2026;14:21:22.039 [main] DEBUG i.n.buffer.PooledByteBufAllocator - -Dio.netty.allocator.maxOrder: 9
28 апр 2026;14:21:22.039 [main] DEBUG i.n.buffer.PooledByteBufAllocator - -Dio.netty.allocator.chunkSize: 4194304
28 апр 2026;14:21:22.039 [main] DEBUG i.n.buffer.PooledByteBufAllocator - -Dio.netty.allocator.smallCacheSize: 256
28 апр 2026;14:21:22.039 [main] DEBUG i.n.buffer.PooledByteBufAllocator - -Dio.netty.allocator.normalCacheSize: 64
28 апр 2026;14:21:22.039 [main] DEBUG i.n.buffer.PooledByteBufAllocator - -Dio.netty.allocator.maxCachedBufferCapacity: 32768
28 апр 2026;14:21:22.039 [main] DEBUG i.n.buffer.PooledByteBufAllocator - -Dio.netty.allocator.cacheTrimInterval: 8192
28 апр 2026;14:21:22.039 [main] DEBUG i.n.buffer.PooledByteBufAllocator - -Dio.netty.allocator.cacheTrimIntervalMillis: 0
28 апр 2026;14:21:22.039 [main] DEBUG i.n.buffer.PooledByteBufAllocator - -Dio.netty.allocator.useCacheForAllThreads: false
28 апр 2026;14:21:22.039 [main] DEBUG i.n.buffer.PooledByteBufAllocator - -Dio.netty.allocator.maxCachedByteBuffersPerChunk: 1023
28 апр 2026;14:21:22.050 [main] DEBUG io.netty.buffer.ByteBufUtil - -Dio.netty.allocator.type: pooled
28 апр 2026;14:21:22.050 [main] DEBUG io.netty.buffer.ByteBufUtil - -Dio.netty.threadLocalDirectBufferSize: 0
28 апр 2026;14:21:22.050 [main] DEBUG io.netty.buffer.ByteBufUtil - -Dio.netty.maxThreadLocalCharBufferSize: 16384
28 апр 2026;14:21:22.377 [main] DEBUG i.n.c.MultithreadEventLoopGroup - -Dio.netty.eventLoopThreads: 16
28 апр 2026;14:21:22.394 [main] DEBUG io.netty.channel.nio.NioEventLoop - -Dio.netty.noKeySetOptimization: false
28 апр 2026;14:21:22.394 [main] DEBUG io.netty.channel.nio.NioEventLoop - -Dio.netty.selectorAutoRebuildThreshold: 512
28 апр 2026;14:21:22.401 [main] DEBUG i.n.util.internal.PlatformDependent - org.jctools-core.MpscChunkedArrayQueue: available
28 апр 2026;14:21:22.946 [main] DEBUG io.netty.handler.ssl.OpenSsl - netty-tcnative not in the classpath; OpenSslEngine will be unavailable.
28 апр 2026;14:21:23.039 [main] DEBUG io.netty.handler.ssl.JdkSslContext - Default protocols (JDK): [TLSv1.3, TLSv1.2] 
28 апр 2026;14:21:23.039 [main] DEBUG io.netty.handler.ssl.JdkSslContext - Default cipher suites (JDK): [TLS_ECDHE_ECDSA_WITH_AES_256_GCM_SHA384, TLS_ECDHE_ECDSA_WITH_AES_128_GCM_SHA256, TLS_ECDHE_RSA_WITH_AES_128_GCM_SHA256, TLS_ECDHE_RSA_WITH_AES_256_GCM_SHA384, TLS_ECDHE_RSA_WITH_AES_128_CBC_SHA, TLS_ECDHE_RSA_WITH_AES_256_CBC_SHA, TLS_RSA_WITH_AES_128_GCM_SHA256, TLS_RSA_WITH_AES_128_CBC_SHA, TLS_RSA_WITH_AES_256_CBC_SHA, TLS_AES_128_GCM_SHA256, TLS_AES_256_GCM_SHA384]
28 апр 2026;14:21:23.045 [main] DEBUG reactor.util.Loggers - Using Slf4j logging framework
28 апр 2026;14:21:23.107 [main] DEBUG reactor.core.publisher.Hooks - Hooking onEachOperator: micronaut
28 апр 2026;14:21:23.218 [main] DEBUG io.netty.channel.DefaultChannelId - -Dio.netty.processId: 4740 (auto-detected)
28 апр 2026;14:21:23.220 [main] DEBUG io.netty.util.NetUtil - -Djava.net.preferIPv4Stack: false
28 апр 2026;14:21:23.220 [main] DEBUG io.netty.util.NetUtil - -Djava.net.preferIPv6Addresses: false
28 апр 2026;14:21:23.516 [main] DEBUG io.netty.util.NetUtilInitializations - Loopback interface: lo (Software Loopback Interface 1, 127.0.0.1)
28 апр 2026;14:21:23.517 [main] DEBUG io.netty.util.NetUtil - Failed to get SOMAXCONN from sysctl and file \proc\sys\net\core\somaxconn. Default: 200
28 апр 2026;14:21:23.845 [main] DEBUG io.netty.channel.DefaultChannelId - -Dio.netty.machineId: 30:9c:23:ff:fe:02:cb:6e (auto-detected)
28 апр 2026;14:21:23.913 [default-nioEventLoopGroup-1-1] DEBUG io.netty.buffer.AbstractByteBuf - -Dio.netty.buffer.checkAccessible: true
28 апр 2026;14:21:23.913 [default-nioEventLoopGroup-1-1] DEBUG io.netty.buffer.AbstractByteBuf - -Dio.netty.buffer.checkBounds: true
28 апр 2026;14:21:23.913 [default-nioEventLoopGroup-1-1] DEBUG i.n.util.ResourceLeakDetectorFactory - Loaded default ResourceLeakDetector: io.netty.util.ResourceLeakDetector@4fade357
28 апр 2026;14:21:23.952 [default-nioEventLoopGroup-1-1] DEBUG io.netty.util.Recycler - -Dio.netty.recycler.maxCapacityPerThread: 4096
28 апр 2026;14:21:23.952 [default-nioEventLoopGroup-1-1] DEBUG io.netty.util.Recycler - -Dio.netty.recycler.ratio: 8
28 апр 2026;14:21:23.952 [default-nioEventLoopGroup-1-1] DEBUG io.netty.util.Recycler - -Dio.netty.recycler.chunkSize: 32
28 апр 2026;14:21:23.952 [default-nioEventLoopGroup-1-1] DEBUG io.netty.util.Recycler - -Dio.netty.recycler.blocking: false
28 апр 2026;14:21:24.013 [default-nioEventLoopGroup-1-1] DEBUG i.n.handler.codec.compression.Brotli - brotli4j not in the classpath; Brotli support will be unavailable.
28 апр 2026;14:21:27.719 [main] INFO  io.micronaut.runtime.Micronaut - Startup completed in 7033ms. Server Running: http://localhost:8085
28 апр 2026;14:26:09.143 [Thread-1] INFO  io.micronaut.runtime.Micronaut - Embedded Application shutting down
28 апр 2026;14:26:09.163 [default-nioEventLoopGroup-1-13] DEBUG io.netty.buffer.PoolThreadCache - Freed 8 thread-local buffer(s) from thread: default-nioEventLoopGroup-1-13
28 апр 2026;14:26:09.163 [default-nioEventLoopGroup-1-10] DEBUG io.netty.buffer.PoolThreadCache - Freed 6 thread-local buffer(s) from thread: default-nioEventLoopGroup-1-10
28 апр 2026;14:26:09.163 [default-nioEventLoopGroup-1-15] DEBUG io.netty.buffer.PoolThreadCache - Freed 3 thread-local buffer(s) from thread: default-nioEventLoopGroup-1-15
28 апр 2026;14:26:09.163 [default-nioEventLoopGroup-1-11] DEBUG io.netty.buffer.PoolThreadCache - Freed 4 thread-local buffer(s) from thread: default-nioEventLoopGroup-1-11
28 апр 2026;14:26:09.163 [default-nioEventLoopGroup-1-1] DEBUG io.netty.buffer.PoolThreadCache - Freed 28 thread-local buffer(s) from thread: default-nioEventLoopGroup-1-1
28 апр 2026;14:26:09.163 [default-nioEventLoopGroup-1-14] DEBUG io.netty.buffer.PoolThreadCache - Freed 4 thread-local buffer(s) from thread: default-nioEventLoopGroup-1-14
28 апр 2026;14:26:09.163 [default-nioEventLoopGroup-1-4] DEBUG io.netty.buffer.PoolThreadCache - Freed 6 thread-local buffer(s) from thread: default-nioEventLoopGroup-1-4
28 апр 2026;14:26:09.163 [default-nioEventLoopGroup-1-2] DEBUG io.netty.buffer.PoolThreadCache - Freed 33 thread-local buffer(s) from thread: default-nioEventLoopGroup-1-2
28 апр 2026;14:26:09.163 [default-nioEventLoopGroup-1-5] DEBUG io.netty.buffer.PoolThreadCache - Freed 5 thread-local buffer(s) from thread: default-nioEventLoopGroup-1-5
28 апр 2026;14:26:09.163 [default-nioEventLoopGroup-1-8] DEBUG io.netty.buffer.PoolThreadCache - Freed 3 thread-local buffer(s) from thread: default-nioEventLoopGroup-1-8
28 апр 2026;14:26:09.163 [default-nioEventLoopGroup-1-7] DEBUG io.netty.buffer.PoolThreadCache - Freed 4 thread-local buffer(s) from thread: default-nioEventLoopGroup-1-7
28 апр 2026;14:26:09.163 [default-nioEventLoopGroup-1-9] DEBUG io.netty.buffer.PoolThreadCache - Freed 7 thread-local buffer(s) from thread: default-nioEventLoopGroup-1-9
28 апр 2026;14:26:09.163 [default-nioEventLoopGroup-1-6] DEBUG io.netty.buffer.PoolThreadCache - Freed 5 thread-local buffer(s) from thread: default-nioEventLoopGroup-1-6
28 апр 2026;14:26:09.163 [default-nioEventLoopGroup-1-12] DEBUG io.netty.buffer.PoolThreadCache - Freed 6 thread-local buffer(s) from thread: default-nioEventLoopGroup-1-12
28 апр 2026;14:26:09.163 [default-nioEventLoopGroup-1-3] DEBUG io.netty.buffer.PoolThreadCache - Freed 6 thread-local buffer(s) from thread: default-nioEventLoopGroup-1-3
28 апр 2026;14:26:09.163 [default-nioEventLoopGroup-1-16] DEBUG io.netty.buffer.PoolThreadCache - Freed 5 thread-local buffer(s) from thread: default-nioEventLoopGroup-1-16
28 апр 2026;14:26:09.168 [Thread-1] DEBUG reactor.core.publisher.Hooks - Reset onEachOperator: micronaut
29 апр. 2026;09:14:54.602 [main] DEBUG reactor.util.Loggers - Using Slf4j logging framework
29 апр. 2026;09:14:54.609 [main] DEBUG reactor.core.publisher.Hooks - Hooking onEachOperator: micronaut
29 апр. 2026;09:14:54.680 [main] DEBUG i.n.u.i.l.InternalLoggerFactory - Using SLF4J as the default logging framework
29 апр. 2026;09:14:54.683 [main] DEBUG i.n.u.i.InternalThreadLocalMap - -Dio.netty.threadLocalMap.stringBuilder.initialSize: 1024
29 апр. 2026;09:14:54.683 [main] DEBUG i.n.u.i.InternalThreadLocalMap - -Dio.netty.threadLocalMap.stringBuilder.maxSize: 4096
29 апр. 2026;09:14:54.698 [main] DEBUG i.n.util.internal.PlatformDependent0 - -Dio.netty.noUnsafe: false
29 апр. 2026;09:14:54.698 [main] DEBUG i.n.util.internal.PlatformDependent0 - Java version: 18
29 апр. 2026;09:14:54.701 [main] DEBUG i.n.util.internal.PlatformDependent0 - sun.misc.Unsafe.theUnsafe: available
29 апр. 2026;09:14:54.702 [main] DEBUG i.n.util.internal.PlatformDependent0 - sun.misc.Unsafe.copyMemory: available
29 апр. 2026;09:14:54.704 [main] DEBUG i.n.util.internal.PlatformDependent0 - sun.misc.Unsafe.storeFence: available
29 апр. 2026;09:14:54.705 [main] DEBUG i.n.util.internal.PlatformDependent0 - java.nio.Buffer.address: available
29 апр. 2026;09:14:54.706 [main] DEBUG i.n.util.internal.PlatformDependent0 - direct buffer constructor: unavailable: Reflective setAccessible(true) disabled
29 апр. 2026;09:14:54.707 [main] DEBUG i.n.util.internal.PlatformDependent0 - java.nio.Bits.unaligned: available, true
29 апр. 2026;09:14:54.709 [main] DEBUG i.n.util.internal.PlatformDependent0 - jdk.internal.misc.Unsafe.allocateUninitializedArray(int): unavailable: class io.netty.util.internal.PlatformDependent0$7 cannot access class jdk.internal.misc.Unsafe (in module java.base) because module java.base does not export jdk.internal.misc to unnamed module @7a3d45bd
29 апр. 2026;09:14:54.711 [main] DEBUG i.n.util.internal.PlatformDependent0 - java.nio.DirectByteBuffer.<init>(long, int): unavailable
29 апр. 2026;09:14:54.711 [main] DEBUG i.n.util.internal.PlatformDependent - sun.misc.Unsafe: available
29 апр. 2026;09:14:54.732 [main] DEBUG i.n.util.internal.PlatformDependent - maxDirectMemory: 8581545984 bytes (maybe)
29 апр. 2026;09:14:54.732 [main] DEBUG i.n.util.internal.PlatformDependent - -Dio.netty.tmpdir: C:\Users\psoko\AppData\Local\Temp (java.io.tmpdir)
29 апр. 2026;09:14:54.732 [main] DEBUG i.n.util.internal.PlatformDependent - -Dio.netty.bitMode: 64 (sun.arch.data.model)
29 апр. 2026;09:14:54.733 [main] DEBUG i.n.util.internal.PlatformDependent - Platform: Windows
29 апр. 2026;09:14:54.733 [main] DEBUG i.n.util.internal.PlatformDependent - -Dio.netty.maxDirectMemory: -1 bytes
29 апр. 2026;09:14:54.734 [main] DEBUG i.n.util.internal.PlatformDependent - -Dio.netty.uninitializedArrayAllocationThreshold: -1
29 апр. 2026;09:14:54.735 [main] DEBUG io.netty.util.internal.CleanerJava9 - java.nio.ByteBuffer.cleaner(): available
29 апр. 2026;09:14:54.735 [main] DEBUG i.n.util.internal.PlatformDependent - -Dio.netty.noPreferDirect: false
29 апр. 2026;09:14:54.742 [main] DEBUG io.netty.util.ResourceLeakDetector - -Dio.netty.leakDetection.level: simple
29 апр. 2026;09:14:54.742 [main] DEBUG io.netty.util.ResourceLeakDetector - -Dio.netty.leakDetection.targetRecords: 4
29 апр. 2026;09:14:54.746 [main] DEBUG i.n.buffer.PooledByteBufAllocator - -Dio.netty.allocator.numHeapArenas: 16
29 апр. 2026;09:14:54.746 [main] DEBUG i.n.buffer.PooledByteBufAllocator - -Dio.netty.allocator.numDirectArenas: 16
29 апр. 2026;09:14:54.747 [main] DEBUG i.n.buffer.PooledByteBufAllocator - -Dio.netty.allocator.pageSize: 8192
29 апр. 2026;09:14:54.747 [main] DEBUG i.n.buffer.PooledByteBufAllocator - -Dio.netty.allocator.maxOrder: 9
29 апр. 2026;09:14:54.747 [main] DEBUG i.n.buffer.PooledByteBufAllocator - -Dio.netty.allocator.chunkSize: 4194304
29 апр. 2026;09:14:54.747 [main] DEBUG i.n.buffer.PooledByteBufAllocator - -Dio.netty.allocator.smallCacheSize: 256
29 апр. 2026;09:14:54.748 [main] DEBUG i.n.buffer.PooledByteBufAllocator - -Dio.netty.allocator.normalCacheSize: 64
29 апр. 2026;09:14:54.748 [main] DEBUG i.n.buffer.PooledByteBufAllocator - -Dio.netty.allocator.maxCachedBufferCapacity: 32768
29 апр. 2026;09:14:54.748 [main] DEBUG i.n.buffer.PooledByteBufAllocator - -Dio.netty.allocator.cacheTrimInterval: 8192
29 апр. 2026;09:14:54.748 [main] DEBUG i.n.buffer.PooledByteBufAllocator - -Dio.netty.allocator.cacheTrimIntervalMillis: 0
29 апр. 2026;09:14:54.748 [main] DEBUG i.n.buffer.PooledByteBufAllocator - -Dio.netty.allocator.useCacheForAllThreads: false
29 апр. 2026;09:14:54.749 [main] DEBUG i.n.buffer.PooledByteBufAllocator - -Dio.netty.allocator.maxCachedByteBuffersPerChunk: 1023
29 апр. 2026;09:14:54.758 [main] DEBUG io.netty.buffer.ByteBufUtil - -Dio.netty.allocator.type: pooled
29 апр. 2026;09:14:54.758 [main] DEBUG io.netty.buffer.ByteBufUtil - -Dio.netty.threadLocalDirectBufferSize: 0
29 апр. 2026;09:14:54.758 [main] DEBUG io.netty.buffer.ByteBufUtil - -Dio.netty.maxThreadLocalCharBufferSize: 16384
29 апр. 2026;09:14:55.023 [main] DEBUG i.n.c.MultithreadEventLoopGroup - -Dio.netty.eventLoopThreads: 16
29 апр. 2026;09:14:55.038 [main] DEBUG io.netty.channel.nio.NioEventLoop - -Dio.netty.noKeySetOptimization: false
29 апр. 2026;09:14:55.038 [main] DEBUG io.netty.channel.nio.NioEventLoop - -Dio.netty.selectorAutoRebuildThreshold: 512
29 апр. 2026;09:14:55.043 [main] DEBUG i.n.util.internal.PlatformDependent - org.jctools-core.MpscChunkedArrayQueue: available
29 апр. 2026;09:14:55.237 [main] DEBUG io.netty.handler.ssl.OpenSsl - netty-tcnative not in the classpath; OpenSslEngine will be unavailable.
29 апр. 2026;09:14:55.442 [main] DEBUG io.netty.handler.ssl.JdkSslContext - Default protocols (JDK): [TLSv1.3, TLSv1.2] 
29 апр. 2026;09:14:55.442 [main] DEBUG io.netty.handler.ssl.JdkSslContext - Default cipher suites (JDK): [TLS_ECDHE_ECDSA_WITH_AES_256_GCM_SHA384, TLS_ECDHE_ECDSA_WITH_AES_128_GCM_SHA256, TLS_ECDHE_RSA_WITH_AES_128_GCM_SHA256, TLS_ECDHE_RSA_WITH_AES_256_GCM_SHA384, TLS_ECDHE_RSA_WITH_AES_128_CBC_SHA, TLS_ECDHE_RSA_WITH_AES_256_CBC_SHA, TLS_RSA_WITH_AES_128_GCM_SHA256, TLS_RSA_WITH_AES_128_CBC_SHA, TLS_RSA_WITH_AES_256_CBC_SHA, TLS_AES_128_GCM_SHA256, TLS_AES_256_GCM_SHA384]
29 апр. 2026;09:14:55.596 [main] DEBUG io.netty.channel.DefaultChannelId - -Dio.netty.processId: 13016 (auto-detected)
29 апр. 2026;09:14:55.598 [main] DEBUG io.netty.util.NetUtil - -Djava.net.preferIPv4Stack: false
29 апр. 2026;09:14:55.598 [main] DEBUG io.netty.util.NetUtil - -Djava.net.preferIPv6Addresses: false
29 апр. 2026;09:14:55.614 [main] DEBUG io.netty.util.NetUtilInitializations - Loopback interface: lo (Software Loopback Interface 1, 127.0.0.1)
29 апр. 2026;09:14:55.615 [main] DEBUG io.netty.util.NetUtil - Failed to get SOMAXCONN from sysctl and file \proc\sys\net\core\somaxconn. Default: 200
29 апр. 2026;09:14:55.721 [main] DEBUG io.netty.channel.DefaultChannelId - -Dio.netty.machineId: 30:9c:23:ff:fe:02:cb:6e (auto-detected)
29 апр. 2026;09:14:55.754 [default-nioEventLoopGroup-1-1] DEBUG io.netty.buffer.AbstractByteBuf - -Dio.netty.buffer.checkAccessible: true
29 апр. 2026;09:14:55.754 [default-nioEventLoopGroup-1-1] DEBUG io.netty.buffer.AbstractByteBuf - -Dio.netty.buffer.checkBounds: true
29 апр. 2026;09:14:55.756 [default-nioEventLoopGroup-1-1] DEBUG i.n.util.ResourceLeakDetectorFactory - Loaded default ResourceLeakDetector: io.netty.util.ResourceLeakDetector@1bd200f4
29 апр. 2026;09:14:55.794 [default-nioEventLoopGroup-1-1] DEBUG io.netty.util.Recycler - -Dio.netty.recycler.maxCapacityPerThread: 4096
29 апр. 2026;09:14:55.794 [default-nioEventLoopGroup-1-1] DEBUG io.netty.util.Recycler - -Dio.netty.recycler.ratio: 8
29 апр. 2026;09:14:55.794 [default-nioEventLoopGroup-1-1] DEBUG io.netty.util.Recycler - -Dio.netty.recycler.chunkSize: 32
29 апр. 2026;09:14:55.794 [default-nioEventLoopGroup-1-1] DEBUG io.netty.util.Recycler - -Dio.netty.recycler.blocking: false
29 апр. 2026;09:14:55.845 [default-nioEventLoopGroup-1-1] DEBUG i.n.handler.codec.compression.Brotli - brotli4j not in the classpath; Brotli support will be unavailable.
29 апр. 2026;09:14:59.759 [main] INFO  io.micronaut.runtime.Micronaut - Startup completed in 6341ms. Server Running: http://localhost:8085
29 апр. 2026;09:15:31.622 [default-nioEventLoopGroup-1-4] DEBUG i.n.h.c.compression.ZlibCodecFactory - -Dio.netty.noJdkZlibDecoder: false
29 апр. 2026;09:15:31.623 [default-nioEventLoopGroup-1-4] DEBUG i.n.h.c.compression.ZlibCodecFactory - -Dio.netty.noJdkZlibEncoder: false
29 апр. 2026;09:16:53.240 [Thread-0] INFO  io.micronaut.runtime.Micronaut - Embedded Application shutting down
29 апр. 2026;09:16:53.274 [default-nioEventLoopGroup-1-7] DEBUG io.netty.buffer.PoolThreadCache - Freed 3 thread-local buffer(s) from thread: default-nioEventLoopGroup-1-7
29 апр. 2026;09:16:53.274 [default-nioEventLoopGroup-1-9] DEBUG io.netty.buffer.PoolThreadCache - Freed 3 thread-local buffer(s) from thread: default-nioEventLoopGroup-1-9
29 апр. 2026;09:16:53.274 [default-nioEventLoopGroup-1-6] DEBUG io.netty.buffer.PoolThreadCache - Freed 3 thread-local buffer(s) from thread: default-nioEventLoopGroup-1-6
29 апр. 2026;09:16:53.275 [default-nioEventLoopGroup-1-15] DEBUG io.netty.buffer.PoolThreadCache - Freed 3 thread-local buffer(s) from thread: default-nioEventLoopGroup-1-15
29 апр. 2026;09:16:53.274 [default-nioEventLoopGroup-1-8] DEBUG io.netty.buffer.PoolThreadCache - Freed 3 thread-local buffer(s) from thread: default-nioEventLoopGroup-1-8
29 апр. 2026;09:16:53.274 [default-nioEventLoopGroup-1-10] DEBUG io.netty.buffer.PoolThreadCache - Freed 3 thread-local buffer(s) from thread: default-nioEventLoopGroup-1-10
29 апр. 2026;09:16:53.274 [default-nioEventLoopGroup-1-5] DEBUG io.netty.buffer.PoolThreadCache - Freed 3 thread-local buffer(s) from thread: default-nioEventLoopGroup-1-5
29 апр. 2026;09:16:53.274 [default-nioEventLoopGroup-1-12] DEBUG io.netty.buffer.PoolThreadCache - Freed 3 thread-local buffer(s) from thread: default-nioEventLoopGroup-1-12
29 апр. 2026;09:16:53.274 [default-nioEventLoopGroup-1-1] DEBUG io.netty.buffer.PoolThreadCache - Freed 26 thread-local buffer(s) from thread: default-nioEventLoopGroup-1-1
29 апр. 2026;09:16:53.274 [default-nioEventLoopGroup-1-11] DEBUG io.netty.buffer.PoolThreadCache - Freed 3 thread-local buffer(s) from thread: default-nioEventLoopGroup-1-11
29 апр. 2026;09:16:53.274 [default-nioEventLoopGroup-1-2] DEBUG io.netty.buffer.PoolThreadCache - Freed 36 thread-local buffer(s) from thread: default-nioEventLoopGroup-1-2
29 апр. 2026;09:16:53.274 [default-nioEventLoopGroup-1-13] DEBUG io.netty.buffer.PoolThreadCache - Freed 6 thread-local buffer(s) from thread: default-nioEventLoopGroup-1-13
29 апр. 2026;09:16:53.275 [default-nioEventLoopGroup-1-14] DEBUG io.netty.buffer.PoolThreadCache - Freed 3 thread-local buffer(s) from thread: default-nioEventLoopGroup-1-14
29 апр. 2026;09:16:53.275 [default-nioEventLoopGroup-1-16] DEBUG io.netty.buffer.PoolThreadCache - Freed 3 thread-local buffer(s) from thread: default-nioEventLoopGroup-1-16
29 апр. 2026;09:16:53.279 [Thread-0] DEBUG reactor.core.publisher.Hooks - Reset onEachOperator: micronaut
04 мая 2026;12:25:19.561 [main] DEBUG i.n.u.i.l.InternalLoggerFactory - Using SLF4J as the default logging framework
04 мая 2026;12:25:19.565 [main] DEBUG i.n.u.i.InternalThreadLocalMap - -Dio.netty.threadLocalMap.stringBuilder.initialSize: 1024
04 мая 2026;12:25:19.565 [main] DEBUG i.n.u.i.InternalThreadLocalMap - -Dio.netty.threadLocalMap.stringBuilder.maxSize: 4096
04 мая 2026;12:25:19.580 [main] DEBUG i.n.util.internal.PlatformDependent0 - -Dio.netty.noUnsafe: false
04 мая 2026;12:25:19.593 [main] DEBUG i.n.util.internal.PlatformDependent0 - Java version: 8
04 мая 2026;12:25:19.594 [main] DEBUG i.n.util.internal.PlatformDependent0 - sun.misc.Unsafe.theUnsafe: available
04 мая 2026;12:25:19.595 [main] DEBUG i.n.util.internal.PlatformDependent0 - sun.misc.Unsafe.copyMemory: available
04 мая 2026;12:25:19.595 [main] DEBUG i.n.util.internal.PlatformDependent0 - sun.misc.Unsafe.storeFence: available
04 мая 2026;12:25:19.595 [main] DEBUG i.n.util.internal.PlatformDependent0 - java.nio.Buffer.address: available
04 мая 2026;12:25:19.596 [main] DEBUG i.n.util.internal.PlatformDependent0 - direct buffer constructor: available
04 мая 2026;12:25:19.596 [main] DEBUG i.n.util.internal.PlatformDependent0 - java.nio.Bits.unaligned: available, true
04 мая 2026;12:25:19.596 [main] DEBUG i.n.util.internal.PlatformDependent0 - jdk.internal.misc.Unsafe.allocateUninitializedArray(int): unavailable prior to Java9
04 мая 2026;12:25:19.596 [main] DEBUG i.n.util.internal.PlatformDependent0 - java.nio.DirectByteBuffer.<init>(long, int): available
04 мая 2026;12:25:19.596 [main] DEBUG i.n.util.internal.PlatformDependent - sun.misc.Unsafe: available
04 мая 2026;12:25:19.597 [main] DEBUG i.n.util.internal.PlatformDependent - -Dio.netty.tmpdir: C:\Users\psoko\AppData\Local\Temp (java.io.tmpdir)
04 мая 2026;12:25:19.597 [main] DEBUG i.n.util.internal.PlatformDependent - -Dio.netty.bitMode: 64 (sun.arch.data.model)
04 мая 2026;12:25:19.597 [main] DEBUG i.n.util.internal.PlatformDependent - Platform: Windows
04 мая 2026;12:25:19.598 [main] DEBUG i.n.util.internal.PlatformDependent - -Dio.netty.maxDirectMemory: 7628390400 bytes
04 мая 2026;12:25:19.598 [main] DEBUG i.n.util.internal.PlatformDependent - -Dio.netty.uninitializedArrayAllocationThreshold: -1
04 мая 2026;12:25:19.599 [main] DEBUG io.netty.util.internal.CleanerJava6 - java.nio.ByteBuffer.cleaner(): available
04 мая 2026;12:25:19.600 [main] DEBUG i.n.util.internal.PlatformDependent - -Dio.netty.noPreferDirect: false
04 мая 2026;12:25:19.608 [main] DEBUG io.netty.util.ResourceLeakDetector - -Dio.netty.leakDetection.level: simple
04 мая 2026;12:25:19.608 [main] DEBUG io.netty.util.ResourceLeakDetector - -Dio.netty.leakDetection.targetRecords: 4
04 мая 2026;12:25:19.611 [main] DEBUG i.n.buffer.PooledByteBufAllocator - -Dio.netty.allocator.numHeapArenas: 16
04 мая 2026;12:25:19.611 [main] DEBUG i.n.buffer.PooledByteBufAllocator - -Dio.netty.allocator.numDirectArenas: 16
04 мая 2026;12:25:19.611 [main] DEBUG i.n.buffer.PooledByteBufAllocator - -Dio.netty.allocator.pageSize: 8192
04 мая 2026;12:25:19.611 [main] DEBUG i.n.buffer.PooledByteBufAllocator - -Dio.netty.allocator.maxOrder: 9
04 мая 2026;12:25:19.611 [main] DEBUG i.n.buffer.PooledByteBufAllocator - -Dio.netty.allocator.chunkSize: 4194304
04 мая 2026;12:25:19.611 [main] DEBUG i.n.buffer.PooledByteBufAllocator - -Dio.netty.allocator.smallCacheSize: 256
04 мая 2026;12:25:19.611 [main] DEBUG i.n.buffer.PooledByteBufAllocator - -Dio.netty.allocator.normalCacheSize: 64
04 мая 2026;12:25:19.611 [main] DEBUG i.n.buffer.PooledByteBufAllocator - -Dio.netty.allocator.maxCachedBufferCapacity: 32768
04 мая 2026;12:25:19.611 [main] DEBUG i.n.buffer.PooledByteBufAllocator - -Dio.netty.allocator.cacheTrimInterval: 8192
04 мая 2026;12:25:19.612 [main] DEBUG i.n.buffer.PooledByteBufAllocator - -Dio.netty.allocator.cacheTrimIntervalMillis: 0
04 мая 2026;12:25:19.612 [main] DEBUG i.n.buffer.PooledByteBufAllocator - -Dio.netty.allocator.useCacheForAllThreads: false
04 мая 2026;12:25:19.612 [main] DEBUG i.n.buffer.PooledByteBufAllocator - -Dio.netty.allocator.maxCachedByteBuffersPerChunk: 1023
04 мая 2026;12:25:19.625 [main] DEBUG io.netty.buffer.ByteBufUtil - -Dio.netty.allocator.type: pooled
04 мая 2026;12:25:19.625 [main] DEBUG io.netty.buffer.ByteBufUtil - -Dio.netty.threadLocalDirectBufferSize: 0
04 мая 2026;12:25:19.625 [main] DEBUG io.netty.buffer.ByteBufUtil - -Dio.netty.maxThreadLocalCharBufferSize: 16384
04 мая 2026;12:25:19.958 [main] DEBUG i.n.c.MultithreadEventLoopGroup - -Dio.netty.eventLoopThreads: 16
04 мая 2026;12:25:19.981 [main] DEBUG io.netty.channel.nio.NioEventLoop - -Dio.netty.noKeySetOptimization: false
04 мая 2026;12:25:19.982 [main] DEBUG io.netty.channel.nio.NioEventLoop - -Dio.netty.selectorAutoRebuildThreshold: 512
04 мая 2026;12:25:19.990 [main] DEBUG i.n.util.internal.PlatformDependent - org.jctools-core.MpscChunkedArrayQueue: available
04 мая 2026;12:25:20.460 [main] DEBUG io.netty.handler.ssl.OpenSsl - netty-tcnative not in the classpath; OpenSslEngine will be unavailable.
04 мая 2026;12:25:20.764 [main] DEBUG io.netty.handler.ssl.JdkSslContext - Default protocols (JDK): [TLSv1.3, TLSv1.2] 
04 мая 2026;12:25:20.764 [main] DEBUG io.netty.handler.ssl.JdkSslContext - Default cipher suites (JDK): [TLS_ECDHE_ECDSA_WITH_AES_256_GCM_SHA384, TLS_ECDHE_ECDSA_WITH_AES_128_GCM_SHA256, TLS_ECDHE_RSA_WITH_AES_128_GCM_SHA256, TLS_ECDHE_RSA_WITH_AES_256_GCM_SHA384, TLS_ECDHE_RSA_WITH_AES_128_CBC_SHA, TLS_ECDHE_RSA_WITH_AES_256_CBC_SHA, TLS_RSA_WITH_AES_128_GCM_SHA256, TLS_RSA_WITH_AES_128_CBC_SHA, TLS_RSA_WITH_AES_256_CBC_SHA, TLS_AES_128_GCM_SHA256, TLS_AES_256_GCM_SHA384]
04 мая 2026;12:25:20.770 [main] DEBUG reactor.util.Loggers - Using Slf4j logging framework
04 мая 2026;12:25:20.834 [main] DEBUG reactor.core.publisher.Hooks - Hooking onEachOperator: micronaut
04 мая 2026;12:25:20.929 [main] DEBUG io.netty.channel.DefaultChannelId - -Dio.netty.processId: 35624 (auto-detected)
04 мая 2026;12:25:20.930 [main] DEBUG io.netty.util.NetUtil - -Djava.net.preferIPv4Stack: false
04 мая 2026;12:25:20.931 [main] DEBUG io.netty.util.NetUtil - -Djava.net.preferIPv6Addresses: false
04 мая 2026;12:25:21.236 [main] DEBUG io.netty.util.NetUtilInitializations - Loopback interface: lo (Software Loopback Interface 1, 127.0.0.1)
04 мая 2026;12:25:21.237 [main] DEBUG io.netty.util.NetUtil - Failed to get SOMAXCONN from sysctl and file \proc\sys\net\core\somaxconn. Default: 200
04 мая 2026;12:25:21.628 [main] DEBUG io.netty.channel.DefaultChannelId - -Dio.netty.machineId: 00:ff:8a:ff:fe:22:0c:52 (auto-detected)
04 мая 2026;12:25:21.698 [default-nioEventLoopGroup-1-1] DEBUG io.netty.buffer.AbstractByteBuf - -Dio.netty.buffer.checkAccessible: true
04 мая 2026;12:25:21.698 [default-nioEventLoopGroup-1-1] DEBUG io.netty.buffer.AbstractByteBuf - -Dio.netty.buffer.checkBounds: true
04 мая 2026;12:25:21.698 [default-nioEventLoopGroup-1-1] DEBUG i.n.util.ResourceLeakDetectorFactory - Loaded default ResourceLeakDetector: io.netty.util.ResourceLeakDetector@2cd8a07b
04 мая 2026;12:25:21.743 [default-nioEventLoopGroup-1-1] DEBUG io.netty.util.Recycler - -Dio.netty.recycler.maxCapacityPerThread: 4096
04 мая 2026;12:25:21.743 [default-nioEventLoopGroup-1-1] DEBUG io.netty.util.Recycler - -Dio.netty.recycler.ratio: 8
04 мая 2026;12:25:21.743 [default-nioEventLoopGroup-1-1] DEBUG io.netty.util.Recycler - -Dio.netty.recycler.chunkSize: 32
04 мая 2026;12:25:21.743 [default-nioEventLoopGroup-1-1] DEBUG io.netty.util.Recycler - -Dio.netty.recycler.blocking: false
04 мая 2026;12:25:21.798 [default-nioEventLoopGroup-1-1] DEBUG i.n.handler.codec.compression.Brotli - brotli4j not in the classpath; Brotli support will be unavailable.
04 мая 2026;12:25:24.954 [main] INFO  io.micronaut.runtime.Micronaut - Startup completed in 6690ms. Server Running: http://localhost:8085
04 мая 2026;12:41:52.844 [Thread-1] INFO  io.micronaut.runtime.Micronaut - Embedded Application shutting down
04 мая 2026;12:41:52.865 [default-nioEventLoopGroup-1-8] DEBUG io.netty.buffer.PoolThreadCache - Freed 3 thread-local buffer(s) from thread: default-nioEventLoopGroup-1-8
04 мая 2026;12:41:52.865 [default-nioEventLoopGroup-1-9] DEBUG io.netty.buffer.PoolThreadCache - Freed 5 thread-local buffer(s) from thread: default-nioEventLoopGroup-1-9
04 мая 2026;12:41:52.866 [default-nioEventLoopGroup-1-14] DEBUG io.netty.buffer.PoolThreadCache - Freed 38 thread-local buffer(s) from thread: default-nioEventLoopGroup-1-14
04 мая 2026;12:41:52.866 [default-nioEventLoopGroup-1-16] DEBUG io.netty.buffer.PoolThreadCache - Freed 3 thread-local buffer(s) from thread: default-nioEventLoopGroup-1-16
04 мая 2026;12:41:52.866 [default-nioEventLoopGroup-1-15] DEBUG io.netty.buffer.PoolThreadCache - Freed 3 thread-local buffer(s) from thread: default-nioEventLoopGroup-1-15
04 мая 2026;12:41:52.867 [default-nioEventLoopGroup-1-5] DEBUG io.netty.buffer.PoolThreadCache - Freed 27 thread-local buffer(s) from thread: default-nioEventLoopGroup-1-5
04 мая 2026;12:41:52.867 [default-nioEventLoopGroup-1-6] DEBUG io.netty.buffer.PoolThreadCache - Freed 40 thread-local buffer(s) from thread: default-nioEventLoopGroup-1-6
04 мая 2026;12:41:52.865 [default-nioEventLoopGroup-1-11] DEBUG io.netty.buffer.PoolThreadCache - Freed 3 thread-local buffer(s) from thread: default-nioEventLoopGroup-1-11
04 мая 2026;12:41:52.867 [default-nioEventLoopGroup-1-4] DEBUG io.netty.buffer.PoolThreadCache - Freed 3 thread-local buffer(s) from thread: default-nioEventLoopGroup-1-4
04 мая 2026;12:41:52.865 [default-nioEventLoopGroup-1-3] DEBUG io.netty.buffer.PoolThreadCache - Freed 5 thread-local buffer(s) from thread: default-nioEventLoopGroup-1-3
04 мая 2026;12:41:52.866 [default-nioEventLoopGroup-1-13] DEBUG io.netty.buffer.PoolThreadCache - Freed 39 thread-local buffer(s) from thread: default-nioEventLoopGroup-1-13
04 мая 2026;12:41:52.866 [default-nioEventLoopGroup-1-1] DEBUG io.netty.buffer.PoolThreadCache - Freed 24 thread-local buffer(s) from thread: default-nioEventLoopGroup-1-1
04 мая 2026;12:41:52.865 [default-nioEventLoopGroup-1-10] DEBUG io.netty.buffer.PoolThreadCache - Freed 3 thread-local buffer(s) from thread: default-nioEventLoopGroup-1-10
04 мая 2026;12:41:52.866 [default-nioEventLoopGroup-1-7] DEBUG io.netty.buffer.PoolThreadCache - Freed 3 thread-local buffer(s) from thread: default-nioEventLoopGroup-1-7
04 мая 2026;12:41:52.865 [default-nioEventLoopGroup-1-12] DEBUG io.netty.buffer.PoolThreadCache - Freed 3 thread-local buffer(s) from thread: default-nioEventLoopGroup-1-12
04 мая 2026;12:41:52.866 [default-nioEventLoopGroup-1-2] DEBUG io.netty.buffer.PoolThreadCache - Freed 38 thread-local buffer(s) from thread: default-nioEventLoopGroup-1-2
04 мая 2026;12:41:52.871 [Thread-1] DEBUG reactor.core.publisher.Hooks - Reset onEachOperator: micronaut
04 мая 2026;12:56:45.471 [main] DEBUG i.n.u.i.l.InternalLoggerFactory - Using SLF4J as the default logging framework
04 мая 2026;12:56:45.477 [main] DEBUG i.n.u.i.InternalThreadLocalMap - -Dio.netty.threadLocalMap.stringBuilder.initialSize: 1024
04 мая 2026;12:56:45.478 [main] DEBUG i.n.u.i.InternalThreadLocalMap - -Dio.netty.threadLocalMap.stringBuilder.maxSize: 4096
04 мая 2026;12:56:45.501 [main] DEBUG i.n.util.internal.PlatformDependent0 - -Dio.netty.noUnsafe: false
04 мая 2026;12:56:45.502 [main] DEBUG i.n.util.internal.PlatformDependent0 - Java version: 8
04 мая 2026;12:56:45.502 [main] DEBUG i.n.util.internal.PlatformDependent0 - sun.misc.Unsafe.theUnsafe: available
04 мая 2026;12:56:45.503 [main] DEBUG i.n.util.internal.PlatformDependent0 - sun.misc.Unsafe.copyMemory: available
04 мая 2026;12:56:45.503 [main] DEBUG i.n.util.internal.PlatformDependent0 - sun.misc.Unsafe.storeFence: available
04 мая 2026;12:56:45.504 [main] DEBUG i.n.util.internal.PlatformDependent0 - java.nio.Buffer.address: available
04 мая 2026;12:56:45.504 [main] DEBUG i.n.util.internal.PlatformDependent0 - direct buffer constructor: available
04 мая 2026;12:56:45.505 [main] DEBUG i.n.util.internal.PlatformDependent0 - java.nio.Bits.unaligned: available, true
04 мая 2026;12:56:45.505 [main] DEBUG i.n.util.internal.PlatformDependent0 - jdk.internal.misc.Unsafe.allocateUninitializedArray(int): unavailable prior to Java9
04 мая 2026;12:56:45.505 [main] DEBUG i.n.util.internal.PlatformDependent0 - java.nio.DirectByteBuffer.<init>(long, int): available
04 мая 2026;12:56:45.506 [main] DEBUG i.n.util.internal.PlatformDependent - sun.misc.Unsafe: available
04 мая 2026;12:56:45.506 [main] DEBUG i.n.util.internal.PlatformDependent - -Dio.netty.tmpdir: C:\Users\psoko\AppData\Local\Temp (java.io.tmpdir)
04 мая 2026;12:56:45.507 [main] DEBUG i.n.util.internal.PlatformDependent - -Dio.netty.bitMode: 64 (sun.arch.data.model)
04 мая 2026;12:56:45.508 [main] DEBUG i.n.util.internal.PlatformDependent - Platform: Windows
04 мая 2026;12:56:45.509 [main] DEBUG i.n.util.internal.PlatformDependent - -Dio.netty.maxDirectMemory: 7628390400 bytes
04 мая 2026;12:56:45.509 [main] DEBUG i.n.util.internal.PlatformDependent - -Dio.netty.uninitializedArrayAllocationThreshold: -1
04 мая 2026;12:56:45.510 [main] DEBUG io.netty.util.internal.CleanerJava6 - java.nio.ByteBuffer.cleaner(): available
04 мая 2026;12:56:45.510 [main] DEBUG i.n.util.internal.PlatformDependent - -Dio.netty.noPreferDirect: false
04 мая 2026;12:56:45.524 [main] DEBUG io.netty.util.ResourceLeakDetector - -Dio.netty.leakDetection.level: simple
04 мая 2026;12:56:45.524 [main] DEBUG io.netty.util.ResourceLeakDetector - -Dio.netty.leakDetection.targetRecords: 4
04 мая 2026;12:56:45.528 [main] DEBUG i.n.buffer.PooledByteBufAllocator - -Dio.netty.allocator.numHeapArenas: 16
04 мая 2026;12:56:45.529 [main] DEBUG i.n.buffer.PooledByteBufAllocator - -Dio.netty.allocator.numDirectArenas: 16
04 мая 2026;12:56:45.529 [main] DEBUG i.n.buffer.PooledByteBufAllocator - -Dio.netty.allocator.pageSize: 8192
04 мая 2026;12:56:45.529 [main] DEBUG i.n.buffer.PooledByteBufAllocator - -Dio.netty.allocator.maxOrder: 9
04 мая 2026;12:56:45.529 [main] DEBUG i.n.buffer.PooledByteBufAllocator - -Dio.netty.allocator.chunkSize: 4194304
04 мая 2026;12:56:45.529 [main] DEBUG i.n.buffer.PooledByteBufAllocator - -Dio.netty.allocator.smallCacheSize: 256
04 мая 2026;12:56:45.529 [main] DEBUG i.n.buffer.PooledByteBufAllocator - -Dio.netty.allocator.normalCacheSize: 64
04 мая 2026;12:56:45.529 [main] DEBUG i.n.buffer.PooledByteBufAllocator - -Dio.netty.allocator.maxCachedBufferCapacity: 32768
04 мая 2026;12:56:45.529 [main] DEBUG i.n.buffer.PooledByteBufAllocator - -Dio.netty.allocator.cacheTrimInterval: 8192
04 мая 2026;12:56:45.529 [main] DEBUG i.n.buffer.PooledByteBufAllocator - -Dio.netty.allocator.cacheTrimIntervalMillis: 0
04 мая 2026;12:56:45.529 [main] DEBUG i.n.buffer.PooledByteBufAllocator - -Dio.netty.allocator.useCacheForAllThreads: false
04 мая 2026;12:56:45.529 [main] DEBUG i.n.buffer.PooledByteBufAllocator - -Dio.netty.allocator.maxCachedByteBuffersPerChunk: 1023
04 мая 2026;12:56:45.547 [main] DEBUG io.netty.buffer.ByteBufUtil - -Dio.netty.allocator.type: pooled
04 мая 2026;12:56:45.547 [main] DEBUG io.netty.buffer.ByteBufUtil - -Dio.netty.threadLocalDirectBufferSize: 0
04 мая 2026;12:56:45.547 [main] DEBUG io.netty.buffer.ByteBufUtil - -Dio.netty.maxThreadLocalCharBufferSize: 16384
04 мая 2026;12:56:46.040 [main] DEBUG i.n.c.MultithreadEventLoopGroup - -Dio.netty.eventLoopThreads: 16
04 мая 2026;12:56:46.068 [main] DEBUG io.netty.channel.nio.NioEventLoop - -Dio.netty.noKeySetOptimization: false
04 мая 2026;12:56:46.068 [main] DEBUG io.netty.channel.nio.NioEventLoop - -Dio.netty.selectorAutoRebuildThreshold: 512
04 мая 2026;12:56:46.079 [main] DEBUG i.n.util.internal.PlatformDependent - org.jctools-core.MpscChunkedArrayQueue: available
04 мая 2026;12:56:46.642 [main] DEBUG io.netty.handler.ssl.OpenSsl - netty-tcnative not in the classpath; OpenSslEngine will be unavailable.
04 мая 2026;12:56:46.777 [main] DEBUG io.netty.handler.ssl.JdkSslContext - Default protocols (JDK): [TLSv1.3, TLSv1.2] 
04 мая 2026;12:56:46.777 [main] DEBUG io.netty.handler.ssl.JdkSslContext - Default cipher suites (JDK): [TLS_ECDHE_ECDSA_WITH_AES_256_GCM_SHA384, TLS_ECDHE_ECDSA_WITH_AES_128_GCM_SHA256, TLS_ECDHE_RSA_WITH_AES_128_GCM_SHA256, TLS_ECDHE_RSA_WITH_AES_256_GCM_SHA384, TLS_ECDHE_RSA_WITH_AES_128_CBC_SHA, TLS_ECDHE_RSA_WITH_AES_256_CBC_SHA, TLS_RSA_WITH_AES_128_GCM_SHA256, TLS_RSA_WITH_AES_128_CBC_SHA, TLS_RSA_WITH_AES_256_CBC_SHA, TLS_AES_128_GCM_SHA256, TLS_AES_256_GCM_SHA384]
04 мая 2026;12:56:46.786 [main] DEBUG reactor.util.Loggers - Using Slf4j logging framework
04 мая 2026;12:56:46.870 [main] DEBUG reactor.core.publisher.Hooks - Hooking onEachOperator: micronaut
04 мая 2026;12:56:46.988 [main] DEBUG io.netty.channel.DefaultChannelId - -Dio.netty.processId: 19788 (auto-detected)
04 мая 2026;12:56:46.990 [main] DEBUG io.netty.util.NetUtil - -Djava.net.preferIPv4Stack: false
04 мая 2026;12:56:46.990 [main] DEBUG io.netty.util.NetUtil - -Djava.net.preferIPv6Addresses: false
04 мая 2026;12:56:47.344 [main] DEBUG io.netty.util.NetUtilInitializations - Loopback interface: lo (Software Loopback Interface 1, 127.0.0.1)
04 мая 2026;12:56:47.345 [main] DEBUG io.netty.util.NetUtil - Failed to get SOMAXCONN from sysctl and file \proc\sys\net\core\somaxconn. Default: 200
04 мая 2026;12:56:47.778 [main] DEBUG io.netty.channel.DefaultChannelId - -Dio.netty.machineId: 00:ff:8a:ff:fe:22:0c:52 (auto-detected)
04 мая 2026;12:56:47.881 [default-nioEventLoopGroup-1-1] DEBUG io.netty.buffer.AbstractByteBuf - -Dio.netty.buffer.checkAccessible: true
04 мая 2026;12:56:47.881 [default-nioEventLoopGroup-1-1] DEBUG io.netty.buffer.AbstractByteBuf - -Dio.netty.buffer.checkBounds: true
04 мая 2026;12:56:47.882 [default-nioEventLoopGroup-1-1] DEBUG i.n.util.ResourceLeakDetectorFactory - Loaded default ResourceLeakDetector: io.netty.util.ResourceLeakDetector@49100b13
04 мая 2026;12:56:47.932 [default-nioEventLoopGroup-1-1] DEBUG io.netty.util.Recycler - -Dio.netty.recycler.maxCapacityPerThread: 4096
04 мая 2026;12:56:47.932 [default-nioEventLoopGroup-1-1] DEBUG io.netty.util.Recycler - -Dio.netty.recycler.ratio: 8
04 мая 2026;12:56:47.932 [default-nioEventLoopGroup-1-1] DEBUG io.netty.util.Recycler - -Dio.netty.recycler.chunkSize: 32
04 мая 2026;12:56:47.932 [default-nioEventLoopGroup-1-1] DEBUG io.netty.util.Recycler - -Dio.netty.recycler.blocking: false
04 мая 2026;12:56:47.991 [default-nioEventLoopGroup-1-1] DEBUG i.n.handler.codec.compression.Brotli - brotli4j not in the classpath; Brotli support will be unavailable.
04 мая 2026;12:56:51.432 [main] INFO  io.micronaut.runtime.Micronaut - Startup completed in 7679ms. Server Running: http://localhost:8085
04 мая 2026;13:04:04.260 [Thread-1] INFO  io.micronaut.runtime.Micronaut - Embedded Application shutting down
04 мая 2026;13:04:04.277 [default-nioEventLoopGroup-1-11] DEBUG io.netty.buffer.PoolThreadCache - Freed 3 thread-local buffer(s) from thread: default-nioEventLoopGroup-1-11
04 мая 2026;13:04:04.277 [default-nioEventLoopGroup-1-12] DEBUG io.netty.buffer.PoolThreadCache - Freed 5 thread-local buffer(s) from thread: default-nioEventLoopGroup-1-12
04 мая 2026;13:04:04.277 [default-nioEventLoopGroup-1-7] DEBUG io.netty.buffer.PoolThreadCache - Freed 3 thread-local buffer(s) from thread: default-nioEventLoopGroup-1-7
04 мая 2026;13:04:04.277 [default-nioEventLoopGroup-1-4] DEBUG io.netty.buffer.PoolThreadCache - Freed 8 thread-local buffer(s) from thread: default-nioEventLoopGroup-1-4
04 мая 2026;13:04:04.277 [default-nioEventLoopGroup-1-6] DEBUG io.netty.buffer.PoolThreadCache - Freed 4 thread-local buffer(s) from thread: default-nioEventLoopGroup-1-6
04 мая 2026;13:04:04.277 [default-nioEventLoopGroup-1-5] DEBUG io.netty.buffer.PoolThreadCache - Freed 4 thread-local buffer(s) from thread: default-nioEventLoopGroup-1-5
04 мая 2026;13:04:04.277 [default-nioEventLoopGroup-1-9] DEBUG io.netty.buffer.PoolThreadCache - Freed 41 thread-local buffer(s) from thread: default-nioEventLoopGroup-1-9
04 мая 2026;13:04:04.277 [default-nioEventLoopGroup-1-13] DEBUG io.netty.buffer.PoolThreadCache - Freed 10 thread-local buffer(s) from thread: default-nioEventLoopGroup-1-13
04 мая 2026;13:04:04.277 [default-nioEventLoopGroup-1-14] DEBUG io.netty.buffer.PoolThreadCache - Freed 3 thread-local buffer(s) from thread: default-nioEventLoopGroup-1-14
04 мая 2026;13:04:04.277 [default-nioEventLoopGroup-1-15] DEBUG io.netty.buffer.PoolThreadCache - Freed 4 thread-local buffer(s) from thread: default-nioEventLoopGroup-1-15
04 мая 2026;13:04:04.277 [default-nioEventLoopGroup-1-8] DEBUG io.netty.buffer.PoolThreadCache - Freed 29 thread-local buffer(s) from thread: default-nioEventLoopGroup-1-8
04 мая 2026;13:04:04.277 [default-nioEventLoopGroup-1-16] DEBUG io.netty.buffer.PoolThreadCache - Freed 7 thread-local buffer(s) from thread: default-nioEventLoopGroup-1-16
04 мая 2026;13:04:04.277 [default-nioEventLoopGroup-1-2] DEBUG io.netty.buffer.PoolThreadCache - Freed 39 thread-local buffer(s) from thread: default-nioEventLoopGroup-1-2
04 мая 2026;13:04:04.277 [default-nioEventLoopGroup-1-3] DEBUG io.netty.buffer.PoolThreadCache - Freed 7 thread-local buffer(s) from thread: default-nioEventLoopGroup-1-3
04 мая 2026;13:04:04.277 [default-nioEventLoopGroup-1-1] DEBUG io.netty.buffer.PoolThreadCache - Freed 22 thread-local buffer(s) from thread: default-nioEventLoopGroup-1-1
04 мая 2026;13:04:04.277 [default-nioEventLoopGroup-1-10] DEBUG io.netty.buffer.PoolThreadCache - Freed 11 thread-local buffer(s) from thread: default-nioEventLoopGroup-1-10
04 мая 2026;13:04:04.283 [Thread-1] DEBUG reactor.core.publisher.Hooks - Reset onEachOperator: micronaut
04 мая 2026;13:19:22.346 [main] DEBUG i.n.u.i.l.InternalLoggerFactory - Using SLF4J as the default logging framework
04 мая 2026;13:19:22.350 [main] DEBUG i.n.u.i.InternalThreadLocalMap - -Dio.netty.threadLocalMap.stringBuilder.initialSize: 1024
04 мая 2026;13:19:22.350 [main] DEBUG i.n.u.i.InternalThreadLocalMap - -Dio.netty.threadLocalMap.stringBuilder.maxSize: 4096
04 мая 2026;13:19:22.364 [main] DEBUG i.n.util.internal.PlatformDependent0 - -Dio.netty.noUnsafe: false
04 мая 2026;13:19:22.365 [main] DEBUG i.n.util.internal.PlatformDependent0 - Java version: 8
04 мая 2026;13:19:22.366 [main] DEBUG i.n.util.internal.PlatformDependent0 - sun.misc.Unsafe.theUnsafe: available
04 мая 2026;13:19:22.366 [main] DEBUG i.n.util.internal.PlatformDependent0 - sun.misc.Unsafe.copyMemory: available
04 мая 2026;13:19:22.367 [main] DEBUG i.n.util.internal.PlatformDependent0 - sun.misc.Unsafe.storeFence: available
04 мая 2026;13:19:22.367 [main] DEBUG i.n.util.internal.PlatformDependent0 - java.nio.Buffer.address: available
04 мая 2026;13:19:22.368 [main] DEBUG i.n.util.internal.PlatformDependent0 - direct buffer constructor: available
04 мая 2026;13:19:22.368 [main] DEBUG i.n.util.internal.PlatformDependent0 - java.nio.Bits.unaligned: available, true
04 мая 2026;13:19:22.369 [main] DEBUG i.n.util.internal.PlatformDependent0 - jdk.internal.misc.Unsafe.allocateUninitializedArray(int): unavailable prior to Java9
04 мая 2026;13:19:22.369 [main] DEBUG i.n.util.internal.PlatformDependent0 - java.nio.DirectByteBuffer.<init>(long, int): available
04 мая 2026;13:19:22.369 [main] DEBUG i.n.util.internal.PlatformDependent - sun.misc.Unsafe: available
04 мая 2026;13:19:22.369 [main] DEBUG i.n.util.internal.PlatformDependent - -Dio.netty.tmpdir: C:\Users\psoko\AppData\Local\Temp (java.io.tmpdir)
04 мая 2026;13:19:22.369 [main] DEBUG i.n.util.internal.PlatformDependent - -Dio.netty.bitMode: 64 (sun.arch.data.model)
04 мая 2026;13:19:22.370 [main] DEBUG i.n.util.internal.PlatformDependent - Platform: Windows
04 мая 2026;13:19:22.371 [main] DEBUG i.n.util.internal.PlatformDependent - -Dio.netty.maxDirectMemory: 7628390400 bytes
04 мая 2026;13:19:22.371 [main] DEBUG i.n.util.internal.PlatformDependent - -Dio.netty.uninitializedArrayAllocationThreshold: -1
04 мая 2026;13:19:22.371 [main] DEBUG io.netty.util.internal.CleanerJava6 - java.nio.ByteBuffer.cleaner(): available
04 мая 2026;13:19:22.372 [main] DEBUG i.n.util.internal.PlatformDependent - -Dio.netty.noPreferDirect: false
04 мая 2026;13:19:22.380 [main] DEBUG io.netty.util.ResourceLeakDetector - -Dio.netty.leakDetection.level: simple
04 мая 2026;13:19:22.380 [main] DEBUG io.netty.util.ResourceLeakDetector - -Dio.netty.leakDetection.targetRecords: 4
04 мая 2026;13:19:22.383 [main] DEBUG i.n.buffer.PooledByteBufAllocator - -Dio.netty.allocator.numHeapArenas: 16
04 мая 2026;13:19:22.383 [main] DEBUG i.n.buffer.PooledByteBufAllocator - -Dio.netty.allocator.numDirectArenas: 16
04 мая 2026;13:19:22.383 [main] DEBUG i.n.buffer.PooledByteBufAllocator - -Dio.netty.allocator.pageSize: 8192
04 мая 2026;13:19:22.383 [main] DEBUG i.n.buffer.PooledByteBufAllocator - -Dio.netty.allocator.maxOrder: 9
04 мая 2026;13:19:22.383 [main] DEBUG i.n.buffer.PooledByteBufAllocator - -Dio.netty.allocator.chunkSize: 4194304
04 мая 2026;13:19:22.383 [main] DEBUG i.n.buffer.PooledByteBufAllocator - -Dio.netty.allocator.smallCacheSize: 256
04 мая 2026;13:19:22.383 [main] DEBUG i.n.buffer.PooledByteBufAllocator - -Dio.netty.allocator.normalCacheSize: 64
04 мая 2026;13:19:22.383 [main] DEBUG i.n.buffer.PooledByteBufAllocator - -Dio.netty.allocator.maxCachedBufferCapacity: 32768
04 мая 2026;13:19:22.383 [main] DEBUG i.n.buffer.PooledByteBufAllocator - -Dio.netty.allocator.cacheTrimInterval: 8192
04 мая 2026;13:19:22.383 [main] DEBUG i.n.buffer.PooledByteBufAllocator - -Dio.netty.allocator.cacheTrimIntervalMillis: 0
04 мая 2026;13:19:22.383 [main] DEBUG i.n.buffer.PooledByteBufAllocator - -Dio.netty.allocator.useCacheForAllThreads: false
04 мая 2026;13:19:22.384 [main] DEBUG i.n.buffer.PooledByteBufAllocator - -Dio.netty.allocator.maxCachedByteBuffersPerChunk: 1023
04 мая 2026;13:19:22.394 [main] DEBUG io.netty.buffer.ByteBufUtil - -Dio.netty.allocator.type: pooled
04 мая 2026;13:19:22.395 [main] DEBUG io.netty.buffer.ByteBufUtil - -Dio.netty.threadLocalDirectBufferSize: 0
04 мая 2026;13:19:22.395 [main] DEBUG io.netty.buffer.ByteBufUtil - -Dio.netty.maxThreadLocalCharBufferSize: 16384
04 мая 2026;13:19:22.811 [main] DEBUG i.n.c.MultithreadEventLoopGroup - -Dio.netty.eventLoopThreads: 16
04 мая 2026;13:19:22.835 [main] DEBUG io.netty.channel.nio.NioEventLoop - -Dio.netty.noKeySetOptimization: false
04 мая 2026;13:19:22.835 [main] DEBUG io.netty.channel.nio.NioEventLoop - -Dio.netty.selectorAutoRebuildThreshold: 512
04 мая 2026;13:19:22.843 [main] DEBUG i.n.util.internal.PlatformDependent - org.jctools-core.MpscChunkedArrayQueue: available
04 мая 2026;13:19:23.337 [main] DEBUG io.netty.handler.ssl.OpenSsl - netty-tcnative not in the classpath; OpenSslEngine will be unavailable.
04 мая 2026;13:19:23.432 [main] DEBUG io.netty.handler.ssl.JdkSslContext - Default protocols (JDK): [TLSv1.3, TLSv1.2] 
04 мая 2026;13:19:23.432 [main] DEBUG io.netty.handler.ssl.JdkSslContext - Default cipher suites (JDK): [TLS_ECDHE_ECDSA_WITH_AES_256_GCM_SHA384, TLS_ECDHE_ECDSA_WITH_AES_128_GCM_SHA256, TLS_ECDHE_RSA_WITH_AES_128_GCM_SHA256, TLS_ECDHE_RSA_WITH_AES_256_GCM_SHA384, TLS_ECDHE_RSA_WITH_AES_128_CBC_SHA, TLS_ECDHE_RSA_WITH_AES_256_CBC_SHA, TLS_RSA_WITH_AES_128_GCM_SHA256, TLS_RSA_WITH_AES_128_CBC_SHA, TLS_RSA_WITH_AES_256_CBC_SHA, TLS_AES_128_GCM_SHA256, TLS_AES_256_GCM_SHA384]
04 мая 2026;13:19:23.441 [main] DEBUG reactor.util.Loggers - Using Slf4j logging framework
04 мая 2026;13:19:23.511 [main] DEBUG reactor.core.publisher.Hooks - Hooking onEachOperator: micronaut
04 мая 2026;13:19:23.622 [main] DEBUG io.netty.channel.DefaultChannelId - -Dio.netty.processId: 19552 (auto-detected)
04 мая 2026;13:19:23.624 [main] DEBUG io.netty.util.NetUtil - -Djava.net.preferIPv4Stack: false
04 мая 2026;13:19:23.624 [main] DEBUG io.netty.util.NetUtil - -Djava.net.preferIPv6Addresses: false
04 мая 2026;13:19:24.399 [main] DEBUG io.netty.util.NetUtilInitializations - Loopback interface: lo (Software Loopback Interface 1, 127.0.0.1)
04 мая 2026;13:19:24.400 [main] DEBUG io.netty.util.NetUtil - Failed to get SOMAXCONN from sysctl and file \proc\sys\net\core\somaxconn. Default: 200
04 мая 2026;13:19:24.796 [main] DEBUG io.netty.channel.DefaultChannelId - -Dio.netty.machineId: 00:ff:8a:ff:fe:22:0c:52 (auto-detected)
04 мая 2026;13:19:24.868 [default-nioEventLoopGroup-1-1] DEBUG io.netty.buffer.AbstractByteBuf - -Dio.netty.buffer.checkAccessible: true
04 мая 2026;13:19:24.868 [default-nioEventLoopGroup-1-1] DEBUG io.netty.buffer.AbstractByteBuf - -Dio.netty.buffer.checkBounds: true
04 мая 2026;13:19:24.869 [default-nioEventLoopGroup-1-1] DEBUG i.n.util.ResourceLeakDetectorFactory - Loaded default ResourceLeakDetector: io.netty.util.ResourceLeakDetector@2fe72e24
04 мая 2026;13:19:24.909 [default-nioEventLoopGroup-1-1] DEBUG io.netty.util.Recycler - -Dio.netty.recycler.maxCapacityPerThread: 4096
04 мая 2026;13:19:24.909 [default-nioEventLoopGroup-1-1] DEBUG io.netty.util.Recycler - -Dio.netty.recycler.ratio: 8
04 мая 2026;13:19:24.909 [default-nioEventLoopGroup-1-1] DEBUG io.netty.util.Recycler - -Dio.netty.recycler.chunkSize: 32
04 мая 2026;13:19:24.909 [default-nioEventLoopGroup-1-1] DEBUG io.netty.util.Recycler - -Dio.netty.recycler.blocking: false
04 мая 2026;13:19:24.977 [default-nioEventLoopGroup-1-1] DEBUG i.n.handler.codec.compression.Brotli - brotli4j not in the classpath; Brotli support will be unavailable.
04 мая 2026;13:19:28.513 [main] INFO  io.micronaut.runtime.Micronaut - Startup completed in 7798ms. Server Running: http://localhost:8085
04 мая 2026;13:25:54.857 [Thread-1] INFO  io.micronaut.runtime.Micronaut - Embedded Application shutting down
04 мая 2026;13:25:54.875 [default-nioEventLoopGroup-1-6] DEBUG io.netty.buffer.PoolThreadCache - Freed 3 thread-local buffer(s) from thread: default-nioEventLoopGroup-1-6
04 мая 2026;13:25:54.875 [default-nioEventLoopGroup-1-14] DEBUG io.netty.buffer.PoolThreadCache - Freed 4 thread-local buffer(s) from thread: default-nioEventLoopGroup-1-14
04 мая 2026;13:25:54.875 [default-nioEventLoopGroup-1-3] DEBUG io.netty.buffer.PoolThreadCache - Freed 6 thread-local buffer(s) from thread: default-nioEventLoopGroup-1-3
04 мая 2026;13:25:54.875 [default-nioEventLoopGroup-1-9] DEBUG io.netty.buffer.PoolThreadCache - Freed 3 thread-local buffer(s) from thread: default-nioEventLoopGroup-1-9
04 мая 2026;13:25:54.875 [default-nioEventLoopGroup-1-1] DEBUG io.netty.buffer.PoolThreadCache - Freed 28 thread-local buffer(s) from thread: default-nioEventLoopGroup-1-1
04 мая 2026;13:25:54.875 [default-nioEventLoopGroup-1-7] DEBUG io.netty.buffer.PoolThreadCache - Freed 4 thread-local buffer(s) from thread: default-nioEventLoopGroup-1-7
04 мая 2026;13:25:54.875 [default-nioEventLoopGroup-1-5] DEBUG io.netty.buffer.PoolThreadCache - Freed 8 thread-local buffer(s) from thread: default-nioEventLoopGroup-1-5
04 мая 2026;13:25:54.874 [default-nioEventLoopGroup-1-10] DEBUG io.netty.buffer.PoolThreadCache - Freed 4 thread-local buffer(s) from thread: default-nioEventLoopGroup-1-10
04 мая 2026;13:25:54.875 [default-nioEventLoopGroup-1-11] DEBUG io.netty.buffer.PoolThreadCache - Freed 3 thread-local buffer(s) from thread: default-nioEventLoopGroup-1-11
04 мая 2026;13:25:54.876 [default-nioEventLoopGroup-1-2] DEBUG io.netty.buffer.PoolThreadCache - Freed 39 thread-local buffer(s) from thread: default-nioEventLoopGroup-1-2
04 мая 2026;13:25:54.875 [default-nioEventLoopGroup-1-8] DEBUG io.netty.buffer.PoolThreadCache - Freed 6 thread-local buffer(s) from thread: default-nioEventLoopGroup-1-8
04 мая 2026;13:25:54.875 [default-nioEventLoopGroup-1-12] DEBUG io.netty.buffer.PoolThreadCache - Freed 31 thread-local buffer(s) from thread: default-nioEventLoopGroup-1-12
04 мая 2026;13:25:54.875 [default-nioEventLoopGroup-1-4] DEBUG io.netty.buffer.PoolThreadCache - Freed 4 thread-local buffer(s) from thread: default-nioEventLoopGroup-1-4
04 мая 2026;13:25:54.877 [default-nioEventLoopGroup-1-16] DEBUG io.netty.buffer.PoolThreadCache - Freed 4 thread-local buffer(s) from thread: default-nioEventLoopGroup-1-16
04 мая 2026;13:25:54.875 [default-nioEventLoopGroup-1-13] DEBUG io.netty.buffer.PoolThreadCache - Freed 42 thread-local buffer(s) from thread: default-nioEventLoopGroup-1-13
04 мая 2026;13:25:54.878 [default-nioEventLoopGroup-1-15] DEBUG io.netty.buffer.PoolThreadCache - Freed 7 thread-local buffer(s) from thread: default-nioEventLoopGroup-1-15
04 мая 2026;13:25:54.881 [Thread-1] DEBUG reactor.core.publisher.Hooks - Reset onEachOperator: micronaut
