24 апр 2026;13:40:24.257 [main] DEBUG c.q.m.a.o.OrchestraSessionCookieStore - Mutation cookie replay is disabled for method PUT. Stored mutation cookies will not be sent.
24 апр 2026;13:40:24.336 [main] DEBUG c.q.m.a.o.OrchestraSessionCookieStore - Mutation cookie replay is disabled for method POST. Stored mutation cookies will not be sent.
24 апр 2026;13:40:24.444 [main] INFO  c.q.m.c.s.OrchestraDataCacheUpdateService - Refresh caches for configured branches [7]
24 апр 2026;13:40:24.451 [main] INFO  c.q.m.cache.BranchCacheUpdater - Start cache refresh for branch 7
24 апр 2026;13:40:24.461 [main] INFO  c.q.m.cache.BranchCacheUpdater - Finish cache refresh for branch 7: services=1, queues=2, workProfiles=1, servicePoints=1, unknownDoctorQueueId=900, tookMs=10
24 апр 2026;13:40:24.473 [main] INFO  c.q.m.d.s.AutonomousMedicalExamAssignmentService - Start assignment cycle source=SERVICE_POINT_OPEN branchId=7 servicePointId=41220000000007 staffId=45 workProfileId=15 sources={branchId=test, servicePointId=test, staffId=test, workProfileId=test}
24 апр 2026;13:40:24.473 [main] INFO  c.q.m.d.s.AutonomousMedicalExamAssignmentService - Doctor 45 available services=[301]
24 апр 2026;13:40:24.475 [main] INFO  c.q.m.d.s.AutonomousMedicalExamAssignmentService - Visits in unknown-doctor queue 900 count=1
24 апр 2026;13:40:24.480 [main] INFO  c.q.m.d.s.i.MedRobotAwareDoctorServiceSelectionService - Request med-robot optimal service branch=7 currentService=301 unservedServices=[301, 302]
24 апр 2026;13:40:24.480 [main] INFO  c.q.m.d.s.i.MedRobotAwareDoctorServiceSelectionService - Med-robot selected service=302 queue=902 visit=5001 routeOrder=2 localService=301 localQueue=901
24 апр 2026;13:40:24.481 [main] INFO  c.q.m.d.s.i.DefaultVisitAssignmentExecutor - Assign workflow start visit=5001 currentQueue=900 currentService=null selectedService=302 targetQueue=902 doctor=45 servicePoint=41220000000007 workProfile=15 trigger=SERVICE_POINT_OPEN
24 апр 2026;13:40:24.481 [main] INFO  c.q.m.d.s.i.DefaultVisitAssignmentExecutor - Assign workflow transfer step visit=5001 sourceQueue=900 targetQueue=902 doctor=45 servicePoint=41220000000007 trigger=SERVICE_POINT_OPEN transferOnly=false
24 апр 2026;13:40:24.481 [main] INFO  c.q.m.d.s.AutonomousMedicalExamAssignmentService - Visit 5001 matchFound=true selectedService=302 targetQueue=902 success=true reason=med-robot-current-service-301
24 апр 2026;13:40:24.482 [main] INFO  c.q.m.d.s.AutonomousMedicalExamAssignmentService - Finish assignment cycle source=SERVICE_POINT_OPEN branchId=7 processed=1
24 апр 2026;13:40:24.483 [main] INFO  c.q.m.c.s.OrchestraDataCacheUpdateService - Refresh caches for configured branches [7]
24 апр 2026;13:40:24.484 [main] INFO  c.q.m.cache.BranchCacheUpdater - Start cache refresh for branch 7
24 апр 2026;13:40:24.484 [main] INFO  c.q.m.cache.BranchCacheUpdater - Finish cache refresh for branch 7: services=1, queues=2, workProfiles=1, servicePoints=1, unknownDoctorQueueId=900, tookMs=0
24 апр 2026;13:40:24.485 [main] INFO  c.q.m.d.s.AutonomousMedicalExamAssignmentService - Start assignment cycle source=SERVICE_POINT_OPEN branchId=7 servicePointId=41220000000007 staffId=45 workProfileId=15 sources={branchId=test, servicePointId=test, staffId=test, workProfileId=test}
24 апр 2026;13:40:24.489 [main] ERROR c.q.m.d.s.AutonomousMedicalExamAssignmentService - Activation step failed source=SERVICE_POINT_OPEN branchId=7 servicePointId=41220000000007 staffId=45 workProfileId=15: simulated activation failure for branch 7
com.qsystems.meddoctorassignment.domain.exception.MutationContextException: simulated activation failure for branch 7
	at com.qsystems.meddoctorassignment.support.InMemoryTestGateways.activate(InMemoryTestGateways.java:132)
	at com.qsystems.meddoctorassignment.domain.service.AutonomousMedicalExamAssignmentService.process(AutonomousMedicalExamAssignmentService.java:130)
	at com.qsystems.meddoctorassignment.AutonomousMedicalExamAssignmentServiceTest.abortsBeforeFirstVisitWhenActivationStepFails(AutonomousMedicalExamAssignmentServiceTest.java:157)
	at sun.reflect.NativeMethodAccessorImpl.invoke0(Native Method)
	at sun.reflect.NativeMethodAccessorImpl.invoke(NativeMethodAccessorImpl.java:62)
	at sun.reflect.DelegatingMethodAccessorImpl.invoke(DelegatingMethodAccessorImpl.java:43)
	at java.lang.reflect.Method.invoke(Method.java:498)
	at org.junit.platform.commons.util.ReflectionUtils.invokeMethod(ReflectionUtils.java:688)
	at org.junit.jupiter.engine.execution.MethodInvocation.proceed(MethodInvocation.java:60)
	at org.junit.jupiter.engine.execution.InvocationInterceptorChain$ValidatingInvocation.proceed(InvocationInterceptorChain.java:131)
	at org.junit.jupiter.engine.extension.TimeoutExtension.intercept(TimeoutExtension.java:149)
	at org.junit.jupiter.engine.extension.TimeoutExtension.interceptTestableMethod(TimeoutExtension.java:140)
	at org.junit.jupiter.engine.extension.TimeoutExtension.interceptTestMethod(TimeoutExtension.java:84)
	at org.junit.jupiter.engine.execution.ExecutableInvoker$ReflectiveInterceptorCall.lambda$ofVoidMethod$0(ExecutableInvoker.java:115)
	at org.junit.jupiter.engine.execution.ExecutableInvoker.lambda$invoke$0(ExecutableInvoker.java:105)
	at org.junit.jupiter.engine.execution.InvocationInterceptorChain$InterceptedInvocation.proceed(InvocationInterceptorChain.java:106)
	at org.junit.jupiter.engine.execution.InvocationInterceptorChain.proceed(InvocationInterceptorChain.java:64)
	at org.junit.jupiter.engine.execution.InvocationInterceptorChain.chainAndInvoke(InvocationInterceptorChain.java:45)
	at org.junit.jupiter.engine.execution.InvocationInterceptorChain.invoke(InvocationInterceptorChain.java:37)
	at org.junit.jupiter.engine.execution.ExecutableInvoker.invoke(ExecutableInvoker.java:104)
	at org.junit.jupiter.engine.execution.ExecutableInvoker.invoke(ExecutableInvoker.java:98)
	at org.junit.jupiter.engine.descriptor.TestMethodTestDescriptor.lambda$invokeTestMethod$6(TestMethodTestDescriptor.java:210)
	at org.junit.platform.engine.support.hierarchical.ThrowableCollector.execute(ThrowableCollector.java:73)
	at org.junit.jupiter.engine.descriptor.TestMethodTestDescriptor.invokeTestMethod(TestMethodTestDescriptor.java:206)
	at org.junit.jupiter.engine.descriptor.TestMethodTestDescriptor.execute(TestMethodTestDescriptor.java:131)
	at org.junit.jupiter.engine.descriptor.TestMethodTestDescriptor.execute(TestMethodTestDescriptor.java:65)
	at org.junit.platform.engine.support.hierarchical.NodeTestTask.lambda$executeRecursively$5(NodeTestTask.java:139)
	at org.junit.platform.engine.support.hierarchical.ThrowableCollector.execute(ThrowableCollector.java:73)
	at org.junit.platform.engine.support.hierarchical.NodeTestTask.lambda$executeRecursively$7(NodeTestTask.java:129)
	at org.junit.platform.engine.support.hierarchical.Node.around(Node.java:137)
	at org.junit.platform.engine.support.hierarchical.NodeTestTask.lambda$executeRecursively$8(NodeTestTask.java:127)
	at org.junit.platform.engine.support.hierarchical.ThrowableCollector.execute(ThrowableCollector.java:73)
	at org.junit.platform.engine.support.hierarchical.NodeTestTask.executeRecursively(NodeTestTask.java:126)
	at org.junit.platform.engine.support.hierarchical.NodeTestTask.execute(NodeTestTask.java:84)
	at java.util.ArrayList.forEach(ArrayList.java:1259)
	at org.junit.platform.engine.support.hierarchical.SameThreadHierarchicalTestExecutorService.invokeAll(SameThreadHierarchicalTestExecutorService.java:38)
	at org.junit.platform.engine.support.hierarchical.NodeTestTask.lambda$executeRecursively$5(NodeTestTask.java:143)
	at org.junit.platform.engine.support.hierarchical.ThrowableCollector.execute(ThrowableCollector.java:73)
	at org.junit.platform.engine.support.hierarchical.NodeTestTask.lambda$executeRecursively$7(NodeTestTask.java:129)
	at org.junit.platform.engine.support.hierarchical.Node.around(Node.java:137)
	at org.junit.platform.engine.support.hierarchical.NodeTestTask.lambda$executeRecursively$8(NodeTestTask.java:127)
	at org.junit.platform.engine.support.hierarchical.ThrowableCollector.execute(ThrowableCollector.java:73)
	at org.junit.platform.engine.support.hierarchical.NodeTestTask.executeRecursively(NodeTestTask.java:126)
	at org.junit.platform.engine.support.hierarchical.NodeTestTask.execute(NodeTestTask.java:84)
	at java.util.ArrayList.forEach(ArrayList.java:1259)
	at org.junit.platform.engine.support.hierarchical.SameThreadHierarchicalTestExecutorService.invokeAll(SameThreadHierarchicalTestExecutorService.java:38)
	at org.junit.platform.engine.support.hierarchical.NodeTestTask.lambda$executeRecursively$5(NodeTestTask.java:143)
	at org.junit.platform.engine.support.hierarchical.ThrowableCollector.execute(ThrowableCollector.java:73)
	at org.junit.platform.engine.support.hierarchical.NodeTestTask.lambda$executeRecursively$7(NodeTestTask.java:129)
	at org.junit.platform.engine.support.hierarchical.Node.around(Node.java:137)
	at org.junit.platform.engine.support.hierarchical.NodeTestTask.lambda$executeRecursively$8(NodeTestTask.java:127)
	at org.junit.platform.engine.support.hierarchical.ThrowableCollector.execute(ThrowableCollector.java:73)
	at org.junit.platform.engine.support.hierarchical.NodeTestTask.executeRecursively(NodeTestTask.java:126)
	at org.junit.platform.engine.support.hierarchical.NodeTestTask.execute(NodeTestTask.java:84)
	at org.junit.platform.engine.support.hierarchical.SameThreadHierarchicalTestExecutorService.submit(SameThreadHierarchicalTestExecutorService.java:32)
	at org.junit.platform.engine.support.hierarchical.HierarchicalTestExecutor.execute(HierarchicalTestExecutor.java:57)
	at org.junit.platform.engine.support.hierarchical.HierarchicalTestEngine.execute(HierarchicalTestEngine.java:51)
	at org.junit.platform.launcher.core.DefaultLauncher.execute(DefaultLauncher.java:220)
	at org.junit.platform.launcher.core.DefaultLauncher.lambda$execute$6(DefaultLauncher.java:188)
	at org.junit.platform.launcher.core.DefaultLauncher.withInterceptedStreams(DefaultLauncher.java:202)
	at org.junit.platform.launcher.core.DefaultLauncher.execute(DefaultLauncher.java:181)
	at org.junit.platform.launcher.core.DefaultLauncher.execute(DefaultLauncher.java:128)
	at org.apache.maven.surefire.junitplatform.JUnitPlatformProvider.invokeAllTests(JUnitPlatformProvider.java:150)
	at org.apache.maven.surefire.junitplatform.JUnitPlatformProvider.invoke(JUnitPlatformProvider.java:124)
	at org.apache.maven.surefire.booter.ForkedBooter.invokeProviderInSameClassLoader(ForkedBooter.java:384)
	at org.apache.maven.surefire.booter.ForkedBooter.runSuitesInProcess(ForkedBooter.java:345)
	at org.apache.maven.surefire.booter.ForkedBooter.execute(ForkedBooter.java:126)
	at org.apache.maven.surefire.booter.ForkedBooter.main(ForkedBooter.java:418)
24 апр 2026;13:40:24.494 [main] WARN  c.q.m.d.s.AutonomousMedicalExamAssignmentService - Abort assignment cycle source=SERVICE_POINT_OPEN branchId=7 before first visit because activation step did not produce a valid mutating context: simulated activation failure for branch 7
24 апр 2026;13:40:24.495 [main] INFO  c.q.m.c.s.OrchestraDataCacheUpdateService - Refresh caches for configured branches [7]
24 апр 2026;13:40:24.496 [main] INFO  c.q.m.cache.BranchCacheUpdater - Start cache refresh for branch 7
24 апр 2026;13:40:24.496 [main] INFO  c.q.m.cache.BranchCacheUpdater - Finish cache refresh for branch 7: services=1, queues=2, workProfiles=1, servicePoints=1, unknownDoctorQueueId=900, tookMs=0
24 апр 2026;13:40:24.496 [main] INFO  c.q.m.d.s.AutonomousMedicalExamAssignmentService - Start assignment cycle source=SERVICE_POINT_OPEN branchId=7 servicePointId=41220000000007 staffId=45 workProfileId=15 sources={branchId=test, servicePointId=test, staffId=test, workProfileId=test}
24 апр 2026;13:40:24.496 [main] INFO  c.q.m.d.s.AutonomousMedicalExamAssignmentService - Doctor 45 available services=[301]
24 апр 2026;13:40:24.496 [main] INFO  c.q.m.d.s.AutonomousMedicalExamAssignmentService - Visits in unknown-doctor queue 900 count=1
24 апр 2026;13:40:24.497 [main] INFO  c.q.m.d.s.i.DefaultVisitAssignmentExecutor - Assign workflow start visit=1500 currentQueue=900 currentService=301 selectedService=301 targetQueue=901 doctor=45 servicePoint=41220000000007 workProfile=15 trigger=SERVICE_POINT_OPEN
24 апр 2026;13:40:24.497 [main] INFO  c.q.m.d.s.i.DefaultVisitAssignmentExecutor - Skip redundant assign for visit=1500 because currentService=301 already matches selectedService=301 and workflow can continue with transfer-only
24 апр 2026;13:40:24.497 [main] INFO  c.q.m.d.s.i.DefaultVisitAssignmentExecutor - Assign workflow transfer step visit=1500 sourceQueue=900 targetQueue=901 doctor=45 servicePoint=41220000000007 trigger=SERVICE_POINT_OPEN transferOnly=true
24 апр 2026;13:40:24.497 [main] INFO  c.q.m.d.s.AutonomousMedicalExamAssignmentService - Visit 1500 matchFound=true selectedService=301 targetQueue=901 success=true reason=route-order-1
24 апр 2026;13:40:24.497 [main] INFO  c.q.m.d.s.AutonomousMedicalExamAssignmentService - Finish assignment cycle source=SERVICE_POINT_OPEN branchId=7 processed=1
24 апр 2026;13:40:24.499 [main] INFO  c.q.m.c.s.OrchestraDataCacheUpdateService - Refresh caches for configured branches [7]
24 апр 2026;13:40:24.500 [main] INFO  c.q.m.cache.BranchCacheUpdater - Start cache refresh for branch 7
24 апр 2026;13:40:24.500 [main] INFO  c.q.m.cache.BranchCacheUpdater - Finish cache refresh for branch 7: services=1, queues=2, workProfiles=1, servicePoints=1, unknownDoctorQueueId=900, tookMs=0
24 апр 2026;13:40:24.500 [main] INFO  c.q.m.d.s.AutonomousMedicalExamAssignmentService - Start assignment cycle source=SERVICE_POINT_OPEN branchId=7 servicePointId=41220000000007 staffId=45 workProfileId=15 sources={branchId=test, servicePointId=test, staffId=test, workProfileId=test}
24 апр 2026;13:40:24.501 [main] INFO  c.q.m.d.s.AutonomousMedicalExamAssignmentService - Doctor 45 available services=[301]
24 апр 2026;13:40:24.501 [main] INFO  c.q.m.d.s.AutonomousMedicalExamAssignmentService - Visits in unknown-doctor queue 900 count=0
24 апр 2026;13:40:24.502 [main] INFO  c.q.m.d.s.AutonomousMedicalExamAssignmentService - Finish assignment cycle source=SERVICE_POINT_OPEN branchId=7 processed=0
24 апр 2026;13:40:24.507 [main] INFO  c.q.m.c.s.OrchestraDataCacheUpdateService - Refresh caches for configured branches [7]
24 апр 2026;13:40:24.508 [main] INFO  c.q.m.cache.BranchCacheUpdater - Start cache refresh for branch 7
24 апр 2026;13:40:24.511 [main] INFO  c.q.m.cache.BranchCacheUpdater - Finish cache refresh for branch 7: services=1, queues=2, workProfiles=1, servicePoints=1, unknownDoctorQueueId=900, tookMs=3
24 апр 2026;13:40:24.515 [main] INFO  c.q.m.d.s.AutonomousMedicalExamAssignmentService - Start assignment cycle source=SERVICE_POINT_OPEN branchId=7 servicePointId=41220000000007 staffId=45 workProfileId=15 sources={branchId=test, servicePointId=test, staffId=test, workProfileId=test}
24 апр 2026;13:40:24.516 [main] INFO  c.q.m.d.s.AutonomousMedicalExamAssignmentService - Doctor 45 available services=[301]
24 апр 2026;13:40:24.518 [main] INFO  c.q.m.d.s.AutonomousMedicalExamAssignmentService - Visits in unknown-doctor queue 900 count=1
24 апр 2026;13:40:24.522 [main] INFO  c.q.m.d.s.i.DefaultVisitAssignmentExecutor - Assign workflow start visit=1001 currentQueue=900 currentService=null selectedService=301 targetQueue=901 doctor=45 servicePoint=41220000000007 workProfile=15 trigger=SERVICE_POINT_OPEN
24 апр 2026;13:40:24.523 [main] INFO  c.q.m.d.s.i.DefaultVisitAssignmentExecutor - Assign workflow transfer step visit=1001 sourceQueue=900 targetQueue=901 doctor=45 servicePoint=41220000000007 trigger=SERVICE_POINT_OPEN transferOnly=false
24 апр 2026;13:40:24.524 [main] INFO  c.q.m.d.s.AutonomousMedicalExamAssignmentService - Visit 1001 matchFound=true selectedService=301 targetQueue=901 success=true reason=route-order-1
24 апр 2026;13:40:24.525 [main] INFO  c.q.m.d.s.AutonomousMedicalExamAssignmentService - Finish assignment cycle source=SERVICE_POINT_OPEN branchId=7 processed=1
24 апр 2026;13:40:24.528 [main] INFO  c.q.m.c.s.OrchestraDataCacheUpdateService - Refresh caches for configured branches [7]
24 апр 2026;13:40:24.530 [main] INFO  c.q.m.cache.BranchCacheUpdater - Start cache refresh for branch 7
24 апр 2026;13:40:24.530 [main] INFO  c.q.m.cache.BranchCacheUpdater - Finish cache refresh for branch 7: services=1, queues=2, workProfiles=1, servicePoints=1, unknownDoctorQueueId=900, tookMs=0
24 апр 2026;13:40:24.531 [main] INFO  c.q.m.d.s.AutonomousMedicalExamAssignmentService - Start assignment cycle source=SERVICE_POINT_OPEN branchId=7 servicePointId=41220000000007 staffId=45 workProfileId=15 sources={branchId=test, servicePointId=test, staffId=test, workProfileId=test}
24 апр 2026;13:40:24.532 [main] INFO  c.q.m.d.s.AutonomousMedicalExamAssignmentService - Doctor 45 available services=[301]
24 апр 2026;13:40:24.532 [main] INFO  c.q.m.d.s.AutonomousMedicalExamAssignmentService - Visits in unknown-doctor queue 900 count=2
24 апр 2026;13:40:24.532 [main] INFO  c.q.m.d.s.i.DefaultVisitAssignmentExecutor - Assign workflow start visit=3001 currentQueue=900 currentService=null selectedService=301 targetQueue=901 doctor=45 servicePoint=41220000000007 workProfile=15 trigger=SERVICE_POINT_OPEN
24 апр 2026;13:40:24.533 [main] ERROR c.q.m.d.s.AutonomousMedicalExamAssignmentService - Failed to process visit 3001 in branch 7: simulated inactive operator context for visit 3001
com.qsystems.meddoctorassignment.domain.exception.MutationContextException: simulated inactive operator context for visit 3001
	at com.qsystems.meddoctorassignment.support.InMemoryTestGateways.assignServiceToVisit(InMemoryTestGateways.java:139)
	at com.qsystems.meddoctorassignment.domain.service.impl.DefaultVisitAssignmentExecutor.assign(DefaultVisitAssignmentExecutor.java:86)
	at com.qsystems.meddoctorassignment.domain.service.AutonomousMedicalExamAssignmentService.process(AutonomousMedicalExamAssignmentService.java:189)
	at com.qsystems.meddoctorassignment.AutonomousMedicalExamAssignmentServiceTest.abortsRemainingVisitsWhenAssignDetectsInvalidMutationContext(AutonomousMedicalExamAssignmentServiceTest.java:137)
	at sun.reflect.NativeMethodAccessorImpl.invoke0(Native Method)
	at sun.reflect.NativeMethodAccessorImpl.invoke(NativeMethodAccessorImpl.java:62)
	at sun.reflect.DelegatingMethodAccessorImpl.invoke(DelegatingMethodAccessorImpl.java:43)
	at java.lang.reflect.Method.invoke(Method.java:498)
	at org.junit.platform.commons.util.ReflectionUtils.invokeMethod(ReflectionUtils.java:688)
	at org.junit.jupiter.engine.execution.MethodInvocation.proceed(MethodInvocation.java:60)
	at org.junit.jupiter.engine.execution.InvocationInterceptorChain$ValidatingInvocation.proceed(InvocationInterceptorChain.java:131)
	at org.junit.jupiter.engine.extension.TimeoutExtension.intercept(TimeoutExtension.java:149)
	at org.junit.jupiter.engine.extension.TimeoutExtension.interceptTestableMethod(TimeoutExtension.java:140)
	at org.junit.jupiter.engine.extension.TimeoutExtension.interceptTestMethod(TimeoutExtension.java:84)
	at org.junit.jupiter.engine.execution.ExecutableInvoker$ReflectiveInterceptorCall.lambda$ofVoidMethod$0(ExecutableInvoker.java:115)
	at org.junit.jupiter.engine.execution.ExecutableInvoker.lambda$invoke$0(ExecutableInvoker.java:105)
	at org.junit.jupiter.engine.execution.InvocationInterceptorChain$InterceptedInvocation.proceed(InvocationInterceptorChain.java:106)
	at org.junit.jupiter.engine.execution.InvocationInterceptorChain.proceed(InvocationInterceptorChain.java:64)
	at org.junit.jupiter.engine.execution.InvocationInterceptorChain.chainAndInvoke(InvocationInterceptorChain.java:45)
	at org.junit.jupiter.engine.execution.InvocationInterceptorChain.invoke(InvocationInterceptorChain.java:37)
	at org.junit.jupiter.engine.execution.ExecutableInvoker.invoke(ExecutableInvoker.java:104)
	at org.junit.jupiter.engine.execution.ExecutableInvoker.invoke(ExecutableInvoker.java:98)
	at org.junit.jupiter.engine.descriptor.TestMethodTestDescriptor.lambda$invokeTestMethod$6(TestMethodTestDescriptor.java:210)
	at org.junit.platform.engine.support.hierarchical.ThrowableCollector.execute(ThrowableCollector.java:73)
	at org.junit.jupiter.engine.descriptor.TestMethodTestDescriptor.invokeTestMethod(TestMethodTestDescriptor.java:206)
	at org.junit.jupiter.engine.descriptor.TestMethodTestDescriptor.execute(TestMethodTestDescriptor.java:131)
	at org.junit.jupiter.engine.descriptor.TestMethodTestDescriptor.execute(TestMethodTestDescriptor.java:65)
	at org.junit.platform.engine.support.hierarchical.NodeTestTask.lambda$executeRecursively$5(NodeTestTask.java:139)
	at org.junit.platform.engine.support.hierarchical.ThrowableCollector.execute(ThrowableCollector.java:73)
	at org.junit.platform.engine.support.hierarchical.NodeTestTask.lambda$executeRecursively$7(NodeTestTask.java:129)
	at org.junit.platform.engine.support.hierarchical.Node.around(Node.java:137)
	at org.junit.platform.engine.support.hierarchical.NodeTestTask.lambda$executeRecursively$8(NodeTestTask.java:127)
	at org.junit.platform.engine.support.hierarchical.ThrowableCollector.execute(ThrowableCollector.java:73)
	at org.junit.platform.engine.support.hierarchical.NodeTestTask.executeRecursively(NodeTestTask.java:126)
	at org.junit.platform.engine.support.hierarchical.NodeTestTask.execute(NodeTestTask.java:84)
	at java.util.ArrayList.forEach(ArrayList.java:1259)
	at org.junit.platform.engine.support.hierarchical.SameThreadHierarchicalTestExecutorService.invokeAll(SameThreadHierarchicalTestExecutorService.java:38)
	at org.junit.platform.engine.support.hierarchical.NodeTestTask.lambda$executeRecursively$5(NodeTestTask.java:143)
	at org.junit.platform.engine.support.hierarchical.ThrowableCollector.execute(ThrowableCollector.java:73)
	at org.junit.platform.engine.support.hierarchical.NodeTestTask.lambda$executeRecursively$7(NodeTestTask.java:129)
	at org.junit.platform.engine.support.hierarchical.Node.around(Node.java:137)
	at org.junit.platform.engine.support.hierarchical.NodeTestTask.lambda$executeRecursively$8(NodeTestTask.java:127)
	at org.junit.platform.engine.support.hierarchical.ThrowableCollector.execute(ThrowableCollector.java:73)
	at org.junit.platform.engine.support.hierarchical.NodeTestTask.executeRecursively(NodeTestTask.java:126)
	at org.junit.platform.engine.support.hierarchical.NodeTestTask.execute(NodeTestTask.java:84)
	at java.util.ArrayList.forEach(ArrayList.java:1259)
	at org.junit.platform.engine.support.hierarchical.SameThreadHierarchicalTestExecutorService.invokeAll(SameThreadHierarchicalTestExecutorService.java:38)
	at org.junit.platform.engine.support.hierarchical.NodeTestTask.lambda$executeRecursively$5(NodeTestTask.java:143)
	at org.junit.platform.engine.support.hierarchical.ThrowableCollector.execute(ThrowableCollector.java:73)
	at org.junit.platform.engine.support.hierarchical.NodeTestTask.lambda$executeRecursively$7(NodeTestTask.java:129)
	at org.junit.platform.engine.support.hierarchical.Node.around(Node.java:137)
	at org.junit.platform.engine.support.hierarchical.NodeTestTask.lambda$executeRecursively$8(NodeTestTask.java:127)
	at org.junit.platform.engine.support.hierarchical.ThrowableCollector.execute(ThrowableCollector.java:73)
	at org.junit.platform.engine.support.hierarchical.NodeTestTask.executeRecursively(NodeTestTask.java:126)
	at org.junit.platform.engine.support.hierarchical.NodeTestTask.execute(NodeTestTask.java:84)
	at org.junit.platform.engine.support.hierarchical.SameThreadHierarchicalTestExecutorService.submit(SameThreadHierarchicalTestExecutorService.java:32)
	at org.junit.platform.engine.support.hierarchical.HierarchicalTestExecutor.execute(HierarchicalTestExecutor.java:57)
	at org.junit.platform.engine.support.hierarchical.HierarchicalTestEngine.execute(HierarchicalTestEngine.java:51)
	at org.junit.platform.launcher.core.DefaultLauncher.execute(DefaultLauncher.java:220)
	at org.junit.platform.launcher.core.DefaultLauncher.lambda$execute$6(DefaultLauncher.java:188)
	at org.junit.platform.launcher.core.DefaultLauncher.withInterceptedStreams(DefaultLauncher.java:202)
	at org.junit.platform.launcher.core.DefaultLauncher.execute(DefaultLauncher.java:181)
	at org.junit.platform.launcher.core.DefaultLauncher.execute(DefaultLauncher.java:128)
	at org.apache.maven.surefire.junitplatform.JUnitPlatformProvider.invokeAllTests(JUnitPlatformProvider.java:150)
	at org.apache.maven.surefire.junitplatform.JUnitPlatformProvider.invoke(JUnitPlatformProvider.java:124)
	at org.apache.maven.surefire.booter.ForkedBooter.invokeProviderInSameClassLoader(ForkedBooter.java:384)
	at org.apache.maven.surefire.booter.ForkedBooter.runSuitesInProcess(ForkedBooter.java:345)
	at org.apache.maven.surefire.booter.ForkedBooter.execute(ForkedBooter.java:126)
	at org.apache.maven.surefire.booter.ForkedBooter.main(ForkedBooter.java:418)
24 апр 2026;13:40:24.535 [main] WARN  c.q.m.d.s.AutonomousMedicalExamAssignmentService - Abort assignment cycle source=SERVICE_POINT_OPEN branchId=7 after visit 3001 because mutating context is invalid: simulated inactive operator context for visit 3001
24 апр 2026;13:40:24.536 [main] INFO  c.q.m.d.s.AutonomousMedicalExamAssignmentService - Finish assignment cycle source=SERVICE_POINT_OPEN branchId=7 processed=0
24 апр 2026;13:40:24.537 [main] INFO  c.q.m.c.s.OrchestraDataCacheUpdateService - Refresh caches for configured branches [7]
24 апр 2026;13:40:24.537 [main] INFO  c.q.m.cache.BranchCacheUpdater - Start cache refresh for branch 7
24 апр 2026;13:40:24.538 [main] INFO  c.q.m.cache.BranchCacheUpdater - Finish cache refresh for branch 7: services=1, queues=2, workProfiles=1, servicePoints=1, unknownDoctorQueueId=900, tookMs=1
24 апр 2026;13:40:24.538 [main] INFO  c.q.m.d.s.AutonomousMedicalExamAssignmentService - Start assignment cycle source=SERVICE_POINT_OPEN branchId=7 servicePointId=41220000000007 staffId=45 workProfileId=15 sources={branchId=test, servicePointId=test, staffId=test, workProfileId=test}
24 апр 2026;13:40:24.538 [main] INFO  c.q.m.d.s.AutonomousMedicalExamAssignmentService - Doctor 45 available services=[301]
24 апр 2026;13:40:24.538 [main] INFO  c.q.m.d.s.AutonomousMedicalExamAssignmentService - Visits in unknown-doctor queue 900 count=1
24 апр 2026;13:40:24.538 [main] INFO  c.q.m.d.s.AutonomousMedicalExamAssignmentService - Visit 1002 has no matching unserved service for doctor 45
24 апр 2026;13:40:24.539 [main] INFO  c.q.m.d.s.AutonomousMedicalExamAssignmentService - Finish assignment cycle source=SERVICE_POINT_OPEN branchId=7 processed=0
24 апр 2026;13:40:24.541 [main] INFO  c.q.m.c.s.OrchestraDataCacheUpdateService - Refresh caches for configured branches [7]
24 апр 2026;13:40:24.542 [main] INFO  c.q.m.cache.BranchCacheUpdater - Start cache refresh for branch 7
24 апр 2026;13:40:24.544 [main] INFO  c.q.m.cache.BranchCacheUpdater - Finish cache refresh for branch 7: services=1, queues=2, workProfiles=1, servicePoints=1, unknownDoctorQueueId=900, tookMs=2
24 апр 2026;13:40:24.544 [main] INFO  c.q.m.d.s.AutonomousMedicalExamAssignmentService - Start assignment cycle source=SERVICE_POINT_OPEN branchId=7 servicePointId=41220000000007 staffId=45 workProfileId=15 sources={branchId=test, servicePointId=test, staffId=test, workProfileId=test}
24 апр 2026;13:40:24.544 [main] INFO  c.q.m.d.s.AutonomousMedicalExamAssignmentService - Doctor 45 available services=[301]
24 апр 2026;13:40:24.544 [main] INFO  c.q.m.d.s.AutonomousMedicalExamAssignmentService - Visits in unknown-doctor queue 900 count=2
24 апр 2026;13:40:24.545 [main] ERROR c.q.m.d.s.AutonomousMedicalExamAssignmentService - Failed to process visit 2001 in branch 7: simulated downstream failure
java.lang.IllegalStateException: simulated downstream failure
	at com.qsystems.meddoctorassignment.support.InMemoryTestGateways.getVisitDetails(InMemoryTestGateways.java:120)
	at com.qsystems.meddoctorassignment.domain.service.impl.DefaultVisitRouteAnalyzer.analyze(DefaultVisitRouteAnalyzer.java:23)
	at com.qsystems.meddoctorassignment.domain.service.AutonomousMedicalExamAssignmentService.process(AutonomousMedicalExamAssignmentService.java:181)
	at com.qsystems.meddoctorassignment.AutonomousMedicalExamAssignmentServiceTest.continuesWhenOneVisitFailsAndProcessesNextOne(AutonomousMedicalExamAssignmentServiceTest.java:114)
	at sun.reflect.NativeMethodAccessorImpl.invoke0(Native Method)
	at sun.reflect.NativeMethodAccessorImpl.invoke(NativeMethodAccessorImpl.java:62)
	at sun.reflect.DelegatingMethodAccessorImpl.invoke(DelegatingMethodAccessorImpl.java:43)
	at java.lang.reflect.Method.invoke(Method.java:498)
	at org.junit.platform.commons.util.ReflectionUtils.invokeMethod(ReflectionUtils.java:688)
	at org.junit.jupiter.engine.execution.MethodInvocation.proceed(MethodInvocation.java:60)
	at org.junit.jupiter.engine.execution.InvocationInterceptorChain$ValidatingInvocation.proceed(InvocationInterceptorChain.java:131)
	at org.junit.jupiter.engine.extension.TimeoutExtension.intercept(TimeoutExtension.java:149)
	at org.junit.jupiter.engine.extension.TimeoutExtension.interceptTestableMethod(TimeoutExtension.java:140)
	at org.junit.jupiter.engine.extension.TimeoutExtension.interceptTestMethod(TimeoutExtension.java:84)
	at org.junit.jupiter.engine.execution.ExecutableInvoker$ReflectiveInterceptorCall.lambda$ofVoidMethod$0(ExecutableInvoker.java:115)
	at org.junit.jupiter.engine.execution.ExecutableInvoker.lambda$invoke$0(ExecutableInvoker.java:105)
	at org.junit.jupiter.engine.execution.InvocationInterceptorChain$InterceptedInvocation.proceed(InvocationInterceptorChain.java:106)
	at org.junit.jupiter.engine.execution.InvocationInterceptorChain.proceed(InvocationInterceptorChain.java:64)
	at org.junit.jupiter.engine.execution.InvocationInterceptorChain.chainAndInvoke(InvocationInterceptorChain.java:45)
	at org.junit.jupiter.engine.execution.InvocationInterceptorChain.invoke(InvocationInterceptorChain.java:37)
	at org.junit.jupiter.engine.execution.ExecutableInvoker.invoke(ExecutableInvoker.java:104)
	at org.junit.jupiter.engine.execution.ExecutableInvoker.invoke(ExecutableInvoker.java:98)
	at org.junit.jupiter.engine.descriptor.TestMethodTestDescriptor.lambda$invokeTestMethod$6(TestMethodTestDescriptor.java:210)
	at org.junit.platform.engine.support.hierarchical.ThrowableCollector.execute(ThrowableCollector.java:73)
	at org.junit.jupiter.engine.descriptor.TestMethodTestDescriptor.invokeTestMethod(TestMethodTestDescriptor.java:206)
	at org.junit.jupiter.engine.descriptor.TestMethodTestDescriptor.execute(TestMethodTestDescriptor.java:131)
	at org.junit.jupiter.engine.descriptor.TestMethodTestDescriptor.execute(TestMethodTestDescriptor.java:65)
	at org.junit.platform.engine.support.hierarchical.NodeTestTask.lambda$executeRecursively$5(NodeTestTask.java:139)
	at org.junit.platform.engine.support.hierarchical.ThrowableCollector.execute(ThrowableCollector.java:73)
	at org.junit.platform.engine.support.hierarchical.NodeTestTask.lambda$executeRecursively$7(NodeTestTask.java:129)
	at org.junit.platform.engine.support.hierarchical.Node.around(Node.java:137)
	at org.junit.platform.engine.support.hierarchical.NodeTestTask.lambda$executeRecursively$8(NodeTestTask.java:127)
	at org.junit.platform.engine.support.hierarchical.ThrowableCollector.execute(ThrowableCollector.java:73)
	at org.junit.platform.engine.support.hierarchical.NodeTestTask.executeRecursively(NodeTestTask.java:126)
	at org.junit.platform.engine.support.hierarchical.NodeTestTask.execute(NodeTestTask.java:84)
	at java.util.ArrayList.forEach(ArrayList.java:1259)
	at org.junit.platform.engine.support.hierarchical.SameThreadHierarchicalTestExecutorService.invokeAll(SameThreadHierarchicalTestExecutorService.java:38)
	at org.junit.platform.engine.support.hierarchical.NodeTestTask.lambda$executeRecursively$5(NodeTestTask.java:143)
	at org.junit.platform.engine.support.hierarchical.ThrowableCollector.execute(ThrowableCollector.java:73)
	at org.junit.platform.engine.support.hierarchical.NodeTestTask.lambda$executeRecursively$7(NodeTestTask.java:129)
	at org.junit.platform.engine.support.hierarchical.Node.around(Node.java:137)
	at org.junit.platform.engine.support.hierarchical.NodeTestTask.lambda$executeRecursively$8(NodeTestTask.java:127)
	at org.junit.platform.engine.support.hierarchical.ThrowableCollector.execute(ThrowableCollector.java:73)
	at org.junit.platform.engine.support.hierarchical.NodeTestTask.executeRecursively(NodeTestTask.java:126)
	at org.junit.platform.engine.support.hierarchical.NodeTestTask.execute(NodeTestTask.java:84)
	at java.util.ArrayList.forEach(ArrayList.java:1259)
	at org.junit.platform.engine.support.hierarchical.SameThreadHierarchicalTestExecutorService.invokeAll(SameThreadHierarchicalTestExecutorService.java:38)
	at org.junit.platform.engine.support.hierarchical.NodeTestTask.lambda$executeRecursively$5(NodeTestTask.java:143)
	at org.junit.platform.engine.support.hierarchical.ThrowableCollector.execute(ThrowableCollector.java:73)
	at org.junit.platform.engine.support.hierarchical.NodeTestTask.lambda$executeRecursively$7(NodeTestTask.java:129)
	at org.junit.platform.engine.support.hierarchical.Node.around(Node.java:137)
	at org.junit.platform.engine.support.hierarchical.NodeTestTask.lambda$executeRecursively$8(NodeTestTask.java:127)
	at org.junit.platform.engine.support.hierarchical.ThrowableCollector.execute(ThrowableCollector.java:73)
	at org.junit.platform.engine.support.hierarchical.NodeTestTask.executeRecursively(NodeTestTask.java:126)
	at org.junit.platform.engine.support.hierarchical.NodeTestTask.execute(NodeTestTask.java:84)
	at org.junit.platform.engine.support.hierarchical.SameThreadHierarchicalTestExecutorService.submit(SameThreadHierarchicalTestExecutorService.java:32)
	at org.junit.platform.engine.support.hierarchical.HierarchicalTestExecutor.execute(HierarchicalTestExecutor.java:57)
	at org.junit.platform.engine.support.hierarchical.HierarchicalTestEngine.execute(HierarchicalTestEngine.java:51)
	at org.junit.platform.launcher.core.DefaultLauncher.execute(DefaultLauncher.java:220)
	at org.junit.platform.launcher.core.DefaultLauncher.lambda$execute$6(DefaultLauncher.java:188)
	at org.junit.platform.launcher.core.DefaultLauncher.withInterceptedStreams(DefaultLauncher.java:202)
	at org.junit.platform.launcher.core.DefaultLauncher.execute(DefaultLauncher.java:181)
	at org.junit.platform.launcher.core.DefaultLauncher.execute(DefaultLauncher.java:128)
	at org.apache.maven.surefire.junitplatform.JUnitPlatformProvider.invokeAllTests(JUnitPlatformProvider.java:150)
	at org.apache.maven.surefire.junitplatform.JUnitPlatformProvider.invoke(JUnitPlatformProvider.java:124)
	at org.apache.maven.surefire.booter.ForkedBooter.invokeProviderInSameClassLoader(ForkedBooter.java:384)
	at org.apache.maven.surefire.booter.ForkedBooter.runSuitesInProcess(ForkedBooter.java:345)
	at org.apache.maven.surefire.booter.ForkedBooter.execute(ForkedBooter.java:126)
	at org.apache.maven.surefire.booter.ForkedBooter.main(ForkedBooter.java:418)
24 апр 2026;13:40:24.546 [main] INFO  c.q.m.d.s.i.DefaultVisitAssignmentExecutor - Assign workflow start visit=2002 currentQueue=900 currentService=null selectedService=301 targetQueue=901 doctor=45 servicePoint=41220000000007 workProfile=15 trigger=SERVICE_POINT_OPEN
24 апр 2026;13:40:24.546 [main] INFO  c.q.m.d.s.i.DefaultVisitAssignmentExecutor - Assign workflow transfer step visit=2002 sourceQueue=900 targetQueue=901 doctor=45 servicePoint=41220000000007 trigger=SERVICE_POINT_OPEN transferOnly=false
24 апр 2026;13:40:24.546 [main] INFO  c.q.m.d.s.AutonomousMedicalExamAssignmentService - Visit 2002 matchFound=true selectedService=301 targetQueue=901 success=true reason=route-order-1
24 апр 2026;13:40:24.546 [main] INFO  c.q.m.d.s.AutonomousMedicalExamAssignmentService - Finish assignment cycle source=SERVICE_POINT_OPEN branchId=7 processed=1
24 апр 2026;13:40:24.548 [main] INFO  c.q.m.c.s.OrchestraDataCacheUpdateService - Refresh caches for configured branches [7]
24 апр 2026;13:40:24.549 [main] INFO  c.q.m.cache.BranchCacheUpdater - Start cache refresh for branch 7
24 апр 2026;13:40:24.549 [main] INFO  c.q.m.cache.BranchCacheUpdater - Finish cache refresh for branch 7: services=1, queues=2, workProfiles=1, servicePoints=1, unknownDoctorQueueId=900, tookMs=0
24 апр 2026;13:40:24.551 [main] INFO  c.q.m.d.s.AutonomousMedicalExamAssignmentService - Start assignment cycle source=SERVICE_POINT_OPEN branchId=7 servicePointId=41220000000007 staffId=45 workProfileId=15 sources={branchId=test, servicePointId=test, staffId=test, workProfileId=test}
24 апр 2026;13:40:24.551 [main] INFO  c.q.m.d.s.AutonomousMedicalExamAssignmentService - Doctor 45 available services=[301]
24 апр 2026;13:40:24.551 [main] INFO  c.q.m.d.s.AutonomousMedicalExamAssignmentService - Visits in unknown-doctor queue 900 count=1
24 апр 2026;13:40:24.551 [main] INFO  c.q.m.d.s.i.MedRobotAwareDoctorServiceSelectionService - Request med-robot optimal service branch=7 currentService=301 unservedServices=[301]
24 апр 2026;13:40:24.553 [main] ERROR c.q.m.d.s.i.MedRobotAwareDoctorServiceSelectionService - Med-robot optimal service request failed for branch=7 currentService=301 visit=5002: simulated med-robot failure
java.lang.IllegalStateException: simulated med-robot failure
	at com.qsystems.meddoctorassignment.support.InMemoryTestGateways.selectOptimalService(InMemoryTestGateways.java:162)
	at com.qsystems.meddoctorassignment.domain.service.impl.MedRobotAwareDoctorServiceSelectionService.select(MedRobotAwareDoctorServiceSelectionService.java:71)
	at com.qsystems.meddoctorassignment.domain.service.AutonomousMedicalExamAssignmentService.process(AutonomousMedicalExamAssignmentService.java:182)
	at com.qsystems.meddoctorassignment.AutonomousMedicalExamAssignmentServiceTest.fallsBackToLocalSelectionWhenMedRobotFails(AutonomousMedicalExamAssignmentServiceTest.java:211)
	at sun.reflect.NativeMethodAccessorImpl.invoke0(Native Method)
	at sun.reflect.NativeMethodAccessorImpl.invoke(NativeMethodAccessorImpl.java:62)
	at sun.reflect.DelegatingMethodAccessorImpl.invoke(DelegatingMethodAccessorImpl.java:43)
	at java.lang.reflect.Method.invoke(Method.java:498)
	at org.junit.platform.commons.util.ReflectionUtils.invokeMethod(ReflectionUtils.java:688)
	at org.junit.jupiter.engine.execution.MethodInvocation.proceed(MethodInvocation.java:60)
	at org.junit.jupiter.engine.execution.InvocationInterceptorChain$ValidatingInvocation.proceed(InvocationInterceptorChain.java:131)
	at org.junit.jupiter.engine.extension.TimeoutExtension.intercept(TimeoutExtension.java:149)
	at org.junit.jupiter.engine.extension.TimeoutExtension.interceptTestableMethod(TimeoutExtension.java:140)
	at org.junit.jupiter.engine.extension.TimeoutExtension.interceptTestMethod(TimeoutExtension.java:84)
	at org.junit.jupiter.engine.execution.ExecutableInvoker$ReflectiveInterceptorCall.lambda$ofVoidMethod$0(ExecutableInvoker.java:115)
	at org.junit.jupiter.engine.execution.ExecutableInvoker.lambda$invoke$0(ExecutableInvoker.java:105)
	at org.junit.jupiter.engine.execution.InvocationInterceptorChain$InterceptedInvocation.proceed(InvocationInterceptorChain.java:106)
	at org.junit.jupiter.engine.execution.InvocationInterceptorChain.proceed(InvocationInterceptorChain.java:64)
	at org.junit.jupiter.engine.execution.InvocationInterceptorChain.chainAndInvoke(InvocationInterceptorChain.java:45)
	at org.junit.jupiter.engine.execution.InvocationInterceptorChain.invoke(InvocationInterceptorChain.java:37)
	at org.junit.jupiter.engine.execution.ExecutableInvoker.invoke(ExecutableInvoker.java:104)
	at org.junit.jupiter.engine.execution.ExecutableInvoker.invoke(ExecutableInvoker.java:98)
	at org.junit.jupiter.engine.descriptor.TestMethodTestDescriptor.lambda$invokeTestMethod$6(TestMethodTestDescriptor.java:210)
	at org.junit.platform.engine.support.hierarchical.ThrowableCollector.execute(ThrowableCollector.java:73)
	at org.junit.jupiter.engine.descriptor.TestMethodTestDescriptor.invokeTestMethod(TestMethodTestDescriptor.java:206)
	at org.junit.jupiter.engine.descriptor.TestMethodTestDescriptor.execute(TestMethodTestDescriptor.java:131)
	at org.junit.jupiter.engine.descriptor.TestMethodTestDescriptor.execute(TestMethodTestDescriptor.java:65)
	at org.junit.platform.engine.support.hierarchical.NodeTestTask.lambda$executeRecursively$5(NodeTestTask.java:139)
	at org.junit.platform.engine.support.hierarchical.ThrowableCollector.execute(ThrowableCollector.java:73)
	at org.junit.platform.engine.support.hierarchical.NodeTestTask.lambda$executeRecursively$7(NodeTestTask.java:129)
	at org.junit.platform.engine.support.hierarchical.Node.around(Node.java:137)
	at org.junit.platform.engine.support.hierarchical.NodeTestTask.lambda$executeRecursively$8(NodeTestTask.java:127)
	at org.junit.platform.engine.support.hierarchical.ThrowableCollector.execute(ThrowableCollector.java:73)
	at org.junit.platform.engine.support.hierarchical.NodeTestTask.executeRecursively(NodeTestTask.java:126)
	at org.junit.platform.engine.support.hierarchical.NodeTestTask.execute(NodeTestTask.java:84)
	at java.util.ArrayList.forEach(ArrayList.java:1259)
	at org.junit.platform.engine.support.hierarchical.SameThreadHierarchicalTestExecutorService.invokeAll(SameThreadHierarchicalTestExecutorService.java:38)
	at org.junit.platform.engine.support.hierarchical.NodeTestTask.lambda$executeRecursively$5(NodeTestTask.java:143)
	at org.junit.platform.engine.support.hierarchical.ThrowableCollector.execute(ThrowableCollector.java:73)
	at org.junit.platform.engine.support.hierarchical.NodeTestTask.lambda$executeRecursively$7(NodeTestTask.java:129)
	at org.junit.platform.engine.support.hierarchical.Node.around(Node.java:137)
	at org.junit.platform.engine.support.hierarchical.NodeTestTask.lambda$executeRecursively$8(NodeTestTask.java:127)
	at org.junit.platform.engine.support.hierarchical.ThrowableCollector.execute(ThrowableCollector.java:73)
	at org.junit.platform.engine.support.hierarchical.NodeTestTask.executeRecursively(NodeTestTask.java:126)
	at org.junit.platform.engine.support.hierarchical.NodeTestTask.execute(NodeTestTask.java:84)
	at java.util.ArrayList.forEach(ArrayList.java:1259)
	at org.junit.platform.engine.support.hierarchical.SameThreadHierarchicalTestExecutorService.invokeAll(SameThreadHierarchicalTestExecutorService.java:38)
	at org.junit.platform.engine.support.hierarchical.NodeTestTask.lambda$executeRecursively$5(NodeTestTask.java:143)
	at org.junit.platform.engine.support.hierarchical.ThrowableCollector.execute(ThrowableCollector.java:73)
	at org.junit.platform.engine.support.hierarchical.NodeTestTask.lambda$executeRecursively$7(NodeTestTask.java:129)
	at org.junit.platform.engine.support.hierarchical.Node.around(Node.java:137)
	at org.junit.platform.engine.support.hierarchical.NodeTestTask.lambda$executeRecursively$8(NodeTestTask.java:127)
	at org.junit.platform.engine.support.hierarchical.ThrowableCollector.execute(ThrowableCollector.java:73)
	at org.junit.platform.engine.support.hierarchical.NodeTestTask.executeRecursively(NodeTestTask.java:126)
	at org.junit.platform.engine.support.hierarchical.NodeTestTask.execute(NodeTestTask.java:84)
	at org.junit.platform.engine.support.hierarchical.SameThreadHierarchicalTestExecutorService.submit(SameThreadHierarchicalTestExecutorService.java:32)
	at org.junit.platform.engine.support.hierarchical.HierarchicalTestExecutor.execute(HierarchicalTestExecutor.java:57)
	at org.junit.platform.engine.support.hierarchical.HierarchicalTestEngine.execute(HierarchicalTestEngine.java:51)
	at org.junit.platform.launcher.core.DefaultLauncher.execute(DefaultLauncher.java:220)
	at org.junit.platform.launcher.core.DefaultLauncher.lambda$execute$6(DefaultLauncher.java:188)
	at org.junit.platform.launcher.core.DefaultLauncher.withInterceptedStreams(DefaultLauncher.java:202)
	at org.junit.platform.launcher.core.DefaultLauncher.execute(DefaultLauncher.java:181)
	at org.junit.platform.launcher.core.DefaultLauncher.execute(DefaultLauncher.java:128)
	at org.apache.maven.surefire.junitplatform.JUnitPlatformProvider.invokeAllTests(JUnitPlatformProvider.java:150)
	at org.apache.maven.surefire.junitplatform.JUnitPlatformProvider.invoke(JUnitPlatformProvider.java:124)
	at org.apache.maven.surefire.booter.ForkedBooter.invokeProviderInSameClassLoader(ForkedBooter.java:384)
	at org.apache.maven.surefire.booter.ForkedBooter.runSuitesInProcess(ForkedBooter.java:345)
	at org.apache.maven.surefire.booter.ForkedBooter.execute(ForkedBooter.java:126)
	at org.apache.maven.surefire.booter.ForkedBooter.main(ForkedBooter.java:418)
24 апр 2026;13:40:24.556 [main] WARN  c.q.m.d.s.i.MedRobotAwareDoctorServiceSelectionService - Fallback to local service selection for visit 5002 after med-robot error
24 апр 2026;13:40:24.558 [main] INFO  c.q.m.d.s.i.DefaultVisitAssignmentExecutor - Assign workflow start visit=5002 currentQueue=900 currentService=null selectedService=301 targetQueue=901 doctor=45 servicePoint=41220000000007 workProfile=15 trigger=SERVICE_POINT_OPEN
24 апр 2026;13:40:24.558 [main] INFO  c.q.m.d.s.i.DefaultVisitAssignmentExecutor - Assign workflow transfer step visit=5002 sourceQueue=900 targetQueue=901 doctor=45 servicePoint=41220000000007 trigger=SERVICE_POINT_OPEN transferOnly=false
24 апр 2026;13:40:24.558 [main] INFO  c.q.m.d.s.AutonomousMedicalExamAssignmentService - Visit 5002 matchFound=true selectedService=301 targetQueue=901 success=true reason=route-order-1
24 апр 2026;13:40:24.558 [main] INFO  c.q.m.d.s.AutonomousMedicalExamAssignmentService - Finish assignment cycle source=SERVICE_POINT_OPEN branchId=7 processed=1
24 апр 2026;13:40:24.576 [main] INFO  c.q.m.c.s.OrchestraDataCacheUpdateService - Refresh caches for configured branches [7]
24 апр 2026;13:40:24.578 [main] INFO  c.q.m.cache.BranchCacheUpdater - Start cache refresh for branch 7
24 апр 2026;13:40:24.578 [main] INFO  c.q.m.cache.BranchCacheUpdater - Finish cache refresh for branch 7: services=1, queues=2, workProfiles=1, servicePoints=1, unknownDoctorQueueId=900, tookMs=0
24 апр 2026;13:40:24.583 [main] INFO  c.q.m.e.UserSessionReadinessCoordinator - Registered pending user session correlationKey=staffTx:123456789 branchId=7 userId=45 servicePointId=41220000000007 servicePointLogicId=901 staffTransactionId=123456789 workProfileOrigId=15 workProfileName=null
24 апр 2026;13:40:24.586 [main] INFO  c.q.m.c.s.OrchestraDataCacheUpdateService - Refresh caches for configured branches [7]
24 апр 2026;13:40:24.586 [main] INFO  c.q.m.cache.BranchCacheUpdater - Start cache refresh for branch 7
24 апр 2026;13:40:24.587 [main] INFO  c.q.m.cache.BranchCacheUpdater - Finish cache refresh for branch 7: services=1, queues=2, workProfiles=1, servicePoints=1, unknownDoctorQueueId=900, tookMs=1
24 апр 2026;13:40:24.588 [main] INFO  c.q.m.e.UserSessionReadinessCoordinator - Registered pending user session correlationKey=staffTx:123456789 branchId=7 userId=45 servicePointId=41220000000007 servicePointLogicId=901 staffTransactionId=123456789 workProfileOrigId=15 workProfileName=null
24 апр 2026;13:40:24.589 [main] INFO  c.q.m.e.UserSessionReadinessCoordinator - Completed pending user session correlationKey=staffTx:123456789 ageMs=1 sessionStartProfile=15 sessionStartProfileName=null settledProfile=15 settledProfileName=null selectedProfileSource=USER_SERVICE_POINT_SESSION_START servicePointId=41220000000007 servicePointLogicId=901
24 апр 2026;13:40:24.592 [main] INFO  c.q.m.d.s.i.DefaultLoggedDoctorContextResolver - Resolved doctor context source=USER_SESSION_READY branchId=7 servicePointId=41220000000007 servicePointLogicId=901 staffId=45 workProfileId=15 servicePointName=null workProfileName=null userName=null fieldSources={branchId=event.parameters.branchId, servicePointId=event.parameters.servicePointId, servicePointLogicId=event.parameters.servicePointLogicId, staffId=event.parameters.userId, workProfileId=event.parameters.workProfileOrigId}
24 апр 2026;13:40:24.593 [main] INFO  c.q.m.d.s.AutonomousMedicalExamAssignmentService - Start assignment cycle source=USER_SESSION_READY branchId=7 servicePointId=41220000000007 staffId=45 workProfileId=15 sources={branchId=event.parameters.branchId, servicePointId=event.parameters.servicePointId, servicePointLogicId=event.parameters.servicePointLogicId, staffId=event.parameters.userId, workProfileId=event.parameters.workProfileOrigId}
24 апр 2026;13:40:24.593 [main] INFO  c.q.m.d.s.AutonomousMedicalExamAssignmentService - Doctor 45 available services=[301]
24 апр 2026;13:40:24.593 [main] INFO  c.q.m.d.s.AutonomousMedicalExamAssignmentService - Visits in unknown-doctor queue 900 count=1
24 апр 2026;13:40:24.593 [main] INFO  c.q.m.d.s.i.DefaultVisitAssignmentExecutor - Assign workflow start visit=5001 currentQueue=900 currentService=null selectedService=301 targetQueue=901 doctor=45 servicePoint=41220000000007 workProfile=15 trigger=USER_SESSION_READY
24 апр 2026;13:40:24.594 [main] INFO  c.q.m.d.s.i.DefaultVisitAssignmentExecutor - Assign workflow transfer step visit=5001 sourceQueue=900 targetQueue=901 doctor=45 servicePoint=41220000000007 trigger=USER_SESSION_READY transferOnly=false
24 апр 2026;13:40:24.594 [main] INFO  c.q.m.d.s.AutonomousMedicalExamAssignmentService - Visit 5001 matchFound=true selectedService=301 targetQueue=901 success=true reason=route-order-1
24 апр 2026;13:40:24.594 [main] INFO  c.q.m.d.s.AutonomousMedicalExamAssignmentService - Finish assignment cycle source=USER_SESSION_READY branchId=7 processed=1
24 апр 2026;13:40:24.595 [main] INFO  c.q.m.c.s.OrchestraDataCacheUpdateService - Refresh caches for configured branches [7]
24 апр 2026;13:40:24.596 [main] INFO  c.q.m.cache.BranchCacheUpdater - Start cache refresh for branch 7
24 апр 2026;13:40:24.596 [main] INFO  c.q.m.cache.BranchCacheUpdater - Finish cache refresh for branch 7: services=1, queues=2, workProfiles=1, servicePoints=1, unknownDoctorQueueId=900, tookMs=0
24 апр 2026;13:40:24.596 [main] INFO  c.q.m.e.DoctorAssignmentEventHandler - Skip event SERVICE_POINT_OPEN because trigger SERVICE_POINT_OPEN is disabled by configuration
24 апр 2026;13:40:24.597 [main] INFO  c.q.m.c.s.OrchestraDataCacheUpdateService - Refresh caches for configured branches [7]
24 апр 2026;13:40:24.598 [main] INFO  c.q.m.cache.BranchCacheUpdater - Start cache refresh for branch 7
24 апр 2026;13:40:24.598 [main] INFO  c.q.m.cache.BranchCacheUpdater - Finish cache refresh for branch 7: services=1, queues=2, workProfiles=1, servicePoints=1, unknownDoctorQueueId=900, tookMs=0
24 апр 2026;13:40:24.598 [main] INFO  c.q.m.e.UserSessionReadinessCoordinator - No pending user session found for SET_WORK_PROFILE correlationKey=staffTx:123456789
24 апр 2026;13:40:24.598 [main] INFO  c.q.m.d.s.i.DefaultLoggedDoctorContextResolver - Resolved doctor context source=WORK_PROFILE_EXPANDED branchId=7 servicePointId=41220000000007 servicePointLogicId=901 staffId=45 workProfileId=15 servicePointName=null workProfileName=null userName=null fieldSources={branchId=event.parameters.branchId, servicePointId=event.parameters.servicePointId, servicePointLogicId=event.parameters.servicePointLogicId, staffId=event.parameters.userId, workProfileId=event.parameters.workProfileOrigId}
24 апр 2026;13:40:24.601 [main] INFO  c.q.m.e.DoctorAssignmentEventHandler - Skip raw SET_WORK_PROFILE because no matching USER_SERVICE_POINT_SESSION_START was found and raw trigger is disabled (reason=same-work-profile)
24 апр 2026;13:40:24.621 [main] INFO  c.q.m.d.s.i.DefaultLoggedDoctorContextResolver - Resolved doctor context source=SERVICE_POINT_OPEN branchId=7 servicePointId=10220000000007 servicePointLogicId=1 staffId=1000002 workProfileId=31 servicePointName=102 Маммография workProfileName=Маммография userName=p.sokolov fieldSources={branchId=event.parameters.branchId, servicePointId=event.unitId, servicePointLogicId=event.parameters.servicePointLogicId, staffId=event.parameters.userId, workProfileId=event.parameters.workProfileOrigId, workProfileName=event.parameters.workProfileName, servicePointName=event.parameters.servicePointName, userName=event.parameters.userName/user}
24 апр 2026;13:40:24.624 [main] INFO  c.q.m.d.s.i.DefaultLoggedDoctorContextResolver - Resolved doctor context source=SET_WORK_PROFILE branchId=10 servicePointId=820000000010 servicePointLogicId=null staffId=29 workProfileId=28 servicePointName=null workProfileName=null userName=null fieldSources={branchId=event.parameters.branchId, staffId=event.parameters.userId, servicePointId=fallback.servicePointRuntimeState, workProfileId=fallback.servicePointRuntimeState}
24 апр 2026;13:40:24.629 [main] INFO  c.q.m.c.s.OrchestraDataCacheUpdateService - Refresh caches for configured branches [7]
24 апр 2026;13:40:24.629 [main] INFO  c.q.m.cache.BranchCacheUpdater - Start cache refresh for branch 7
24 апр 2026;13:40:24.683 [main] INFO  c.q.m.cache.BranchCacheUpdater - Finish cache refresh for branch 7: services=1, queues=2, workProfiles=1, servicePoints=1, unknownDoctorQueueId=900, tookMs=54
24 апр 2026;13:40:24.685 [main] INFO  c.q.m.e.UserSessionReadinessCoordinator - No pending user session found for SET_WORK_PROFILE correlationKey=fallback:7|45|41220000000007
24 апр 2026;13:40:24.686 [main] INFO  c.q.m.d.s.i.DefaultLoggedDoctorContextResolver - Resolved doctor context source=WORK_PROFILE_EXPANDED branchId=7 servicePointId=41220000000007 servicePointLogicId=null staffId=45 workProfileId=15 servicePointName=null workProfileName=null userName=null fieldSources={branchId=event.parameters.branchId, servicePointId=event.parameters.servicePointId, staffId=event.parameters.userId, workProfileId=event.parameters.workProfileOrigId}
24 апр 2026;13:40:24.686 [main] INFO  c.q.m.d.s.i.DefaultLoggedDoctorContextResolver - Resolved doctor context source=SET_WORK_PROFILE branchId=7 servicePointId=41220000000007 servicePointLogicId=null staffId=45 workProfileId=15 servicePointName=null workProfileName=null userName=null fieldSources={branchId=event.parameters.branchId, servicePointId=event.parameters.servicePointId, staffId=event.parameters.userId, workProfileId=event.parameters.workProfileOrigId}
24 апр 2026;13:40:24.691 [main] INFO  c.q.m.d.s.AutonomousMedicalExamAssignmentService - Start assignment cycle source=SET_WORK_PROFILE branchId=7 servicePointId=41220000000007 staffId=45 workProfileId=15 sources={branchId=event.parameters.branchId, servicePointId=event.parameters.servicePointId, staffId=event.parameters.userId, workProfileId=event.parameters.workProfileOrigId}
24 апр 2026;13:40:24.691 [main] INFO  c.q.m.d.s.AutonomousMedicalExamAssignmentService - Doctor 45 available services=[301]
24 апр 2026;13:40:24.691 [main] INFO  c.q.m.d.s.AutonomousMedicalExamAssignmentService - Visits in unknown-doctor queue 900 count=1
24 апр 2026;13:40:24.691 [main] INFO  c.q.m.d.s.i.DefaultVisitAssignmentExecutor - Assign workflow start visit=5001 currentQueue=900 currentService=null selectedService=301 targetQueue=901 doctor=45 servicePoint=41220000000007 workProfile=15 trigger=SET_WORK_PROFILE
24 апр 2026;13:40:24.694 [main] INFO  c.q.m.d.s.i.DefaultVisitAssignmentExecutor - Assign workflow transfer step visit=5001 sourceQueue=900 targetQueue=901 doctor=45 servicePoint=41220000000007 trigger=SET_WORK_PROFILE transferOnly=false
24 апр 2026;13:40:24.695 [main] INFO  c.q.m.d.s.AutonomousMedicalExamAssignmentService - Visit 5001 matchFound=true selectedService=301 targetQueue=901 success=true reason=route-order-1
24 апр 2026;13:40:24.695 [main] INFO  c.q.m.d.s.AutonomousMedicalExamAssignmentService - Finish assignment cycle source=SET_WORK_PROFILE branchId=7 processed=1
24 апр 2026;13:40:24.697 [main] INFO  c.q.m.e.UserSessionReadinessCoordinator - Registered pending user session correlationKey=staffTx:1776327218753843 branchId=6 userId=1 servicePointId=120000000006 servicePointLogicId=1 staffTransactionId=1776327218753843 workProfileOrigId=14 workProfileName=test05
24 апр 2026;13:40:24.699 [main] INFO  c.q.m.e.UserSessionReadinessCoordinator - Completed pending user session correlationKey=staffTx:1776327218753843 ageMs=1 sessionStartProfile=14 sessionStartProfileName=test05 settledProfile=7 settledProfileName=Универсал selectedProfileSource=USER_SERVICE_POINT_SESSION_START servicePointId=120000000006 servicePointLogicId=1
24 апр 2026;13:40:26.044 [main] INFO  c.q.m.c.s.OrchestraDataCacheUpdateService - Refresh caches for configured branches [7]
24 апр 2026;13:40:26.047 [main] INFO  c.q.m.cache.BranchCacheUpdater - Start cache refresh for branch 7
24 апр 2026;13:40:26.047 [main] INFO  c.q.m.cache.BranchCacheUpdater - Finish cache refresh for branch 7: services=2, queues=3, workProfiles=3, servicePoints=1, unknownDoctorQueueId=900, tookMs=0
24 апр 2026;13:40:26.048 [main] INFO  c.q.m.e.UserSessionReadinessCoordinator - No pending user session found for SET_WORK_PROFILE correlationKey=fallback:7|45|41220000000007
24 апр 2026;13:40:26.048 [main] INFO  c.q.m.d.s.i.DefaultLoggedDoctorContextResolver - Resolved doctor context source=WORK_PROFILE_EXPANDED branchId=7 servicePointId=41220000000007 servicePointLogicId=null staffId=45 workProfileId=16 servicePointName=Кабинет 7 workProfileName=Расширенный userName=doctor-45 fieldSources={branchId=event.parameters.branchId, servicePointId=event.parameters.servicePointId, staffId=event.parameters.userId, workProfileId=event.parameters.workProfileOrigId, workProfileName=event.parameters.workProfileName, servicePointName=event.parameters.servicePointName, userName=event.parameters.userName/user}
24 апр 2026;13:40:26.048 [main] INFO  c.q.m.e.WorkProfileExpansionTriggerEvaluator - Detected work-profile expansion during active session branchId=7 servicePointId=41220000000007 staffId=45 previousWorkProfileId=15 newWorkProfileId=16 previousServices=[301] newServices=[301, 302]
24 апр 2026;13:40:26.048 [main] INFO  c.q.m.d.s.AutonomousMedicalExamAssignmentService - Start assignment cycle source=WORK_PROFILE_EXPANDED branchId=7 servicePointId=41220000000007 staffId=45 workProfileId=16 sources={branchId=event.parameters.branchId, servicePointId=event.parameters.servicePointId, staffId=event.parameters.userId, workProfileId=event.parameters.workProfileOrigId, workProfileName=event.parameters.workProfileName, servicePointName=event.parameters.servicePointName, userName=event.parameters.userName/user}
24 апр 2026;13:40:26.049 [main] INFO  c.q.m.d.s.AutonomousMedicalExamAssignmentService - Doctor 45 available services=[301, 302]
24 апр 2026;13:40:26.049 [main] INFO  c.q.m.d.s.AutonomousMedicalExamAssignmentService - Visits in unknown-doctor queue 900 count=1
24 апр 2026;13:40:26.049 [main] INFO  c.q.m.d.s.i.DefaultVisitAssignmentExecutor - Assign workflow start visit=5001 currentQueue=900 currentService=72 selectedService=302 targetQueue=902 doctor=45 servicePoint=41220000000007 workProfile=16 trigger=WORK_PROFILE_EXPANDED
24 апр 2026;13:40:26.049 [main] INFO  c.q.m.d.s.i.DefaultVisitAssignmentExecutor - Assign workflow transfer step visit=5001 sourceQueue=900 targetQueue=902 doctor=45 servicePoint=41220000000007 trigger=WORK_PROFILE_EXPANDED transferOnly=false
24 апр 2026;13:40:26.050 [main] INFO  c.q.m.d.s.AutonomousMedicalExamAssignmentService - Visit 5001 matchFound=true selectedService=302 targetQueue=902 success=true reason=route-order-1
24 апр 2026;13:40:26.050 [main] INFO  c.q.m.d.s.AutonomousMedicalExamAssignmentService - Finish assignment cycle source=WORK_PROFILE_EXPANDED branchId=7 processed=1
24 апр 2026;13:40:26.051 [main] INFO  c.q.m.c.s.OrchestraDataCacheUpdateService - Refresh caches for configured branches [7]
24 апр 2026;13:40:26.051 [main] INFO  c.q.m.cache.BranchCacheUpdater - Start cache refresh for branch 7
24 апр 2026;13:40:26.051 [main] INFO  c.q.m.cache.BranchCacheUpdater - Finish cache refresh for branch 7: services=2, queues=3, workProfiles=3, servicePoints=1, unknownDoctorQueueId=900, tookMs=0
24 апр 2026;13:40:26.051 [main] INFO  c.q.m.e.UserSessionReadinessCoordinator - No pending user session found for SET_WORK_PROFILE correlationKey=fallback:7|45|41220000000007
24 апр 2026;13:40:26.051 [main] INFO  c.q.m.d.s.i.DefaultLoggedDoctorContextResolver - Resolved doctor context source=WORK_PROFILE_EXPANDED branchId=7 servicePointId=41220000000007 servicePointLogicId=null staffId=45 workProfileId=17 servicePointName=Кабинет 7 workProfileName=Суженный userName=doctor-45 fieldSources={branchId=event.parameters.branchId, servicePointId=event.parameters.servicePointId, staffId=event.parameters.userId, workProfileId=event.parameters.workProfileOrigId, workProfileName=event.parameters.workProfileName, servicePointName=event.parameters.servicePointName, userName=event.parameters.userName/user}
24 апр 2026;13:40:26.052 [main] INFO  c.q.m.e.WorkProfileExpansionTriggerEvaluator - Skip work-profile expansion trigger because available services did not expand branchId=7 servicePointId=41220000000007 staffId=45 previousWorkProfileId=15 newWorkProfileId=17 previousServices=[301] newServices=[301]
24 апр 2026;13:40:26.052 [main] INFO  c.q.m.e.DoctorAssignmentEventHandler - Skip raw SET_WORK_PROFILE because no matching USER_SERVICE_POINT_SESSION_START was found and raw trigger is disabled (reason=services-not-expanded)
24 апр 2026;13:50:26.596 [main] DEBUG c.q.m.a.o.OrchestraSessionCookieStore - Mutation cookie replay is disabled for method PUT. Stored mutation cookies will not be sent.
24 апр 2026;13:50:26.604 [main] DEBUG c.q.m.a.o.OrchestraSessionCookieStore - Mutation cookie replay is disabled for method POST. Stored mutation cookies will not be sent.
24 апр 2026;13:50:26.662 [main] INFO  c.q.m.c.s.OrchestraDataCacheUpdateService - Refresh caches for configured branches [7]
24 апр 2026;13:50:26.667 [main] INFO  c.q.m.cache.BranchCacheUpdater - Start cache refresh for branch 7
24 апр 2026;13:50:26.671 [main] INFO  c.q.m.cache.BranchCacheUpdater - Finish cache refresh for branch 7: services=1, queues=2, workProfiles=1, servicePoints=1, unknownDoctorQueueId=900, tookMs=8
24 апр 2026;13:50:26.678 [main] INFO  c.q.m.d.s.AutonomousMedicalExamAssignmentService - Start assignment cycle source=SERVICE_POINT_OPEN branchId=7 servicePointId=41220000000007 staffId=45 workProfileId=15 sources={branchId=test, servicePointId=test, staffId=test, workProfileId=test}
24 апр 2026;13:50:26.678 [main] INFO  c.q.m.d.s.AutonomousMedicalExamAssignmentService - Doctor 45 available services=[301]
24 апр 2026;13:50:26.678 [main] INFO  c.q.m.d.s.AutonomousMedicalExamAssignmentService - Visits in unknown-doctor queue 900 count=1
24 апр 2026;13:50:26.682 [main] INFO  c.q.m.d.s.i.MedRobotAwareDoctorServiceSelectionService - Request med-robot optimal service branch=7 currentService=301 unservedServices=[301, 302]
24 апр 2026;13:50:26.682 [main] INFO  c.q.m.d.s.i.MedRobotAwareDoctorServiceSelectionService - Med-robot selected service=302 queue=902 visit=5001 routeOrder=2 localService=301 localQueue=901
24 апр 2026;13:50:26.683 [main] INFO  c.q.m.d.s.i.DefaultVisitAssignmentExecutor - Assign workflow start visit=5001 currentQueue=900 currentService=null selectedService=302 targetQueue=902 doctor=45 servicePoint=41220000000007 workProfile=15 trigger=SERVICE_POINT_OPEN
24 апр 2026;13:50:26.683 [main] INFO  c.q.m.d.s.i.DefaultVisitAssignmentExecutor - Assign workflow transfer step visit=5001 sourceQueue=900 targetQueue=902 doctor=45 servicePoint=41220000000007 trigger=SERVICE_POINT_OPEN transferOnly=false
24 апр 2026;13:50:26.684 [main] INFO  c.q.m.d.s.AutonomousMedicalExamAssignmentService - Visit 5001 matchFound=true selectedService=302 targetQueue=902 success=true reason=med-robot-current-service-301
24 апр 2026;13:50:26.685 [main] INFO  c.q.m.d.s.AutonomousMedicalExamAssignmentService - Finish assignment cycle source=SERVICE_POINT_OPEN branchId=7 processed=1
24 апр 2026;13:50:26.686 [main] INFO  c.q.m.c.s.OrchestraDataCacheUpdateService - Refresh caches for configured branches [7]
24 апр 2026;13:50:26.687 [main] INFO  c.q.m.cache.BranchCacheUpdater - Start cache refresh for branch 7
24 апр 2026;13:50:26.687 [main] INFO  c.q.m.cache.BranchCacheUpdater - Finish cache refresh for branch 7: services=1, queues=2, workProfiles=1, servicePoints=1, unknownDoctorQueueId=900, tookMs=0
24 апр 2026;13:50:26.687 [main] INFO  c.q.m.d.s.AutonomousMedicalExamAssignmentService - Start assignment cycle source=SERVICE_POINT_OPEN branchId=7 servicePointId=41220000000007 staffId=45 workProfileId=15 sources={branchId=test, servicePointId=test, staffId=test, workProfileId=test}
24 апр 2026;13:50:26.691 [main] ERROR c.q.m.d.s.AutonomousMedicalExamAssignmentService - Activation step failed source=SERVICE_POINT_OPEN branchId=7 servicePointId=41220000000007 staffId=45 workProfileId=15: simulated activation failure for branch 7
com.qsystems.meddoctorassignment.domain.exception.MutationContextException: simulated activation failure for branch 7
	at com.qsystems.meddoctorassignment.support.InMemoryTestGateways.activate(InMemoryTestGateways.java:132)
	at com.qsystems.meddoctorassignment.domain.service.AutonomousMedicalExamAssignmentService.process(AutonomousMedicalExamAssignmentService.java:130)
	at com.qsystems.meddoctorassignment.AutonomousMedicalExamAssignmentServiceTest.abortsBeforeFirstVisitWhenActivationStepFails(AutonomousMedicalExamAssignmentServiceTest.java:157)
	at sun.reflect.NativeMethodAccessorImpl.invoke0(Native Method)
	at sun.reflect.NativeMethodAccessorImpl.invoke(NativeMethodAccessorImpl.java:62)
	at sun.reflect.DelegatingMethodAccessorImpl.invoke(DelegatingMethodAccessorImpl.java:43)
	at java.lang.reflect.Method.invoke(Method.java:498)
	at org.junit.platform.commons.util.ReflectionUtils.invokeMethod(ReflectionUtils.java:688)
	at org.junit.jupiter.engine.execution.MethodInvocation.proceed(MethodInvocation.java:60)
	at org.junit.jupiter.engine.execution.InvocationInterceptorChain$ValidatingInvocation.proceed(InvocationInterceptorChain.java:131)
	at org.junit.jupiter.engine.extension.TimeoutExtension.intercept(TimeoutExtension.java:149)
	at org.junit.jupiter.engine.extension.TimeoutExtension.interceptTestableMethod(TimeoutExtension.java:140)
	at org.junit.jupiter.engine.extension.TimeoutExtension.interceptTestMethod(TimeoutExtension.java:84)
	at org.junit.jupiter.engine.execution.ExecutableInvoker$ReflectiveInterceptorCall.lambda$ofVoidMethod$0(ExecutableInvoker.java:115)
	at org.junit.jupiter.engine.execution.ExecutableInvoker.lambda$invoke$0(ExecutableInvoker.java:105)
	at org.junit.jupiter.engine.execution.InvocationInterceptorChain$InterceptedInvocation.proceed(InvocationInterceptorChain.java:106)
	at org.junit.jupiter.engine.execution.InvocationInterceptorChain.proceed(InvocationInterceptorChain.java:64)
	at org.junit.jupiter.engine.execution.InvocationInterceptorChain.chainAndInvoke(InvocationInterceptorChain.java:45)
	at org.junit.jupiter.engine.execution.InvocationInterceptorChain.invoke(InvocationInterceptorChain.java:37)
	at org.junit.jupiter.engine.execution.ExecutableInvoker.invoke(ExecutableInvoker.java:104)
	at org.junit.jupiter.engine.execution.ExecutableInvoker.invoke(ExecutableInvoker.java:98)
	at org.junit.jupiter.engine.descriptor.TestMethodTestDescriptor.lambda$invokeTestMethod$6(TestMethodTestDescriptor.java:210)
	at org.junit.platform.engine.support.hierarchical.ThrowableCollector.execute(ThrowableCollector.java:73)
	at org.junit.jupiter.engine.descriptor.TestMethodTestDescriptor.invokeTestMethod(TestMethodTestDescriptor.java:206)
	at org.junit.jupiter.engine.descriptor.TestMethodTestDescriptor.execute(TestMethodTestDescriptor.java:131)
	at org.junit.jupiter.engine.descriptor.TestMethodTestDescriptor.execute(TestMethodTestDescriptor.java:65)
	at org.junit.platform.engine.support.hierarchical.NodeTestTask.lambda$executeRecursively$5(NodeTestTask.java:139)
	at org.junit.platform.engine.support.hierarchical.ThrowableCollector.execute(ThrowableCollector.java:73)
	at org.junit.platform.engine.support.hierarchical.NodeTestTask.lambda$executeRecursively$7(NodeTestTask.java:129)
	at org.junit.platform.engine.support.hierarchical.Node.around(Node.java:137)
	at org.junit.platform.engine.support.hierarchical.NodeTestTask.lambda$executeRecursively$8(NodeTestTask.java:127)
	at org.junit.platform.engine.support.hierarchical.ThrowableCollector.execute(ThrowableCollector.java:73)
	at org.junit.platform.engine.support.hierarchical.NodeTestTask.executeRecursively(NodeTestTask.java:126)
	at org.junit.platform.engine.support.hierarchical.NodeTestTask.execute(NodeTestTask.java:84)
	at java.util.ArrayList.forEach(ArrayList.java:1259)
	at org.junit.platform.engine.support.hierarchical.SameThreadHierarchicalTestExecutorService.invokeAll(SameThreadHierarchicalTestExecutorService.java:38)
	at org.junit.platform.engine.support.hierarchical.NodeTestTask.lambda$executeRecursively$5(NodeTestTask.java:143)
	at org.junit.platform.engine.support.hierarchical.ThrowableCollector.execute(ThrowableCollector.java:73)
	at org.junit.platform.engine.support.hierarchical.NodeTestTask.lambda$executeRecursively$7(NodeTestTask.java:129)
	at org.junit.platform.engine.support.hierarchical.Node.around(Node.java:137)
	at org.junit.platform.engine.support.hierarchical.NodeTestTask.lambda$executeRecursively$8(NodeTestTask.java:127)
	at org.junit.platform.engine.support.hierarchical.ThrowableCollector.execute(ThrowableCollector.java:73)
	at org.junit.platform.engine.support.hierarchical.NodeTestTask.executeRecursively(NodeTestTask.java:126)
	at org.junit.platform.engine.support.hierarchical.NodeTestTask.execute(NodeTestTask.java:84)
	at java.util.ArrayList.forEach(ArrayList.java:1259)
	at org.junit.platform.engine.support.hierarchical.SameThreadHierarchicalTestExecutorService.invokeAll(SameThreadHierarchicalTestExecutorService.java:38)
	at org.junit.platform.engine.support.hierarchical.NodeTestTask.lambda$executeRecursively$5(NodeTestTask.java:143)
	at org.junit.platform.engine.support.hierarchical.ThrowableCollector.execute(ThrowableCollector.java:73)
	at org.junit.platform.engine.support.hierarchical.NodeTestTask.lambda$executeRecursively$7(NodeTestTask.java:129)
	at org.junit.platform.engine.support.hierarchical.Node.around(Node.java:137)
	at org.junit.platform.engine.support.hierarchical.NodeTestTask.lambda$executeRecursively$8(NodeTestTask.java:127)
	at org.junit.platform.engine.support.hierarchical.ThrowableCollector.execute(ThrowableCollector.java:73)
	at org.junit.platform.engine.support.hierarchical.NodeTestTask.executeRecursively(NodeTestTask.java:126)
	at org.junit.platform.engine.support.hierarchical.NodeTestTask.execute(NodeTestTask.java:84)
	at org.junit.platform.engine.support.hierarchical.SameThreadHierarchicalTestExecutorService.submit(SameThreadHierarchicalTestExecutorService.java:32)
	at org.junit.platform.engine.support.hierarchical.HierarchicalTestExecutor.execute(HierarchicalTestExecutor.java:57)
	at org.junit.platform.engine.support.hierarchical.HierarchicalTestEngine.execute(HierarchicalTestEngine.java:51)
	at org.junit.platform.launcher.core.DefaultLauncher.execute(DefaultLauncher.java:220)
	at org.junit.platform.launcher.core.DefaultLauncher.lambda$execute$6(DefaultLauncher.java:188)
	at org.junit.platform.launcher.core.DefaultLauncher.withInterceptedStreams(DefaultLauncher.java:202)
	at org.junit.platform.launcher.core.DefaultLauncher.execute(DefaultLauncher.java:181)
	at org.junit.platform.launcher.core.DefaultLauncher.execute(DefaultLauncher.java:128)
	at org.apache.maven.surefire.junitplatform.JUnitPlatformProvider.invokeAllTests(JUnitPlatformProvider.java:150)
	at org.apache.maven.surefire.junitplatform.JUnitPlatformProvider.invoke(JUnitPlatformProvider.java:124)
	at org.apache.maven.surefire.booter.ForkedBooter.invokeProviderInSameClassLoader(ForkedBooter.java:384)
	at org.apache.maven.surefire.booter.ForkedBooter.runSuitesInProcess(ForkedBooter.java:345)
	at org.apache.maven.surefire.booter.ForkedBooter.execute(ForkedBooter.java:126)
	at org.apache.maven.surefire.booter.ForkedBooter.main(ForkedBooter.java:418)
24 апр 2026;13:50:26.694 [main] WARN  c.q.m.d.s.AutonomousMedicalExamAssignmentService - Abort assignment cycle source=SERVICE_POINT_OPEN branchId=7 before first visit because activation step did not produce a valid mutating context: simulated activation failure for branch 7
24 апр 2026;13:50:26.701 [main] INFO  c.q.m.c.s.OrchestraDataCacheUpdateService - Refresh caches for configured branches [7]
24 апр 2026;13:50:26.701 [main] INFO  c.q.m.cache.BranchCacheUpdater - Start cache refresh for branch 7
24 апр 2026;13:50:26.701 [main] INFO  c.q.m.cache.BranchCacheUpdater - Finish cache refresh for branch 7: services=1, queues=2, workProfiles=1, servicePoints=1, unknownDoctorQueueId=900, tookMs=0
24 апр 2026;13:50:26.704 [main] INFO  c.q.m.d.s.AutonomousMedicalExamAssignmentService - Start assignment cycle source=SERVICE_POINT_OPEN branchId=7 servicePointId=41220000000007 staffId=45 workProfileId=15 sources={branchId=test, servicePointId=test, staffId=test, workProfileId=test}
24 апр 2026;13:50:26.704 [main] INFO  c.q.m.d.s.AutonomousMedicalExamAssignmentService - Doctor 45 available services=[301]
24 апр 2026;13:50:26.704 [main] INFO  c.q.m.d.s.AutonomousMedicalExamAssignmentService - Visits in unknown-doctor queue 900 count=1
24 апр 2026;13:50:26.705 [main] INFO  c.q.m.d.s.i.DefaultVisitAssignmentExecutor - Assign workflow start visit=1500 currentQueue=900 currentService=301 selectedService=301 targetQueue=901 doctor=45 servicePoint=41220000000007 workProfile=15 trigger=SERVICE_POINT_OPEN
24 апр 2026;13:50:26.705 [main] INFO  c.q.m.d.s.i.DefaultVisitAssignmentExecutor - Skip redundant assign for visit=1500 because currentService=301 already matches selectedService=301 and workflow can continue with transfer-only
24 апр 2026;13:50:26.705 [main] INFO  c.q.m.d.s.i.DefaultVisitAssignmentExecutor - Assign workflow transfer step visit=1500 sourceQueue=900 targetQueue=901 doctor=45 servicePoint=41220000000007 trigger=SERVICE_POINT_OPEN transferOnly=true
24 апр 2026;13:50:26.706 [main] INFO  c.q.m.d.s.AutonomousMedicalExamAssignmentService - Visit 1500 matchFound=true selectedService=301 targetQueue=901 success=true reason=route-order-1
24 апр 2026;13:50:26.706 [main] INFO  c.q.m.d.s.AutonomousMedicalExamAssignmentService - Finish assignment cycle source=SERVICE_POINT_OPEN branchId=7 processed=1
24 апр 2026;13:50:26.707 [main] INFO  c.q.m.c.s.OrchestraDataCacheUpdateService - Refresh caches for configured branches [7]
24 апр 2026;13:50:26.708 [main] INFO  c.q.m.cache.BranchCacheUpdater - Start cache refresh for branch 7
24 апр 2026;13:50:26.708 [main] INFO  c.q.m.cache.BranchCacheUpdater - Finish cache refresh for branch 7: services=1, queues=2, workProfiles=1, servicePoints=1, unknownDoctorQueueId=900, tookMs=0
24 апр 2026;13:50:26.708 [main] INFO  c.q.m.d.s.AutonomousMedicalExamAssignmentService - Start assignment cycle source=SERVICE_POINT_OPEN branchId=7 servicePointId=41220000000007 staffId=45 workProfileId=15 sources={branchId=test, servicePointId=test, staffId=test, workProfileId=test}
24 апр 2026;13:50:26.709 [main] INFO  c.q.m.d.s.AutonomousMedicalExamAssignmentService - Doctor 45 available services=[301]
24 апр 2026;13:50:26.709 [main] INFO  c.q.m.d.s.AutonomousMedicalExamAssignmentService - Visits in unknown-doctor queue 900 count=0
24 апр 2026;13:50:26.709 [main] INFO  c.q.m.d.s.AutonomousMedicalExamAssignmentService - Finish assignment cycle source=SERVICE_POINT_OPEN branchId=7 processed=0
24 апр 2026;13:50:26.711 [main] INFO  c.q.m.c.s.OrchestraDataCacheUpdateService - Refresh caches for configured branches [7]
24 апр 2026;13:50:26.711 [main] INFO  c.q.m.cache.BranchCacheUpdater - Start cache refresh for branch 7
24 апр 2026;13:50:26.712 [main] INFO  c.q.m.cache.BranchCacheUpdater - Finish cache refresh for branch 7: services=1, queues=2, workProfiles=1, servicePoints=1, unknownDoctorQueueId=900, tookMs=1
24 апр 2026;13:50:26.712 [main] INFO  c.q.m.d.s.AutonomousMedicalExamAssignmentService - Start assignment cycle source=SERVICE_POINT_OPEN branchId=7 servicePointId=41220000000007 staffId=45 workProfileId=15 sources={branchId=test, servicePointId=test, staffId=test, workProfileId=test}
24 апр 2026;13:50:26.712 [main] INFO  c.q.m.d.s.AutonomousMedicalExamAssignmentService - Doctor 45 available services=[301]
24 апр 2026;13:50:26.712 [main] INFO  c.q.m.d.s.AutonomousMedicalExamAssignmentService - Visits in unknown-doctor queue 900 count=1
24 апр 2026;13:50:26.713 [main] INFO  c.q.m.d.s.i.DefaultVisitAssignmentExecutor - Assign workflow start visit=1001 currentQueue=900 currentService=null selectedService=301 targetQueue=901 doctor=45 servicePoint=41220000000007 workProfile=15 trigger=SERVICE_POINT_OPEN
24 апр 2026;13:50:26.713 [main] INFO  c.q.m.d.s.i.DefaultVisitAssignmentExecutor - Assign workflow transfer step visit=1001 sourceQueue=900 targetQueue=901 doctor=45 servicePoint=41220000000007 trigger=SERVICE_POINT_OPEN transferOnly=false
24 апр 2026;13:50:26.713 [main] INFO  c.q.m.d.s.AutonomousMedicalExamAssignmentService - Visit 1001 matchFound=true selectedService=301 targetQueue=901 success=true reason=route-order-1
24 апр 2026;13:50:26.714 [main] INFO  c.q.m.d.s.AutonomousMedicalExamAssignmentService - Finish assignment cycle source=SERVICE_POINT_OPEN branchId=7 processed=1
24 апр 2026;13:50:26.715 [main] INFO  c.q.m.c.s.OrchestraDataCacheUpdateService - Refresh caches for configured branches [7]
24 апр 2026;13:50:26.715 [main] INFO  c.q.m.cache.BranchCacheUpdater - Start cache refresh for branch 7
24 апр 2026;13:50:26.716 [main] INFO  c.q.m.cache.BranchCacheUpdater - Finish cache refresh for branch 7: services=1, queues=2, workProfiles=1, servicePoints=1, unknownDoctorQueueId=900, tookMs=1
24 апр 2026;13:50:26.717 [main] INFO  c.q.m.d.s.AutonomousMedicalExamAssignmentService - Start assignment cycle source=SERVICE_POINT_OPEN branchId=7 servicePointId=41220000000007 staffId=45 workProfileId=15 sources={branchId=test, servicePointId=test, staffId=test, workProfileId=test}
24 апр 2026;13:50:26.717 [main] INFO  c.q.m.d.s.AutonomousMedicalExamAssignmentService - Doctor 45 available services=[301]
24 апр 2026;13:50:26.717 [main] INFO  c.q.m.d.s.AutonomousMedicalExamAssignmentService - Visits in unknown-doctor queue 900 count=2
24 апр 2026;13:50:26.717 [main] INFO  c.q.m.d.s.i.DefaultVisitAssignmentExecutor - Assign workflow start visit=3001 currentQueue=900 currentService=null selectedService=301 targetQueue=901 doctor=45 servicePoint=41220000000007 workProfile=15 trigger=SERVICE_POINT_OPEN
24 апр 2026;13:50:26.718 [main] ERROR c.q.m.d.s.AutonomousMedicalExamAssignmentService - Failed to process visit 3001 in branch 7: simulated inactive operator context for visit 3001
com.qsystems.meddoctorassignment.domain.exception.MutationContextException: simulated inactive operator context for visit 3001
	at com.qsystems.meddoctorassignment.support.InMemoryTestGateways.assignServiceToVisit(InMemoryTestGateways.java:139)
	at com.qsystems.meddoctorassignment.domain.service.impl.DefaultVisitAssignmentExecutor.assign(DefaultVisitAssignmentExecutor.java:86)
	at com.qsystems.meddoctorassignment.domain.service.AutonomousMedicalExamAssignmentService.process(AutonomousMedicalExamAssignmentService.java:189)
	at com.qsystems.meddoctorassignment.AutonomousMedicalExamAssignmentServiceTest.abortsRemainingVisitsWhenAssignDetectsInvalidMutationContext(AutonomousMedicalExamAssignmentServiceTest.java:137)
	at sun.reflect.NativeMethodAccessorImpl.invoke0(Native Method)
	at sun.reflect.NativeMethodAccessorImpl.invoke(NativeMethodAccessorImpl.java:62)
	at sun.reflect.DelegatingMethodAccessorImpl.invoke(DelegatingMethodAccessorImpl.java:43)
	at java.lang.reflect.Method.invoke(Method.java:498)
	at org.junit.platform.commons.util.ReflectionUtils.invokeMethod(ReflectionUtils.java:688)
	at org.junit.jupiter.engine.execution.MethodInvocation.proceed(MethodInvocation.java:60)
	at org.junit.jupiter.engine.execution.InvocationInterceptorChain$ValidatingInvocation.proceed(InvocationInterceptorChain.java:131)
	at org.junit.jupiter.engine.extension.TimeoutExtension.intercept(TimeoutExtension.java:149)
	at org.junit.jupiter.engine.extension.TimeoutExtension.interceptTestableMethod(TimeoutExtension.java:140)
	at org.junit.jupiter.engine.extension.TimeoutExtension.interceptTestMethod(TimeoutExtension.java:84)
	at org.junit.jupiter.engine.execution.ExecutableInvoker$ReflectiveInterceptorCall.lambda$ofVoidMethod$0(ExecutableInvoker.java:115)
	at org.junit.jupiter.engine.execution.ExecutableInvoker.lambda$invoke$0(ExecutableInvoker.java:105)
	at org.junit.jupiter.engine.execution.InvocationInterceptorChain$InterceptedInvocation.proceed(InvocationInterceptorChain.java:106)
	at org.junit.jupiter.engine.execution.InvocationInterceptorChain.proceed(InvocationInterceptorChain.java:64)
	at org.junit.jupiter.engine.execution.InvocationInterceptorChain.chainAndInvoke(InvocationInterceptorChain.java:45)
	at org.junit.jupiter.engine.execution.InvocationInterceptorChain.invoke(InvocationInterceptorChain.java:37)
	at org.junit.jupiter.engine.execution.ExecutableInvoker.invoke(ExecutableInvoker.java:104)
	at org.junit.jupiter.engine.execution.ExecutableInvoker.invoke(ExecutableInvoker.java:98)
	at org.junit.jupiter.engine.descriptor.TestMethodTestDescriptor.lambda$invokeTestMethod$6(TestMethodTestDescriptor.java:210)
	at org.junit.platform.engine.support.hierarchical.ThrowableCollector.execute(ThrowableCollector.java:73)
	at org.junit.jupiter.engine.descriptor.TestMethodTestDescriptor.invokeTestMethod(TestMethodTestDescriptor.java:206)
	at org.junit.jupiter.engine.descriptor.TestMethodTestDescriptor.execute(TestMethodTestDescriptor.java:131)
	at org.junit.jupiter.engine.descriptor.TestMethodTestDescriptor.execute(TestMethodTestDescriptor.java:65)
	at org.junit.platform.engine.support.hierarchical.NodeTestTask.lambda$executeRecursively$5(NodeTestTask.java:139)
	at org.junit.platform.engine.support.hierarchical.ThrowableCollector.execute(ThrowableCollector.java:73)
	at org.junit.platform.engine.support.hierarchical.NodeTestTask.lambda$executeRecursively$7(NodeTestTask.java:129)
	at org.junit.platform.engine.support.hierarchical.Node.around(Node.java:137)
	at org.junit.platform.engine.support.hierarchical.NodeTestTask.lambda$executeRecursively$8(NodeTestTask.java:127)
	at org.junit.platform.engine.support.hierarchical.ThrowableCollector.execute(ThrowableCollector.java:73)
	at org.junit.platform.engine.support.hierarchical.NodeTestTask.executeRecursively(NodeTestTask.java:126)
	at org.junit.platform.engine.support.hierarchical.NodeTestTask.execute(NodeTestTask.java:84)
	at java.util.ArrayList.forEach(ArrayList.java:1259)
	at org.junit.platform.engine.support.hierarchical.SameThreadHierarchicalTestExecutorService.invokeAll(SameThreadHierarchicalTestExecutorService.java:38)
	at org.junit.platform.engine.support.hierarchical.NodeTestTask.lambda$executeRecursively$5(NodeTestTask.java:143)
	at org.junit.platform.engine.support.hierarchical.ThrowableCollector.execute(ThrowableCollector.java:73)
	at org.junit.platform.engine.support.hierarchical.NodeTestTask.lambda$executeRecursively$7(NodeTestTask.java:129)
	at org.junit.platform.engine.support.hierarchical.Node.around(Node.java:137)
	at org.junit.platform.engine.support.hierarchical.NodeTestTask.lambda$executeRecursively$8(NodeTestTask.java:127)
	at org.junit.platform.engine.support.hierarchical.ThrowableCollector.execute(ThrowableCollector.java:73)
	at org.junit.platform.engine.support.hierarchical.NodeTestTask.executeRecursively(NodeTestTask.java:126)
	at org.junit.platform.engine.support.hierarchical.NodeTestTask.execute(NodeTestTask.java:84)
	at java.util.ArrayList.forEach(ArrayList.java:1259)
	at org.junit.platform.engine.support.hierarchical.SameThreadHierarchicalTestExecutorService.invokeAll(SameThreadHierarchicalTestExecutorService.java:38)
	at org.junit.platform.engine.support.hierarchical.NodeTestTask.lambda$executeRecursively$5(NodeTestTask.java:143)
	at org.junit.platform.engine.support.hierarchical.ThrowableCollector.execute(ThrowableCollector.java:73)
	at org.junit.platform.engine.support.hierarchical.NodeTestTask.lambda$executeRecursively$7(NodeTestTask.java:129)
	at org.junit.platform.engine.support.hierarchical.Node.around(Node.java:137)
	at org.junit.platform.engine.support.hierarchical.NodeTestTask.lambda$executeRecursively$8(NodeTestTask.java:127)
	at org.junit.platform.engine.support.hierarchical.ThrowableCollector.execute(ThrowableCollector.java:73)
	at org.junit.platform.engine.support.hierarchical.NodeTestTask.executeRecursively(NodeTestTask.java:126)
	at org.junit.platform.engine.support.hierarchical.NodeTestTask.execute(NodeTestTask.java:84)
	at org.junit.platform.engine.support.hierarchical.SameThreadHierarchicalTestExecutorService.submit(SameThreadHierarchicalTestExecutorService.java:32)
	at org.junit.platform.engine.support.hierarchical.HierarchicalTestExecutor.execute(HierarchicalTestExecutor.java:57)
	at org.junit.platform.engine.support.hierarchical.HierarchicalTestEngine.execute(HierarchicalTestEngine.java:51)
	at org.junit.platform.launcher.core.DefaultLauncher.execute(DefaultLauncher.java:220)
	at org.junit.platform.launcher.core.DefaultLauncher.lambda$execute$6(DefaultLauncher.java:188)
	at org.junit.platform.launcher.core.DefaultLauncher.withInterceptedStreams(DefaultLauncher.java:202)
	at org.junit.platform.launcher.core.DefaultLauncher.execute(DefaultLauncher.java:181)
	at org.junit.platform.launcher.core.DefaultLauncher.execute(DefaultLauncher.java:128)
	at org.apache.maven.surefire.junitplatform.JUnitPlatformProvider.invokeAllTests(JUnitPlatformProvider.java:150)
	at org.apache.maven.surefire.junitplatform.JUnitPlatformProvider.invoke(JUnitPlatformProvider.java:124)
	at org.apache.maven.surefire.booter.ForkedBooter.invokeProviderInSameClassLoader(ForkedBooter.java:384)
	at org.apache.maven.surefire.booter.ForkedBooter.runSuitesInProcess(ForkedBooter.java:345)
	at org.apache.maven.surefire.booter.ForkedBooter.execute(ForkedBooter.java:126)
	at org.apache.maven.surefire.booter.ForkedBooter.main(ForkedBooter.java:418)
24 апр 2026;13:50:26.718 [main] WARN  c.q.m.d.s.AutonomousMedicalExamAssignmentService - Abort assignment cycle source=SERVICE_POINT_OPEN branchId=7 after visit 3001 because mutating context is invalid: simulated inactive operator context for visit 3001
24 апр 2026;13:50:26.719 [main] INFO  c.q.m.d.s.AutonomousMedicalExamAssignmentService - Finish assignment cycle source=SERVICE_POINT_OPEN branchId=7 processed=0
24 апр 2026;13:50:26.719 [main] INFO  c.q.m.c.s.OrchestraDataCacheUpdateService - Refresh caches for configured branches [7]
24 апр 2026;13:50:26.720 [main] INFO  c.q.m.cache.BranchCacheUpdater - Start cache refresh for branch 7
24 апр 2026;13:50:26.720 [main] INFO  c.q.m.cache.BranchCacheUpdater - Finish cache refresh for branch 7: services=1, queues=2, workProfiles=1, servicePoints=1, unknownDoctorQueueId=900, tookMs=0
24 апр 2026;13:50:26.721 [main] INFO  c.q.m.d.s.AutonomousMedicalExamAssignmentService - Start assignment cycle source=SERVICE_POINT_OPEN branchId=7 servicePointId=41220000000007 staffId=45 workProfileId=15 sources={branchId=test, servicePointId=test, staffId=test, workProfileId=test}
24 апр 2026;13:50:26.721 [main] INFO  c.q.m.d.s.AutonomousMedicalExamAssignmentService - Doctor 45 available services=[301]
24 апр 2026;13:50:26.721 [main] INFO  c.q.m.d.s.AutonomousMedicalExamAssignmentService - Visits in unknown-doctor queue 900 count=1
24 апр 2026;13:50:26.722 [main] INFO  c.q.m.d.s.AutonomousMedicalExamAssignmentService - Visit 1002 has no matching unserved service for doctor 45
24 апр 2026;13:50:26.722 [main] INFO  c.q.m.d.s.AutonomousMedicalExamAssignmentService - Finish assignment cycle source=SERVICE_POINT_OPEN branchId=7 processed=0
24 апр 2026;13:50:26.724 [main] INFO  c.q.m.c.s.OrchestraDataCacheUpdateService - Refresh caches for configured branches [7]
24 апр 2026;13:50:26.725 [main] INFO  c.q.m.cache.BranchCacheUpdater - Start cache refresh for branch 7
24 апр 2026;13:50:26.725 [main] INFO  c.q.m.cache.BranchCacheUpdater - Finish cache refresh for branch 7: services=1, queues=2, workProfiles=1, servicePoints=1, unknownDoctorQueueId=900, tookMs=0
24 апр 2026;13:50:26.726 [main] INFO  c.q.m.d.s.AutonomousMedicalExamAssignmentService - Start assignment cycle source=SERVICE_POINT_OPEN branchId=7 servicePointId=41220000000007 staffId=45 workProfileId=15 sources={branchId=test, servicePointId=test, staffId=test, workProfileId=test}
24 апр 2026;13:50:26.726 [main] INFO  c.q.m.d.s.AutonomousMedicalExamAssignmentService - Doctor 45 available services=[301]
24 апр 2026;13:50:26.726 [main] INFO  c.q.m.d.s.AutonomousMedicalExamAssignmentService - Visits in unknown-doctor queue 900 count=2
24 апр 2026;13:50:26.726 [main] ERROR c.q.m.d.s.AutonomousMedicalExamAssignmentService - Failed to process visit 2001 in branch 7: simulated downstream failure
java.lang.IllegalStateException: simulated downstream failure
	at com.qsystems.meddoctorassignment.support.InMemoryTestGateways.getVisitDetails(InMemoryTestGateways.java:120)
	at com.qsystems.meddoctorassignment.domain.service.impl.DefaultVisitRouteAnalyzer.analyze(DefaultVisitRouteAnalyzer.java:23)
	at com.qsystems.meddoctorassignment.domain.service.AutonomousMedicalExamAssignmentService.process(AutonomousMedicalExamAssignmentService.java:181)
	at com.qsystems.meddoctorassignment.AutonomousMedicalExamAssignmentServiceTest.continuesWhenOneVisitFailsAndProcessesNextOne(AutonomousMedicalExamAssignmentServiceTest.java:114)
	at sun.reflect.NativeMethodAccessorImpl.invoke0(Native Method)
	at sun.reflect.NativeMethodAccessorImpl.invoke(NativeMethodAccessorImpl.java:62)
	at sun.reflect.DelegatingMethodAccessorImpl.invoke(DelegatingMethodAccessorImpl.java:43)
	at java.lang.reflect.Method.invoke(Method.java:498)
	at org.junit.platform.commons.util.ReflectionUtils.invokeMethod(ReflectionUtils.java:688)
	at org.junit.jupiter.engine.execution.MethodInvocation.proceed(MethodInvocation.java:60)
	at org.junit.jupiter.engine.execution.InvocationInterceptorChain$ValidatingInvocation.proceed(InvocationInterceptorChain.java:131)
	at org.junit.jupiter.engine.extension.TimeoutExtension.intercept(TimeoutExtension.java:149)
	at org.junit.jupiter.engine.extension.TimeoutExtension.interceptTestableMethod(TimeoutExtension.java:140)
	at org.junit.jupiter.engine.extension.TimeoutExtension.interceptTestMethod(TimeoutExtension.java:84)
	at org.junit.jupiter.engine.execution.ExecutableInvoker$ReflectiveInterceptorCall.lambda$ofVoidMethod$0(ExecutableInvoker.java:115)
	at org.junit.jupiter.engine.execution.ExecutableInvoker.lambda$invoke$0(ExecutableInvoker.java:105)
	at org.junit.jupiter.engine.execution.InvocationInterceptorChain$InterceptedInvocation.proceed(InvocationInterceptorChain.java:106)
	at org.junit.jupiter.engine.execution.InvocationInterceptorChain.proceed(InvocationInterceptorChain.java:64)
	at org.junit.jupiter.engine.execution.InvocationInterceptorChain.chainAndInvoke(InvocationInterceptorChain.java:45)
	at org.junit.jupiter.engine.execution.InvocationInterceptorChain.invoke(InvocationInterceptorChain.java:37)
	at org.junit.jupiter.engine.execution.ExecutableInvoker.invoke(ExecutableInvoker.java:104)
	at org.junit.jupiter.engine.execution.ExecutableInvoker.invoke(ExecutableInvoker.java:98)
	at org.junit.jupiter.engine.descriptor.TestMethodTestDescriptor.lambda$invokeTestMethod$6(TestMethodTestDescriptor.java:210)
	at org.junit.platform.engine.support.hierarchical.ThrowableCollector.execute(ThrowableCollector.java:73)
	at org.junit.jupiter.engine.descriptor.TestMethodTestDescriptor.invokeTestMethod(TestMethodTestDescriptor.java:206)
	at org.junit.jupiter.engine.descriptor.TestMethodTestDescriptor.execute(TestMethodTestDescriptor.java:131)
	at org.junit.jupiter.engine.descriptor.TestMethodTestDescriptor.execute(TestMethodTestDescriptor.java:65)
	at org.junit.platform.engine.support.hierarchical.NodeTestTask.lambda$executeRecursively$5(NodeTestTask.java:139)
	at org.junit.platform.engine.support.hierarchical.ThrowableCollector.execute(ThrowableCollector.java:73)
	at org.junit.platform.engine.support.hierarchical.NodeTestTask.lambda$executeRecursively$7(NodeTestTask.java:129)
	at org.junit.platform.engine.support.hierarchical.Node.around(Node.java:137)
	at org.junit.platform.engine.support.hierarchical.NodeTestTask.lambda$executeRecursively$8(NodeTestTask.java:127)
	at org.junit.platform.engine.support.hierarchical.ThrowableCollector.execute(ThrowableCollector.java:73)
	at org.junit.platform.engine.support.hierarchical.NodeTestTask.executeRecursively(NodeTestTask.java:126)
	at org.junit.platform.engine.support.hierarchical.NodeTestTask.execute(NodeTestTask.java:84)
	at java.util.ArrayList.forEach(ArrayList.java:1259)
	at org.junit.platform.engine.support.hierarchical.SameThreadHierarchicalTestExecutorService.invokeAll(SameThreadHierarchicalTestExecutorService.java:38)
	at org.junit.platform.engine.support.hierarchical.NodeTestTask.lambda$executeRecursively$5(NodeTestTask.java:143)
	at org.junit.platform.engine.support.hierarchical.ThrowableCollector.execute(ThrowableCollector.java:73)
	at org.junit.platform.engine.support.hierarchical.NodeTestTask.lambda$executeRecursively$7(NodeTestTask.java:129)
	at org.junit.platform.engine.support.hierarchical.Node.around(Node.java:137)
	at org.junit.platform.engine.support.hierarchical.NodeTestTask.lambda$executeRecursively$8(NodeTestTask.java:127)
	at org.junit.platform.engine.support.hierarchical.ThrowableCollector.execute(ThrowableCollector.java:73)
	at org.junit.platform.engine.support.hierarchical.NodeTestTask.executeRecursively(NodeTestTask.java:126)
	at org.junit.platform.engine.support.hierarchical.NodeTestTask.execute(NodeTestTask.java:84)
	at java.util.ArrayList.forEach(ArrayList.java:1259)
	at org.junit.platform.engine.support.hierarchical.SameThreadHierarchicalTestExecutorService.invokeAll(SameThreadHierarchicalTestExecutorService.java:38)
	at org.junit.platform.engine.support.hierarchical.NodeTestTask.lambda$executeRecursively$5(NodeTestTask.java:143)
	at org.junit.platform.engine.support.hierarchical.ThrowableCollector.execute(ThrowableCollector.java:73)
	at org.junit.platform.engine.support.hierarchical.NodeTestTask.lambda$executeRecursively$7(NodeTestTask.java:129)
	at org.junit.platform.engine.support.hierarchical.Node.around(Node.java:137)
	at org.junit.platform.engine.support.hierarchical.NodeTestTask.lambda$executeRecursively$8(NodeTestTask.java:127)
	at org.junit.platform.engine.support.hierarchical.ThrowableCollector.execute(ThrowableCollector.java:73)
	at org.junit.platform.engine.support.hierarchical.NodeTestTask.executeRecursively(NodeTestTask.java:126)
	at org.junit.platform.engine.support.hierarchical.NodeTestTask.execute(NodeTestTask.java:84)
	at org.junit.platform.engine.support.hierarchical.SameThreadHierarchicalTestExecutorService.submit(SameThreadHierarchicalTestExecutorService.java:32)
	at org.junit.platform.engine.support.hierarchical.HierarchicalTestExecutor.execute(HierarchicalTestExecutor.java:57)
	at org.junit.platform.engine.support.hierarchical.HierarchicalTestEngine.execute(HierarchicalTestEngine.java:51)
	at org.junit.platform.launcher.core.DefaultLauncher.execute(DefaultLauncher.java:220)
	at org.junit.platform.launcher.core.DefaultLauncher.lambda$execute$6(DefaultLauncher.java:188)
	at org.junit.platform.launcher.core.DefaultLauncher.withInterceptedStreams(DefaultLauncher.java:202)
	at org.junit.platform.launcher.core.DefaultLauncher.execute(DefaultLauncher.java:181)
	at org.junit.platform.launcher.core.DefaultLauncher.execute(DefaultLauncher.java:128)
	at org.apache.maven.surefire.junitplatform.JUnitPlatformProvider.invokeAllTests(JUnitPlatformProvider.java:150)
	at org.apache.maven.surefire.junitplatform.JUnitPlatformProvider.invoke(JUnitPlatformProvider.java:124)
	at org.apache.maven.surefire.booter.ForkedBooter.invokeProviderInSameClassLoader(ForkedBooter.java:384)
	at org.apache.maven.surefire.booter.ForkedBooter.runSuitesInProcess(ForkedBooter.java:345)
	at org.apache.maven.surefire.booter.ForkedBooter.execute(ForkedBooter.java:126)
	at org.apache.maven.surefire.booter.ForkedBooter.main(ForkedBooter.java:418)
24 апр 2026;13:50:26.727 [main] INFO  c.q.m.d.s.i.DefaultVisitAssignmentExecutor - Assign workflow start visit=2002 currentQueue=900 currentService=null selectedService=301 targetQueue=901 doctor=45 servicePoint=41220000000007 workProfile=15 trigger=SERVICE_POINT_OPEN
24 апр 2026;13:50:26.728 [main] INFO  c.q.m.d.s.i.DefaultVisitAssignmentExecutor - Assign workflow transfer step visit=2002 sourceQueue=900 targetQueue=901 doctor=45 servicePoint=41220000000007 trigger=SERVICE_POINT_OPEN transferOnly=false
24 апр 2026;13:50:26.728 [main] INFO  c.q.m.d.s.AutonomousMedicalExamAssignmentService - Visit 2002 matchFound=true selectedService=301 targetQueue=901 success=true reason=route-order-1
24 апр 2026;13:50:26.729 [main] INFO  c.q.m.d.s.AutonomousMedicalExamAssignmentService - Finish assignment cycle source=SERVICE_POINT_OPEN branchId=7 processed=1
24 апр 2026;13:50:26.731 [main] INFO  c.q.m.c.s.OrchestraDataCacheUpdateService - Refresh caches for configured branches [7]
24 апр 2026;13:50:26.731 [main] INFO  c.q.m.cache.BranchCacheUpdater - Start cache refresh for branch 7
24 апр 2026;13:50:26.731 [main] INFO  c.q.m.cache.BranchCacheUpdater - Finish cache refresh for branch 7: services=1, queues=2, workProfiles=1, servicePoints=1, unknownDoctorQueueId=900, tookMs=0
24 апр 2026;13:50:26.732 [main] INFO  c.q.m.d.s.AutonomousMedicalExamAssignmentService - Start assignment cycle source=SERVICE_POINT_OPEN branchId=7 servicePointId=41220000000007 staffId=45 workProfileId=15 sources={branchId=test, servicePointId=test, staffId=test, workProfileId=test}
24 апр 2026;13:50:26.732 [main] INFO  c.q.m.d.s.AutonomousMedicalExamAssignmentService - Doctor 45 available services=[301]
24 апр 2026;13:50:26.732 [main] INFO  c.q.m.d.s.AutonomousMedicalExamAssignmentService - Visits in unknown-doctor queue 900 count=1
24 апр 2026;13:50:26.732 [main] INFO  c.q.m.d.s.i.MedRobotAwareDoctorServiceSelectionService - Request med-robot optimal service branch=7 currentService=301 unservedServices=[301]
24 апр 2026;13:50:26.733 [main] ERROR c.q.m.d.s.i.MedRobotAwareDoctorServiceSelectionService - Med-robot optimal service request failed for branch=7 currentService=301 visit=5002: simulated med-robot failure
java.lang.IllegalStateException: simulated med-robot failure
	at com.qsystems.meddoctorassignment.support.InMemoryTestGateways.selectOptimalService(InMemoryTestGateways.java:162)
	at com.qsystems.meddoctorassignment.domain.service.impl.MedRobotAwareDoctorServiceSelectionService.select(MedRobotAwareDoctorServiceSelectionService.java:71)
	at com.qsystems.meddoctorassignment.domain.service.AutonomousMedicalExamAssignmentService.process(AutonomousMedicalExamAssignmentService.java:182)
	at com.qsystems.meddoctorassignment.AutonomousMedicalExamAssignmentServiceTest.fallsBackToLocalSelectionWhenMedRobotFails(AutonomousMedicalExamAssignmentServiceTest.java:211)
	at sun.reflect.NativeMethodAccessorImpl.invoke0(Native Method)
	at sun.reflect.NativeMethodAccessorImpl.invoke(NativeMethodAccessorImpl.java:62)
	at sun.reflect.DelegatingMethodAccessorImpl.invoke(DelegatingMethodAccessorImpl.java:43)
	at java.lang.reflect.Method.invoke(Method.java:498)
	at org.junit.platform.commons.util.ReflectionUtils.invokeMethod(ReflectionUtils.java:688)
	at org.junit.jupiter.engine.execution.MethodInvocation.proceed(MethodInvocation.java:60)
	at org.junit.jupiter.engine.execution.InvocationInterceptorChain$ValidatingInvocation.proceed(InvocationInterceptorChain.java:131)
	at org.junit.jupiter.engine.extension.TimeoutExtension.intercept(TimeoutExtension.java:149)
	at org.junit.jupiter.engine.extension.TimeoutExtension.interceptTestableMethod(TimeoutExtension.java:140)
	at org.junit.jupiter.engine.extension.TimeoutExtension.interceptTestMethod(TimeoutExtension.java:84)
	at org.junit.jupiter.engine.execution.ExecutableInvoker$ReflectiveInterceptorCall.lambda$ofVoidMethod$0(ExecutableInvoker.java:115)
	at org.junit.jupiter.engine.execution.ExecutableInvoker.lambda$invoke$0(ExecutableInvoker.java:105)
	at org.junit.jupiter.engine.execution.InvocationInterceptorChain$InterceptedInvocation.proceed(InvocationInterceptorChain.java:106)
	at org.junit.jupiter.engine.execution.InvocationInterceptorChain.proceed(InvocationInterceptorChain.java:64)
	at org.junit.jupiter.engine.execution.InvocationInterceptorChain.chainAndInvoke(InvocationInterceptorChain.java:45)
	at org.junit.jupiter.engine.execution.InvocationInterceptorChain.invoke(InvocationInterceptorChain.java:37)
	at org.junit.jupiter.engine.execution.ExecutableInvoker.invoke(ExecutableInvoker.java:104)
	at org.junit.jupiter.engine.execution.ExecutableInvoker.invoke(ExecutableInvoker.java:98)
	at org.junit.jupiter.engine.descriptor.TestMethodTestDescriptor.lambda$invokeTestMethod$6(TestMethodTestDescriptor.java:210)
	at org.junit.platform.engine.support.hierarchical.ThrowableCollector.execute(ThrowableCollector.java:73)
	at org.junit.jupiter.engine.descriptor.TestMethodTestDescriptor.invokeTestMethod(TestMethodTestDescriptor.java:206)
	at org.junit.jupiter.engine.descriptor.TestMethodTestDescriptor.execute(TestMethodTestDescriptor.java:131)
	at org.junit.jupiter.engine.descriptor.TestMethodTestDescriptor.execute(TestMethodTestDescriptor.java:65)
	at org.junit.platform.engine.support.hierarchical.NodeTestTask.lambda$executeRecursively$5(NodeTestTask.java:139)
	at org.junit.platform.engine.support.hierarchical.ThrowableCollector.execute(ThrowableCollector.java:73)
	at org.junit.platform.engine.support.hierarchical.NodeTestTask.lambda$executeRecursively$7(NodeTestTask.java:129)
	at org.junit.platform.engine.support.hierarchical.Node.around(Node.java:137)
	at org.junit.platform.engine.support.hierarchical.NodeTestTask.lambda$executeRecursively$8(NodeTestTask.java:127)
	at org.junit.platform.engine.support.hierarchical.ThrowableCollector.execute(ThrowableCollector.java:73)
	at org.junit.platform.engine.support.hierarchical.NodeTestTask.executeRecursively(NodeTestTask.java:126)
	at org.junit.platform.engine.support.hierarchical.NodeTestTask.execute(NodeTestTask.java:84)
	at java.util.ArrayList.forEach(ArrayList.java:1259)
	at org.junit.platform.engine.support.hierarchical.SameThreadHierarchicalTestExecutorService.invokeAll(SameThreadHierarchicalTestExecutorService.java:38)
	at org.junit.platform.engine.support.hierarchical.NodeTestTask.lambda$executeRecursively$5(NodeTestTask.java:143)
	at org.junit.platform.engine.support.hierarchical.ThrowableCollector.execute(ThrowableCollector.java:73)
	at org.junit.platform.engine.support.hierarchical.NodeTestTask.lambda$executeRecursively$7(NodeTestTask.java:129)
	at org.junit.platform.engine.support.hierarchical.Node.around(Node.java:137)
	at org.junit.platform.engine.support.hierarchical.NodeTestTask.lambda$executeRecursively$8(NodeTestTask.java:127)
	at org.junit.platform.engine.support.hierarchical.ThrowableCollector.execute(ThrowableCollector.java:73)
	at org.junit.platform.engine.support.hierarchical.NodeTestTask.executeRecursively(NodeTestTask.java:126)
	at org.junit.platform.engine.support.hierarchical.NodeTestTask.execute(NodeTestTask.java:84)
	at java.util.ArrayList.forEach(ArrayList.java:1259)
	at org.junit.platform.engine.support.hierarchical.SameThreadHierarchicalTestExecutorService.invokeAll(SameThreadHierarchicalTestExecutorService.java:38)
	at org.junit.platform.engine.support.hierarchical.NodeTestTask.lambda$executeRecursively$5(NodeTestTask.java:143)
	at org.junit.platform.engine.support.hierarchical.ThrowableCollector.execute(ThrowableCollector.java:73)
	at org.junit.platform.engine.support.hierarchical.NodeTestTask.lambda$executeRecursively$7(NodeTestTask.java:129)
	at org.junit.platform.engine.support.hierarchical.Node.around(Node.java:137)
	at org.junit.platform.engine.support.hierarchical.NodeTestTask.lambda$executeRecursively$8(NodeTestTask.java:127)
	at org.junit.platform.engine.support.hierarchical.ThrowableCollector.execute(ThrowableCollector.java:73)
	at org.junit.platform.engine.support.hierarchical.NodeTestTask.executeRecursively(NodeTestTask.java:126)
	at org.junit.platform.engine.support.hierarchical.NodeTestTask.execute(NodeTestTask.java:84)
	at org.junit.platform.engine.support.hierarchical.SameThreadHierarchicalTestExecutorService.submit(SameThreadHierarchicalTestExecutorService.java:32)
	at org.junit.platform.engine.support.hierarchical.HierarchicalTestExecutor.execute(HierarchicalTestExecutor.java:57)
	at org.junit.platform.engine.support.hierarchical.HierarchicalTestEngine.execute(HierarchicalTestEngine.java:51)
	at org.junit.platform.launcher.core.DefaultLauncher.execute(DefaultLauncher.java:220)
	at org.junit.platform.launcher.core.DefaultLauncher.lambda$execute$6(DefaultLauncher.java:188)
	at org.junit.platform.launcher.core.DefaultLauncher.withInterceptedStreams(DefaultLauncher.java:202)
	at org.junit.platform.launcher.core.DefaultLauncher.execute(DefaultLauncher.java:181)
	at org.junit.platform.launcher.core.DefaultLauncher.execute(DefaultLauncher.java:128)
	at org.apache.maven.surefire.junitplatform.JUnitPlatformProvider.invokeAllTests(JUnitPlatformProvider.java:150)
	at org.apache.maven.surefire.junitplatform.JUnitPlatformProvider.invoke(JUnitPlatformProvider.java:124)
	at org.apache.maven.surefire.booter.ForkedBooter.invokeProviderInSameClassLoader(ForkedBooter.java:384)
	at org.apache.maven.surefire.booter.ForkedBooter.runSuitesInProcess(ForkedBooter.java:345)
	at org.apache.maven.surefire.booter.ForkedBooter.execute(ForkedBooter.java:126)
	at org.apache.maven.surefire.booter.ForkedBooter.main(ForkedBooter.java:418)
24 апр 2026;13:50:26.734 [main] WARN  c.q.m.d.s.i.MedRobotAwareDoctorServiceSelectionService - Fallback to local service selection for visit 5002 after med-robot error
24 апр 2026;13:50:26.734 [main] INFO  c.q.m.d.s.i.DefaultVisitAssignmentExecutor - Assign workflow start visit=5002 currentQueue=900 currentService=null selectedService=301 targetQueue=901 doctor=45 servicePoint=41220000000007 workProfile=15 trigger=SERVICE_POINT_OPEN
24 апр 2026;13:50:26.734 [main] INFO  c.q.m.d.s.i.DefaultVisitAssignmentExecutor - Assign workflow transfer step visit=5002 sourceQueue=900 targetQueue=901 doctor=45 servicePoint=41220000000007 trigger=SERVICE_POINT_OPEN transferOnly=false
24 апр 2026;13:50:26.734 [main] INFO  c.q.m.d.s.AutonomousMedicalExamAssignmentService - Visit 5002 matchFound=true selectedService=301 targetQueue=901 success=true reason=route-order-1
24 апр 2026;13:50:26.734 [main] INFO  c.q.m.d.s.AutonomousMedicalExamAssignmentService - Finish assignment cycle source=SERVICE_POINT_OPEN branchId=7 processed=1
24 апр 2026;13:50:26.743 [main] INFO  c.q.m.c.s.OrchestraDataCacheUpdateService - Refresh caches for configured branches [7]
24 апр 2026;13:50:26.744 [main] INFO  c.q.m.cache.BranchCacheUpdater - Start cache refresh for branch 7
24 апр 2026;13:50:26.744 [main] INFO  c.q.m.cache.BranchCacheUpdater - Finish cache refresh for branch 7: services=1, queues=2, workProfiles=1, servicePoints=1, unknownDoctorQueueId=900, tookMs=0
24 апр 2026;13:50:26.746 [main] INFO  c.q.m.e.UserSessionReadinessCoordinator - Registered pending user session correlationKey=staffTx:123456789 branchId=7 userId=45 servicePointId=41220000000007 servicePointLogicId=901 staffTransactionId=123456789 workProfileOrigId=15 workProfileName=null
24 апр 2026;13:50:26.748 [main] INFO  c.q.m.c.s.OrchestraDataCacheUpdateService - Refresh caches for configured branches [7]
24 апр 2026;13:50:26.748 [main] INFO  c.q.m.cache.BranchCacheUpdater - Start cache refresh for branch 7
24 апр 2026;13:50:26.749 [main] INFO  c.q.m.cache.BranchCacheUpdater - Finish cache refresh for branch 7: services=1, queues=2, workProfiles=1, servicePoints=1, unknownDoctorQueueId=900, tookMs=1
24 апр 2026;13:50:26.749 [main] INFO  c.q.m.e.UserSessionReadinessCoordinator - Registered pending user session correlationKey=staffTx:123456789 branchId=7 userId=45 servicePointId=41220000000007 servicePointLogicId=901 staffTransactionId=123456789 workProfileOrigId=15 workProfileName=null
24 апр 2026;13:50:26.749 [main] INFO  c.q.m.e.UserSessionReadinessCoordinator - Completed pending user session correlationKey=staffTx:123456789 ageMs=0 sessionStartProfile=15 sessionStartProfileName=null settledProfile=15 settledProfileName=null selectedProfileSource=USER_SERVICE_POINT_SESSION_START servicePointId=41220000000007 servicePointLogicId=901
24 апр 2026;13:50:26.750 [main] INFO  c.q.m.d.s.i.DefaultLoggedDoctorContextResolver - Resolved doctor context source=USER_SESSION_READY branchId=7 servicePointId=41220000000007 servicePointLogicId=901 staffId=45 workProfileId=15 servicePointName=null workProfileName=null userName=null fieldSources={branchId=event.parameters.branchId, servicePointId=event.parameters.servicePointId, servicePointLogicId=event.parameters.servicePointLogicId, staffId=event.parameters.userId, workProfileId=event.parameters.workProfileOrigId}
24 апр 2026;13:50:26.750 [main] INFO  c.q.m.d.s.AutonomousMedicalExamAssignmentService - Start assignment cycle source=USER_SESSION_READY branchId=7 servicePointId=41220000000007 staffId=45 workProfileId=15 sources={branchId=event.parameters.branchId, servicePointId=event.parameters.servicePointId, servicePointLogicId=event.parameters.servicePointLogicId, staffId=event.parameters.userId, workProfileId=event.parameters.workProfileOrigId}
24 апр 2026;13:50:26.750 [main] INFO  c.q.m.d.s.AutonomousMedicalExamAssignmentService - Doctor 45 available services=[301]
24 апр 2026;13:50:26.751 [main] INFO  c.q.m.d.s.AutonomousMedicalExamAssignmentService - Visits in unknown-doctor queue 900 count=1
24 апр 2026;13:50:26.751 [main] INFO  c.q.m.d.s.i.DefaultVisitAssignmentExecutor - Assign workflow start visit=5001 currentQueue=900 currentService=null selectedService=301 targetQueue=901 doctor=45 servicePoint=41220000000007 workProfile=15 trigger=USER_SESSION_READY
24 апр 2026;13:50:26.751 [main] INFO  c.q.m.d.s.i.DefaultVisitAssignmentExecutor - Assign workflow transfer step visit=5001 sourceQueue=900 targetQueue=901 doctor=45 servicePoint=41220000000007 trigger=USER_SESSION_READY transferOnly=false
24 апр 2026;13:50:26.751 [main] INFO  c.q.m.d.s.AutonomousMedicalExamAssignmentService - Visit 5001 matchFound=true selectedService=301 targetQueue=901 success=true reason=route-order-1
24 апр 2026;13:50:26.751 [main] INFO  c.q.m.d.s.AutonomousMedicalExamAssignmentService - Finish assignment cycle source=USER_SESSION_READY branchId=7 processed=1
24 апр 2026;13:50:26.752 [main] INFO  c.q.m.c.s.OrchestraDataCacheUpdateService - Refresh caches for configured branches [7]
24 апр 2026;13:50:26.752 [main] INFO  c.q.m.cache.BranchCacheUpdater - Start cache refresh for branch 7
24 апр 2026;13:50:26.752 [main] INFO  c.q.m.cache.BranchCacheUpdater - Finish cache refresh for branch 7: services=1, queues=2, workProfiles=1, servicePoints=1, unknownDoctorQueueId=900, tookMs=0
24 апр 2026;13:50:26.752 [main] INFO  c.q.m.e.DoctorAssignmentEventHandler - Skip event SERVICE_POINT_OPEN because trigger SERVICE_POINT_OPEN is disabled by configuration
24 апр 2026;13:50:26.753 [main] INFO  c.q.m.c.s.OrchestraDataCacheUpdateService - Refresh caches for configured branches [7]
24 апр 2026;13:50:26.753 [main] INFO  c.q.m.cache.BranchCacheUpdater - Start cache refresh for branch 7
24 апр 2026;13:50:26.753 [main] INFO  c.q.m.cache.BranchCacheUpdater - Finish cache refresh for branch 7: services=1, queues=2, workProfiles=1, servicePoints=1, unknownDoctorQueueId=900, tookMs=0
24 апр 2026;13:50:26.753 [main] INFO  c.q.m.e.UserSessionReadinessCoordinator - No pending user session found for SET_WORK_PROFILE correlationKey=staffTx:123456789
24 апр 2026;13:50:26.754 [main] INFO  c.q.m.d.s.i.DefaultLoggedDoctorContextResolver - Resolved doctor context source=WORK_PROFILE_EXPANDED branchId=7 servicePointId=41220000000007 servicePointLogicId=901 staffId=45 workProfileId=15 servicePointName=null workProfileName=null userName=null fieldSources={branchId=event.parameters.branchId, servicePointId=event.parameters.servicePointId, servicePointLogicId=event.parameters.servicePointLogicId, staffId=event.parameters.userId, workProfileId=event.parameters.workProfileOrigId}
24 апр 2026;13:50:26.755 [main] INFO  c.q.m.e.DoctorAssignmentEventHandler - Skip raw SET_WORK_PROFILE because no matching USER_SERVICE_POINT_SESSION_START was found and raw trigger is disabled (reason=same-work-profile)
24 апр 2026;13:50:26.762 [main] INFO  c.q.m.d.s.i.DefaultLoggedDoctorContextResolver - Resolved doctor context source=SERVICE_POINT_OPEN branchId=7 servicePointId=10220000000007 servicePointLogicId=1 staffId=1000002 workProfileId=31 servicePointName=102 Маммография workProfileName=Маммография userName=p.sokolov fieldSources={branchId=event.parameters.branchId, servicePointId=event.unitId, servicePointLogicId=event.parameters.servicePointLogicId, staffId=event.parameters.userId, workProfileId=event.parameters.workProfileOrigId, workProfileName=event.parameters.workProfileName, servicePointName=event.parameters.servicePointName, userName=event.parameters.userName/user}
24 апр 2026;13:50:26.762 [main] INFO  c.q.m.d.s.i.DefaultLoggedDoctorContextResolver - Resolved doctor context source=SET_WORK_PROFILE branchId=10 servicePointId=820000000010 servicePointLogicId=null staffId=29 workProfileId=28 servicePointName=null workProfileName=null userName=null fieldSources={branchId=event.parameters.branchId, staffId=event.parameters.userId, servicePointId=fallback.servicePointRuntimeState, workProfileId=fallback.servicePointRuntimeState}
24 апр 2026;13:50:26.764 [main] INFO  c.q.m.c.s.OrchestraDataCacheUpdateService - Refresh caches for configured branches [7]
24 апр 2026;13:50:26.764 [main] INFO  c.q.m.cache.BranchCacheUpdater - Start cache refresh for branch 7
24 апр 2026;13:50:26.764 [main] INFO  c.q.m.cache.BranchCacheUpdater - Finish cache refresh for branch 7: services=1, queues=2, workProfiles=1, servicePoints=1, unknownDoctorQueueId=900, tookMs=0
24 апр 2026;13:50:26.764 [main] INFO  c.q.m.e.UserSessionReadinessCoordinator - No pending user session found for SET_WORK_PROFILE correlationKey=fallback:7|45|41220000000007
24 апр 2026;13:50:26.764 [main] INFO  c.q.m.d.s.i.DefaultLoggedDoctorContextResolver - Resolved doctor context source=WORK_PROFILE_EXPANDED branchId=7 servicePointId=41220000000007 servicePointLogicId=null staffId=45 workProfileId=15 servicePointName=null workProfileName=null userName=null fieldSources={branchId=event.parameters.branchId, servicePointId=event.parameters.servicePointId, staffId=event.parameters.userId, workProfileId=event.parameters.workProfileOrigId}
24 апр 2026;13:50:26.764 [main] INFO  c.q.m.d.s.i.DefaultLoggedDoctorContextResolver - Resolved doctor context source=SET_WORK_PROFILE branchId=7 servicePointId=41220000000007 servicePointLogicId=null staffId=45 workProfileId=15 servicePointName=null workProfileName=null userName=null fieldSources={branchId=event.parameters.branchId, servicePointId=event.parameters.servicePointId, staffId=event.parameters.userId, workProfileId=event.parameters.workProfileOrigId}
24 апр 2026;13:50:26.764 [main] INFO  c.q.m.d.s.AutonomousMedicalExamAssignmentService - Start assignment cycle source=SET_WORK_PROFILE branchId=7 servicePointId=41220000000007 staffId=45 workProfileId=15 sources={branchId=event.parameters.branchId, servicePointId=event.parameters.servicePointId, staffId=event.parameters.userId, workProfileId=event.parameters.workProfileOrigId}
24 апр 2026;13:50:26.765 [main] INFO  c.q.m.d.s.AutonomousMedicalExamAssignmentService - Doctor 45 available services=[301]
24 апр 2026;13:50:26.765 [main] INFO  c.q.m.d.s.AutonomousMedicalExamAssignmentService - Visits in unknown-doctor queue 900 count=1
24 апр 2026;13:50:26.765 [main] INFO  c.q.m.d.s.i.DefaultVisitAssignmentExecutor - Assign workflow start visit=5001 currentQueue=900 currentService=null selectedService=301 targetQueue=901 doctor=45 servicePoint=41220000000007 workProfile=15 trigger=SET_WORK_PROFILE
24 апр 2026;13:50:26.765 [main] INFO  c.q.m.d.s.i.DefaultVisitAssignmentExecutor - Assign workflow transfer step visit=5001 sourceQueue=900 targetQueue=901 doctor=45 servicePoint=41220000000007 trigger=SET_WORK_PROFILE transferOnly=false
24 апр 2026;13:50:26.765 [main] INFO  c.q.m.d.s.AutonomousMedicalExamAssignmentService - Visit 5001 matchFound=true selectedService=301 targetQueue=901 success=true reason=route-order-1
24 апр 2026;13:50:26.765 [main] INFO  c.q.m.d.s.AutonomousMedicalExamAssignmentService - Finish assignment cycle source=SET_WORK_PROFILE branchId=7 processed=1
24 апр 2026;13:50:26.767 [main] INFO  c.q.m.e.UserSessionReadinessCoordinator - Registered pending user session correlationKey=staffTx:1776327218753843 branchId=6 userId=1 servicePointId=120000000006 servicePointLogicId=1 staffTransactionId=1776327218753843 workProfileOrigId=14 workProfileName=test05
24 апр 2026;13:50:26.768 [main] INFO  c.q.m.e.UserSessionReadinessCoordinator - Completed pending user session correlationKey=staffTx:1776327218753843 ageMs=0 sessionStartProfile=14 sessionStartProfileName=test05 settledProfile=7 settledProfileName=Универсал selectedProfileSource=USER_SERVICE_POINT_SESSION_START servicePointId=120000000006 servicePointLogicId=1
24 апр 2026;13:50:27.137 [main] INFO  c.q.m.c.s.OrchestraDataCacheUpdateService - Refresh caches for configured branches [7]
24 апр 2026;13:50:27.138 [main] INFO  c.q.m.cache.BranchCacheUpdater - Start cache refresh for branch 7
24 апр 2026;13:50:27.138 [main] INFO  c.q.m.cache.BranchCacheUpdater - Finish cache refresh for branch 7: services=2, queues=3, workProfiles=3, servicePoints=1, unknownDoctorQueueId=900, tookMs=0
24 апр 2026;13:50:27.138 [main] INFO  c.q.m.e.UserSessionReadinessCoordinator - No pending user session found for SET_WORK_PROFILE correlationKey=fallback:7|45|41220000000007
24 апр 2026;13:50:27.138 [main] INFO  c.q.m.d.s.i.DefaultLoggedDoctorContextResolver - Resolved doctor context source=WORK_PROFILE_EXPANDED branchId=7 servicePointId=41220000000007 servicePointLogicId=null staffId=45 workProfileId=16 servicePointName=Кабинет 7 workProfileName=Расширенный userName=doctor-45 fieldSources={branchId=event.parameters.branchId, servicePointId=event.parameters.servicePointId, staffId=event.parameters.userId, workProfileId=event.parameters.workProfileOrigId, workProfileName=event.parameters.workProfileName, servicePointName=event.parameters.servicePointName, userName=event.parameters.userName/user}
24 апр 2026;13:50:27.138 [main] INFO  c.q.m.e.WorkProfileExpansionTriggerEvaluator - Detected work-profile expansion during active session branchId=7 servicePointId=41220000000007 staffId=45 previousWorkProfileId=15 newWorkProfileId=16 previousServices=[301] newServices=[301, 302]
24 апр 2026;13:50:27.138 [main] INFO  c.q.m.d.s.AutonomousMedicalExamAssignmentService - Start assignment cycle source=WORK_PROFILE_EXPANDED branchId=7 servicePointId=41220000000007 staffId=45 workProfileId=16 sources={branchId=event.parameters.branchId, servicePointId=event.parameters.servicePointId, staffId=event.parameters.userId, workProfileId=event.parameters.workProfileOrigId, workProfileName=event.parameters.workProfileName, servicePointName=event.parameters.servicePointName, userName=event.parameters.userName/user}
24 апр 2026;13:50:27.138 [main] INFO  c.q.m.d.s.AutonomousMedicalExamAssignmentService - Doctor 45 available services=[301, 302]
24 апр 2026;13:50:27.139 [main] INFO  c.q.m.d.s.AutonomousMedicalExamAssignmentService - Visits in unknown-doctor queue 900 count=1
24 апр 2026;13:50:27.139 [main] INFO  c.q.m.d.s.i.DefaultVisitAssignmentExecutor - Assign workflow start visit=5001 currentQueue=900 currentService=72 selectedService=302 targetQueue=902 doctor=45 servicePoint=41220000000007 workProfile=16 trigger=WORK_PROFILE_EXPANDED
24 апр 2026;13:50:27.139 [main] INFO  c.q.m.d.s.i.DefaultVisitAssignmentExecutor - Assign workflow transfer step visit=5001 sourceQueue=900 targetQueue=902 doctor=45 servicePoint=41220000000007 trigger=WORK_PROFILE_EXPANDED transferOnly=false
24 апр 2026;13:50:27.139 [main] INFO  c.q.m.d.s.AutonomousMedicalExamAssignmentService - Visit 5001 matchFound=true selectedService=302 targetQueue=902 success=true reason=route-order-1
24 апр 2026;13:50:27.139 [main] INFO  c.q.m.d.s.AutonomousMedicalExamAssignmentService - Finish assignment cycle source=WORK_PROFILE_EXPANDED branchId=7 processed=1
24 апр 2026;13:50:27.141 [main] INFO  c.q.m.c.s.OrchestraDataCacheUpdateService - Refresh caches for configured branches [7]
24 апр 2026;13:50:27.141 [main] INFO  c.q.m.cache.BranchCacheUpdater - Start cache refresh for branch 7
24 апр 2026;13:50:27.141 [main] INFO  c.q.m.cache.BranchCacheUpdater - Finish cache refresh for branch 7: services=2, queues=3, workProfiles=3, servicePoints=1, unknownDoctorQueueId=900, tookMs=0
24 апр 2026;13:50:27.142 [main] INFO  c.q.m.e.UserSessionReadinessCoordinator - No pending user session found for SET_WORK_PROFILE correlationKey=fallback:7|45|41220000000007
24 апр 2026;13:50:27.142 [main] INFO  c.q.m.d.s.i.DefaultLoggedDoctorContextResolver - Resolved doctor context source=WORK_PROFILE_EXPANDED branchId=7 servicePointId=41220000000007 servicePointLogicId=null staffId=45 workProfileId=17 servicePointName=Кабинет 7 workProfileName=Суженный userName=doctor-45 fieldSources={branchId=event.parameters.branchId, servicePointId=event.parameters.servicePointId, staffId=event.parameters.userId, workProfileId=event.parameters.workProfileOrigId, workProfileName=event.parameters.workProfileName, servicePointName=event.parameters.servicePointName, userName=event.parameters.userName/user}
24 апр 2026;13:50:27.142 [main] INFO  c.q.m.e.WorkProfileExpansionTriggerEvaluator - Skip work-profile expansion trigger because available services did not expand branchId=7 servicePointId=41220000000007 staffId=45 previousWorkProfileId=15 newWorkProfileId=17 previousServices=[301] newServices=[301]
24 апр 2026;13:50:27.142 [main] INFO  c.q.m.e.DoctorAssignmentEventHandler - Skip raw SET_WORK_PROFILE because no matching USER_SERVICE_POINT_SESSION_START was found and raw trigger is disabled (reason=services-not-expanded)
24 апр 2026;14:09:15.933 [main] DEBUG c.q.m.a.o.OrchestraSessionCookieStore - Mutation cookie replay is disabled for method PUT. Stored mutation cookies will not be sent.
24 апр 2026;14:09:15.937 [main] DEBUG c.q.m.a.o.OrchestraSessionCookieStore - Mutation cookie replay is disabled for method POST. Stored mutation cookies will not be sent.
24 апр 2026;14:09:15.973 [main] INFO  c.q.m.c.s.OrchestraDataCacheUpdateService - Refresh caches for configured branches [7]
24 апр 2026;14:09:15.977 [main] INFO  c.q.m.cache.BranchCacheUpdater - Start cache refresh for branch 7
24 апр 2026;14:09:15.980 [main] INFO  c.q.m.cache.BranchCacheUpdater - Finish cache refresh for branch 7: services=1, queues=2, workProfiles=1, servicePoints=1, unknownDoctorQueueId=900, tookMs=6
24 апр 2026;14:09:15.984 [main] INFO  c.q.m.d.s.AutonomousMedicalExamAssignmentService - Start assignment cycle source=SERVICE_POINT_OPEN branchId=7 servicePointId=41220000000007 staffId=45 workProfileId=15 sources={branchId=test, servicePointId=test, staffId=test, workProfileId=test}
24 апр 2026;14:09:15.984 [main] INFO  c.q.m.d.s.AutonomousMedicalExamAssignmentService - Doctor 45 available services=[301]
24 апр 2026;14:09:15.985 [main] INFO  c.q.m.d.s.AutonomousMedicalExamAssignmentService - Visits in unknown-doctor queue 900 count=1
24 апр 2026;14:09:15.988 [main] INFO  c.q.m.d.s.i.MedRobotAwareDoctorServiceSelectionService - Request med-robot optimal service branch=7 currentService=301 unservedServices=[301, 302]
24 апр 2026;14:09:15.989 [main] INFO  c.q.m.d.s.i.MedRobotAwareDoctorServiceSelectionService - Med-robot selected service=302 queue=902 visit=5001 routeOrder=2 localService=301 localQueue=901
24 апр 2026;14:09:15.989 [main] INFO  c.q.m.d.s.i.DefaultVisitAssignmentExecutor - Assign workflow start visit=5001 currentQueue=900 currentService=null selectedService=302 targetQueue=902 doctor=45 servicePoint=41220000000007 workProfile=15 trigger=SERVICE_POINT_OPEN
24 апр 2026;14:09:15.990 [main] INFO  c.q.m.d.s.i.DefaultVisitAssignmentExecutor - Assign workflow transfer step visit=5001 sourceQueue=900 targetQueue=902 doctor=45 servicePoint=41220000000007 trigger=SERVICE_POINT_OPEN transferOnly=false
24 апр 2026;14:09:15.990 [main] INFO  c.q.m.d.s.AutonomousMedicalExamAssignmentService - Visit 5001 matchFound=true selectedService=302 targetQueue=902 success=true reason=med-robot-current-service-301
24 апр 2026;14:09:15.990 [main] INFO  c.q.m.d.s.AutonomousMedicalExamAssignmentService - Finish assignment cycle source=SERVICE_POINT_OPEN branchId=7 processed=1
24 апр 2026;14:09:15.992 [main] INFO  c.q.m.c.s.OrchestraDataCacheUpdateService - Refresh caches for configured branches [7]
24 апр 2026;14:09:15.992 [main] INFO  c.q.m.cache.BranchCacheUpdater - Start cache refresh for branch 7
24 апр 2026;14:09:15.993 [main] INFO  c.q.m.cache.BranchCacheUpdater - Finish cache refresh for branch 7: services=1, queues=2, workProfiles=1, servicePoints=1, unknownDoctorQueueId=900, tookMs=1
24 апр 2026;14:09:15.993 [main] INFO  c.q.m.d.s.AutonomousMedicalExamAssignmentService - Start assignment cycle source=SERVICE_POINT_OPEN branchId=7 servicePointId=41220000000007 staffId=45 workProfileId=15 sources={branchId=test, servicePointId=test, staffId=test, workProfileId=test}
24 апр 2026;14:09:15.997 [main] ERROR c.q.m.d.s.AutonomousMedicalExamAssignmentService - Activation step failed source=SERVICE_POINT_OPEN branchId=7 servicePointId=41220000000007 staffId=45 workProfileId=15: simulated activation failure for branch 7
com.qsystems.meddoctorassignment.domain.exception.MutationContextException: simulated activation failure for branch 7
	at com.qsystems.meddoctorassignment.support.InMemoryTestGateways.activate(InMemoryTestGateways.java:132)
	at com.qsystems.meddoctorassignment.domain.service.AutonomousMedicalExamAssignmentService.process(AutonomousMedicalExamAssignmentService.java:130)
	at com.qsystems.meddoctorassignment.AutonomousMedicalExamAssignmentServiceTest.abortsBeforeFirstVisitWhenActivationStepFails(AutonomousMedicalExamAssignmentServiceTest.java:157)
	at sun.reflect.NativeMethodAccessorImpl.invoke0(Native Method)
	at sun.reflect.NativeMethodAccessorImpl.invoke(NativeMethodAccessorImpl.java:62)
	at sun.reflect.DelegatingMethodAccessorImpl.invoke(DelegatingMethodAccessorImpl.java:43)
	at java.lang.reflect.Method.invoke(Method.java:498)
	at org.junit.platform.commons.util.ReflectionUtils.invokeMethod(ReflectionUtils.java:688)
	at org.junit.jupiter.engine.execution.MethodInvocation.proceed(MethodInvocation.java:60)
	at org.junit.jupiter.engine.execution.InvocationInterceptorChain$ValidatingInvocation.proceed(InvocationInterceptorChain.java:131)
	at org.junit.jupiter.engine.extension.TimeoutExtension.intercept(TimeoutExtension.java:149)
	at org.junit.jupiter.engine.extension.TimeoutExtension.interceptTestableMethod(TimeoutExtension.java:140)
	at org.junit.jupiter.engine.extension.TimeoutExtension.interceptTestMethod(TimeoutExtension.java:84)
	at org.junit.jupiter.engine.execution.ExecutableInvoker$ReflectiveInterceptorCall.lambda$ofVoidMethod$0(ExecutableInvoker.java:115)
	at org.junit.jupiter.engine.execution.ExecutableInvoker.lambda$invoke$0(ExecutableInvoker.java:105)
	at org.junit.jupiter.engine.execution.InvocationInterceptorChain$InterceptedInvocation.proceed(InvocationInterceptorChain.java:106)
	at org.junit.jupiter.engine.execution.InvocationInterceptorChain.proceed(InvocationInterceptorChain.java:64)
	at org.junit.jupiter.engine.execution.InvocationInterceptorChain.chainAndInvoke(InvocationInterceptorChain.java:45)
	at org.junit.jupiter.engine.execution.InvocationInterceptorChain.invoke(InvocationInterceptorChain.java:37)
	at org.junit.jupiter.engine.execution.ExecutableInvoker.invoke(ExecutableInvoker.java:104)
	at org.junit.jupiter.engine.execution.ExecutableInvoker.invoke(ExecutableInvoker.java:98)
	at org.junit.jupiter.engine.descriptor.TestMethodTestDescriptor.lambda$invokeTestMethod$6(TestMethodTestDescriptor.java:210)
	at org.junit.platform.engine.support.hierarchical.ThrowableCollector.execute(ThrowableCollector.java:73)
	at org.junit.jupiter.engine.descriptor.TestMethodTestDescriptor.invokeTestMethod(TestMethodTestDescriptor.java:206)
	at org.junit.jupiter.engine.descriptor.TestMethodTestDescriptor.execute(TestMethodTestDescriptor.java:131)
	at org.junit.jupiter.engine.descriptor.TestMethodTestDescriptor.execute(TestMethodTestDescriptor.java:65)
	at org.junit.platform.engine.support.hierarchical.NodeTestTask.lambda$executeRecursively$5(NodeTestTask.java:139)
	at org.junit.platform.engine.support.hierarchical.ThrowableCollector.execute(ThrowableCollector.java:73)
	at org.junit.platform.engine.support.hierarchical.NodeTestTask.lambda$executeRecursively$7(NodeTestTask.java:129)
	at org.junit.platform.engine.support.hierarchical.Node.around(Node.java:137)
	at org.junit.platform.engine.support.hierarchical.NodeTestTask.lambda$executeRecursively$8(NodeTestTask.java:127)
	at org.junit.platform.engine.support.hierarchical.ThrowableCollector.execute(ThrowableCollector.java:73)
	at org.junit.platform.engine.support.hierarchical.NodeTestTask.executeRecursively(NodeTestTask.java:126)
	at org.junit.platform.engine.support.hierarchical.NodeTestTask.execute(NodeTestTask.java:84)
	at java.util.ArrayList.forEach(ArrayList.java:1259)
	at org.junit.platform.engine.support.hierarchical.SameThreadHierarchicalTestExecutorService.invokeAll(SameThreadHierarchicalTestExecutorService.java:38)
	at org.junit.platform.engine.support.hierarchical.NodeTestTask.lambda$executeRecursively$5(NodeTestTask.java:143)
	at org.junit.platform.engine.support.hierarchical.ThrowableCollector.execute(ThrowableCollector.java:73)
	at org.junit.platform.engine.support.hierarchical.NodeTestTask.lambda$executeRecursively$7(NodeTestTask.java:129)
	at org.junit.platform.engine.support.hierarchical.Node.around(Node.java:137)
	at org.junit.platform.engine.support.hierarchical.NodeTestTask.lambda$executeRecursively$8(NodeTestTask.java:127)
	at org.junit.platform.engine.support.hierarchical.ThrowableCollector.execute(ThrowableCollector.java:73)
	at org.junit.platform.engine.support.hierarchical.NodeTestTask.executeRecursively(NodeTestTask.java:126)
	at org.junit.platform.engine.support.hierarchical.NodeTestTask.execute(NodeTestTask.java:84)
	at java.util.ArrayList.forEach(ArrayList.java:1259)
	at org.junit.platform.engine.support.hierarchical.SameThreadHierarchicalTestExecutorService.invokeAll(SameThreadHierarchicalTestExecutorService.java:38)
	at org.junit.platform.engine.support.hierarchical.NodeTestTask.lambda$executeRecursively$5(NodeTestTask.java:143)
	at org.junit.platform.engine.support.hierarchical.ThrowableCollector.execute(ThrowableCollector.java:73)
	at org.junit.platform.engine.support.hierarchical.NodeTestTask.lambda$executeRecursively$7(NodeTestTask.java:129)
	at org.junit.platform.engine.support.hierarchical.Node.around(Node.java:137)
	at org.junit.platform.engine.support.hierarchical.NodeTestTask.lambda$executeRecursively$8(NodeTestTask.java:127)
	at org.junit.platform.engine.support.hierarchical.ThrowableCollector.execute(ThrowableCollector.java:73)
	at org.junit.platform.engine.support.hierarchical.NodeTestTask.executeRecursively(NodeTestTask.java:126)
	at org.junit.platform.engine.support.hierarchical.NodeTestTask.execute(NodeTestTask.java:84)
	at org.junit.platform.engine.support.hierarchical.SameThreadHierarchicalTestExecutorService.submit(SameThreadHierarchicalTestExecutorService.java:32)
	at org.junit.platform.engine.support.hierarchical.HierarchicalTestExecutor.execute(HierarchicalTestExecutor.java:57)
	at org.junit.platform.engine.support.hierarchical.HierarchicalTestEngine.execute(HierarchicalTestEngine.java:51)
	at org.junit.platform.launcher.core.DefaultLauncher.execute(DefaultLauncher.java:220)
	at org.junit.platform.launcher.core.DefaultLauncher.lambda$execute$6(DefaultLauncher.java:188)
	at org.junit.platform.launcher.core.DefaultLauncher.withInterceptedStreams(DefaultLauncher.java:202)
	at org.junit.platform.launcher.core.DefaultLauncher.execute(DefaultLauncher.java:181)
	at org.junit.platform.launcher.core.DefaultLauncher.execute(DefaultLauncher.java:128)
	at org.apache.maven.surefire.junitplatform.JUnitPlatformProvider.invokeAllTests(JUnitPlatformProvider.java:150)
	at org.apache.maven.surefire.junitplatform.JUnitPlatformProvider.invoke(JUnitPlatformProvider.java:124)
	at org.apache.maven.surefire.booter.ForkedBooter.invokeProviderInSameClassLoader(ForkedBooter.java:384)
	at org.apache.maven.surefire.booter.ForkedBooter.runSuitesInProcess(ForkedBooter.java:345)
	at org.apache.maven.surefire.booter.ForkedBooter.execute(ForkedBooter.java:126)
	at org.apache.maven.surefire.booter.ForkedBooter.main(ForkedBooter.java:418)
24 апр 2026;14:09:15.999 [main] WARN  c.q.m.d.s.AutonomousMedicalExamAssignmentService - Abort assignment cycle source=SERVICE_POINT_OPEN branchId=7 before first visit because activation step did not produce a valid mutating context: simulated activation failure for branch 7
24 апр 2026;14:09:16.002 [main] INFO  c.q.m.c.s.OrchestraDataCacheUpdateService - Refresh caches for configured branches [7]
24 апр 2026;14:09:16.004 [main] INFO  c.q.m.cache.BranchCacheUpdater - Start cache refresh for branch 7
24 апр 2026;14:09:16.005 [main] INFO  c.q.m.cache.BranchCacheUpdater - Finish cache refresh for branch 7: services=1, queues=2, workProfiles=1, servicePoints=1, unknownDoctorQueueId=900, tookMs=1
24 апр 2026;14:09:16.006 [main] INFO  c.q.m.d.s.AutonomousMedicalExamAssignmentService - Start assignment cycle source=SERVICE_POINT_OPEN branchId=7 servicePointId=41220000000007 staffId=45 workProfileId=15 sources={branchId=test, servicePointId=test, staffId=test, workProfileId=test}
24 апр 2026;14:09:16.006 [main] INFO  c.q.m.d.s.AutonomousMedicalExamAssignmentService - Doctor 45 available services=[301]
24 апр 2026;14:09:16.007 [main] INFO  c.q.m.d.s.AutonomousMedicalExamAssignmentService - Visits in unknown-doctor queue 900 count=1
24 апр 2026;14:09:16.009 [main] INFO  c.q.m.d.s.i.DefaultVisitAssignmentExecutor - Assign workflow start visit=1500 currentQueue=900 currentService=301 selectedService=301 targetQueue=901 doctor=45 servicePoint=41220000000007 workProfile=15 trigger=SERVICE_POINT_OPEN
24 апр 2026;14:09:16.011 [main] INFO  c.q.m.d.s.i.DefaultVisitAssignmentExecutor - Skip redundant assign for visit=1500 because currentService=301 already matches selectedService=301 and workflow can continue with transfer-only
24 апр 2026;14:09:16.012 [main] INFO  c.q.m.d.s.i.DefaultVisitAssignmentExecutor - Assign workflow transfer step visit=1500 sourceQueue=900 targetQueue=901 doctor=45 servicePoint=41220000000007 trigger=SERVICE_POINT_OPEN transferOnly=true
24 апр 2026;14:09:16.013 [main] INFO  c.q.m.d.s.AutonomousMedicalExamAssignmentService - Visit 1500 matchFound=true selectedService=301 targetQueue=901 success=true reason=route-order-1
24 апр 2026;14:09:16.013 [main] INFO  c.q.m.d.s.AutonomousMedicalExamAssignmentService - Finish assignment cycle source=SERVICE_POINT_OPEN branchId=7 processed=1
24 апр 2026;14:09:16.015 [main] INFO  c.q.m.c.s.OrchestraDataCacheUpdateService - Refresh caches for configured branches [7]
24 апр 2026;14:09:16.016 [main] INFO  c.q.m.cache.BranchCacheUpdater - Start cache refresh for branch 7
24 апр 2026;14:09:16.017 [main] INFO  c.q.m.cache.BranchCacheUpdater - Finish cache refresh for branch 7: services=1, queues=2, workProfiles=1, servicePoints=1, unknownDoctorQueueId=900, tookMs=1
24 апр 2026;14:09:16.017 [main] INFO  c.q.m.d.s.AutonomousMedicalExamAssignmentService - Start assignment cycle source=SERVICE_POINT_OPEN branchId=7 servicePointId=41220000000007 staffId=45 workProfileId=15 sources={branchId=test, servicePointId=test, staffId=test, workProfileId=test}
24 апр 2026;14:09:16.017 [main] INFO  c.q.m.d.s.AutonomousMedicalExamAssignmentService - Doctor 45 available services=[301]
24 апр 2026;14:09:16.017 [main] INFO  c.q.m.d.s.AutonomousMedicalExamAssignmentService - Visits in unknown-doctor queue 900 count=0
24 апр 2026;14:09:16.018 [main] INFO  c.q.m.d.s.AutonomousMedicalExamAssignmentService - Finish assignment cycle source=SERVICE_POINT_OPEN branchId=7 processed=0
24 апр 2026;14:09:16.019 [main] INFO  c.q.m.c.s.OrchestraDataCacheUpdateService - Refresh caches for configured branches [7]
24 апр 2026;14:09:16.019 [main] INFO  c.q.m.cache.BranchCacheUpdater - Start cache refresh for branch 7
24 апр 2026;14:09:16.020 [main] INFO  c.q.m.cache.BranchCacheUpdater - Finish cache refresh for branch 7: services=1, queues=2, workProfiles=1, servicePoints=1, unknownDoctorQueueId=900, tookMs=1
24 апр 2026;14:09:16.020 [main] INFO  c.q.m.d.s.AutonomousMedicalExamAssignmentService - Start assignment cycle source=SERVICE_POINT_OPEN branchId=7 servicePointId=41220000000007 staffId=45 workProfileId=15 sources={branchId=test, servicePointId=test, staffId=test, workProfileId=test}
24 апр 2026;14:09:16.020 [main] INFO  c.q.m.d.s.AutonomousMedicalExamAssignmentService - Doctor 45 available services=[301]
24 апр 2026;14:09:16.020 [main] INFO  c.q.m.d.s.AutonomousMedicalExamAssignmentService - Visits in unknown-doctor queue 900 count=1
24 апр 2026;14:09:16.021 [main] INFO  c.q.m.d.s.i.DefaultVisitAssignmentExecutor - Assign workflow start visit=1001 currentQueue=900 currentService=null selectedService=301 targetQueue=901 doctor=45 servicePoint=41220000000007 workProfile=15 trigger=SERVICE_POINT_OPEN
24 апр 2026;14:09:16.021 [main] INFO  c.q.m.d.s.i.DefaultVisitAssignmentExecutor - Assign workflow transfer step visit=1001 sourceQueue=900 targetQueue=901 doctor=45 servicePoint=41220000000007 trigger=SERVICE_POINT_OPEN transferOnly=false
24 апр 2026;14:09:16.022 [main] INFO  c.q.m.d.s.AutonomousMedicalExamAssignmentService - Visit 1001 matchFound=true selectedService=301 targetQueue=901 success=true reason=route-order-1
24 апр 2026;14:09:16.022 [main] INFO  c.q.m.d.s.AutonomousMedicalExamAssignmentService - Finish assignment cycle source=SERVICE_POINT_OPEN branchId=7 processed=1
24 апр 2026;14:09:16.023 [main] INFO  c.q.m.c.s.OrchestraDataCacheUpdateService - Refresh caches for configured branches [7]
24 апр 2026;14:09:16.023 [main] INFO  c.q.m.cache.BranchCacheUpdater - Start cache refresh for branch 7
24 апр 2026;14:09:16.023 [main] INFO  c.q.m.cache.BranchCacheUpdater - Finish cache refresh for branch 7: services=1, queues=2, workProfiles=1, servicePoints=1, unknownDoctorQueueId=900, tookMs=0
24 апр 2026;14:09:16.024 [main] INFO  c.q.m.d.s.AutonomousMedicalExamAssignmentService - Start assignment cycle source=SERVICE_POINT_OPEN branchId=7 servicePointId=41220000000007 staffId=45 workProfileId=15 sources={branchId=test, servicePointId=test, staffId=test, workProfileId=test}
24 апр 2026;14:09:16.024 [main] INFO  c.q.m.d.s.AutonomousMedicalExamAssignmentService - Doctor 45 available services=[301]
24 апр 2026;14:09:16.024 [main] INFO  c.q.m.d.s.AutonomousMedicalExamAssignmentService - Visits in unknown-doctor queue 900 count=2
24 апр 2026;14:09:16.024 [main] INFO  c.q.m.d.s.i.DefaultVisitAssignmentExecutor - Assign workflow start visit=3001 currentQueue=900 currentService=null selectedService=301 targetQueue=901 doctor=45 servicePoint=41220000000007 workProfile=15 trigger=SERVICE_POINT_OPEN
24 апр 2026;14:09:16.025 [main] ERROR c.q.m.d.s.AutonomousMedicalExamAssignmentService - Failed to process visit 3001 in branch 7: simulated inactive operator context for visit 3001
com.qsystems.meddoctorassignment.domain.exception.MutationContextException: simulated inactive operator context for visit 3001
	at com.qsystems.meddoctorassignment.support.InMemoryTestGateways.assignServiceToVisit(InMemoryTestGateways.java:139)
	at com.qsystems.meddoctorassignment.domain.service.impl.DefaultVisitAssignmentExecutor.assign(DefaultVisitAssignmentExecutor.java:86)
	at com.qsystems.meddoctorassignment.domain.service.AutonomousMedicalExamAssignmentService.process(AutonomousMedicalExamAssignmentService.java:189)
	at com.qsystems.meddoctorassignment.AutonomousMedicalExamAssignmentServiceTest.abortsRemainingVisitsWhenAssignDetectsInvalidMutationContext(AutonomousMedicalExamAssignmentServiceTest.java:137)
	at sun.reflect.NativeMethodAccessorImpl.invoke0(Native Method)
	at sun.reflect.NativeMethodAccessorImpl.invoke(NativeMethodAccessorImpl.java:62)
	at sun.reflect.DelegatingMethodAccessorImpl.invoke(DelegatingMethodAccessorImpl.java:43)
	at java.lang.reflect.Method.invoke(Method.java:498)
	at org.junit.platform.commons.util.ReflectionUtils.invokeMethod(ReflectionUtils.java:688)
	at org.junit.jupiter.engine.execution.MethodInvocation.proceed(MethodInvocation.java:60)
	at org.junit.jupiter.engine.execution.InvocationInterceptorChain$ValidatingInvocation.proceed(InvocationInterceptorChain.java:131)
	at org.junit.jupiter.engine.extension.TimeoutExtension.intercept(TimeoutExtension.java:149)
	at org.junit.jupiter.engine.extension.TimeoutExtension.interceptTestableMethod(TimeoutExtension.java:140)
	at org.junit.jupiter.engine.extension.TimeoutExtension.interceptTestMethod(TimeoutExtension.java:84)
	at org.junit.jupiter.engine.execution.ExecutableInvoker$ReflectiveInterceptorCall.lambda$ofVoidMethod$0(ExecutableInvoker.java:115)
	at org.junit.jupiter.engine.execution.ExecutableInvoker.lambda$invoke$0(ExecutableInvoker.java:105)
	at org.junit.jupiter.engine.execution.InvocationInterceptorChain$InterceptedInvocation.proceed(InvocationInterceptorChain.java:106)
	at org.junit.jupiter.engine.execution.InvocationInterceptorChain.proceed(InvocationInterceptorChain.java:64)
	at org.junit.jupiter.engine.execution.InvocationInterceptorChain.chainAndInvoke(InvocationInterceptorChain.java:45)
	at org.junit.jupiter.engine.execution.InvocationInterceptorChain.invoke(InvocationInterceptorChain.java:37)
	at org.junit.jupiter.engine.execution.ExecutableInvoker.invoke(ExecutableInvoker.java:104)
	at org.junit.jupiter.engine.execution.ExecutableInvoker.invoke(ExecutableInvoker.java:98)
	at org.junit.jupiter.engine.descriptor.TestMethodTestDescriptor.lambda$invokeTestMethod$6(TestMethodTestDescriptor.java:210)
	at org.junit.platform.engine.support.hierarchical.ThrowableCollector.execute(ThrowableCollector.java:73)
	at org.junit.jupiter.engine.descriptor.TestMethodTestDescriptor.invokeTestMethod(TestMethodTestDescriptor.java:206)
	at org.junit.jupiter.engine.descriptor.TestMethodTestDescriptor.execute(TestMethodTestDescriptor.java:131)
	at org.junit.jupiter.engine.descriptor.TestMethodTestDescriptor.execute(TestMethodTestDescriptor.java:65)
	at org.junit.platform.engine.support.hierarchical.NodeTestTask.lambda$executeRecursively$5(NodeTestTask.java:139)
	at org.junit.platform.engine.support.hierarchical.ThrowableCollector.execute(ThrowableCollector.java:73)
	at org.junit.platform.engine.support.hierarchical.NodeTestTask.lambda$executeRecursively$7(NodeTestTask.java:129)
	at org.junit.platform.engine.support.hierarchical.Node.around(Node.java:137)
	at org.junit.platform.engine.support.hierarchical.NodeTestTask.lambda$executeRecursively$8(NodeTestTask.java:127)
	at org.junit.platform.engine.support.hierarchical.ThrowableCollector.execute(ThrowableCollector.java:73)
	at org.junit.platform.engine.support.hierarchical.NodeTestTask.executeRecursively(NodeTestTask.java:126)
	at org.junit.platform.engine.support.hierarchical.NodeTestTask.execute(NodeTestTask.java:84)
	at java.util.ArrayList.forEach(ArrayList.java:1259)
	at org.junit.platform.engine.support.hierarchical.SameThreadHierarchicalTestExecutorService.invokeAll(SameThreadHierarchicalTestExecutorService.java:38)
	at org.junit.platform.engine.support.hierarchical.NodeTestTask.lambda$executeRecursively$5(NodeTestTask.java:143)
	at org.junit.platform.engine.support.hierarchical.ThrowableCollector.execute(ThrowableCollector.java:73)
	at org.junit.platform.engine.support.hierarchical.NodeTestTask.lambda$executeRecursively$7(NodeTestTask.java:129)
	at org.junit.platform.engine.support.hierarchical.Node.around(Node.java:137)
	at org.junit.platform.engine.support.hierarchical.NodeTestTask.lambda$executeRecursively$8(NodeTestTask.java:127)
	at org.junit.platform.engine.support.hierarchical.ThrowableCollector.execute(ThrowableCollector.java:73)
	at org.junit.platform.engine.support.hierarchical.NodeTestTask.executeRecursively(NodeTestTask.java:126)
	at org.junit.platform.engine.support.hierarchical.NodeTestTask.execute(NodeTestTask.java:84)
	at java.util.ArrayList.forEach(ArrayList.java:1259)
	at org.junit.platform.engine.support.hierarchical.SameThreadHierarchicalTestExecutorService.invokeAll(SameThreadHierarchicalTestExecutorService.java:38)
	at org.junit.platform.engine.support.hierarchical.NodeTestTask.lambda$executeRecursively$5(NodeTestTask.java:143)
	at org.junit.platform.engine.support.hierarchical.ThrowableCollector.execute(ThrowableCollector.java:73)
	at org.junit.platform.engine.support.hierarchical.NodeTestTask.lambda$executeRecursively$7(NodeTestTask.java:129)
	at org.junit.platform.engine.support.hierarchical.Node.around(Node.java:137)
	at org.junit.platform.engine.support.hierarchical.NodeTestTask.lambda$executeRecursively$8(NodeTestTask.java:127)
	at org.junit.platform.engine.support.hierarchical.ThrowableCollector.execute(ThrowableCollector.java:73)
	at org.junit.platform.engine.support.hierarchical.NodeTestTask.executeRecursively(NodeTestTask.java:126)
	at org.junit.platform.engine.support.hierarchical.NodeTestTask.execute(NodeTestTask.java:84)
	at org.junit.platform.engine.support.hierarchical.SameThreadHierarchicalTestExecutorService.submit(SameThreadHierarchicalTestExecutorService.java:32)
	at org.junit.platform.engine.support.hierarchical.HierarchicalTestExecutor.execute(HierarchicalTestExecutor.java:57)
	at org.junit.platform.engine.support.hierarchical.HierarchicalTestEngine.execute(HierarchicalTestEngine.java:51)
	at org.junit.platform.launcher.core.DefaultLauncher.execute(DefaultLauncher.java:220)
	at org.junit.platform.launcher.core.DefaultLauncher.lambda$execute$6(DefaultLauncher.java:188)
	at org.junit.platform.launcher.core.DefaultLauncher.withInterceptedStreams(DefaultLauncher.java:202)
	at org.junit.platform.launcher.core.DefaultLauncher.execute(DefaultLauncher.java:181)
	at org.junit.platform.launcher.core.DefaultLauncher.execute(DefaultLauncher.java:128)
	at org.apache.maven.surefire.junitplatform.JUnitPlatformProvider.invokeAllTests(JUnitPlatformProvider.java:150)
	at org.apache.maven.surefire.junitplatform.JUnitPlatformProvider.invoke(JUnitPlatformProvider.java:124)
	at org.apache.maven.surefire.booter.ForkedBooter.invokeProviderInSameClassLoader(ForkedBooter.java:384)
	at org.apache.maven.surefire.booter.ForkedBooter.runSuitesInProcess(ForkedBooter.java:345)
	at org.apache.maven.surefire.booter.ForkedBooter.execute(ForkedBooter.java:126)
	at org.apache.maven.surefire.booter.ForkedBooter.main(ForkedBooter.java:418)
24 апр 2026;14:09:16.026 [main] WARN  c.q.m.d.s.AutonomousMedicalExamAssignmentService - Abort assignment cycle source=SERVICE_POINT_OPEN branchId=7 after visit 3001 because mutating context is invalid: simulated inactive operator context for visit 3001
24 апр 2026;14:09:16.027 [main] INFO  c.q.m.d.s.AutonomousMedicalExamAssignmentService - Finish assignment cycle source=SERVICE_POINT_OPEN branchId=7 processed=0
24 апр 2026;14:09:16.027 [main] INFO  c.q.m.c.s.OrchestraDataCacheUpdateService - Refresh caches for configured branches [7]
24 апр 2026;14:09:16.028 [main] INFO  c.q.m.cache.BranchCacheUpdater - Start cache refresh for branch 7
24 апр 2026;14:09:16.028 [main] INFO  c.q.m.cache.BranchCacheUpdater - Finish cache refresh for branch 7: services=1, queues=2, workProfiles=1, servicePoints=1, unknownDoctorQueueId=900, tookMs=0
24 апр 2026;14:09:16.028 [main] INFO  c.q.m.d.s.AutonomousMedicalExamAssignmentService - Start assignment cycle source=SERVICE_POINT_OPEN branchId=7 servicePointId=41220000000007 staffId=45 workProfileId=15 sources={branchId=test, servicePointId=test, staffId=test, workProfileId=test}
24 апр 2026;14:09:16.028 [main] INFO  c.q.m.d.s.AutonomousMedicalExamAssignmentService - Doctor 45 available services=[301]
24 апр 2026;14:09:16.029 [main] INFO  c.q.m.d.s.AutonomousMedicalExamAssignmentService - Visits in unknown-doctor queue 900 count=1
24 апр 2026;14:09:16.029 [main] INFO  c.q.m.d.s.AutonomousMedicalExamAssignmentService - Visit 1002 has no matching unserved service for doctor 45
24 апр 2026;14:09:16.029 [main] INFO  c.q.m.d.s.AutonomousMedicalExamAssignmentService - Finish assignment cycle source=SERVICE_POINT_OPEN branchId=7 processed=0
24 апр 2026;14:09:16.031 [main] INFO  c.q.m.c.s.OrchestraDataCacheUpdateService - Refresh caches for configured branches [7]
24 апр 2026;14:09:16.031 [main] INFO  c.q.m.cache.BranchCacheUpdater - Start cache refresh for branch 7
24 апр 2026;14:09:16.031 [main] INFO  c.q.m.cache.BranchCacheUpdater - Finish cache refresh for branch 7: services=1, queues=2, workProfiles=1, servicePoints=1, unknownDoctorQueueId=900, tookMs=0
24 апр 2026;14:09:16.031 [main] INFO  c.q.m.d.s.AutonomousMedicalExamAssignmentService - Start assignment cycle source=SERVICE_POINT_OPEN branchId=7 servicePointId=41220000000007 staffId=45 workProfileId=15 sources={branchId=test, servicePointId=test, staffId=test, workProfileId=test}
24 апр 2026;14:09:16.031 [main] INFO  c.q.m.d.s.AutonomousMedicalExamAssignmentService - Doctor 45 available services=[301]
24 апр 2026;14:09:16.031 [main] INFO  c.q.m.d.s.AutonomousMedicalExamAssignmentService - Visits in unknown-doctor queue 900 count=2
24 апр 2026;14:09:16.032 [main] ERROR c.q.m.d.s.AutonomousMedicalExamAssignmentService - Failed to process visit 2001 in branch 7: simulated downstream failure
java.lang.IllegalStateException: simulated downstream failure
	at com.qsystems.meddoctorassignment.support.InMemoryTestGateways.getVisitDetails(InMemoryTestGateways.java:120)
	at com.qsystems.meddoctorassignment.domain.service.impl.DefaultVisitRouteAnalyzer.analyze(DefaultVisitRouteAnalyzer.java:23)
	at com.qsystems.meddoctorassignment.domain.service.AutonomousMedicalExamAssignmentService.process(AutonomousMedicalExamAssignmentService.java:181)
	at com.qsystems.meddoctorassignment.AutonomousMedicalExamAssignmentServiceTest.continuesWhenOneVisitFailsAndProcessesNextOne(AutonomousMedicalExamAssignmentServiceTest.java:114)
	at sun.reflect.NativeMethodAccessorImpl.invoke0(Native Method)
	at sun.reflect.NativeMethodAccessorImpl.invoke(NativeMethodAccessorImpl.java:62)
	at sun.reflect.DelegatingMethodAccessorImpl.invoke(DelegatingMethodAccessorImpl.java:43)
	at java.lang.reflect.Method.invoke(Method.java:498)
	at org.junit.platform.commons.util.ReflectionUtils.invokeMethod(ReflectionUtils.java:688)
	at org.junit.jupiter.engine.execution.MethodInvocation.proceed(MethodInvocation.java:60)
	at org.junit.jupiter.engine.execution.InvocationInterceptorChain$ValidatingInvocation.proceed(InvocationInterceptorChain.java:131)
	at org.junit.jupiter.engine.extension.TimeoutExtension.intercept(TimeoutExtension.java:149)
	at org.junit.jupiter.engine.extension.TimeoutExtension.interceptTestableMethod(TimeoutExtension.java:140)
	at org.junit.jupiter.engine.extension.TimeoutExtension.interceptTestMethod(TimeoutExtension.java:84)
	at org.junit.jupiter.engine.execution.ExecutableInvoker$ReflectiveInterceptorCall.lambda$ofVoidMethod$0(ExecutableInvoker.java:115)
	at org.junit.jupiter.engine.execution.ExecutableInvoker.lambda$invoke$0(ExecutableInvoker.java:105)
	at org.junit.jupiter.engine.execution.InvocationInterceptorChain$InterceptedInvocation.proceed(InvocationInterceptorChain.java:106)
	at org.junit.jupiter.engine.execution.InvocationInterceptorChain.proceed(InvocationInterceptorChain.java:64)
	at org.junit.jupiter.engine.execution.InvocationInterceptorChain.chainAndInvoke(InvocationInterceptorChain.java:45)
	at org.junit.jupiter.engine.execution.InvocationInterceptorChain.invoke(InvocationInterceptorChain.java:37)
	at org.junit.jupiter.engine.execution.ExecutableInvoker.invoke(ExecutableInvoker.java:104)
	at org.junit.jupiter.engine.execution.ExecutableInvoker.invoke(ExecutableInvoker.java:98)
	at org.junit.jupiter.engine.descriptor.TestMethodTestDescriptor.lambda$invokeTestMethod$6(TestMethodTestDescriptor.java:210)
	at org.junit.platform.engine.support.hierarchical.ThrowableCollector.execute(ThrowableCollector.java:73)
	at org.junit.jupiter.engine.descriptor.TestMethodTestDescriptor.invokeTestMethod(TestMethodTestDescriptor.java:206)
	at org.junit.jupiter.engine.descriptor.TestMethodTestDescriptor.execute(TestMethodTestDescriptor.java:131)
	at org.junit.jupiter.engine.descriptor.TestMethodTestDescriptor.execute(TestMethodTestDescriptor.java:65)
	at org.junit.platform.engine.support.hierarchical.NodeTestTask.lambda$executeRecursively$5(NodeTestTask.java:139)
	at org.junit.platform.engine.support.hierarchical.ThrowableCollector.execute(ThrowableCollector.java:73)
	at org.junit.platform.engine.support.hierarchical.NodeTestTask.lambda$executeRecursively$7(NodeTestTask.java:129)
	at org.junit.platform.engine.support.hierarchical.Node.around(Node.java:137)
	at org.junit.platform.engine.support.hierarchical.NodeTestTask.lambda$executeRecursively$8(NodeTestTask.java:127)
	at org.junit.platform.engine.support.hierarchical.ThrowableCollector.execute(ThrowableCollector.java:73)
	at org.junit.platform.engine.support.hierarchical.NodeTestTask.executeRecursively(NodeTestTask.java:126)
	at org.junit.platform.engine.support.hierarchical.NodeTestTask.execute(NodeTestTask.java:84)
	at java.util.ArrayList.forEach(ArrayList.java:1259)
	at org.junit.platform.engine.support.hierarchical.SameThreadHierarchicalTestExecutorService.invokeAll(SameThreadHierarchicalTestExecutorService.java:38)
	at org.junit.platform.engine.support.hierarchical.NodeTestTask.lambda$executeRecursively$5(NodeTestTask.java:143)
	at org.junit.platform.engine.support.hierarchical.ThrowableCollector.execute(ThrowableCollector.java:73)
	at org.junit.platform.engine.support.hierarchical.NodeTestTask.lambda$executeRecursively$7(NodeTestTask.java:129)
	at org.junit.platform.engine.support.hierarchical.Node.around(Node.java:137)
	at org.junit.platform.engine.support.hierarchical.NodeTestTask.lambda$executeRecursively$8(NodeTestTask.java:127)
	at org.junit.platform.engine.support.hierarchical.ThrowableCollector.execute(ThrowableCollector.java:73)
	at org.junit.platform.engine.support.hierarchical.NodeTestTask.executeRecursively(NodeTestTask.java:126)
	at org.junit.platform.engine.support.hierarchical.NodeTestTask.execute(NodeTestTask.java:84)
	at java.util.ArrayList.forEach(ArrayList.java:1259)
	at org.junit.platform.engine.support.hierarchical.SameThreadHierarchicalTestExecutorService.invokeAll(SameThreadHierarchicalTestExecutorService.java:38)
	at org.junit.platform.engine.support.hierarchical.NodeTestTask.lambda$executeRecursively$5(NodeTestTask.java:143)
	at org.junit.platform.engine.support.hierarchical.ThrowableCollector.execute(ThrowableCollector.java:73)
	at org.junit.platform.engine.support.hierarchical.NodeTestTask.lambda$executeRecursively$7(NodeTestTask.java:129)
	at org.junit.platform.engine.support.hierarchical.Node.around(Node.java:137)
	at org.junit.platform.engine.support.hierarchical.NodeTestTask.lambda$executeRecursively$8(NodeTestTask.java:127)
	at org.junit.platform.engine.support.hierarchical.ThrowableCollector.execute(ThrowableCollector.java:73)
	at org.junit.platform.engine.support.hierarchical.NodeTestTask.executeRecursively(NodeTestTask.java:126)
	at org.junit.platform.engine.support.hierarchical.NodeTestTask.execute(NodeTestTask.java:84)
	at org.junit.platform.engine.support.hierarchical.SameThreadHierarchicalTestExecutorService.submit(SameThreadHierarchicalTestExecutorService.java:32)
	at org.junit.platform.engine.support.hierarchical.HierarchicalTestExecutor.execute(HierarchicalTestExecutor.java:57)
	at org.junit.platform.engine.support.hierarchical.HierarchicalTestEngine.execute(HierarchicalTestEngine.java:51)
	at org.junit.platform.launcher.core.DefaultLauncher.execute(DefaultLauncher.java:220)
	at org.junit.platform.launcher.core.DefaultLauncher.lambda$execute$6(DefaultLauncher.java:188)
	at org.junit.platform.launcher.core.DefaultLauncher.withInterceptedStreams(DefaultLauncher.java:202)
	at org.junit.platform.launcher.core.DefaultLauncher.execute(DefaultLauncher.java:181)
	at org.junit.platform.launcher.core.DefaultLauncher.execute(DefaultLauncher.java:128)
	at org.apache.maven.surefire.junitplatform.JUnitPlatformProvider.invokeAllTests(JUnitPlatformProvider.java:150)
	at org.apache.maven.surefire.junitplatform.JUnitPlatformProvider.invoke(JUnitPlatformProvider.java:124)
	at org.apache.maven.surefire.booter.ForkedBooter.invokeProviderInSameClassLoader(ForkedBooter.java:384)
	at org.apache.maven.surefire.booter.ForkedBooter.runSuitesInProcess(ForkedBooter.java:345)
	at org.apache.maven.surefire.booter.ForkedBooter.execute(ForkedBooter.java:126)
	at org.apache.maven.surefire.booter.ForkedBooter.main(ForkedBooter.java:418)
24 апр 2026;14:09:16.034 [main] INFO  c.q.m.d.s.i.DefaultVisitAssignmentExecutor - Assign workflow start visit=2002 currentQueue=900 currentService=null selectedService=301 targetQueue=901 doctor=45 servicePoint=41220000000007 workProfile=15 trigger=SERVICE_POINT_OPEN
24 апр 2026;14:09:16.034 [main] INFO  c.q.m.d.s.i.DefaultVisitAssignmentExecutor - Assign workflow transfer step visit=2002 sourceQueue=900 targetQueue=901 doctor=45 servicePoint=41220000000007 trigger=SERVICE_POINT_OPEN transferOnly=false
24 апр 2026;14:09:16.034 [main] INFO  c.q.m.d.s.AutonomousMedicalExamAssignmentService - Visit 2002 matchFound=true selectedService=301 targetQueue=901 success=true reason=route-order-1
24 апр 2026;14:09:16.035 [main] INFO  c.q.m.d.s.AutonomousMedicalExamAssignmentService - Finish assignment cycle source=SERVICE_POINT_OPEN branchId=7 processed=1
24 апр 2026;14:09:16.036 [main] INFO  c.q.m.c.s.OrchestraDataCacheUpdateService - Refresh caches for configured branches [7]
24 апр 2026;14:09:16.036 [main] INFO  c.q.m.cache.BranchCacheUpdater - Start cache refresh for branch 7
24 апр 2026;14:09:16.037 [main] INFO  c.q.m.cache.BranchCacheUpdater - Finish cache refresh for branch 7: services=1, queues=2, workProfiles=1, servicePoints=1, unknownDoctorQueueId=900, tookMs=1
24 апр 2026;14:09:16.037 [main] INFO  c.q.m.d.s.AutonomousMedicalExamAssignmentService - Start assignment cycle source=SERVICE_POINT_OPEN branchId=7 servicePointId=41220000000007 staffId=45 workProfileId=15 sources={branchId=test, servicePointId=test, staffId=test, workProfileId=test}
24 апр 2026;14:09:16.037 [main] INFO  c.q.m.d.s.AutonomousMedicalExamAssignmentService - Doctor 45 available services=[301]
24 апр 2026;14:09:16.037 [main] INFO  c.q.m.d.s.AutonomousMedicalExamAssignmentService - Visits in unknown-doctor queue 900 count=1
24 апр 2026;14:09:16.037 [main] INFO  c.q.m.d.s.i.MedRobotAwareDoctorServiceSelectionService - Request med-robot optimal service branch=7 currentService=301 unservedServices=[301]
24 апр 2026;14:09:16.038 [main] ERROR c.q.m.d.s.i.MedRobotAwareDoctorServiceSelectionService - Med-robot optimal service request failed for branch=7 currentService=301 visit=5002: simulated med-robot failure
java.lang.IllegalStateException: simulated med-robot failure
	at com.qsystems.meddoctorassignment.support.InMemoryTestGateways.selectOptimalService(InMemoryTestGateways.java:162)
	at com.qsystems.meddoctorassignment.domain.service.impl.MedRobotAwareDoctorServiceSelectionService.select(MedRobotAwareDoctorServiceSelectionService.java:71)
	at com.qsystems.meddoctorassignment.domain.service.AutonomousMedicalExamAssignmentService.process(AutonomousMedicalExamAssignmentService.java:182)
	at com.qsystems.meddoctorassignment.AutonomousMedicalExamAssignmentServiceTest.fallsBackToLocalSelectionWhenMedRobotFails(AutonomousMedicalExamAssignmentServiceTest.java:211)
	at sun.reflect.NativeMethodAccessorImpl.invoke0(Native Method)
	at sun.reflect.NativeMethodAccessorImpl.invoke(NativeMethodAccessorImpl.java:62)
	at sun.reflect.DelegatingMethodAccessorImpl.invoke(DelegatingMethodAccessorImpl.java:43)
	at java.lang.reflect.Method.invoke(Method.java:498)
	at org.junit.platform.commons.util.ReflectionUtils.invokeMethod(ReflectionUtils.java:688)
	at org.junit.jupiter.engine.execution.MethodInvocation.proceed(MethodInvocation.java:60)
	at org.junit.jupiter.engine.execution.InvocationInterceptorChain$ValidatingInvocation.proceed(InvocationInterceptorChain.java:131)
	at org.junit.jupiter.engine.extension.TimeoutExtension.intercept(TimeoutExtension.java:149)
	at org.junit.jupiter.engine.extension.TimeoutExtension.interceptTestableMethod(TimeoutExtension.java:140)
	at org.junit.jupiter.engine.extension.TimeoutExtension.interceptTestMethod(TimeoutExtension.java:84)
	at org.junit.jupiter.engine.execution.ExecutableInvoker$ReflectiveInterceptorCall.lambda$ofVoidMethod$0(ExecutableInvoker.java:115)
	at org.junit.jupiter.engine.execution.ExecutableInvoker.lambda$invoke$0(ExecutableInvoker.java:105)
	at org.junit.jupiter.engine.execution.InvocationInterceptorChain$InterceptedInvocation.proceed(InvocationInterceptorChain.java:106)
	at org.junit.jupiter.engine.execution.InvocationInterceptorChain.proceed(InvocationInterceptorChain.java:64)
	at org.junit.jupiter.engine.execution.InvocationInterceptorChain.chainAndInvoke(InvocationInterceptorChain.java:45)
	at org.junit.jupiter.engine.execution.InvocationInterceptorChain.invoke(InvocationInterceptorChain.java:37)
	at org.junit.jupiter.engine.execution.ExecutableInvoker.invoke(ExecutableInvoker.java:104)
	at org.junit.jupiter.engine.execution.ExecutableInvoker.invoke(ExecutableInvoker.java:98)
	at org.junit.jupiter.engine.descriptor.TestMethodTestDescriptor.lambda$invokeTestMethod$6(TestMethodTestDescriptor.java:210)
	at org.junit.platform.engine.support.hierarchical.ThrowableCollector.execute(ThrowableCollector.java:73)
	at org.junit.jupiter.engine.descriptor.TestMethodTestDescriptor.invokeTestMethod(TestMethodTestDescriptor.java:206)
	at org.junit.jupiter.engine.descriptor.TestMethodTestDescriptor.execute(TestMethodTestDescriptor.java:131)
	at org.junit.jupiter.engine.descriptor.TestMethodTestDescriptor.execute(TestMethodTestDescriptor.java:65)
	at org.junit.platform.engine.support.hierarchical.NodeTestTask.lambda$executeRecursively$5(NodeTestTask.java:139)
	at org.junit.platform.engine.support.hierarchical.ThrowableCollector.execute(ThrowableCollector.java:73)
	at org.junit.platform.engine.support.hierarchical.NodeTestTask.lambda$executeRecursively$7(NodeTestTask.java:129)
	at org.junit.platform.engine.support.hierarchical.Node.around(Node.java:137)
	at org.junit.platform.engine.support.hierarchical.NodeTestTask.lambda$executeRecursively$8(NodeTestTask.java:127)
	at org.junit.platform.engine.support.hierarchical.ThrowableCollector.execute(ThrowableCollector.java:73)
	at org.junit.platform.engine.support.hierarchical.NodeTestTask.executeRecursively(NodeTestTask.java:126)
	at org.junit.platform.engine.support.hierarchical.NodeTestTask.execute(NodeTestTask.java:84)
	at java.util.ArrayList.forEach(ArrayList.java:1259)
	at org.junit.platform.engine.support.hierarchical.SameThreadHierarchicalTestExecutorService.invokeAll(SameThreadHierarchicalTestExecutorService.java:38)
	at org.junit.platform.engine.support.hierarchical.NodeTestTask.lambda$executeRecursively$5(NodeTestTask.java:143)
	at org.junit.platform.engine.support.hierarchical.ThrowableCollector.execute(ThrowableCollector.java:73)
	at org.junit.platform.engine.support.hierarchical.NodeTestTask.lambda$executeRecursively$7(NodeTestTask.java:129)
	at org.junit.platform.engine.support.hierarchical.Node.around(Node.java:137)
	at org.junit.platform.engine.support.hierarchical.NodeTestTask.lambda$executeRecursively$8(NodeTestTask.java:127)
	at org.junit.platform.engine.support.hierarchical.ThrowableCollector.execute(ThrowableCollector.java:73)
	at org.junit.platform.engine.support.hierarchical.NodeTestTask.executeRecursively(NodeTestTask.java:126)
	at org.junit.platform.engine.support.hierarchical.NodeTestTask.execute(NodeTestTask.java:84)
	at java.util.ArrayList.forEach(ArrayList.java:1259)
	at org.junit.platform.engine.support.hierarchical.SameThreadHierarchicalTestExecutorService.invokeAll(SameThreadHierarchicalTestExecutorService.java:38)
	at org.junit.platform.engine.support.hierarchical.NodeTestTask.lambda$executeRecursively$5(NodeTestTask.java:143)
	at org.junit.platform.engine.support.hierarchical.ThrowableCollector.execute(ThrowableCollector.java:73)
	at org.junit.platform.engine.support.hierarchical.NodeTestTask.lambda$executeRecursively$7(NodeTestTask.java:129)
	at org.junit.platform.engine.support.hierarchical.Node.around(Node.java:137)
	at org.junit.platform.engine.support.hierarchical.NodeTestTask.lambda$executeRecursively$8(NodeTestTask.java:127)
	at org.junit.platform.engine.support.hierarchical.ThrowableCollector.execute(ThrowableCollector.java:73)
	at org.junit.platform.engine.support.hierarchical.NodeTestTask.executeRecursively(NodeTestTask.java:126)
	at org.junit.platform.engine.support.hierarchical.NodeTestTask.execute(NodeTestTask.java:84)
	at org.junit.platform.engine.support.hierarchical.SameThreadHierarchicalTestExecutorService.submit(SameThreadHierarchicalTestExecutorService.java:32)
	at org.junit.platform.engine.support.hierarchical.HierarchicalTestExecutor.execute(HierarchicalTestExecutor.java:57)
	at org.junit.platform.engine.support.hierarchical.HierarchicalTestEngine.execute(HierarchicalTestEngine.java:51)
	at org.junit.platform.launcher.core.DefaultLauncher.execute(DefaultLauncher.java:220)
	at org.junit.platform.launcher.core.DefaultLauncher.lambda$execute$6(DefaultLauncher.java:188)
	at org.junit.platform.launcher.core.DefaultLauncher.withInterceptedStreams(DefaultLauncher.java:202)
	at org.junit.platform.launcher.core.DefaultLauncher.execute(DefaultLauncher.java:181)
	at org.junit.platform.launcher.core.DefaultLauncher.execute(DefaultLauncher.java:128)
	at org.apache.maven.surefire.junitplatform.JUnitPlatformProvider.invokeAllTests(JUnitPlatformProvider.java:150)
	at org.apache.maven.surefire.junitplatform.JUnitPlatformProvider.invoke(JUnitPlatformProvider.java:124)
	at org.apache.maven.surefire.booter.ForkedBooter.invokeProviderInSameClassLoader(ForkedBooter.java:384)
	at org.apache.maven.surefire.booter.ForkedBooter.runSuitesInProcess(ForkedBooter.java:345)
	at org.apache.maven.surefire.booter.ForkedBooter.execute(ForkedBooter.java:126)
	at org.apache.maven.surefire.booter.ForkedBooter.main(ForkedBooter.java:418)
24 апр 2026;14:09:16.040 [main] WARN  c.q.m.d.s.i.MedRobotAwareDoctorServiceSelectionService - Fallback to local service selection for visit 5002 after med-robot error
24 апр 2026;14:09:16.044 [main] INFO  c.q.m.d.s.i.DefaultVisitAssignmentExecutor - Assign workflow start visit=5002 currentQueue=900 currentService=null selectedService=301 targetQueue=901 doctor=45 servicePoint=41220000000007 workProfile=15 trigger=SERVICE_POINT_OPEN
24 апр 2026;14:09:16.044 [main] INFO  c.q.m.d.s.i.DefaultVisitAssignmentExecutor - Assign workflow transfer step visit=5002 sourceQueue=900 targetQueue=901 doctor=45 servicePoint=41220000000007 trigger=SERVICE_POINT_OPEN transferOnly=false
24 апр 2026;14:09:16.045 [main] INFO  c.q.m.d.s.AutonomousMedicalExamAssignmentService - Visit 5002 matchFound=true selectedService=301 targetQueue=901 success=true reason=route-order-1
24 апр 2026;14:09:16.045 [main] INFO  c.q.m.d.s.AutonomousMedicalExamAssignmentService - Finish assignment cycle source=SERVICE_POINT_OPEN branchId=7 processed=1
24 апр 2026;14:09:16.056 [main] INFO  c.q.m.c.s.OrchestraDataCacheUpdateService - Refresh caches for configured branches [7]
24 апр 2026;14:09:16.057 [main] INFO  c.q.m.cache.BranchCacheUpdater - Start cache refresh for branch 7
24 апр 2026;14:09:16.057 [main] INFO  c.q.m.cache.BranchCacheUpdater - Finish cache refresh for branch 7: services=1, queues=2, workProfiles=1, servicePoints=1, unknownDoctorQueueId=900, tookMs=0
24 апр 2026;14:09:16.059 [main] INFO  c.q.m.e.UserSessionReadinessCoordinator - Registered pending user session correlationKey=staffTx:123456789 branchId=7 userId=45 servicePointId=41220000000007 servicePointLogicId=901 staffTransactionId=123456789 workProfileOrigId=15 workProfileName=null
24 апр 2026;14:09:16.060 [main] INFO  c.q.m.c.s.OrchestraDataCacheUpdateService - Refresh caches for configured branches [7]
24 апр 2026;14:09:16.061 [main] INFO  c.q.m.cache.BranchCacheUpdater - Start cache refresh for branch 7
24 апр 2026;14:09:16.061 [main] INFO  c.q.m.cache.BranchCacheUpdater - Finish cache refresh for branch 7: services=1, queues=2, workProfiles=1, servicePoints=1, unknownDoctorQueueId=900, tookMs=0
24 апр 2026;14:09:16.061 [main] INFO  c.q.m.e.UserSessionReadinessCoordinator - Registered pending user session correlationKey=staffTx:123456789 branchId=7 userId=45 servicePointId=41220000000007 servicePointLogicId=901 staffTransactionId=123456789 workProfileOrigId=15 workProfileName=null
24 апр 2026;14:09:16.062 [main] INFO  c.q.m.e.UserSessionReadinessCoordinator - Completed pending user session correlationKey=staffTx:123456789 ageMs=0 sessionStartProfile=15 sessionStartProfileName=null settledProfile=15 settledProfileName=null selectedProfileSource=USER_SERVICE_POINT_SESSION_START servicePointId=41220000000007 servicePointLogicId=901
24 апр 2026;14:09:16.063 [main] INFO  c.q.m.d.s.i.DefaultLoggedDoctorContextResolver - Resolved doctor context source=USER_SESSION_READY branchId=7 servicePointId=41220000000007 servicePointLogicId=901 staffId=45 workProfileId=15 servicePointName=null workProfileName=null userName=null fieldSources={branchId=event.parameters.branchId, servicePointId=event.parameters.servicePointId, servicePointLogicId=event.parameters.servicePointLogicId, staffId=event.parameters.userId, workProfileId=event.parameters.workProfileOrigId}
24 апр 2026;14:09:16.063 [main] INFO  c.q.m.d.s.AutonomousMedicalExamAssignmentService - Start assignment cycle source=USER_SESSION_READY branchId=7 servicePointId=41220000000007 staffId=45 workProfileId=15 sources={branchId=event.parameters.branchId, servicePointId=event.parameters.servicePointId, servicePointLogicId=event.parameters.servicePointLogicId, staffId=event.parameters.userId, workProfileId=event.parameters.workProfileOrigId}
24 апр 2026;14:09:16.063 [main] INFO  c.q.m.d.s.AutonomousMedicalExamAssignmentService - Doctor 45 available services=[301]
24 апр 2026;14:09:16.063 [main] INFO  c.q.m.d.s.AutonomousMedicalExamAssignmentService - Visits in unknown-doctor queue 900 count=1
24 апр 2026;14:09:16.064 [main] INFO  c.q.m.d.s.i.DefaultVisitAssignmentExecutor - Assign workflow start visit=5001 currentQueue=900 currentService=null selectedService=301 targetQueue=901 doctor=45 servicePoint=41220000000007 workProfile=15 trigger=USER_SESSION_READY
24 апр 2026;14:09:16.064 [main] INFO  c.q.m.d.s.i.DefaultVisitAssignmentExecutor - Assign workflow transfer step visit=5001 sourceQueue=900 targetQueue=901 doctor=45 servicePoint=41220000000007 trigger=USER_SESSION_READY transferOnly=false
24 апр 2026;14:09:16.064 [main] INFO  c.q.m.d.s.AutonomousMedicalExamAssignmentService - Visit 5001 matchFound=true selectedService=301 targetQueue=901 success=true reason=route-order-1
24 апр 2026;14:09:16.064 [main] INFO  c.q.m.d.s.AutonomousMedicalExamAssignmentService - Finish assignment cycle source=USER_SESSION_READY branchId=7 processed=1
24 апр 2026;14:09:16.065 [main] INFO  c.q.m.c.s.OrchestraDataCacheUpdateService - Refresh caches for configured branches [7]
24 апр 2026;14:09:16.065 [main] INFO  c.q.m.cache.BranchCacheUpdater - Start cache refresh for branch 7
24 апр 2026;14:09:16.065 [main] INFO  c.q.m.cache.BranchCacheUpdater - Finish cache refresh for branch 7: services=1, queues=2, workProfiles=1, servicePoints=1, unknownDoctorQueueId=900, tookMs=0
24 апр 2026;14:09:16.065 [main] INFO  c.q.m.e.DoctorAssignmentEventHandler - Skip event SERVICE_POINT_OPEN because trigger SERVICE_POINT_OPEN is disabled by configuration
24 апр 2026;14:09:16.066 [main] INFO  c.q.m.c.s.OrchestraDataCacheUpdateService - Refresh caches for configured branches [7]
24 апр 2026;14:09:16.066 [main] INFO  c.q.m.cache.BranchCacheUpdater - Start cache refresh for branch 7
24 апр 2026;14:09:16.067 [main] INFO  c.q.m.cache.BranchCacheUpdater - Finish cache refresh for branch 7: services=1, queues=2, workProfiles=1, servicePoints=1, unknownDoctorQueueId=900, tookMs=1
24 апр 2026;14:09:16.067 [main] INFO  c.q.m.e.UserSessionReadinessCoordinator - No pending user session found for SET_WORK_PROFILE correlationKey=staffTx:123456789
24 апр 2026;14:09:16.067 [main] INFO  c.q.m.d.s.i.DefaultLoggedDoctorContextResolver - Resolved doctor context source=WORK_PROFILE_EXPANDED branchId=7 servicePointId=41220000000007 servicePointLogicId=901 staffId=45 workProfileId=15 servicePointName=null workProfileName=null userName=null fieldSources={branchId=event.parameters.branchId, servicePointId=event.parameters.servicePointId, servicePointLogicId=event.parameters.servicePointLogicId, staffId=event.parameters.userId, workProfileId=event.parameters.workProfileOrigId}
24 апр 2026;14:09:16.068 [main] INFO  c.q.m.e.DoctorAssignmentEventHandler - Skip raw SET_WORK_PROFILE because no matching USER_SERVICE_POINT_SESSION_START was found and raw trigger is disabled (reason=same-work-profile)
24 апр 2026;14:09:16.078 [main] INFO  c.q.m.d.s.i.MedRobotAwareDoctorServiceSelectionService - Request med-robot optimal service branch=7 currentService=301 unservedServices=[301, 302]
24 апр 2026;14:09:16.079 [main] WARN  c.q.m.d.s.i.MedRobotAwareDoctorServiceSelectionService - Med-robot returned service 999 that is absent in visit 1001 unserved route
24 апр 2026;14:09:16.080 [main] INFO  c.q.m.d.s.i.MedRobotAwareDoctorServiceSelectionService - Request med-robot optimal service branch=7 currentService=301 unservedServices=[301, 302]
24 апр 2026;14:09:16.081 [main] ERROR c.q.m.d.s.i.MedRobotAwareDoctorServiceSelectionService - Med-robot optimal service request failed for branch=7 currentService=301 visit=1001: robot unavailable
java.lang.IllegalStateException: robot unavailable
	at com.qsystems.meddoctorassignment.MedRobotAwareDoctorServiceSelectionServiceTest.returnsEmptyWhenRobotThrowsAndFallbackIsDisabled(MedRobotAwareDoctorServiceSelectionServiceTest.java:109)
	at sun.reflect.NativeMethodAccessorImpl.invoke0(Native Method)
	at sun.reflect.NativeMethodAccessorImpl.invoke(NativeMethodAccessorImpl.java:62)
	at sun.reflect.DelegatingMethodAccessorImpl.invoke(DelegatingMethodAccessorImpl.java:43)
	at java.lang.reflect.Method.invoke(Method.java:498)
	at org.junit.platform.commons.util.ReflectionUtils.invokeMethod(ReflectionUtils.java:688)
	at org.junit.jupiter.engine.execution.MethodInvocation.proceed(MethodInvocation.java:60)
	at org.junit.jupiter.engine.execution.InvocationInterceptorChain$ValidatingInvocation.proceed(InvocationInterceptorChain.java:131)
	at org.junit.jupiter.engine.extension.TimeoutExtension.intercept(TimeoutExtension.java:149)
	at org.junit.jupiter.engine.extension.TimeoutExtension.interceptTestableMethod(TimeoutExtension.java:140)
	at org.junit.jupiter.engine.extension.TimeoutExtension.interceptTestMethod(TimeoutExtension.java:84)
	at org.junit.jupiter.engine.execution.ExecutableInvoker$ReflectiveInterceptorCall.lambda$ofVoidMethod$0(ExecutableInvoker.java:115)
	at org.junit.jupiter.engine.execution.ExecutableInvoker.lambda$invoke$0(ExecutableInvoker.java:105)
	at org.junit.jupiter.engine.execution.InvocationInterceptorChain$InterceptedInvocation.proceed(InvocationInterceptorChain.java:106)
	at org.junit.jupiter.engine.execution.InvocationInterceptorChain.proceed(InvocationInterceptorChain.java:64)
	at org.junit.jupiter.engine.execution.InvocationInterceptorChain.chainAndInvoke(InvocationInterceptorChain.java:45)
	at org.junit.jupiter.engine.execution.InvocationInterceptorChain.invoke(InvocationInterceptorChain.java:37)
	at org.junit.jupiter.engine.execution.ExecutableInvoker.invoke(ExecutableInvoker.java:104)
	at org.junit.jupiter.engine.execution.ExecutableInvoker.invoke(ExecutableInvoker.java:98)
	at org.junit.jupiter.engine.descriptor.TestMethodTestDescriptor.lambda$invokeTestMethod$6(TestMethodTestDescriptor.java:210)
	at org.junit.platform.engine.support.hierarchical.ThrowableCollector.execute(ThrowableCollector.java:73)
	at org.junit.jupiter.engine.descriptor.TestMethodTestDescriptor.invokeTestMethod(TestMethodTestDescriptor.java:206)
	at org.junit.jupiter.engine.descriptor.TestMethodTestDescriptor.execute(TestMethodTestDescriptor.java:131)
	at org.junit.jupiter.engine.descriptor.TestMethodTestDescriptor.execute(TestMethodTestDescriptor.java:65)
	at org.junit.platform.engine.support.hierarchical.NodeTestTask.lambda$executeRecursively$5(NodeTestTask.java:139)
	at org.junit.platform.engine.support.hierarchical.ThrowableCollector.execute(ThrowableCollector.java:73)
	at org.junit.platform.engine.support.hierarchical.NodeTestTask.lambda$executeRecursively$7(NodeTestTask.java:129)
	at org.junit.platform.engine.support.hierarchical.Node.around(Node.java:137)
	at org.junit.platform.engine.support.hierarchical.NodeTestTask.lambda$executeRecursively$8(NodeTestTask.java:127)
	at org.junit.platform.engine.support.hierarchical.ThrowableCollector.execute(ThrowableCollector.java:73)
	at org.junit.platform.engine.support.hierarchical.NodeTestTask.executeRecursively(NodeTestTask.java:126)
	at org.junit.platform.engine.support.hierarchical.NodeTestTask.execute(NodeTestTask.java:84)
	at java.util.ArrayList.forEach(ArrayList.java:1259)
	at org.junit.platform.engine.support.hierarchical.SameThreadHierarchicalTestExecutorService.invokeAll(SameThreadHierarchicalTestExecutorService.java:38)
	at org.junit.platform.engine.support.hierarchical.NodeTestTask.lambda$executeRecursively$5(NodeTestTask.java:143)
	at org.junit.platform.engine.support.hierarchical.ThrowableCollector.execute(ThrowableCollector.java:73)
	at org.junit.platform.engine.support.hierarchical.NodeTestTask.lambda$executeRecursively$7(NodeTestTask.java:129)
	at org.junit.platform.engine.support.hierarchical.Node.around(Node.java:137)
	at org.junit.platform.engine.support.hierarchical.NodeTestTask.lambda$executeRecursively$8(NodeTestTask.java:127)
	at org.junit.platform.engine.support.hierarchical.ThrowableCollector.execute(ThrowableCollector.java:73)
	at org.junit.platform.engine.support.hierarchical.NodeTestTask.executeRecursively(NodeTestTask.java:126)
	at org.junit.platform.engine.support.hierarchical.NodeTestTask.execute(NodeTestTask.java:84)
	at java.util.ArrayList.forEach(ArrayList.java:1259)
	at org.junit.platform.engine.support.hierarchical.SameThreadHierarchicalTestExecutorService.invokeAll(SameThreadHierarchicalTestExecutorService.java:38)
	at org.junit.platform.engine.support.hierarchical.NodeTestTask.lambda$executeRecursively$5(NodeTestTask.java:143)
	at org.junit.platform.engine.support.hierarchical.ThrowableCollector.execute(ThrowableCollector.java:73)
	at org.junit.platform.engine.support.hierarchical.NodeTestTask.lambda$executeRecursively$7(NodeTestTask.java:129)
	at org.junit.platform.engine.support.hierarchical.Node.around(Node.java:137)
	at org.junit.platform.engine.support.hierarchical.NodeTestTask.lambda$executeRecursively$8(NodeTestTask.java:127)
	at org.junit.platform.engine.support.hierarchical.ThrowableCollector.execute(ThrowableCollector.java:73)
	at org.junit.platform.engine.support.hierarchical.NodeTestTask.executeRecursively(NodeTestTask.java:126)
	at org.junit.platform.engine.support.hierarchical.NodeTestTask.execute(NodeTestTask.java:84)
	at org.junit.platform.engine.support.hierarchical.SameThreadHierarchicalTestExecutorService.submit(SameThreadHierarchicalTestExecutorService.java:32)
	at org.junit.platform.engine.support.hierarchical.HierarchicalTestExecutor.execute(HierarchicalTestExecutor.java:57)
	at org.junit.platform.engine.support.hierarchical.HierarchicalTestEngine.execute(HierarchicalTestEngine.java:51)
	at org.junit.platform.launcher.core.DefaultLauncher.execute(DefaultLauncher.java:220)
	at org.junit.platform.launcher.core.DefaultLauncher.lambda$execute$6(DefaultLauncher.java:188)
	at org.junit.platform.launcher.core.DefaultLauncher.withInterceptedStreams(DefaultLauncher.java:202)
	at org.junit.platform.launcher.core.DefaultLauncher.execute(DefaultLauncher.java:181)
	at org.junit.platform.launcher.core.DefaultLauncher.execute(DefaultLauncher.java:128)
	at org.apache.maven.surefire.junitplatform.JUnitPlatformProvider.invokeAllTests(JUnitPlatformProvider.java:150)
	at org.apache.maven.surefire.junitplatform.JUnitPlatformProvider.invoke(JUnitPlatformProvider.java:124)
	at org.apache.maven.surefire.booter.ForkedBooter.invokeProviderInSameClassLoader(ForkedBooter.java:384)
	at org.apache.maven.surefire.booter.ForkedBooter.runSuitesInProcess(ForkedBooter.java:345)
	at org.apache.maven.surefire.booter.ForkedBooter.execute(ForkedBooter.java:126)
	at org.apache.maven.surefire.booter.ForkedBooter.main(ForkedBooter.java:418)
24 апр 2026;14:09:16.082 [main] INFO  c.q.m.d.s.i.MedRobotAwareDoctorServiceSelectionService - Request med-robot optimal service branch=7 currentService=301 unservedServices=[301, 302, 303]
24 апр 2026;14:09:16.083 [main] INFO  c.q.m.d.s.i.MedRobotAwareDoctorServiceSelectionService - Med-robot selected service=302 queue=902 visit=1001 routeOrder=2 localService=301 localQueue=901
24 апр 2026;14:09:16.084 [main] INFO  c.q.m.d.s.i.MedRobotAwareDoctorServiceSelectionService - Request med-robot optimal service branch=7 currentService=301 unservedServices=[301, 302]
24 апр 2026;14:09:16.085 [main] ERROR c.q.m.d.s.i.MedRobotAwareDoctorServiceSelectionService - Med-robot optimal service request failed for branch=7 currentService=301 visit=1001: robot unavailable
java.lang.IllegalStateException: robot unavailable
	at com.qsystems.meddoctorassignment.MedRobotAwareDoctorServiceSelectionServiceTest.fallsBackToLocalSelectionWhenRobotThrowsAndFallbackIsEnabled(MedRobotAwareDoctorServiceSelectionServiceTest.java:95)
	at sun.reflect.NativeMethodAccessorImpl.invoke0(Native Method)
	at sun.reflect.NativeMethodAccessorImpl.invoke(NativeMethodAccessorImpl.java:62)
	at sun.reflect.DelegatingMethodAccessorImpl.invoke(DelegatingMethodAccessorImpl.java:43)
	at java.lang.reflect.Method.invoke(Method.java:498)
	at org.junit.platform.commons.util.ReflectionUtils.invokeMethod(ReflectionUtils.java:688)
	at org.junit.jupiter.engine.execution.MethodInvocation.proceed(MethodInvocation.java:60)
	at org.junit.jupiter.engine.execution.InvocationInterceptorChain$ValidatingInvocation.proceed(InvocationInterceptorChain.java:131)
	at org.junit.jupiter.engine.extension.TimeoutExtension.intercept(TimeoutExtension.java:149)
	at org.junit.jupiter.engine.extension.TimeoutExtension.interceptTestableMethod(TimeoutExtension.java:140)
	at org.junit.jupiter.engine.extension.TimeoutExtension.interceptTestMethod(TimeoutExtension.java:84)
	at org.junit.jupiter.engine.execution.ExecutableInvoker$ReflectiveInterceptorCall.lambda$ofVoidMethod$0(ExecutableInvoker.java:115)
	at org.junit.jupiter.engine.execution.ExecutableInvoker.lambda$invoke$0(ExecutableInvoker.java:105)
	at org.junit.jupiter.engine.execution.InvocationInterceptorChain$InterceptedInvocation.proceed(InvocationInterceptorChain.java:106)
	at org.junit.jupiter.engine.execution.InvocationInterceptorChain.proceed(InvocationInterceptorChain.java:64)
	at org.junit.jupiter.engine.execution.InvocationInterceptorChain.chainAndInvoke(InvocationInterceptorChain.java:45)
	at org.junit.jupiter.engine.execution.InvocationInterceptorChain.invoke(InvocationInterceptorChain.java:37)
	at org.junit.jupiter.engine.execution.ExecutableInvoker.invoke(ExecutableInvoker.java:104)
	at org.junit.jupiter.engine.execution.ExecutableInvoker.invoke(ExecutableInvoker.java:98)
	at org.junit.jupiter.engine.descriptor.TestMethodTestDescriptor.lambda$invokeTestMethod$6(TestMethodTestDescriptor.java:210)
	at org.junit.platform.engine.support.hierarchical.ThrowableCollector.execute(ThrowableCollector.java:73)
	at org.junit.jupiter.engine.descriptor.TestMethodTestDescriptor.invokeTestMethod(TestMethodTestDescriptor.java:206)
	at org.junit.jupiter.engine.descriptor.TestMethodTestDescriptor.execute(TestMethodTestDescriptor.java:131)
	at org.junit.jupiter.engine.descriptor.TestMethodTestDescriptor.execute(TestMethodTestDescriptor.java:65)
	at org.junit.platform.engine.support.hierarchical.NodeTestTask.lambda$executeRecursively$5(NodeTestTask.java:139)
	at org.junit.platform.engine.support.hierarchical.ThrowableCollector.execute(ThrowableCollector.java:73)
	at org.junit.platform.engine.support.hierarchical.NodeTestTask.lambda$executeRecursively$7(NodeTestTask.java:129)
	at org.junit.platform.engine.support.hierarchical.Node.around(Node.java:137)
	at org.junit.platform.engine.support.hierarchical.NodeTestTask.lambda$executeRecursively$8(NodeTestTask.java:127)
	at org.junit.platform.engine.support.hierarchical.ThrowableCollector.execute(ThrowableCollector.java:73)
	at org.junit.platform.engine.support.hierarchical.NodeTestTask.executeRecursively(NodeTestTask.java:126)
	at org.junit.platform.engine.support.hierarchical.NodeTestTask.execute(NodeTestTask.java:84)
	at java.util.ArrayList.forEach(ArrayList.java:1259)
	at org.junit.platform.engine.support.hierarchical.SameThreadHierarchicalTestExecutorService.invokeAll(SameThreadHierarchicalTestExecutorService.java:38)
	at org.junit.platform.engine.support.hierarchical.NodeTestTask.lambda$executeRecursively$5(NodeTestTask.java:143)
	at org.junit.platform.engine.support.hierarchical.ThrowableCollector.execute(ThrowableCollector.java:73)
	at org.junit.platform.engine.support.hierarchical.NodeTestTask.lambda$executeRecursively$7(NodeTestTask.java:129)
	at org.junit.platform.engine.support.hierarchical.Node.around(Node.java:137)
	at org.junit.platform.engine.support.hierarchical.NodeTestTask.lambda$executeRecursively$8(NodeTestTask.java:127)
	at org.junit.platform.engine.support.hierarchical.ThrowableCollector.execute(ThrowableCollector.java:73)
	at org.junit.platform.engine.support.hierarchical.NodeTestTask.executeRecursively(NodeTestTask.java:126)
	at org.junit.platform.engine.support.hierarchical.NodeTestTask.execute(NodeTestTask.java:84)
	at java.util.ArrayList.forEach(ArrayList.java:1259)
	at org.junit.platform.engine.support.hierarchical.SameThreadHierarchicalTestExecutorService.invokeAll(SameThreadHierarchicalTestExecutorService.java:38)
	at org.junit.platform.engine.support.hierarchical.NodeTestTask.lambda$executeRecursively$5(NodeTestTask.java:143)
	at org.junit.platform.engine.support.hierarchical.ThrowableCollector.execute(ThrowableCollector.java:73)
	at org.junit.platform.engine.support.hierarchical.NodeTestTask.lambda$executeRecursively$7(NodeTestTask.java:129)
	at org.junit.platform.engine.support.hierarchical.Node.around(Node.java:137)
	at org.junit.platform.engine.support.hierarchical.NodeTestTask.lambda$executeRecursively$8(NodeTestTask.java:127)
	at org.junit.platform.engine.support.hierarchical.ThrowableCollector.execute(ThrowableCollector.java:73)
	at org.junit.platform.engine.support.hierarchical.NodeTestTask.executeRecursively(NodeTestTask.java:126)
	at org.junit.platform.engine.support.hierarchical.NodeTestTask.execute(NodeTestTask.java:84)
	at org.junit.platform.engine.support.hierarchical.SameThreadHierarchicalTestExecutorService.submit(SameThreadHierarchicalTestExecutorService.java:32)
	at org.junit.platform.engine.support.hierarchical.HierarchicalTestExecutor.execute(HierarchicalTestExecutor.java:57)
	at org.junit.platform.engine.support.hierarchical.HierarchicalTestEngine.execute(HierarchicalTestEngine.java:51)
	at org.junit.platform.launcher.core.DefaultLauncher.execute(DefaultLauncher.java:220)
	at org.junit.platform.launcher.core.DefaultLauncher.lambda$execute$6(DefaultLauncher.java:188)
	at org.junit.platform.launcher.core.DefaultLauncher.withInterceptedStreams(DefaultLauncher.java:202)
	at org.junit.platform.launcher.core.DefaultLauncher.execute(DefaultLauncher.java:181)
	at org.junit.platform.launcher.core.DefaultLauncher.execute(DefaultLauncher.java:128)
	at org.apache.maven.surefire.junitplatform.JUnitPlatformProvider.invokeAllTests(JUnitPlatformProvider.java:150)
	at org.apache.maven.surefire.junitplatform.JUnitPlatformProvider.invoke(JUnitPlatformProvider.java:124)
	at org.apache.maven.surefire.booter.ForkedBooter.invokeProviderInSameClassLoader(ForkedBooter.java:384)
	at org.apache.maven.surefire.booter.ForkedBooter.runSuitesInProcess(ForkedBooter.java:345)
	at org.apache.maven.surefire.booter.ForkedBooter.execute(ForkedBooter.java:126)
	at org.apache.maven.surefire.booter.ForkedBooter.main(ForkedBooter.java:418)
24 апр 2026;14:09:16.085 [main] WARN  c.q.m.d.s.i.MedRobotAwareDoctorServiceSelectionService - Fallback to local service selection for visit 1001 after med-robot error
24 апр 2026;14:09:16.087 [main] INFO  c.q.m.d.s.i.MedRobotAwareDoctorServiceSelectionService - Request med-robot optimal service branch=7 currentService=301 unservedServices=[301, 302]
24 апр 2026;14:09:16.088 [main] INFO  c.q.m.d.s.i.MedRobotAwareDoctorServiceSelectionService - Med-robot selected service=302 queue=950 visit=1001 routeOrder=2 localService=301 localQueue=901
24 апр 2026;14:09:16.091 [main] INFO  c.q.m.d.s.i.MedRobotAwareDoctorServiceSelectionService - Request med-robot optimal service branch=7 currentService=301 unservedServices=[301, 302]
24 апр 2026;14:09:16.091 [main] WARN  c.q.m.d.s.i.MedRobotAwareDoctorServiceSelectionService - Med-robot returned queue 999 that is absent in branch 7 cache
24 апр 2026;14:09:16.092 [main] INFO  c.q.m.d.s.i.MedRobotAwareDoctorServiceSelectionService - Request med-robot optimal service branch=7 currentService=301 unservedServices=[301, 302]
24 апр 2026;14:09:16.092 [main] WARN  c.q.m.d.s.i.MedRobotAwareDoctorServiceSelectionService - Med-robot did not select service/queue for visit 1001. serviceId=0 queueId=0
24 апр 2026;14:09:16.095 [main] INFO  c.q.m.d.s.i.MedRobotAwareDoctorServiceSelectionService - Request med-robot optimal service branch=7 currentService=301 unservedServices=[301, 302]
24 апр 2026;14:09:16.095 [main] WARN  c.q.m.d.s.i.MedRobotAwareDoctorServiceSelectionService - Med-robot returned service 302 that is not available for current doctor. doctorAvailableServices=[301]
24 апр 2026;14:09:16.097 [main] INFO  c.q.m.d.s.i.MedRobotAwareDoctorServiceSelectionService - Request med-robot optimal service branch=7 currentService=301 unservedServices=[301, 302]
24 апр 2026;14:09:16.098 [main] WARN  c.q.m.d.s.i.MedRobotAwareDoctorServiceSelectionService - Med-robot did not select service/queue for visit 1001. serviceId=null queueId=null
24 апр 2026;14:09:16.107 [main] INFO  c.q.m.c.s.OrchestraDataCacheUpdateService - Refresh caches for configured branches [7]
24 апр 2026;14:09:16.107 [main] INFO  c.q.m.cache.BranchCacheUpdater - Start cache refresh for branch 7
24 апр 2026;14:09:16.107 [main] INFO  c.q.m.cache.BranchCacheUpdater - Finish cache refresh for branch 7: services=1, queues=2, workProfiles=1, servicePoints=1, unknownDoctorQueueId=900, tookMs=0
24 апр 2026;14:09:16.107 [main] INFO  c.q.m.s.PollingReconciliationJob - Polling reconciliation for branch=7 servicePoint=41220000000007 staff=45 workProfile=15
24 апр 2026;14:09:16.108 [main] INFO  c.q.m.d.s.AutonomousMedicalExamAssignmentService - Start assignment cycle source=POLLING branchId=7 servicePointId=41220000000007 staffId=45 workProfileId=15 sources={branchId=polling.runtime-cache, servicePointId=polling.runtime-cache, staffId=polling.runtime-cache, workProfileId=polling.runtime-cache}
24 апр 2026;14:09:16.108 [main] INFO  c.q.m.d.s.AutonomousMedicalExamAssignmentService - Doctor 45 available services=[301]
24 апр 2026;14:09:16.108 [main] INFO  c.q.m.d.s.AutonomousMedicalExamAssignmentService - Visits in unknown-doctor queue 900 count=1
24 апр 2026;14:09:16.108 [main] INFO  c.q.m.d.s.i.DefaultVisitAssignmentExecutor - Assign workflow start visit=6002 currentQueue=900 currentService=null selectedService=301 targetQueue=901 doctor=45 servicePoint=41220000000007 workProfile=15 trigger=POLLING
24 апр 2026;14:09:16.108 [main] INFO  c.q.m.d.s.i.DefaultVisitAssignmentExecutor - Assign workflow transfer step visit=6002 sourceQueue=900 targetQueue=901 doctor=45 servicePoint=41220000000007 trigger=POLLING transferOnly=false
24 апр 2026;14:09:16.108 [main] INFO  c.q.m.d.s.AutonomousMedicalExamAssignmentService - Visit 6002 matchFound=true selectedService=301 targetQueue=901 success=true reason=route-order-1
24 апр 2026;14:09:16.108 [main] INFO  c.q.m.d.s.AutonomousMedicalExamAssignmentService - Finish assignment cycle source=POLLING branchId=7 processed=1
24 апр 2026;14:09:16.109 [main] INFO  c.q.m.c.s.OrchestraDataCacheUpdateService - Refresh caches for configured branches [7]
24 апр 2026;14:09:16.109 [main] INFO  c.q.m.cache.BranchCacheUpdater - Start cache refresh for branch 7
24 апр 2026;14:09:16.113 [main] INFO  c.q.m.cache.BranchCacheUpdater - Finish cache refresh for branch 7: services=1, queues=2, workProfiles=1, servicePoints=1, unknownDoctorQueueId=900, tookMs=4
24 апр 2026;14:09:16.116 [main] INFO  c.q.m.d.s.i.DefaultLoggedDoctorContextResolver - Resolved doctor context source=SERVICE_POINT_OPEN branchId=7 servicePointId=10220000000007 servicePointLogicId=1 staffId=1000002 workProfileId=31 servicePointName=102 Маммография workProfileName=Маммография userName=p.sokolov fieldSources={branchId=event.parameters.branchId, servicePointId=event.unitId, servicePointLogicId=event.parameters.servicePointLogicId, staffId=event.parameters.userId, workProfileId=event.parameters.workProfileOrigId, workProfileName=event.parameters.workProfileName, servicePointName=event.parameters.servicePointName, userName=event.parameters.userName/user}
24 апр 2026;14:09:16.117 [main] INFO  c.q.m.d.s.i.DefaultLoggedDoctorContextResolver - Resolved doctor context source=SET_WORK_PROFILE branchId=10 servicePointId=820000000010 servicePointLogicId=null staffId=29 workProfileId=28 servicePointName=null workProfileName=null userName=null fieldSources={branchId=event.parameters.branchId, staffId=event.parameters.userId, servicePointId=fallback.servicePointRuntimeState, workProfileId=fallback.servicePointRuntimeState}
24 апр 2026;14:09:16.120 [main] INFO  c.q.m.c.s.OrchestraDataCacheUpdateService - Refresh caches for configured branches [7]
24 апр 2026;14:09:16.121 [main] INFO  c.q.m.cache.BranchCacheUpdater - Start cache refresh for branch 7
24 апр 2026;14:09:16.121 [main] INFO  c.q.m.cache.BranchCacheUpdater - Finish cache refresh for branch 7: services=1, queues=2, workProfiles=1, servicePoints=1, unknownDoctorQueueId=900, tookMs=0
24 апр 2026;14:09:16.121 [main] INFO  c.q.m.e.UserSessionReadinessCoordinator - No pending user session found for SET_WORK_PROFILE correlationKey=fallback:7|45|41220000000007
24 апр 2026;14:09:16.122 [main] INFO  c.q.m.d.s.i.DefaultLoggedDoctorContextResolver - Resolved doctor context source=WORK_PROFILE_EXPANDED branchId=7 servicePointId=41220000000007 servicePointLogicId=null staffId=45 workProfileId=15 servicePointName=null workProfileName=null userName=null fieldSources={branchId=event.parameters.branchId, servicePointId=event.parameters.servicePointId, staffId=event.parameters.userId, workProfileId=event.parameters.workProfileOrigId}
24 апр 2026;14:09:16.122 [main] INFO  c.q.m.d.s.i.DefaultLoggedDoctorContextResolver - Resolved doctor context source=SET_WORK_PROFILE branchId=7 servicePointId=41220000000007 servicePointLogicId=null staffId=45 workProfileId=15 servicePointName=null workProfileName=null userName=null fieldSources={branchId=event.parameters.branchId, servicePointId=event.parameters.servicePointId, staffId=event.parameters.userId, workProfileId=event.parameters.workProfileOrigId}
24 апр 2026;14:09:16.122 [main] INFO  c.q.m.d.s.AutonomousMedicalExamAssignmentService - Start assignment cycle source=SET_WORK_PROFILE branchId=7 servicePointId=41220000000007 staffId=45 workProfileId=15 sources={branchId=event.parameters.branchId, servicePointId=event.parameters.servicePointId, staffId=event.parameters.userId, workProfileId=event.parameters.workProfileOrigId}
24 апр 2026;14:09:16.122 [main] INFO  c.q.m.d.s.AutonomousMedicalExamAssignmentService - Doctor 45 available services=[301]
24 апр 2026;14:09:16.122 [main] INFO  c.q.m.d.s.AutonomousMedicalExamAssignmentService - Visits in unknown-doctor queue 900 count=1
24 апр 2026;14:09:16.122 [main] INFO  c.q.m.d.s.i.DefaultVisitAssignmentExecutor - Assign workflow start visit=5001 currentQueue=900 currentService=null selectedService=301 targetQueue=901 doctor=45 servicePoint=41220000000007 workProfile=15 trigger=SET_WORK_PROFILE
24 апр 2026;14:09:16.122 [main] INFO  c.q.m.d.s.i.DefaultVisitAssignmentExecutor - Assign workflow transfer step visit=5001 sourceQueue=900 targetQueue=901 doctor=45 servicePoint=41220000000007 trigger=SET_WORK_PROFILE transferOnly=false
24 апр 2026;14:09:16.122 [main] INFO  c.q.m.d.s.AutonomousMedicalExamAssignmentService - Visit 5001 matchFound=true selectedService=301 targetQueue=901 success=true reason=route-order-1
24 апр 2026;14:09:16.122 [main] INFO  c.q.m.d.s.AutonomousMedicalExamAssignmentService - Finish assignment cycle source=SET_WORK_PROFILE branchId=7 processed=1
24 апр 2026;14:09:16.134 [main] INFO  c.q.m.e.UserSessionReadinessCoordinator - Registered pending user session correlationKey=staffTx:1776327218753843 branchId=6 userId=1 servicePointId=120000000006 servicePointLogicId=1 staffTransactionId=1776327218753843 workProfileOrigId=14 workProfileName=test05
24 апр 2026;14:09:16.134 [main] INFO  c.q.m.e.UserSessionReadinessCoordinator - Completed pending user session correlationKey=staffTx:1776327218753843 ageMs=1 sessionStartProfile=14 sessionStartProfileName=test05 settledProfile=7 settledProfileName=Универсал selectedProfileSource=USER_SERVICE_POINT_SESSION_START servicePointId=120000000006 servicePointLogicId=1
24 апр 2026;14:09:16.558 [main] INFO  c.q.m.c.s.OrchestraDataCacheUpdateService - Refresh caches for configured branches [7]
24 апр 2026;14:09:16.558 [main] INFO  c.q.m.cache.BranchCacheUpdater - Start cache refresh for branch 7
24 апр 2026;14:09:16.558 [main] INFO  c.q.m.cache.BranchCacheUpdater - Finish cache refresh for branch 7: services=2, queues=3, workProfiles=3, servicePoints=1, unknownDoctorQueueId=900, tookMs=0
24 апр 2026;14:09:16.558 [main] INFO  c.q.m.e.UserSessionReadinessCoordinator - No pending user session found for SET_WORK_PROFILE correlationKey=fallback:7|45|41220000000007
24 апр 2026;14:09:16.558 [main] INFO  c.q.m.d.s.i.DefaultLoggedDoctorContextResolver - Resolved doctor context source=WORK_PROFILE_EXPANDED branchId=7 servicePointId=41220000000007 servicePointLogicId=null staffId=45 workProfileId=16 servicePointName=Кабинет 7 workProfileName=Расширенный userName=doctor-45 fieldSources={branchId=event.parameters.branchId, servicePointId=event.parameters.servicePointId, staffId=event.parameters.userId, workProfileId=event.parameters.workProfileOrigId, workProfileName=event.parameters.workProfileName, servicePointName=event.parameters.servicePointName, userName=event.parameters.userName/user}
24 апр 2026;14:09:16.558 [main] INFO  c.q.m.e.WorkProfileExpansionTriggerEvaluator - Detected work-profile expansion during active session branchId=7 servicePointId=41220000000007 staffId=45 previousWorkProfileId=15 newWorkProfileId=16 previousServices=[301] newServices=[301, 302]
24 апр 2026;14:09:16.558 [main] INFO  c.q.m.d.s.AutonomousMedicalExamAssignmentService - Start assignment cycle source=WORK_PROFILE_EXPANDED branchId=7 servicePointId=41220000000007 staffId=45 workProfileId=16 sources={branchId=event.parameters.branchId, servicePointId=event.parameters.servicePointId, staffId=event.parameters.userId, workProfileId=event.parameters.workProfileOrigId, workProfileName=event.parameters.workProfileName, servicePointName=event.parameters.servicePointName, userName=event.parameters.userName/user}
24 апр 2026;14:09:16.558 [main] INFO  c.q.m.d.s.AutonomousMedicalExamAssignmentService - Doctor 45 available services=[301, 302]
24 апр 2026;14:09:16.558 [main] INFO  c.q.m.d.s.AutonomousMedicalExamAssignmentService - Visits in unknown-doctor queue 900 count=1
24 апр 2026;14:09:16.558 [main] INFO  c.q.m.d.s.i.DefaultVisitAssignmentExecutor - Assign workflow start visit=5001 currentQueue=900 currentService=72 selectedService=302 targetQueue=902 doctor=45 servicePoint=41220000000007 workProfile=16 trigger=WORK_PROFILE_EXPANDED
24 апр 2026;14:09:16.558 [main] INFO  c.q.m.d.s.i.DefaultVisitAssignmentExecutor - Assign workflow transfer step visit=5001 sourceQueue=900 targetQueue=902 doctor=45 servicePoint=41220000000007 trigger=WORK_PROFILE_EXPANDED transferOnly=false
24 апр 2026;14:09:16.559 [main] INFO  c.q.m.d.s.AutonomousMedicalExamAssignmentService - Visit 5001 matchFound=true selectedService=302 targetQueue=902 success=true reason=route-order-1
24 апр 2026;14:09:16.559 [main] INFO  c.q.m.d.s.AutonomousMedicalExamAssignmentService - Finish assignment cycle source=WORK_PROFILE_EXPANDED branchId=7 processed=1
24 апр 2026;14:09:16.560 [main] INFO  c.q.m.c.s.OrchestraDataCacheUpdateService - Refresh caches for configured branches [7]
24 апр 2026;14:09:16.560 [main] INFO  c.q.m.cache.BranchCacheUpdater - Start cache refresh for branch 7
24 апр 2026;14:09:16.560 [main] INFO  c.q.m.cache.BranchCacheUpdater - Finish cache refresh for branch 7: services=2, queues=3, workProfiles=3, servicePoints=1, unknownDoctorQueueId=900, tookMs=0
24 апр 2026;14:09:16.560 [main] INFO  c.q.m.e.UserSessionReadinessCoordinator - No pending user session found for SET_WORK_PROFILE correlationKey=fallback:7|45|41220000000007
24 апр 2026;14:09:16.560 [main] INFO  c.q.m.d.s.i.DefaultLoggedDoctorContextResolver - Resolved doctor context source=WORK_PROFILE_EXPANDED branchId=7 servicePointId=41220000000007 servicePointLogicId=null staffId=45 workProfileId=17 servicePointName=Кабинет 7 workProfileName=Суженный userName=doctor-45 fieldSources={branchId=event.parameters.branchId, servicePointId=event.parameters.servicePointId, staffId=event.parameters.userId, workProfileId=event.parameters.workProfileOrigId, workProfileName=event.parameters.workProfileName, servicePointName=event.parameters.servicePointName, userName=event.parameters.userName/user}
24 апр 2026;14:09:16.560 [main] INFO  c.q.m.e.WorkProfileExpansionTriggerEvaluator - Skip work-profile expansion trigger because available services did not expand branchId=7 servicePointId=41220000000007 staffId=45 previousWorkProfileId=15 newWorkProfileId=17 previousServices=[301] newServices=[301]
24 апр 2026;14:09:16.560 [main] INFO  c.q.m.e.DoctorAssignmentEventHandler - Skip raw SET_WORK_PROFILE because no matching USER_SERVICE_POINT_SESSION_START was found and raw trigger is disabled (reason=services-not-expanded)
