23 апр. 2026;10:09:56.006 [main] DEBUG c.q.m.a.o.OrchestraSessionCookieStore - Mutation cookie replay is disabled for method PUT. Stored mutation cookies will not be sent.
23 апр. 2026;10:09:56.011 [main] DEBUG c.q.m.a.o.OrchestraSessionCookieStore - Mutation cookie replay is disabled for method POST. Stored mutation cookies will not be sent.
23 апр. 2026;10:09:56.081 [main] INFO  c.q.m.c.s.OrchestraDataCacheUpdateService - Refresh caches for configured branches [7]
23 апр. 2026;10:09:56.082 [main] INFO  c.q.m.cache.BranchCacheUpdater - Start cache refresh for branch 7
23 апр. 2026;10:09:56.085 [main] INFO  c.q.m.cache.BranchCacheUpdater - Finish cache refresh for branch 7: services=1, queues=2, workProfiles=1, servicePoints=1, unknownDoctorQueueId=900, tookMs=3
23 апр. 2026;10:09:56.091 [main] INFO  c.q.m.d.s.AutonomousMedicalExamAssignmentService - Start assignment cycle source=SERVICE_POINT_OPEN branchId=7 servicePointId=41220000000007 staffId=45 workProfileId=15 sources={branchId=test, servicePointId=test, staffId=test, workProfileId=test}
23 апр. 2026;10:09:56.093 [main] ERROR c.q.m.d.s.AutonomousMedicalExamAssignmentService - Activation step failed source=SERVICE_POINT_OPEN branchId=7 servicePointId=41220000000007 staffId=45 workProfileId=15: simulated activation failure for branch 7
com.qsystems.meddoctorassignment.domain.exception.MutationContextException: simulated activation failure for branch 7
	at com.qsystems.meddoctorassignment.support.InMemoryTestGateways.activate(InMemoryTestGateways.java:127)
	at com.qsystems.meddoctorassignment.domain.service.AutonomousMedicalExamAssignmentService.process(AutonomousMedicalExamAssignmentService.java:131)
	at com.qsystems.meddoctorassignment.AutonomousMedicalExamAssignmentServiceTest.abortsBeforeFirstVisitWhenActivationStepFails(AutonomousMedicalExamAssignmentServiceTest.java:156)
	at java.base/jdk.internal.reflect.DirectMethodHandleAccessor.invoke(DirectMethodHandleAccessor.java:104)
	at java.base/java.lang.reflect.Method.invoke(Method.java:577)
	at org.junit.platform.commons.util.ReflectionUtils.invokeMethod(ReflectionUtils.java:688)
	at org.junit.jupiter.engine.execution.MethodInvocation.proceed(MethodInvocation.java:60)
	at org.junit.jupiter.engine.execution.InvocationInterceptorChain$ValidatingInvocation.proceed(InvocationInterceptorChain.java:131)
	at org.junit.jupiter.engine.extension.TimeoutExtension.intercept(TimeoutExtension.java:149)
	at org.junit.jupiter.engine.extension.TimeoutExtension.interceptTestableMethod(TimeoutExtension.java:140)
	at org.junit.jupiter.engine.extension.TimeoutExtension.interceptTestMethod(TimeoutExtension.java:84)
	at org.junit.jupiter.engine.execution.ExecutableInvoker$ReflectiveInterceptorCall.lambda$ofVoidMethod$0(ExecutableInvoker.java:115)
	at org.junit.jupiter.engine.execution.ExecutableInvoker.lambda$invoke$0(ExecutableInvoker.java:105)
	at org.junit.jupiter.engine.execution.InvocationInterceptorChain$InterceptedInvocation.proceed(InvocationInterceptorChain.java:106)
	at org.junit.jupiter.engine.execution.InvocationInterceptorChain.proceed(InvocationInterceptorChain.java:64)
	at org.junit.jupiter.engine.execution.InvocationInterceptorChain.chainAndInvoke(InvocationInterceptorChain.java:45)
	at org.junit.jupiter.engine.execution.InvocationInterceptorChain.invoke(InvocationInterceptorChain.java:37)
	at org.junit.jupiter.engine.execution.ExecutableInvoker.invoke(ExecutableInvoker.java:104)
	at org.junit.jupiter.engine.execution.ExecutableInvoker.invoke(ExecutableInvoker.java:98)
	at org.junit.jupiter.engine.descriptor.TestMethodTestDescriptor.lambda$invokeTestMethod$6(TestMethodTestDescriptor.java:210)
	at org.junit.platform.engine.support.hierarchical.ThrowableCollector.execute(ThrowableCollector.java:73)
	at org.junit.jupiter.engine.descriptor.TestMethodTestDescriptor.invokeTestMethod(TestMethodTestDescriptor.java:206)
	at org.junit.jupiter.engine.descriptor.TestMethodTestDescriptor.execute(TestMethodTestDescriptor.java:131)
	at org.junit.jupiter.engine.descriptor.TestMethodTestDescriptor.execute(TestMethodTestDescriptor.java:65)
	at org.junit.platform.engine.support.hierarchical.NodeTestTask.lambda$executeRecursively$5(NodeTestTask.java:139)
	at org.junit.platform.engine.support.hierarchical.ThrowableCollector.execute(ThrowableCollector.java:73)
	at org.junit.platform.engine.support.hierarchical.NodeTestTask.lambda$executeRecursively$7(NodeTestTask.java:129)
	at org.junit.platform.engine.support.hierarchical.Node.around(Node.java:137)
	at org.junit.platform.engine.support.hierarchical.NodeTestTask.lambda$executeRecursively$8(NodeTestTask.java:127)
	at org.junit.platform.engine.support.hierarchical.ThrowableCollector.execute(ThrowableCollector.java:73)
	at org.junit.platform.engine.support.hierarchical.NodeTestTask.executeRecursively(NodeTestTask.java:126)
	at org.junit.platform.engine.support.hierarchical.NodeTestTask.execute(NodeTestTask.java:84)
	at java.base/java.util.ArrayList.forEach(ArrayList.java:1511)
	at org.junit.platform.engine.support.hierarchical.SameThreadHierarchicalTestExecutorService.invokeAll(SameThreadHierarchicalTestExecutorService.java:38)
	at org.junit.platform.engine.support.hierarchical.NodeTestTask.lambda$executeRecursively$5(NodeTestTask.java:143)
	at org.junit.platform.engine.support.hierarchical.ThrowableCollector.execute(ThrowableCollector.java:73)
	at org.junit.platform.engine.support.hierarchical.NodeTestTask.lambda$executeRecursively$7(NodeTestTask.java:129)
	at org.junit.platform.engine.support.hierarchical.Node.around(Node.java:137)
	at org.junit.platform.engine.support.hierarchical.NodeTestTask.lambda$executeRecursively$8(NodeTestTask.java:127)
	at org.junit.platform.engine.support.hierarchical.ThrowableCollector.execute(ThrowableCollector.java:73)
	at org.junit.platform.engine.support.hierarchical.NodeTestTask.executeRecursively(NodeTestTask.java:126)
	at org.junit.platform.engine.support.hierarchical.NodeTestTask.execute(NodeTestTask.java:84)
	at java.base/java.util.ArrayList.forEach(ArrayList.java:1511)
	at org.junit.platform.engine.support.hierarchical.SameThreadHierarchicalTestExecutorService.invokeAll(SameThreadHierarchicalTestExecutorService.java:38)
	at org.junit.platform.engine.support.hierarchical.NodeTestTask.lambda$executeRecursively$5(NodeTestTask.java:143)
	at org.junit.platform.engine.support.hierarchical.ThrowableCollector.execute(ThrowableCollector.java:73)
	at org.junit.platform.engine.support.hierarchical.NodeTestTask.lambda$executeRecursively$7(NodeTestTask.java:129)
	at org.junit.platform.engine.support.hierarchical.Node.around(Node.java:137)
	at org.junit.platform.engine.support.hierarchical.NodeTestTask.lambda$executeRecursively$8(NodeTestTask.java:127)
	at org.junit.platform.engine.support.hierarchical.ThrowableCollector.execute(ThrowableCollector.java:73)
	at org.junit.platform.engine.support.hierarchical.NodeTestTask.executeRecursively(NodeTestTask.java:126)
	at org.junit.platform.engine.support.hierarchical.NodeTestTask.execute(NodeTestTask.java:84)
	at org.junit.platform.engine.support.hierarchical.SameThreadHierarchicalTestExecutorService.submit(SameThreadHierarchicalTestExecutorService.java:32)
	at org.junit.platform.engine.support.hierarchical.HierarchicalTestExecutor.execute(HierarchicalTestExecutor.java:57)
	at org.junit.platform.engine.support.hierarchical.HierarchicalTestEngine.execute(HierarchicalTestEngine.java:51)
	at org.junit.platform.launcher.core.DefaultLauncher.execute(DefaultLauncher.java:220)
	at org.junit.platform.launcher.core.DefaultLauncher.lambda$execute$6(DefaultLauncher.java:188)
	at org.junit.platform.launcher.core.DefaultLauncher.withInterceptedStreams(DefaultLauncher.java:202)
	at org.junit.platform.launcher.core.DefaultLauncher.execute(DefaultLauncher.java:181)
	at org.junit.platform.launcher.core.DefaultLauncher.execute(DefaultLauncher.java:128)
	at org.apache.maven.surefire.junitplatform.JUnitPlatformProvider.invokeAllTests(JUnitPlatformProvider.java:150)
	at org.apache.maven.surefire.junitplatform.JUnitPlatformProvider.invoke(JUnitPlatformProvider.java:124)
	at org.apache.maven.surefire.booter.ForkedBooter.invokeProviderInSameClassLoader(ForkedBooter.java:384)
	at org.apache.maven.surefire.booter.ForkedBooter.runSuitesInProcess(ForkedBooter.java:345)
	at org.apache.maven.surefire.booter.ForkedBooter.execute(ForkedBooter.java:126)
	at org.apache.maven.surefire.booter.ForkedBooter.main(ForkedBooter.java:418)
23 апр. 2026;10:09:56.095 [main] WARN  c.q.m.d.s.AutonomousMedicalExamAssignmentService - Abort assignment cycle source=SERVICE_POINT_OPEN branchId=7 before first visit because activation step did not produce a valid mutating context: simulated activation failure for branch 7
23 апр. 2026;10:09:56.096 [main] INFO  c.q.m.c.s.OrchestraDataCacheUpdateService - Refresh caches for configured branches [7]
23 апр. 2026;10:09:56.099 [main] INFO  c.q.m.cache.BranchCacheUpdater - Start cache refresh for branch 7
23 апр. 2026;10:09:56.100 [main] INFO  c.q.m.cache.BranchCacheUpdater - Finish cache refresh for branch 7: services=1, queues=2, workProfiles=1, servicePoints=1, unknownDoctorQueueId=900, tookMs=1
23 апр. 2026;10:09:56.100 [main] INFO  c.q.m.d.s.AutonomousMedicalExamAssignmentService - Start assignment cycle source=SERVICE_POINT_OPEN branchId=7 servicePointId=41220000000007 staffId=45 workProfileId=15 sources={branchId=test, servicePointId=test, staffId=test, workProfileId=test}
23 апр. 2026;10:09:56.101 [main] INFO  c.q.m.d.s.AutonomousMedicalExamAssignmentService - Doctor 45 available services=[301]
23 апр. 2026;10:09:56.102 [main] INFO  c.q.m.d.s.AutonomousMedicalExamAssignmentService - Visits in unknown-doctor queue 900 count=1
23 апр. 2026;10:09:56.106 [main] INFO  c.q.m.d.s.i.DefaultVisitAssignmentExecutor - Assign workflow start visit=1500 currentQueue=900 currentService=301 selectedService=301 targetQueue=901 doctor=45 servicePoint=41220000000007 workProfile=15 trigger=SERVICE_POINT_OPEN
23 апр. 2026;10:09:56.107 [main] INFO  c.q.m.d.s.i.DefaultVisitAssignmentExecutor - Skip redundant assign for visit=1500 because currentService=301 already matches selectedService=301 and workflow can continue with transfer-only
23 апр. 2026;10:09:56.107 [main] INFO  c.q.m.d.s.i.DefaultVisitAssignmentExecutor - Assign workflow transfer step visit=1500 sourceQueue=900 targetQueue=901 doctor=45 servicePoint=41220000000007 trigger=SERVICE_POINT_OPEN transferOnly=true
23 апр. 2026;10:09:56.107 [main] INFO  c.q.m.d.s.AutonomousMedicalExamAssignmentService - Visit 1500 matchFound=true selectedService=301 targetQueue=901 success=true reason=route-order-1
23 апр. 2026;10:09:56.108 [main] INFO  c.q.m.d.s.AutonomousMedicalExamAssignmentService - Finish assignment cycle source=SERVICE_POINT_OPEN branchId=7 processed=1
23 апр. 2026;10:09:56.109 [main] INFO  c.q.m.c.s.OrchestraDataCacheUpdateService - Refresh caches for configured branches [7]
23 апр. 2026;10:09:56.109 [main] INFO  c.q.m.cache.BranchCacheUpdater - Start cache refresh for branch 7
23 апр. 2026;10:09:56.109 [main] INFO  c.q.m.cache.BranchCacheUpdater - Finish cache refresh for branch 7: services=1, queues=2, workProfiles=1, servicePoints=1, unknownDoctorQueueId=900, tookMs=0
23 апр. 2026;10:09:56.110 [main] INFO  c.q.m.d.s.AutonomousMedicalExamAssignmentService - Start assignment cycle source=SERVICE_POINT_OPEN branchId=7 servicePointId=41220000000007 staffId=45 workProfileId=15 sources={branchId=test, servicePointId=test, staffId=test, workProfileId=test}
23 апр. 2026;10:09:56.111 [main] INFO  c.q.m.d.s.AutonomousMedicalExamAssignmentService - Doctor 45 available services=[301]
23 апр. 2026;10:09:56.112 [main] INFO  c.q.m.d.s.AutonomousMedicalExamAssignmentService - Visits in unknown-doctor queue 900 count=0
23 апр. 2026;10:09:56.113 [main] INFO  c.q.m.d.s.AutonomousMedicalExamAssignmentService - Finish assignment cycle source=SERVICE_POINT_OPEN branchId=7 processed=0
23 апр. 2026;10:09:56.116 [main] INFO  c.q.m.c.s.OrchestraDataCacheUpdateService - Refresh caches for configured branches [7]
23 апр. 2026;10:09:56.117 [main] INFO  c.q.m.cache.BranchCacheUpdater - Start cache refresh for branch 7
23 апр. 2026;10:09:56.117 [main] INFO  c.q.m.cache.BranchCacheUpdater - Finish cache refresh for branch 7: services=1, queues=2, workProfiles=1, servicePoints=1, unknownDoctorQueueId=900, tookMs=0
23 апр. 2026;10:09:56.118 [main] INFO  c.q.m.d.s.AutonomousMedicalExamAssignmentService - Start assignment cycle source=SERVICE_POINT_OPEN branchId=7 servicePointId=41220000000007 staffId=45 workProfileId=15 sources={branchId=test, servicePointId=test, staffId=test, workProfileId=test}
23 апр. 2026;10:09:56.118 [main] INFO  c.q.m.d.s.AutonomousMedicalExamAssignmentService - Doctor 45 available services=[301]
23 апр. 2026;10:09:56.119 [main] INFO  c.q.m.d.s.AutonomousMedicalExamAssignmentService - Visits in unknown-doctor queue 900 count=1
23 апр. 2026;10:09:56.119 [main] INFO  c.q.m.d.s.i.DefaultVisitAssignmentExecutor - Assign workflow start visit=1001 currentQueue=900 currentService=null selectedService=301 targetQueue=901 doctor=45 servicePoint=41220000000007 workProfile=15 trigger=SERVICE_POINT_OPEN
23 апр. 2026;10:09:56.120 [main] INFO  c.q.m.d.s.i.DefaultVisitAssignmentExecutor - Assign workflow transfer step visit=1001 sourceQueue=900 targetQueue=901 doctor=45 servicePoint=41220000000007 trigger=SERVICE_POINT_OPEN transferOnly=false
23 апр. 2026;10:09:56.120 [main] INFO  c.q.m.d.s.AutonomousMedicalExamAssignmentService - Visit 1001 matchFound=true selectedService=301 targetQueue=901 success=true reason=route-order-1
23 апр. 2026;10:09:56.120 [main] INFO  c.q.m.d.s.AutonomousMedicalExamAssignmentService - Finish assignment cycle source=SERVICE_POINT_OPEN branchId=7 processed=1
23 апр. 2026;10:09:56.122 [main] INFO  c.q.m.c.s.OrchestraDataCacheUpdateService - Refresh caches for configured branches [7]
23 апр. 2026;10:09:56.122 [main] INFO  c.q.m.cache.BranchCacheUpdater - Start cache refresh for branch 7
23 апр. 2026;10:09:56.122 [main] INFO  c.q.m.cache.BranchCacheUpdater - Finish cache refresh for branch 7: services=1, queues=2, workProfiles=1, servicePoints=1, unknownDoctorQueueId=900, tookMs=0
23 апр. 2026;10:09:56.123 [main] INFO  c.q.m.d.s.AutonomousMedicalExamAssignmentService - Start assignment cycle source=SERVICE_POINT_OPEN branchId=7 servicePointId=41220000000007 staffId=45 workProfileId=15 sources={branchId=test, servicePointId=test, staffId=test, workProfileId=test}
23 апр. 2026;10:09:56.123 [main] INFO  c.q.m.d.s.AutonomousMedicalExamAssignmentService - Doctor 45 available services=[301]
23 апр. 2026;10:09:56.123 [main] INFO  c.q.m.d.s.AutonomousMedicalExamAssignmentService - Visits in unknown-doctor queue 900 count=2
23 апр. 2026;10:09:56.123 [main] INFO  c.q.m.d.s.i.DefaultVisitAssignmentExecutor - Assign workflow start visit=3001 currentQueue=900 currentService=null selectedService=301 targetQueue=901 doctor=45 servicePoint=41220000000007 workProfile=15 trigger=SERVICE_POINT_OPEN
23 апр. 2026;10:09:56.124 [main] ERROR c.q.m.d.s.AutonomousMedicalExamAssignmentService - Failed to process visit 3001 in branch 7: simulated inactive operator context for visit 3001
com.qsystems.meddoctorassignment.domain.exception.MutationContextException: simulated inactive operator context for visit 3001
	at com.qsystems.meddoctorassignment.support.InMemoryTestGateways.assignServiceToVisit(InMemoryTestGateways.java:134)
	at com.qsystems.meddoctorassignment.domain.service.impl.DefaultVisitAssignmentExecutor.assign(DefaultVisitAssignmentExecutor.java:87)
	at com.qsystems.meddoctorassignment.domain.service.AutonomousMedicalExamAssignmentService.process(AutonomousMedicalExamAssignmentService.java:190)
	at com.qsystems.meddoctorassignment.AutonomousMedicalExamAssignmentServiceTest.abortsRemainingVisitsWhenAssignDetectsInvalidMutationContext(AutonomousMedicalExamAssignmentServiceTest.java:136)
	at java.base/jdk.internal.reflect.DirectMethodHandleAccessor.invoke(DirectMethodHandleAccessor.java:104)
	at java.base/java.lang.reflect.Method.invoke(Method.java:577)
	at org.junit.platform.commons.util.ReflectionUtils.invokeMethod(ReflectionUtils.java:688)
	at org.junit.jupiter.engine.execution.MethodInvocation.proceed(MethodInvocation.java:60)
	at org.junit.jupiter.engine.execution.InvocationInterceptorChain$ValidatingInvocation.proceed(InvocationInterceptorChain.java:131)
	at org.junit.jupiter.engine.extension.TimeoutExtension.intercept(TimeoutExtension.java:149)
	at org.junit.jupiter.engine.extension.TimeoutExtension.interceptTestableMethod(TimeoutExtension.java:140)
	at org.junit.jupiter.engine.extension.TimeoutExtension.interceptTestMethod(TimeoutExtension.java:84)
	at org.junit.jupiter.engine.execution.ExecutableInvoker$ReflectiveInterceptorCall.lambda$ofVoidMethod$0(ExecutableInvoker.java:115)
	at org.junit.jupiter.engine.execution.ExecutableInvoker.lambda$invoke$0(ExecutableInvoker.java:105)
	at org.junit.jupiter.engine.execution.InvocationInterceptorChain$InterceptedInvocation.proceed(InvocationInterceptorChain.java:106)
	at org.junit.jupiter.engine.execution.InvocationInterceptorChain.proceed(InvocationInterceptorChain.java:64)
	at org.junit.jupiter.engine.execution.InvocationInterceptorChain.chainAndInvoke(InvocationInterceptorChain.java:45)
	at org.junit.jupiter.engine.execution.InvocationInterceptorChain.invoke(InvocationInterceptorChain.java:37)
	at org.junit.jupiter.engine.execution.ExecutableInvoker.invoke(ExecutableInvoker.java:104)
	at org.junit.jupiter.engine.execution.ExecutableInvoker.invoke(ExecutableInvoker.java:98)
	at org.junit.jupiter.engine.descriptor.TestMethodTestDescriptor.lambda$invokeTestMethod$6(TestMethodTestDescriptor.java:210)
	at org.junit.platform.engine.support.hierarchical.ThrowableCollector.execute(ThrowableCollector.java:73)
	at org.junit.jupiter.engine.descriptor.TestMethodTestDescriptor.invokeTestMethod(TestMethodTestDescriptor.java:206)
	at org.junit.jupiter.engine.descriptor.TestMethodTestDescriptor.execute(TestMethodTestDescriptor.java:131)
	at org.junit.jupiter.engine.descriptor.TestMethodTestDescriptor.execute(TestMethodTestDescriptor.java:65)
	at org.junit.platform.engine.support.hierarchical.NodeTestTask.lambda$executeRecursively$5(NodeTestTask.java:139)
	at org.junit.platform.engine.support.hierarchical.ThrowableCollector.execute(ThrowableCollector.java:73)
	at org.junit.platform.engine.support.hierarchical.NodeTestTask.lambda$executeRecursively$7(NodeTestTask.java:129)
	at org.junit.platform.engine.support.hierarchical.Node.around(Node.java:137)
	at org.junit.platform.engine.support.hierarchical.NodeTestTask.lambda$executeRecursively$8(NodeTestTask.java:127)
	at org.junit.platform.engine.support.hierarchical.ThrowableCollector.execute(ThrowableCollector.java:73)
	at org.junit.platform.engine.support.hierarchical.NodeTestTask.executeRecursively(NodeTestTask.java:126)
	at org.junit.platform.engine.support.hierarchical.NodeTestTask.execute(NodeTestTask.java:84)
	at java.base/java.util.ArrayList.forEach(ArrayList.java:1511)
	at org.junit.platform.engine.support.hierarchical.SameThreadHierarchicalTestExecutorService.invokeAll(SameThreadHierarchicalTestExecutorService.java:38)
	at org.junit.platform.engine.support.hierarchical.NodeTestTask.lambda$executeRecursively$5(NodeTestTask.java:143)
	at org.junit.platform.engine.support.hierarchical.ThrowableCollector.execute(ThrowableCollector.java:73)
	at org.junit.platform.engine.support.hierarchical.NodeTestTask.lambda$executeRecursively$7(NodeTestTask.java:129)
	at org.junit.platform.engine.support.hierarchical.Node.around(Node.java:137)
	at org.junit.platform.engine.support.hierarchical.NodeTestTask.lambda$executeRecursively$8(NodeTestTask.java:127)
	at org.junit.platform.engine.support.hierarchical.ThrowableCollector.execute(ThrowableCollector.java:73)
	at org.junit.platform.engine.support.hierarchical.NodeTestTask.executeRecursively(NodeTestTask.java:126)
	at org.junit.platform.engine.support.hierarchical.NodeTestTask.execute(NodeTestTask.java:84)
	at java.base/java.util.ArrayList.forEach(ArrayList.java:1511)
	at org.junit.platform.engine.support.hierarchical.SameThreadHierarchicalTestExecutorService.invokeAll(SameThreadHierarchicalTestExecutorService.java:38)
	at org.junit.platform.engine.support.hierarchical.NodeTestTask.lambda$executeRecursively$5(NodeTestTask.java:143)
	at org.junit.platform.engine.support.hierarchical.ThrowableCollector.execute(ThrowableCollector.java:73)
	at org.junit.platform.engine.support.hierarchical.NodeTestTask.lambda$executeRecursively$7(NodeTestTask.java:129)
	at org.junit.platform.engine.support.hierarchical.Node.around(Node.java:137)
	at org.junit.platform.engine.support.hierarchical.NodeTestTask.lambda$executeRecursively$8(NodeTestTask.java:127)
	at org.junit.platform.engine.support.hierarchical.ThrowableCollector.execute(ThrowableCollector.java:73)
	at org.junit.platform.engine.support.hierarchical.NodeTestTask.executeRecursively(NodeTestTask.java:126)
	at org.junit.platform.engine.support.hierarchical.NodeTestTask.execute(NodeTestTask.java:84)
	at org.junit.platform.engine.support.hierarchical.SameThreadHierarchicalTestExecutorService.submit(SameThreadHierarchicalTestExecutorService.java:32)
	at org.junit.platform.engine.support.hierarchical.HierarchicalTestExecutor.execute(HierarchicalTestExecutor.java:57)
	at org.junit.platform.engine.support.hierarchical.HierarchicalTestEngine.execute(HierarchicalTestEngine.java:51)
	at org.junit.platform.launcher.core.DefaultLauncher.execute(DefaultLauncher.java:220)
	at org.junit.platform.launcher.core.DefaultLauncher.lambda$execute$6(DefaultLauncher.java:188)
	at org.junit.platform.launcher.core.DefaultLauncher.withInterceptedStreams(DefaultLauncher.java:202)
	at org.junit.platform.launcher.core.DefaultLauncher.execute(DefaultLauncher.java:181)
	at org.junit.platform.launcher.core.DefaultLauncher.execute(DefaultLauncher.java:128)
	at org.apache.maven.surefire.junitplatform.JUnitPlatformProvider.invokeAllTests(JUnitPlatformProvider.java:150)
	at org.apache.maven.surefire.junitplatform.JUnitPlatformProvider.invoke(JUnitPlatformProvider.java:124)
	at org.apache.maven.surefire.booter.ForkedBooter.invokeProviderInSameClassLoader(ForkedBooter.java:384)
	at org.apache.maven.surefire.booter.ForkedBooter.runSuitesInProcess(ForkedBooter.java:345)
	at org.apache.maven.surefire.booter.ForkedBooter.execute(ForkedBooter.java:126)
	at org.apache.maven.surefire.booter.ForkedBooter.main(ForkedBooter.java:418)
23 апр. 2026;10:09:56.125 [main] WARN  c.q.m.d.s.AutonomousMedicalExamAssignmentService - Abort assignment cycle source=SERVICE_POINT_OPEN branchId=7 after visit 3001 because mutating context is invalid: simulated inactive operator context for visit 3001
23 апр. 2026;10:09:56.126 [main] INFO  c.q.m.d.s.AutonomousMedicalExamAssignmentService - Finish assignment cycle source=SERVICE_POINT_OPEN branchId=7 processed=0
23 апр. 2026;10:09:56.127 [main] INFO  c.q.m.c.s.OrchestraDataCacheUpdateService - Refresh caches for configured branches [7]
23 апр. 2026;10:09:56.128 [main] INFO  c.q.m.cache.BranchCacheUpdater - Start cache refresh for branch 7
23 апр. 2026;10:09:56.128 [main] INFO  c.q.m.cache.BranchCacheUpdater - Finish cache refresh for branch 7: services=1, queues=2, workProfiles=1, servicePoints=1, unknownDoctorQueueId=900, tookMs=0
23 апр. 2026;10:09:56.129 [main] INFO  c.q.m.d.s.AutonomousMedicalExamAssignmentService - Start assignment cycle source=SERVICE_POINT_OPEN branchId=7 servicePointId=41220000000007 staffId=45 workProfileId=15 sources={branchId=test, servicePointId=test, staffId=test, workProfileId=test}
23 апр. 2026;10:09:56.129 [main] INFO  c.q.m.d.s.AutonomousMedicalExamAssignmentService - Doctor 45 available services=[301]
23 апр. 2026;10:09:56.129 [main] INFO  c.q.m.d.s.AutonomousMedicalExamAssignmentService - Visits in unknown-doctor queue 900 count=1
23 апр. 2026;10:09:56.130 [main] INFO  c.q.m.d.s.AutonomousMedicalExamAssignmentService - Visit 1002 has no matching unserved service for doctor 45
23 апр. 2026;10:09:56.130 [main] INFO  c.q.m.d.s.AutonomousMedicalExamAssignmentService - Finish assignment cycle source=SERVICE_POINT_OPEN branchId=7 processed=0
23 апр. 2026;10:09:56.132 [main] INFO  c.q.m.c.s.OrchestraDataCacheUpdateService - Refresh caches for configured branches [7]
23 апр. 2026;10:09:56.146 [main] INFO  c.q.m.cache.BranchCacheUpdater - Start cache refresh for branch 7
23 апр. 2026;10:09:56.146 [main] INFO  c.q.m.cache.BranchCacheUpdater - Finish cache refresh for branch 7: services=1, queues=2, workProfiles=1, servicePoints=1, unknownDoctorQueueId=900, tookMs=0
23 апр. 2026;10:09:56.146 [main] INFO  c.q.m.d.s.AutonomousMedicalExamAssignmentService - Start assignment cycle source=SERVICE_POINT_OPEN branchId=7 servicePointId=41220000000007 staffId=45 workProfileId=15 sources={branchId=test, servicePointId=test, staffId=test, workProfileId=test}
23 апр. 2026;10:09:56.146 [main] INFO  c.q.m.d.s.AutonomousMedicalExamAssignmentService - Doctor 45 available services=[301]
23 апр. 2026;10:09:56.147 [main] INFO  c.q.m.d.s.AutonomousMedicalExamAssignmentService - Visits in unknown-doctor queue 900 count=2
23 апр. 2026;10:09:56.147 [main] ERROR c.q.m.d.s.AutonomousMedicalExamAssignmentService - Failed to process visit 2001 in branch 7: simulated downstream failure
java.lang.IllegalStateException: simulated downstream failure
	at com.qsystems.meddoctorassignment.support.InMemoryTestGateways.getVisitDetails(InMemoryTestGateways.java:115)
	at com.qsystems.meddoctorassignment.domain.service.impl.DefaultVisitRouteAnalyzer.analyze(DefaultVisitRouteAnalyzer.java:22)
	at com.qsystems.meddoctorassignment.domain.service.AutonomousMedicalExamAssignmentService.process(AutonomousMedicalExamAssignmentService.java:182)
	at com.qsystems.meddoctorassignment.AutonomousMedicalExamAssignmentServiceTest.continuesWhenOneVisitFailsAndProcessesNextOne(AutonomousMedicalExamAssignmentServiceTest.java:113)
	at java.base/jdk.internal.reflect.DirectMethodHandleAccessor.invoke(DirectMethodHandleAccessor.java:104)
	at java.base/java.lang.reflect.Method.invoke(Method.java:577)
	at org.junit.platform.commons.util.ReflectionUtils.invokeMethod(ReflectionUtils.java:688)
	at org.junit.jupiter.engine.execution.MethodInvocation.proceed(MethodInvocation.java:60)
	at org.junit.jupiter.engine.execution.InvocationInterceptorChain$ValidatingInvocation.proceed(InvocationInterceptorChain.java:131)
	at org.junit.jupiter.engine.extension.TimeoutExtension.intercept(TimeoutExtension.java:149)
	at org.junit.jupiter.engine.extension.TimeoutExtension.interceptTestableMethod(TimeoutExtension.java:140)
	at org.junit.jupiter.engine.extension.TimeoutExtension.interceptTestMethod(TimeoutExtension.java:84)
	at org.junit.jupiter.engine.execution.ExecutableInvoker$ReflectiveInterceptorCall.lambda$ofVoidMethod$0(ExecutableInvoker.java:115)
	at org.junit.jupiter.engine.execution.ExecutableInvoker.lambda$invoke$0(ExecutableInvoker.java:105)
	at org.junit.jupiter.engine.execution.InvocationInterceptorChain$InterceptedInvocation.proceed(InvocationInterceptorChain.java:106)
	at org.junit.jupiter.engine.execution.InvocationInterceptorChain.proceed(InvocationInterceptorChain.java:64)
	at org.junit.jupiter.engine.execution.InvocationInterceptorChain.chainAndInvoke(InvocationInterceptorChain.java:45)
	at org.junit.jupiter.engine.execution.InvocationInterceptorChain.invoke(InvocationInterceptorChain.java:37)
	at org.junit.jupiter.engine.execution.ExecutableInvoker.invoke(ExecutableInvoker.java:104)
	at org.junit.jupiter.engine.execution.ExecutableInvoker.invoke(ExecutableInvoker.java:98)
	at org.junit.jupiter.engine.descriptor.TestMethodTestDescriptor.lambda$invokeTestMethod$6(TestMethodTestDescriptor.java:210)
	at org.junit.platform.engine.support.hierarchical.ThrowableCollector.execute(ThrowableCollector.java:73)
	at org.junit.jupiter.engine.descriptor.TestMethodTestDescriptor.invokeTestMethod(TestMethodTestDescriptor.java:206)
	at org.junit.jupiter.engine.descriptor.TestMethodTestDescriptor.execute(TestMethodTestDescriptor.java:131)
	at org.junit.jupiter.engine.descriptor.TestMethodTestDescriptor.execute(TestMethodTestDescriptor.java:65)
	at org.junit.platform.engine.support.hierarchical.NodeTestTask.lambda$executeRecursively$5(NodeTestTask.java:139)
	at org.junit.platform.engine.support.hierarchical.ThrowableCollector.execute(ThrowableCollector.java:73)
	at org.junit.platform.engine.support.hierarchical.NodeTestTask.lambda$executeRecursively$7(NodeTestTask.java:129)
	at org.junit.platform.engine.support.hierarchical.Node.around(Node.java:137)
	at org.junit.platform.engine.support.hierarchical.NodeTestTask.lambda$executeRecursively$8(NodeTestTask.java:127)
	at org.junit.platform.engine.support.hierarchical.ThrowableCollector.execute(ThrowableCollector.java:73)
	at org.junit.platform.engine.support.hierarchical.NodeTestTask.executeRecursively(NodeTestTask.java:126)
	at org.junit.platform.engine.support.hierarchical.NodeTestTask.execute(NodeTestTask.java:84)
	at java.base/java.util.ArrayList.forEach(ArrayList.java:1511)
	at org.junit.platform.engine.support.hierarchical.SameThreadHierarchicalTestExecutorService.invokeAll(SameThreadHierarchicalTestExecutorService.java:38)
	at org.junit.platform.engine.support.hierarchical.NodeTestTask.lambda$executeRecursively$5(NodeTestTask.java:143)
	at org.junit.platform.engine.support.hierarchical.ThrowableCollector.execute(ThrowableCollector.java:73)
	at org.junit.platform.engine.support.hierarchical.NodeTestTask.lambda$executeRecursively$7(NodeTestTask.java:129)
	at org.junit.platform.engine.support.hierarchical.Node.around(Node.java:137)
	at org.junit.platform.engine.support.hierarchical.NodeTestTask.lambda$executeRecursively$8(NodeTestTask.java:127)
	at org.junit.platform.engine.support.hierarchical.ThrowableCollector.execute(ThrowableCollector.java:73)
	at org.junit.platform.engine.support.hierarchical.NodeTestTask.executeRecursively(NodeTestTask.java:126)
	at org.junit.platform.engine.support.hierarchical.NodeTestTask.execute(NodeTestTask.java:84)
	at java.base/java.util.ArrayList.forEach(ArrayList.java:1511)
	at org.junit.platform.engine.support.hierarchical.SameThreadHierarchicalTestExecutorService.invokeAll(SameThreadHierarchicalTestExecutorService.java:38)
	at org.junit.platform.engine.support.hierarchical.NodeTestTask.lambda$executeRecursively$5(NodeTestTask.java:143)
	at org.junit.platform.engine.support.hierarchical.ThrowableCollector.execute(ThrowableCollector.java:73)
	at org.junit.platform.engine.support.hierarchical.NodeTestTask.lambda$executeRecursively$7(NodeTestTask.java:129)
	at org.junit.platform.engine.support.hierarchical.Node.around(Node.java:137)
	at org.junit.platform.engine.support.hierarchical.NodeTestTask.lambda$executeRecursively$8(NodeTestTask.java:127)
	at org.junit.platform.engine.support.hierarchical.ThrowableCollector.execute(ThrowableCollector.java:73)
	at org.junit.platform.engine.support.hierarchical.NodeTestTask.executeRecursively(NodeTestTask.java:126)
	at org.junit.platform.engine.support.hierarchical.NodeTestTask.execute(NodeTestTask.java:84)
	at org.junit.platform.engine.support.hierarchical.SameThreadHierarchicalTestExecutorService.submit(SameThreadHierarchicalTestExecutorService.java:32)
	at org.junit.platform.engine.support.hierarchical.HierarchicalTestExecutor.execute(HierarchicalTestExecutor.java:57)
	at org.junit.platform.engine.support.hierarchical.HierarchicalTestEngine.execute(HierarchicalTestEngine.java:51)
	at org.junit.platform.launcher.core.DefaultLauncher.execute(DefaultLauncher.java:220)
	at org.junit.platform.launcher.core.DefaultLauncher.lambda$execute$6(DefaultLauncher.java:188)
	at org.junit.platform.launcher.core.DefaultLauncher.withInterceptedStreams(DefaultLauncher.java:202)
	at org.junit.platform.launcher.core.DefaultLauncher.execute(DefaultLauncher.java:181)
	at org.junit.platform.launcher.core.DefaultLauncher.execute(DefaultLauncher.java:128)
	at org.apache.maven.surefire.junitplatform.JUnitPlatformProvider.invokeAllTests(JUnitPlatformProvider.java:150)
	at org.apache.maven.surefire.junitplatform.JUnitPlatformProvider.invoke(JUnitPlatformProvider.java:124)
	at org.apache.maven.surefire.booter.ForkedBooter.invokeProviderInSameClassLoader(ForkedBooter.java:384)
	at org.apache.maven.surefire.booter.ForkedBooter.runSuitesInProcess(ForkedBooter.java:345)
	at org.apache.maven.surefire.booter.ForkedBooter.execute(ForkedBooter.java:126)
	at org.apache.maven.surefire.booter.ForkedBooter.main(ForkedBooter.java:418)
23 апр. 2026;10:09:56.147 [main] INFO  c.q.m.d.s.i.DefaultVisitAssignmentExecutor - Assign workflow start visit=2002 currentQueue=900 currentService=null selectedService=301 targetQueue=901 doctor=45 servicePoint=41220000000007 workProfile=15 trigger=SERVICE_POINT_OPEN
23 апр. 2026;10:09:56.148 [main] INFO  c.q.m.d.s.i.DefaultVisitAssignmentExecutor - Assign workflow transfer step visit=2002 sourceQueue=900 targetQueue=901 doctor=45 servicePoint=41220000000007 trigger=SERVICE_POINT_OPEN transferOnly=false
23 апр. 2026;10:09:56.148 [main] INFO  c.q.m.d.s.AutonomousMedicalExamAssignmentService - Visit 2002 matchFound=true selectedService=301 targetQueue=901 success=true reason=route-order-1
23 апр. 2026;10:09:56.148 [main] INFO  c.q.m.d.s.AutonomousMedicalExamAssignmentService - Finish assignment cycle source=SERVICE_POINT_OPEN branchId=7 processed=1
23 апр. 2026;10:09:56.164 [main] INFO  c.q.m.c.s.OrchestraDataCacheUpdateService - Refresh caches for configured branches [7]
23 апр. 2026;10:09:56.164 [main] INFO  c.q.m.cache.BranchCacheUpdater - Start cache refresh for branch 7
23 апр. 2026;10:09:56.164 [main] INFO  c.q.m.cache.BranchCacheUpdater - Finish cache refresh for branch 7: services=1, queues=2, workProfiles=1, servicePoints=1, unknownDoctorQueueId=900, tookMs=0
23 апр. 2026;10:09:56.168 [main] INFO  c.q.m.e.UserSessionReadinessCoordinator - Registered pending user session correlationKey=staffTx:123456789 branchId=7 userId=45 servicePointId=41220000000007 servicePointLogicId=901 staffTransactionId=123456789 workProfileOrigId=15 workProfileName=null
23 апр. 2026;10:09:56.169 [main] INFO  c.q.m.c.s.OrchestraDataCacheUpdateService - Refresh caches for configured branches [7]
23 апр. 2026;10:09:56.169 [main] INFO  c.q.m.cache.BranchCacheUpdater - Start cache refresh for branch 7
23 апр. 2026;10:09:56.169 [main] INFO  c.q.m.cache.BranchCacheUpdater - Finish cache refresh for branch 7: services=1, queues=2, workProfiles=1, servicePoints=1, unknownDoctorQueueId=900, tookMs=0
23 апр. 2026;10:09:56.170 [main] INFO  c.q.m.e.UserSessionReadinessCoordinator - Registered pending user session correlationKey=staffTx:123456789 branchId=7 userId=45 servicePointId=41220000000007 servicePointLogicId=901 staffTransactionId=123456789 workProfileOrigId=15 workProfileName=null
23 апр. 2026;10:09:56.170 [main] INFO  c.q.m.e.UserSessionReadinessCoordinator - Completed pending user session correlationKey=staffTx:123456789 ageMs=0 sessionStartProfile=15 sessionStartProfileName=null settledProfile=15 settledProfileName=null selectedProfileSource=USER_SERVICE_POINT_SESSION_START servicePointId=41220000000007 servicePointLogicId=901
23 апр. 2026;10:09:56.172 [main] INFO  c.q.m.d.s.i.DefaultLoggedDoctorContextResolver - Resolved doctor context source=USER_SESSION_READY branchId=7 servicePointId=41220000000007 servicePointLogicId=901 staffId=45 workProfileId=15 servicePointName=null workProfileName=null userName=null fieldSources={branchId=event.parameters.branchId, servicePointId=event.parameters.servicePointId, servicePointLogicId=event.parameters.servicePointLogicId, staffId=event.parameters.userId, workProfileId=event.parameters.workProfileOrigId}
23 апр. 2026;10:09:56.172 [main] INFO  c.q.m.d.s.AutonomousMedicalExamAssignmentService - Start assignment cycle source=USER_SESSION_READY branchId=7 servicePointId=41220000000007 staffId=45 workProfileId=15 sources={branchId=event.parameters.branchId, servicePointId=event.parameters.servicePointId, servicePointLogicId=event.parameters.servicePointLogicId, staffId=event.parameters.userId, workProfileId=event.parameters.workProfileOrigId}
23 апр. 2026;10:09:56.172 [main] INFO  c.q.m.d.s.AutonomousMedicalExamAssignmentService - Doctor 45 available services=[301]
23 апр. 2026;10:09:56.173 [main] INFO  c.q.m.d.s.AutonomousMedicalExamAssignmentService - Visits in unknown-doctor queue 900 count=1
23 апр. 2026;10:09:56.173 [main] INFO  c.q.m.d.s.i.DefaultVisitAssignmentExecutor - Assign workflow start visit=5001 currentQueue=900 currentService=null selectedService=301 targetQueue=901 doctor=45 servicePoint=41220000000007 workProfile=15 trigger=USER_SESSION_READY
23 апр. 2026;10:09:56.173 [main] INFO  c.q.m.d.s.i.DefaultVisitAssignmentExecutor - Assign workflow transfer step visit=5001 sourceQueue=900 targetQueue=901 doctor=45 servicePoint=41220000000007 trigger=USER_SESSION_READY transferOnly=false
23 апр. 2026;10:09:56.173 [main] INFO  c.q.m.d.s.AutonomousMedicalExamAssignmentService - Visit 5001 matchFound=true selectedService=301 targetQueue=901 success=true reason=route-order-1
23 апр. 2026;10:09:56.173 [main] INFO  c.q.m.d.s.AutonomousMedicalExamAssignmentService - Finish assignment cycle source=USER_SESSION_READY branchId=7 processed=1
23 апр. 2026;10:09:56.174 [main] INFO  c.q.m.c.s.OrchestraDataCacheUpdateService - Refresh caches for configured branches [7]
23 апр. 2026;10:09:56.174 [main] INFO  c.q.m.cache.BranchCacheUpdater - Start cache refresh for branch 7
23 апр. 2026;10:09:56.175 [main] INFO  c.q.m.cache.BranchCacheUpdater - Finish cache refresh for branch 7: services=1, queues=2, workProfiles=1, servicePoints=1, unknownDoctorQueueId=900, tookMs=1
23 апр. 2026;10:09:56.175 [main] INFO  c.q.m.e.DoctorAssignmentEventHandler - Skip event SERVICE_POINT_OPEN because trigger SERVICE_POINT_OPEN is disabled by configuration
23 апр. 2026;10:09:56.177 [main] INFO  c.q.m.c.s.OrchestraDataCacheUpdateService - Refresh caches for configured branches [7]
23 апр. 2026;10:09:56.177 [main] INFO  c.q.m.cache.BranchCacheUpdater - Start cache refresh for branch 7
23 апр. 2026;10:09:56.178 [main] INFO  c.q.m.cache.BranchCacheUpdater - Finish cache refresh for branch 7: services=1, queues=2, workProfiles=1, servicePoints=1, unknownDoctorQueueId=900, tookMs=1
23 апр. 2026;10:09:56.178 [main] INFO  c.q.m.e.UserSessionReadinessCoordinator - No pending user session found for SET_WORK_PROFILE correlationKey=staffTx:123456789
23 апр. 2026;10:09:56.178 [main] INFO  c.q.m.d.s.i.DefaultLoggedDoctorContextResolver - Resolved doctor context source=WORK_PROFILE_EXPANDED branchId=7 servicePointId=41220000000007 servicePointLogicId=901 staffId=45 workProfileId=15 servicePointName=null workProfileName=null userName=null fieldSources={branchId=event.parameters.branchId, servicePointId=event.parameters.servicePointId, servicePointLogicId=event.parameters.servicePointLogicId, staffId=event.parameters.userId, workProfileId=event.parameters.workProfileOrigId}
23 апр. 2026;10:09:56.180 [main] INFO  c.q.m.e.DoctorAssignmentEventHandler - Skip raw SET_WORK_PROFILE because no matching USER_SERVICE_POINT_SESSION_START was found and raw trigger is disabled (reason=same-work-profile)
23 апр. 2026;10:09:56.187 [main] INFO  c.q.m.d.s.i.DefaultLoggedDoctorContextResolver - Resolved doctor context source=SERVICE_POINT_OPEN branchId=7 servicePointId=10220000000007 servicePointLogicId=1 staffId=1000002 workProfileId=31 servicePointName=102 Маммография workProfileName=Маммография userName=p.sokolov fieldSources={branchId=event.parameters.branchId, servicePointId=event.unitId, servicePointLogicId=event.parameters.servicePointLogicId, staffId=event.parameters.userId, workProfileId=event.parameters.workProfileOrigId, workProfileName=event.parameters.workProfileName, servicePointName=event.parameters.servicePointName, userName=event.parameters.userName/user}
23 апр. 2026;10:09:56.189 [main] INFO  c.q.m.d.s.i.DefaultLoggedDoctorContextResolver - Resolved doctor context source=SET_WORK_PROFILE branchId=10 servicePointId=820000000010 servicePointLogicId=null staffId=29 workProfileId=28 servicePointName=null workProfileName=null userName=null fieldSources={branchId=event.parameters.branchId, staffId=event.parameters.userId, servicePointId=fallback.servicePointRuntimeState, workProfileId=fallback.servicePointRuntimeState}
23 апр. 2026;10:09:56.193 [main] INFO  c.q.m.c.s.OrchestraDataCacheUpdateService - Refresh caches for configured branches [7]
23 апр. 2026;10:09:56.193 [main] INFO  c.q.m.cache.BranchCacheUpdater - Start cache refresh for branch 7
23 апр. 2026;10:09:56.193 [main] INFO  c.q.m.cache.BranchCacheUpdater - Finish cache refresh for branch 7: services=1, queues=2, workProfiles=1, servicePoints=1, unknownDoctorQueueId=900, tookMs=0
23 апр. 2026;10:09:56.194 [main] INFO  c.q.m.e.UserSessionReadinessCoordinator - No pending user session found for SET_WORK_PROFILE correlationKey=fallback:7|45|41220000000007
23 апр. 2026;10:09:56.194 [main] INFO  c.q.m.d.s.i.DefaultLoggedDoctorContextResolver - Resolved doctor context source=WORK_PROFILE_EXPANDED branchId=7 servicePointId=41220000000007 servicePointLogicId=null staffId=45 workProfileId=15 servicePointName=null workProfileName=null userName=null fieldSources={branchId=event.parameters.branchId, servicePointId=event.parameters.servicePointId, staffId=event.parameters.userId, workProfileId=event.parameters.workProfileOrigId}
23 апр. 2026;10:09:56.195 [main] INFO  c.q.m.d.s.i.DefaultLoggedDoctorContextResolver - Resolved doctor context source=SET_WORK_PROFILE branchId=7 servicePointId=41220000000007 servicePointLogicId=null staffId=45 workProfileId=15 servicePointName=null workProfileName=null userName=null fieldSources={branchId=event.parameters.branchId, servicePointId=event.parameters.servicePointId, staffId=event.parameters.userId, workProfileId=event.parameters.workProfileOrigId}
23 апр. 2026;10:09:56.195 [main] INFO  c.q.m.d.s.AutonomousMedicalExamAssignmentService - Start assignment cycle source=SET_WORK_PROFILE branchId=7 servicePointId=41220000000007 staffId=45 workProfileId=15 sources={branchId=event.parameters.branchId, servicePointId=event.parameters.servicePointId, staffId=event.parameters.userId, workProfileId=event.parameters.workProfileOrigId}
23 апр. 2026;10:09:56.195 [main] INFO  c.q.m.d.s.AutonomousMedicalExamAssignmentService - Doctor 45 available services=[301]
23 апр. 2026;10:09:56.195 [main] INFO  c.q.m.d.s.AutonomousMedicalExamAssignmentService - Visits in unknown-doctor queue 900 count=1
23 апр. 2026;10:09:56.195 [main] INFO  c.q.m.d.s.i.DefaultVisitAssignmentExecutor - Assign workflow start visit=5001 currentQueue=900 currentService=null selectedService=301 targetQueue=901 doctor=45 servicePoint=41220000000007 workProfile=15 trigger=SET_WORK_PROFILE
23 апр. 2026;10:09:56.195 [main] INFO  c.q.m.d.s.i.DefaultVisitAssignmentExecutor - Assign workflow transfer step visit=5001 sourceQueue=900 targetQueue=901 doctor=45 servicePoint=41220000000007 trigger=SET_WORK_PROFILE transferOnly=false
23 апр. 2026;10:09:56.196 [main] INFO  c.q.m.d.s.AutonomousMedicalExamAssignmentService - Visit 5001 matchFound=true selectedService=301 targetQueue=901 success=true reason=route-order-1
23 апр. 2026;10:09:56.196 [main] INFO  c.q.m.d.s.AutonomousMedicalExamAssignmentService - Finish assignment cycle source=SET_WORK_PROFILE branchId=7 processed=1
23 апр. 2026;10:09:56.198 [main] INFO  c.q.m.e.UserSessionReadinessCoordinator - Registered pending user session correlationKey=staffTx:1776327218753843 branchId=6 userId=1 servicePointId=120000000006 servicePointLogicId=1 staffTransactionId=1776327218753843 workProfileOrigId=14 workProfileName=test05
23 апр. 2026;10:09:56.198 [main] INFO  c.q.m.e.UserSessionReadinessCoordinator - Completed pending user session correlationKey=staffTx:1776327218753843 ageMs=0 sessionStartProfile=14 sessionStartProfileName=test05 settledProfile=7 settledProfileName=Универсал selectedProfileSource=USER_SERVICE_POINT_SESSION_START servicePointId=120000000006 servicePointLogicId=1
23 апр. 2026;10:09:56.451 [main] INFO  c.q.m.c.s.OrchestraDataCacheUpdateService - Refresh caches for configured branches [7]
23 апр. 2026;10:09:56.451 [main] INFO  c.q.m.cache.BranchCacheUpdater - Start cache refresh for branch 7
23 апр. 2026;10:09:56.451 [main] INFO  c.q.m.cache.BranchCacheUpdater - Finish cache refresh for branch 7: services=2, queues=3, workProfiles=3, servicePoints=1, unknownDoctorQueueId=900, tookMs=0
23 апр. 2026;10:09:56.452 [main] INFO  c.q.m.e.UserSessionReadinessCoordinator - No pending user session found for SET_WORK_PROFILE correlationKey=fallback:7|45|41220000000007
23 апр. 2026;10:09:56.452 [main] INFO  c.q.m.d.s.i.DefaultLoggedDoctorContextResolver - Resolved doctor context source=WORK_PROFILE_EXPANDED branchId=7 servicePointId=41220000000007 servicePointLogicId=null staffId=45 workProfileId=16 servicePointName=Кабинет 7 workProfileName=Расширенный userName=doctor-45 fieldSources={branchId=event.parameters.branchId, servicePointId=event.parameters.servicePointId, staffId=event.parameters.userId, workProfileId=event.parameters.workProfileOrigId, workProfileName=event.parameters.workProfileName, servicePointName=event.parameters.servicePointName, userName=event.parameters.userName/user}
23 апр. 2026;10:09:56.452 [main] INFO  c.q.m.e.WorkProfileExpansionTriggerEvaluator - Detected work-profile expansion during active session branchId=7 servicePointId=41220000000007 staffId=45 previousWorkProfileId=15 newWorkProfileId=16 previousServices=[301] newServices=[301, 302]
23 апр. 2026;10:09:56.452 [main] INFO  c.q.m.d.s.AutonomousMedicalExamAssignmentService - Start assignment cycle source=WORK_PROFILE_EXPANDED branchId=7 servicePointId=41220000000007 staffId=45 workProfileId=16 sources={branchId=event.parameters.branchId, servicePointId=event.parameters.servicePointId, staffId=event.parameters.userId, workProfileId=event.parameters.workProfileOrigId, workProfileName=event.parameters.workProfileName, servicePointName=event.parameters.servicePointName, userName=event.parameters.userName/user}
23 апр. 2026;10:09:56.452 [main] INFO  c.q.m.d.s.AutonomousMedicalExamAssignmentService - Doctor 45 available services=[301, 302]
23 апр. 2026;10:09:56.452 [main] INFO  c.q.m.d.s.AutonomousMedicalExamAssignmentService - Visits in unknown-doctor queue 900 count=1
23 апр. 2026;10:09:56.452 [main] INFO  c.q.m.d.s.i.DefaultVisitAssignmentExecutor - Assign workflow start visit=5001 currentQueue=900 currentService=72 selectedService=302 targetQueue=902 doctor=45 servicePoint=41220000000007 workProfile=16 trigger=WORK_PROFILE_EXPANDED
23 апр. 2026;10:09:56.452 [main] INFO  c.q.m.d.s.i.DefaultVisitAssignmentExecutor - Assign workflow transfer step visit=5001 sourceQueue=900 targetQueue=902 doctor=45 servicePoint=41220000000007 trigger=WORK_PROFILE_EXPANDED transferOnly=false
23 апр. 2026;10:09:56.452 [main] INFO  c.q.m.d.s.AutonomousMedicalExamAssignmentService - Visit 5001 matchFound=true selectedService=302 targetQueue=902 success=true reason=route-order-1
23 апр. 2026;10:09:56.452 [main] INFO  c.q.m.d.s.AutonomousMedicalExamAssignmentService - Finish assignment cycle source=WORK_PROFILE_EXPANDED branchId=7 processed=1
23 апр. 2026;10:09:56.453 [main] INFO  c.q.m.c.s.OrchestraDataCacheUpdateService - Refresh caches for configured branches [7]
23 апр. 2026;10:09:56.453 [main] INFO  c.q.m.cache.BranchCacheUpdater - Start cache refresh for branch 7
23 апр. 2026;10:09:56.453 [main] INFO  c.q.m.cache.BranchCacheUpdater - Finish cache refresh for branch 7: services=2, queues=3, workProfiles=3, servicePoints=1, unknownDoctorQueueId=900, tookMs=0
23 апр. 2026;10:09:56.454 [main] INFO  c.q.m.e.UserSessionReadinessCoordinator - No pending user session found for SET_WORK_PROFILE correlationKey=fallback:7|45|41220000000007
23 апр. 2026;10:09:56.454 [main] INFO  c.q.m.d.s.i.DefaultLoggedDoctorContextResolver - Resolved doctor context source=WORK_PROFILE_EXPANDED branchId=7 servicePointId=41220000000007 servicePointLogicId=null staffId=45 workProfileId=17 servicePointName=Кабинет 7 workProfileName=Суженный userName=doctor-45 fieldSources={branchId=event.parameters.branchId, servicePointId=event.parameters.servicePointId, staffId=event.parameters.userId, workProfileId=event.parameters.workProfileOrigId, workProfileName=event.parameters.workProfileName, servicePointName=event.parameters.servicePointName, userName=event.parameters.userName/user}
23 апр. 2026;10:09:56.462 [main] INFO  c.q.m.e.WorkProfileExpansionTriggerEvaluator - Skip work-profile expansion trigger because available services did not expand branchId=7 servicePointId=41220000000007 staffId=45 previousWorkProfileId=15 newWorkProfileId=17 previousServices=[301] newServices=[301]
23 апр. 2026;10:09:56.463 [main] INFO  c.q.m.e.DoctorAssignmentEventHandler - Skip raw SET_WORK_PROFILE because no matching USER_SERVICE_POINT_SESSION_START was found and raw trigger is disabled (reason=services-not-expanded)
23 ��� 2026;10:10:13.283 [main] DEBUG c.q.m.a.o.OrchestraSessionCookieStore - Mutation cookie replay is disabled for method PUT. Stored mutation cookies will not be sent.
23 ��� 2026;10:10:13.286 [main] DEBUG c.q.m.a.o.OrchestraSessionCookieStore - Mutation cookie replay is disabled for method POST. Stored mutation cookies will not be sent.
23 ��� 2026;10:10:13.536 [main] INFO  c.q.m.c.s.OrchestraDataCacheUpdateService - Refresh caches for configured branches [7]
23 ��� 2026;10:10:13.541 [main] INFO  c.q.m.cache.BranchCacheUpdater - Start cache refresh for branch 7
23 ��� 2026;10:10:13.569 [main] INFO  c.q.m.cache.BranchCacheUpdater - Finish cache refresh for branch 7: services=1, queues=2, workProfiles=1, servicePoints=1, unknownDoctorQueueId=900, tookMs=32
23 ��� 2026;10:10:13.617 [main] INFO  c.q.m.d.s.AutonomousMedicalExamAssignmentService - Start assignment cycle source=SERVICE_POINT_OPEN branchId=7 servicePointId=41220000000007 staffId=45 workProfileId=15 sources={branchId=test, servicePointId=test, staffId=test, workProfileId=test}
23 ��� 2026;10:10:13.620 [main] ERROR c.q.m.d.s.AutonomousMedicalExamAssignmentService - Activation step failed source=SERVICE_POINT_OPEN branchId=7 servicePointId=41220000000007 staffId=45 workProfileId=15: simulated activation failure for branch 7
com.qsystems.meddoctorassignment.domain.exception.MutationContextException: simulated activation failure for branch 7
	at com.qsystems.meddoctorassignment.support.InMemoryTestGateways.activate(InMemoryTestGateways.java:127)
	at com.qsystems.meddoctorassignment.domain.service.AutonomousMedicalExamAssignmentService.process(AutonomousMedicalExamAssignmentService.java:131)
	at com.qsystems.meddoctorassignment.AutonomousMedicalExamAssignmentServiceTest.abortsBeforeFirstVisitWhenActivationStepFails(AutonomousMedicalExamAssignmentServiceTest.java:156)
	at sun.reflect.NativeMethodAccessorImpl.invoke0(Native Method)
	at sun.reflect.NativeMethodAccessorImpl.invoke(NativeMethodAccessorImpl.java:62)
	at sun.reflect.DelegatingMethodAccessorImpl.invoke(DelegatingMethodAccessorImpl.java:43)
	at java.lang.reflect.Method.invoke(Method.java:498)
	at org.junit.platform.commons.util.ReflectionUtils.invokeMethod(ReflectionUtils.java:688)
	at org.junit.jupiter.engine.execution.MethodInvocation.proceed(MethodInvocation.java:60)
	at org.junit.jupiter.engine.execution.InvocationInterceptorChain$ValidatingInvocation.proceed(InvocationInterceptorChain.java:131)
	at org.junit.jupiter.engine.extension.TimeoutExtension.intercept(TimeoutExtension.java:149)
	at org.junit.jupiter.engine.extension.TimeoutExtension.interceptTestableMethod(TimeoutExtension.java:140)
	at org.junit.jupiter.engine.extension.TimeoutExtension.interceptTestMethod(TimeoutExtension.java:84)
	at org.junit.jupiter.engine.execution.ExecutableInvoker$ReflectiveInterceptorCall.lambda$ofVoidMethod$0(ExecutableInvoker.java:115)
	at org.junit.jupiter.engine.execution.ExecutableInvoker.lambda$invoke$0(ExecutableInvoker.java:105)
	at org.junit.jupiter.engine.execution.InvocationInterceptorChain$InterceptedInvocation.proceed(InvocationInterceptorChain.java:106)
	at org.junit.jupiter.engine.execution.InvocationInterceptorChain.proceed(InvocationInterceptorChain.java:64)
	at org.junit.jupiter.engine.execution.InvocationInterceptorChain.chainAndInvoke(InvocationInterceptorChain.java:45)
	at org.junit.jupiter.engine.execution.InvocationInterceptorChain.invoke(InvocationInterceptorChain.java:37)
	at org.junit.jupiter.engine.execution.ExecutableInvoker.invoke(ExecutableInvoker.java:104)
	at org.junit.jupiter.engine.execution.ExecutableInvoker.invoke(ExecutableInvoker.java:98)
	at org.junit.jupiter.engine.descriptor.TestMethodTestDescriptor.lambda$invokeTestMethod$6(TestMethodTestDescriptor.java:210)
	at org.junit.platform.engine.support.hierarchical.ThrowableCollector.execute(ThrowableCollector.java:73)
	at org.junit.jupiter.engine.descriptor.TestMethodTestDescriptor.invokeTestMethod(TestMethodTestDescriptor.java:206)
	at org.junit.jupiter.engine.descriptor.TestMethodTestDescriptor.execute(TestMethodTestDescriptor.java:131)
	at org.junit.jupiter.engine.descriptor.TestMethodTestDescriptor.execute(TestMethodTestDescriptor.java:65)
	at org.junit.platform.engine.support.hierarchical.NodeTestTask.lambda$executeRecursively$5(NodeTestTask.java:139)
	at org.junit.platform.engine.support.hierarchical.ThrowableCollector.execute(ThrowableCollector.java:73)
	at org.junit.platform.engine.support.hierarchical.NodeTestTask.lambda$executeRecursively$7(NodeTestTask.java:129)
	at org.junit.platform.engine.support.hierarchical.Node.around(Node.java:137)
	at org.junit.platform.engine.support.hierarchical.NodeTestTask.lambda$executeRecursively$8(NodeTestTask.java:127)
	at org.junit.platform.engine.support.hierarchical.ThrowableCollector.execute(ThrowableCollector.java:73)
	at org.junit.platform.engine.support.hierarchical.NodeTestTask.executeRecursively(NodeTestTask.java:126)
	at org.junit.platform.engine.support.hierarchical.NodeTestTask.execute(NodeTestTask.java:84)
	at java.util.ArrayList.forEach(ArrayList.java:1259)
	at org.junit.platform.engine.support.hierarchical.SameThreadHierarchicalTestExecutorService.invokeAll(SameThreadHierarchicalTestExecutorService.java:38)
	at org.junit.platform.engine.support.hierarchical.NodeTestTask.lambda$executeRecursively$5(NodeTestTask.java:143)
	at org.junit.platform.engine.support.hierarchical.ThrowableCollector.execute(ThrowableCollector.java:73)
	at org.junit.platform.engine.support.hierarchical.NodeTestTask.lambda$executeRecursively$7(NodeTestTask.java:129)
	at org.junit.platform.engine.support.hierarchical.Node.around(Node.java:137)
	at org.junit.platform.engine.support.hierarchical.NodeTestTask.lambda$executeRecursively$8(NodeTestTask.java:127)
	at org.junit.platform.engine.support.hierarchical.ThrowableCollector.execute(ThrowableCollector.java:73)
	at org.junit.platform.engine.support.hierarchical.NodeTestTask.executeRecursively(NodeTestTask.java:126)
	at org.junit.platform.engine.support.hierarchical.NodeTestTask.execute(NodeTestTask.java:84)
	at java.util.ArrayList.forEach(ArrayList.java:1259)
	at org.junit.platform.engine.support.hierarchical.SameThreadHierarchicalTestExecutorService.invokeAll(SameThreadHierarchicalTestExecutorService.java:38)
	at org.junit.platform.engine.support.hierarchical.NodeTestTask.lambda$executeRecursively$5(NodeTestTask.java:143)
	at org.junit.platform.engine.support.hierarchical.ThrowableCollector.execute(ThrowableCollector.java:73)
	at org.junit.platform.engine.support.hierarchical.NodeTestTask.lambda$executeRecursively$7(NodeTestTask.java:129)
	at org.junit.platform.engine.support.hierarchical.Node.around(Node.java:137)
	at org.junit.platform.engine.support.hierarchical.NodeTestTask.lambda$executeRecursively$8(NodeTestTask.java:127)
	at org.junit.platform.engine.support.hierarchical.ThrowableCollector.execute(ThrowableCollector.java:73)
	at org.junit.platform.engine.support.hierarchical.NodeTestTask.executeRecursively(NodeTestTask.java:126)
	at org.junit.platform.engine.support.hierarchical.NodeTestTask.execute(NodeTestTask.java:84)
	at org.junit.platform.engine.support.hierarchical.SameThreadHierarchicalTestExecutorService.submit(SameThreadHierarchicalTestExecutorService.java:32)
	at org.junit.platform.engine.support.hierarchical.HierarchicalTestExecutor.execute(HierarchicalTestExecutor.java:57)
	at org.junit.platform.engine.support.hierarchical.HierarchicalTestEngine.execute(HierarchicalTestEngine.java:51)
	at org.junit.platform.launcher.core.DefaultLauncher.execute(DefaultLauncher.java:220)
	at org.junit.platform.launcher.core.DefaultLauncher.lambda$execute$6(DefaultLauncher.java:188)
	at org.junit.platform.launcher.core.DefaultLauncher.withInterceptedStreams(DefaultLauncher.java:202)
	at org.junit.platform.launcher.core.DefaultLauncher.execute(DefaultLauncher.java:181)
	at org.junit.platform.launcher.core.DefaultLauncher.execute(DefaultLauncher.java:128)
	at org.apache.maven.surefire.junitplatform.JUnitPlatformProvider.invokeAllTests(JUnitPlatformProvider.java:150)
	at org.apache.maven.surefire.junitplatform.JUnitPlatformProvider.invoke(JUnitPlatformProvider.java:124)
	at org.apache.maven.surefire.booter.ForkedBooter.invokeProviderInSameClassLoader(ForkedBooter.java:384)
	at org.apache.maven.surefire.booter.ForkedBooter.runSuitesInProcess(ForkedBooter.java:345)
	at org.apache.maven.surefire.booter.ForkedBooter.execute(ForkedBooter.java:126)
	at org.apache.maven.surefire.booter.ForkedBooter.main(ForkedBooter.java:418)
23 ��� 2026;10:10:13.621 [main] WARN  c.q.m.d.s.AutonomousMedicalExamAssignmentService - Abort assignment cycle source=SERVICE_POINT_OPEN branchId=7 before first visit because activation step did not produce a valid mutating context: simulated activation failure for branch 7
23 ��� 2026;10:10:13.622 [main] INFO  c.q.m.c.s.OrchestraDataCacheUpdateService - Refresh caches for configured branches [7]
23 ��� 2026;10:10:13.623 [main] INFO  c.q.m.cache.BranchCacheUpdater - Start cache refresh for branch 7
23 ��� 2026;10:10:13.623 [main] INFO  c.q.m.cache.BranchCacheUpdater - Finish cache refresh for branch 7: services=1, queues=2, workProfiles=1, servicePoints=1, unknownDoctorQueueId=900, tookMs=0
23 ��� 2026;10:10:13.624 [main] INFO  c.q.m.d.s.AutonomousMedicalExamAssignmentService - Start assignment cycle source=SERVICE_POINT_OPEN branchId=7 servicePointId=41220000000007 staffId=45 workProfileId=15 sources={branchId=test, servicePointId=test, staffId=test, workProfileId=test}
23 ��� 2026;10:10:13.625 [main] INFO  c.q.m.d.s.AutonomousMedicalExamAssignmentService - Doctor 45 available services=[301]
23 ��� 2026;10:10:13.625 [main] INFO  c.q.m.d.s.AutonomousMedicalExamAssignmentService - Visits in unknown-doctor queue 900 count=1
23 ��� 2026;10:10:13.651 [main] INFO  c.q.m.d.s.i.DefaultVisitAssignmentExecutor - Assign workflow start visit=1500 currentQueue=900 currentService=301 selectedService=301 targetQueue=901 doctor=45 servicePoint=41220000000007 workProfile=15 trigger=SERVICE_POINT_OPEN
23 ��� 2026;10:10:13.651 [main] INFO  c.q.m.d.s.i.DefaultVisitAssignmentExecutor - Skip redundant assign for visit=1500 because currentService=301 already matches selectedService=301 and workflow can continue with transfer-only
23 ��� 2026;10:10:13.652 [main] INFO  c.q.m.d.s.i.DefaultVisitAssignmentExecutor - Assign workflow transfer step visit=1500 sourceQueue=900 targetQueue=901 doctor=45 servicePoint=41220000000007 trigger=SERVICE_POINT_OPEN transferOnly=true
23 ��� 2026;10:10:13.652 [main] INFO  c.q.m.d.s.AutonomousMedicalExamAssignmentService - Visit 1500 matchFound=true selectedService=301 targetQueue=901 success=true reason=route-order-1
23 ��� 2026;10:10:13.652 [main] INFO  c.q.m.d.s.AutonomousMedicalExamAssignmentService - Finish assignment cycle source=SERVICE_POINT_OPEN branchId=7 processed=1
23 ��� 2026;10:10:13.653 [main] INFO  c.q.m.c.s.OrchestraDataCacheUpdateService - Refresh caches for configured branches [7]
23 ��� 2026;10:10:13.654 [main] INFO  c.q.m.cache.BranchCacheUpdater - Start cache refresh for branch 7
23 ��� 2026;10:10:13.654 [main] INFO  c.q.m.cache.BranchCacheUpdater - Finish cache refresh for branch 7: services=1, queues=2, workProfiles=1, servicePoints=1, unknownDoctorQueueId=900, tookMs=0
23 ��� 2026;10:10:13.654 [main] INFO  c.q.m.d.s.AutonomousMedicalExamAssignmentService - Start assignment cycle source=SERVICE_POINT_OPEN branchId=7 servicePointId=41220000000007 staffId=45 workProfileId=15 sources={branchId=test, servicePointId=test, staffId=test, workProfileId=test}
23 ��� 2026;10:10:13.654 [main] INFO  c.q.m.d.s.AutonomousMedicalExamAssignmentService - Doctor 45 available services=[301]
23 ��� 2026;10:10:13.654 [main] INFO  c.q.m.d.s.AutonomousMedicalExamAssignmentService - Visits in unknown-doctor queue 900 count=0
23 ��� 2026;10:10:13.654 [main] INFO  c.q.m.d.s.AutonomousMedicalExamAssignmentService - Finish assignment cycle source=SERVICE_POINT_OPEN branchId=7 processed=0
23 ��� 2026;10:10:13.656 [main] INFO  c.q.m.c.s.OrchestraDataCacheUpdateService - Refresh caches for configured branches [7]
23 ��� 2026;10:10:13.656 [main] INFO  c.q.m.cache.BranchCacheUpdater - Start cache refresh for branch 7
23 ��� 2026;10:10:13.656 [main] INFO  c.q.m.cache.BranchCacheUpdater - Finish cache refresh for branch 7: services=1, queues=2, workProfiles=1, servicePoints=1, unknownDoctorQueueId=900, tookMs=0
23 ��� 2026;10:10:13.657 [main] INFO  c.q.m.d.s.AutonomousMedicalExamAssignmentService - Start assignment cycle source=SERVICE_POINT_OPEN branchId=7 servicePointId=41220000000007 staffId=45 workProfileId=15 sources={branchId=test, servicePointId=test, staffId=test, workProfileId=test}
23 ��� 2026;10:10:13.657 [main] INFO  c.q.m.d.s.AutonomousMedicalExamAssignmentService - Doctor 45 available services=[301]
23 ��� 2026;10:10:13.657 [main] INFO  c.q.m.d.s.AutonomousMedicalExamAssignmentService - Visits in unknown-doctor queue 900 count=1
23 ��� 2026;10:10:13.658 [main] INFO  c.q.m.d.s.i.DefaultVisitAssignmentExecutor - Assign workflow start visit=1001 currentQueue=900 currentService=null selectedService=301 targetQueue=901 doctor=45 servicePoint=41220000000007 workProfile=15 trigger=SERVICE_POINT_OPEN
23 ��� 2026;10:10:13.658 [main] INFO  c.q.m.d.s.i.DefaultVisitAssignmentExecutor - Assign workflow transfer step visit=1001 sourceQueue=900 targetQueue=901 doctor=45 servicePoint=41220000000007 trigger=SERVICE_POINT_OPEN transferOnly=false
23 ��� 2026;10:10:13.659 [main] INFO  c.q.m.d.s.AutonomousMedicalExamAssignmentService - Visit 1001 matchFound=true selectedService=301 targetQueue=901 success=true reason=route-order-1
23 ��� 2026;10:10:13.659 [main] INFO  c.q.m.d.s.AutonomousMedicalExamAssignmentService - Finish assignment cycle source=SERVICE_POINT_OPEN branchId=7 processed=1
23 ��� 2026;10:10:13.660 [main] INFO  c.q.m.c.s.OrchestraDataCacheUpdateService - Refresh caches for configured branches [7]
23 ��� 2026;10:10:13.660 [main] INFO  c.q.m.cache.BranchCacheUpdater - Start cache refresh for branch 7
23 ��� 2026;10:10:13.661 [main] INFO  c.q.m.cache.BranchCacheUpdater - Finish cache refresh for branch 7: services=1, queues=2, workProfiles=1, servicePoints=1, unknownDoctorQueueId=900, tookMs=1
23 ��� 2026;10:10:13.661 [main] INFO  c.q.m.d.s.AutonomousMedicalExamAssignmentService - Start assignment cycle source=SERVICE_POINT_OPEN branchId=7 servicePointId=41220000000007 staffId=45 workProfileId=15 sources={branchId=test, servicePointId=test, staffId=test, workProfileId=test}
23 ��� 2026;10:10:13.661 [main] INFO  c.q.m.d.s.AutonomousMedicalExamAssignmentService - Doctor 45 available services=[301]
23 ��� 2026;10:10:13.661 [main] INFO  c.q.m.d.s.AutonomousMedicalExamAssignmentService - Visits in unknown-doctor queue 900 count=2
23 ��� 2026;10:10:13.662 [main] INFO  c.q.m.d.s.i.DefaultVisitAssignmentExecutor - Assign workflow start visit=3001 currentQueue=900 currentService=null selectedService=301 targetQueue=901 doctor=45 servicePoint=41220000000007 workProfile=15 trigger=SERVICE_POINT_OPEN
23 ��� 2026;10:10:13.662 [main] ERROR c.q.m.d.s.AutonomousMedicalExamAssignmentService - Failed to process visit 3001 in branch 7: simulated inactive operator context for visit 3001
com.qsystems.meddoctorassignment.domain.exception.MutationContextException: simulated inactive operator context for visit 3001
	at com.qsystems.meddoctorassignment.support.InMemoryTestGateways.assignServiceToVisit(InMemoryTestGateways.java:134)
	at com.qsystems.meddoctorassignment.domain.service.impl.DefaultVisitAssignmentExecutor.assign(DefaultVisitAssignmentExecutor.java:87)
	at com.qsystems.meddoctorassignment.domain.service.AutonomousMedicalExamAssignmentService.process(AutonomousMedicalExamAssignmentService.java:190)
	at com.qsystems.meddoctorassignment.AutonomousMedicalExamAssignmentServiceTest.abortsRemainingVisitsWhenAssignDetectsInvalidMutationContext(AutonomousMedicalExamAssignmentServiceTest.java:136)
	at sun.reflect.NativeMethodAccessorImpl.invoke0(Native Method)
	at sun.reflect.NativeMethodAccessorImpl.invoke(NativeMethodAccessorImpl.java:62)
	at sun.reflect.DelegatingMethodAccessorImpl.invoke(DelegatingMethodAccessorImpl.java:43)
	at java.lang.reflect.Method.invoke(Method.java:498)
	at org.junit.platform.commons.util.ReflectionUtils.invokeMethod(ReflectionUtils.java:688)
	at org.junit.jupiter.engine.execution.MethodInvocation.proceed(MethodInvocation.java:60)
	at org.junit.jupiter.engine.execution.InvocationInterceptorChain$ValidatingInvocation.proceed(InvocationInterceptorChain.java:131)
	at org.junit.jupiter.engine.extension.TimeoutExtension.intercept(TimeoutExtension.java:149)
	at org.junit.jupiter.engine.extension.TimeoutExtension.interceptTestableMethod(TimeoutExtension.java:140)
	at org.junit.jupiter.engine.extension.TimeoutExtension.interceptTestMethod(TimeoutExtension.java:84)
	at org.junit.jupiter.engine.execution.ExecutableInvoker$ReflectiveInterceptorCall.lambda$ofVoidMethod$0(ExecutableInvoker.java:115)
	at org.junit.jupiter.engine.execution.ExecutableInvoker.lambda$invoke$0(ExecutableInvoker.java:105)
	at org.junit.jupiter.engine.execution.InvocationInterceptorChain$InterceptedInvocation.proceed(InvocationInterceptorChain.java:106)
	at org.junit.jupiter.engine.execution.InvocationInterceptorChain.proceed(InvocationInterceptorChain.java:64)
	at org.junit.jupiter.engine.execution.InvocationInterceptorChain.chainAndInvoke(InvocationInterceptorChain.java:45)
	at org.junit.jupiter.engine.execution.InvocationInterceptorChain.invoke(InvocationInterceptorChain.java:37)
	at org.junit.jupiter.engine.execution.ExecutableInvoker.invoke(ExecutableInvoker.java:104)
	at org.junit.jupiter.engine.execution.ExecutableInvoker.invoke(ExecutableInvoker.java:98)
	at org.junit.jupiter.engine.descriptor.TestMethodTestDescriptor.lambda$invokeTestMethod$6(TestMethodTestDescriptor.java:210)
	at org.junit.platform.engine.support.hierarchical.ThrowableCollector.execute(ThrowableCollector.java:73)
	at org.junit.jupiter.engine.descriptor.TestMethodTestDescriptor.invokeTestMethod(TestMethodTestDescriptor.java:206)
	at org.junit.jupiter.engine.descriptor.TestMethodTestDescriptor.execute(TestMethodTestDescriptor.java:131)
	at org.junit.jupiter.engine.descriptor.TestMethodTestDescriptor.execute(TestMethodTestDescriptor.java:65)
	at org.junit.platform.engine.support.hierarchical.NodeTestTask.lambda$executeRecursively$5(NodeTestTask.java:139)
	at org.junit.platform.engine.support.hierarchical.ThrowableCollector.execute(ThrowableCollector.java:73)
	at org.junit.platform.engine.support.hierarchical.NodeTestTask.lambda$executeRecursively$7(NodeTestTask.java:129)
	at org.junit.platform.engine.support.hierarchical.Node.around(Node.java:137)
	at org.junit.platform.engine.support.hierarchical.NodeTestTask.lambda$executeRecursively$8(NodeTestTask.java:127)
	at org.junit.platform.engine.support.hierarchical.ThrowableCollector.execute(ThrowableCollector.java:73)
	at org.junit.platform.engine.support.hierarchical.NodeTestTask.executeRecursively(NodeTestTask.java:126)
	at org.junit.platform.engine.support.hierarchical.NodeTestTask.execute(NodeTestTask.java:84)
	at java.util.ArrayList.forEach(ArrayList.java:1259)
	at org.junit.platform.engine.support.hierarchical.SameThreadHierarchicalTestExecutorService.invokeAll(SameThreadHierarchicalTestExecutorService.java:38)
	at org.junit.platform.engine.support.hierarchical.NodeTestTask.lambda$executeRecursively$5(NodeTestTask.java:143)
	at org.junit.platform.engine.support.hierarchical.ThrowableCollector.execute(ThrowableCollector.java:73)
	at org.junit.platform.engine.support.hierarchical.NodeTestTask.lambda$executeRecursively$7(NodeTestTask.java:129)
	at org.junit.platform.engine.support.hierarchical.Node.around(Node.java:137)
	at org.junit.platform.engine.support.hierarchical.NodeTestTask.lambda$executeRecursively$8(NodeTestTask.java:127)
	at org.junit.platform.engine.support.hierarchical.ThrowableCollector.execute(ThrowableCollector.java:73)
	at org.junit.platform.engine.support.hierarchical.NodeTestTask.executeRecursively(NodeTestTask.java:126)
	at org.junit.platform.engine.support.hierarchical.NodeTestTask.execute(NodeTestTask.java:84)
	at java.util.ArrayList.forEach(ArrayList.java:1259)
	at org.junit.platform.engine.support.hierarchical.SameThreadHierarchicalTestExecutorService.invokeAll(SameThreadHierarchicalTestExecutorService.java:38)
	at org.junit.platform.engine.support.hierarchical.NodeTestTask.lambda$executeRecursively$5(NodeTestTask.java:143)
	at org.junit.platform.engine.support.hierarchical.ThrowableCollector.execute(ThrowableCollector.java:73)
	at org.junit.platform.engine.support.hierarchical.NodeTestTask.lambda$executeRecursively$7(NodeTestTask.java:129)
	at org.junit.platform.engine.support.hierarchical.Node.around(Node.java:137)
	at org.junit.platform.engine.support.hierarchical.NodeTestTask.lambda$executeRecursively$8(NodeTestTask.java:127)
	at org.junit.platform.engine.support.hierarchical.ThrowableCollector.execute(ThrowableCollector.java:73)
	at org.junit.platform.engine.support.hierarchical.NodeTestTask.executeRecursively(NodeTestTask.java:126)
	at org.junit.platform.engine.support.hierarchical.NodeTestTask.execute(NodeTestTask.java:84)
	at org.junit.platform.engine.support.hierarchical.SameThreadHierarchicalTestExecutorService.submit(SameThreadHierarchicalTestExecutorService.java:32)
	at org.junit.platform.engine.support.hierarchical.HierarchicalTestExecutor.execute(HierarchicalTestExecutor.java:57)
	at org.junit.platform.engine.support.hierarchical.HierarchicalTestEngine.execute(HierarchicalTestEngine.java:51)
	at org.junit.platform.launcher.core.DefaultLauncher.execute(DefaultLauncher.java:220)
	at org.junit.platform.launcher.core.DefaultLauncher.lambda$execute$6(DefaultLauncher.java:188)
	at org.junit.platform.launcher.core.DefaultLauncher.withInterceptedStreams(DefaultLauncher.java:202)
	at org.junit.platform.launcher.core.DefaultLauncher.execute(DefaultLauncher.java:181)
	at org.junit.platform.launcher.core.DefaultLauncher.execute(DefaultLauncher.java:128)
	at org.apache.maven.surefire.junitplatform.JUnitPlatformProvider.invokeAllTests(JUnitPlatformProvider.java:150)
	at org.apache.maven.surefire.junitplatform.JUnitPlatformProvider.invoke(JUnitPlatformProvider.java:124)
	at org.apache.maven.surefire.booter.ForkedBooter.invokeProviderInSameClassLoader(ForkedBooter.java:384)
	at org.apache.maven.surefire.booter.ForkedBooter.runSuitesInProcess(ForkedBooter.java:345)
	at org.apache.maven.surefire.booter.ForkedBooter.execute(ForkedBooter.java:126)
	at org.apache.maven.surefire.booter.ForkedBooter.main(ForkedBooter.java:418)
23 ��� 2026;10:10:13.664 [main] WARN  c.q.m.d.s.AutonomousMedicalExamAssignmentService - Abort assignment cycle source=SERVICE_POINT_OPEN branchId=7 after visit 3001 because mutating context is invalid: simulated inactive operator context for visit 3001
23 ��� 2026;10:10:13.664 [main] INFO  c.q.m.d.s.AutonomousMedicalExamAssignmentService - Finish assignment cycle source=SERVICE_POINT_OPEN branchId=7 processed=0
23 ��� 2026;10:10:13.666 [main] INFO  c.q.m.c.s.OrchestraDataCacheUpdateService - Refresh caches for configured branches [7]
23 ��� 2026;10:10:13.667 [main] INFO  c.q.m.cache.BranchCacheUpdater - Start cache refresh for branch 7
23 ��� 2026;10:10:13.668 [main] INFO  c.q.m.cache.BranchCacheUpdater - Finish cache refresh for branch 7: services=1, queues=2, workProfiles=1, servicePoints=1, unknownDoctorQueueId=900, tookMs=1
23 ��� 2026;10:10:13.668 [main] INFO  c.q.m.d.s.AutonomousMedicalExamAssignmentService - Start assignment cycle source=SERVICE_POINT_OPEN branchId=7 servicePointId=41220000000007 staffId=45 workProfileId=15 sources={branchId=test, servicePointId=test, staffId=test, workProfileId=test}
23 ��� 2026;10:10:13.668 [main] INFO  c.q.m.d.s.AutonomousMedicalExamAssignmentService - Doctor 45 available services=[301]
23 ��� 2026;10:10:13.668 [main] INFO  c.q.m.d.s.AutonomousMedicalExamAssignmentService - Visits in unknown-doctor queue 900 count=1
23 ��� 2026;10:10:13.669 [main] INFO  c.q.m.d.s.AutonomousMedicalExamAssignmentService - Visit 1002 has no matching unserved service for doctor 45
23 ��� 2026;10:10:13.669 [main] INFO  c.q.m.d.s.AutonomousMedicalExamAssignmentService - Finish assignment cycle source=SERVICE_POINT_OPEN branchId=7 processed=0
23 ��� 2026;10:10:13.670 [main] INFO  c.q.m.c.s.OrchestraDataCacheUpdateService - Refresh caches for configured branches [7]
23 ��� 2026;10:10:13.671 [main] INFO  c.q.m.cache.BranchCacheUpdater - Start cache refresh for branch 7
23 ��� 2026;10:10:13.671 [main] INFO  c.q.m.cache.BranchCacheUpdater - Finish cache refresh for branch 7: services=1, queues=2, workProfiles=1, servicePoints=1, unknownDoctorQueueId=900, tookMs=0
23 ��� 2026;10:10:13.671 [main] INFO  c.q.m.d.s.AutonomousMedicalExamAssignmentService - Start assignment cycle source=SERVICE_POINT_OPEN branchId=7 servicePointId=41220000000007 staffId=45 workProfileId=15 sources={branchId=test, servicePointId=test, staffId=test, workProfileId=test}
23 ��� 2026;10:10:13.671 [main] INFO  c.q.m.d.s.AutonomousMedicalExamAssignmentService - Doctor 45 available services=[301]
23 ��� 2026;10:10:13.671 [main] INFO  c.q.m.d.s.AutonomousMedicalExamAssignmentService - Visits in unknown-doctor queue 900 count=2
23 ��� 2026;10:10:13.672 [main] ERROR c.q.m.d.s.AutonomousMedicalExamAssignmentService - Failed to process visit 2001 in branch 7: simulated downstream failure
java.lang.IllegalStateException: simulated downstream failure
	at com.qsystems.meddoctorassignment.support.InMemoryTestGateways.getVisitDetails(InMemoryTestGateways.java:115)
	at com.qsystems.meddoctorassignment.domain.service.impl.DefaultVisitRouteAnalyzer.analyze(DefaultVisitRouteAnalyzer.java:22)
	at com.qsystems.meddoctorassignment.domain.service.AutonomousMedicalExamAssignmentService.process(AutonomousMedicalExamAssignmentService.java:182)
	at com.qsystems.meddoctorassignment.AutonomousMedicalExamAssignmentServiceTest.continuesWhenOneVisitFailsAndProcessesNextOne(AutonomousMedicalExamAssignmentServiceTest.java:113)
	at sun.reflect.NativeMethodAccessorImpl.invoke0(Native Method)
	at sun.reflect.NativeMethodAccessorImpl.invoke(NativeMethodAccessorImpl.java:62)
	at sun.reflect.DelegatingMethodAccessorImpl.invoke(DelegatingMethodAccessorImpl.java:43)
	at java.lang.reflect.Method.invoke(Method.java:498)
	at org.junit.platform.commons.util.ReflectionUtils.invokeMethod(ReflectionUtils.java:688)
	at org.junit.jupiter.engine.execution.MethodInvocation.proceed(MethodInvocation.java:60)
	at org.junit.jupiter.engine.execution.InvocationInterceptorChain$ValidatingInvocation.proceed(InvocationInterceptorChain.java:131)
	at org.junit.jupiter.engine.extension.TimeoutExtension.intercept(TimeoutExtension.java:149)
	at org.junit.jupiter.engine.extension.TimeoutExtension.interceptTestableMethod(TimeoutExtension.java:140)
	at org.junit.jupiter.engine.extension.TimeoutExtension.interceptTestMethod(TimeoutExtension.java:84)
	at org.junit.jupiter.engine.execution.ExecutableInvoker$ReflectiveInterceptorCall.lambda$ofVoidMethod$0(ExecutableInvoker.java:115)
	at org.junit.jupiter.engine.execution.ExecutableInvoker.lambda$invoke$0(ExecutableInvoker.java:105)
	at org.junit.jupiter.engine.execution.InvocationInterceptorChain$InterceptedInvocation.proceed(InvocationInterceptorChain.java:106)
	at org.junit.jupiter.engine.execution.InvocationInterceptorChain.proceed(InvocationInterceptorChain.java:64)
	at org.junit.jupiter.engine.execution.InvocationInterceptorChain.chainAndInvoke(InvocationInterceptorChain.java:45)
	at org.junit.jupiter.engine.execution.InvocationInterceptorChain.invoke(InvocationInterceptorChain.java:37)
	at org.junit.jupiter.engine.execution.ExecutableInvoker.invoke(ExecutableInvoker.java:104)
	at org.junit.jupiter.engine.execution.ExecutableInvoker.invoke(ExecutableInvoker.java:98)
	at org.junit.jupiter.engine.descriptor.TestMethodTestDescriptor.lambda$invokeTestMethod$6(TestMethodTestDescriptor.java:210)
	at org.junit.platform.engine.support.hierarchical.ThrowableCollector.execute(ThrowableCollector.java:73)
	at org.junit.jupiter.engine.descriptor.TestMethodTestDescriptor.invokeTestMethod(TestMethodTestDescriptor.java:206)
	at org.junit.jupiter.engine.descriptor.TestMethodTestDescriptor.execute(TestMethodTestDescriptor.java:131)
	at org.junit.jupiter.engine.descriptor.TestMethodTestDescriptor.execute(TestMethodTestDescriptor.java:65)
	at org.junit.platform.engine.support.hierarchical.NodeTestTask.lambda$executeRecursively$5(NodeTestTask.java:139)
	at org.junit.platform.engine.support.hierarchical.ThrowableCollector.execute(ThrowableCollector.java:73)
	at org.junit.platform.engine.support.hierarchical.NodeTestTask.lambda$executeRecursively$7(NodeTestTask.java:129)
	at org.junit.platform.engine.support.hierarchical.Node.around(Node.java:137)
	at org.junit.platform.engine.support.hierarchical.NodeTestTask.lambda$executeRecursively$8(NodeTestTask.java:127)
	at org.junit.platform.engine.support.hierarchical.ThrowableCollector.execute(ThrowableCollector.java:73)
	at org.junit.platform.engine.support.hierarchical.NodeTestTask.executeRecursively(NodeTestTask.java:126)
	at org.junit.platform.engine.support.hierarchical.NodeTestTask.execute(NodeTestTask.java:84)
	at java.util.ArrayList.forEach(ArrayList.java:1259)
	at org.junit.platform.engine.support.hierarchical.SameThreadHierarchicalTestExecutorService.invokeAll(SameThreadHierarchicalTestExecutorService.java:38)
	at org.junit.platform.engine.support.hierarchical.NodeTestTask.lambda$executeRecursively$5(NodeTestTask.java:143)
	at org.junit.platform.engine.support.hierarchical.ThrowableCollector.execute(ThrowableCollector.java:73)
	at org.junit.platform.engine.support.hierarchical.NodeTestTask.lambda$executeRecursively$7(NodeTestTask.java:129)
	at org.junit.platform.engine.support.hierarchical.Node.around(Node.java:137)
	at org.junit.platform.engine.support.hierarchical.NodeTestTask.lambda$executeRecursively$8(NodeTestTask.java:127)
	at org.junit.platform.engine.support.hierarchical.ThrowableCollector.execute(ThrowableCollector.java:73)
	at org.junit.platform.engine.support.hierarchical.NodeTestTask.executeRecursively(NodeTestTask.java:126)
	at org.junit.platform.engine.support.hierarchical.NodeTestTask.execute(NodeTestTask.java:84)
	at java.util.ArrayList.forEach(ArrayList.java:1259)
	at org.junit.platform.engine.support.hierarchical.SameThreadHierarchicalTestExecutorService.invokeAll(SameThreadHierarchicalTestExecutorService.java:38)
	at org.junit.platform.engine.support.hierarchical.NodeTestTask.lambda$executeRecursively$5(NodeTestTask.java:143)
	at org.junit.platform.engine.support.hierarchical.ThrowableCollector.execute(ThrowableCollector.java:73)
	at org.junit.platform.engine.support.hierarchical.NodeTestTask.lambda$executeRecursively$7(NodeTestTask.java:129)
	at org.junit.platform.engine.support.hierarchical.Node.around(Node.java:137)
	at org.junit.platform.engine.support.hierarchical.NodeTestTask.lambda$executeRecursively$8(NodeTestTask.java:127)
	at org.junit.platform.engine.support.hierarchical.ThrowableCollector.execute(ThrowableCollector.java:73)
	at org.junit.platform.engine.support.hierarchical.NodeTestTask.executeRecursively(NodeTestTask.java:126)
	at org.junit.platform.engine.support.hierarchical.NodeTestTask.execute(NodeTestTask.java:84)
	at org.junit.platform.engine.support.hierarchical.SameThreadHierarchicalTestExecutorService.submit(SameThreadHierarchicalTestExecutorService.java:32)
	at org.junit.platform.engine.support.hierarchical.HierarchicalTestExecutor.execute(HierarchicalTestExecutor.java:57)
	at org.junit.platform.engine.support.hierarchical.HierarchicalTestEngine.execute(HierarchicalTestEngine.java:51)
	at org.junit.platform.launcher.core.DefaultLauncher.execute(DefaultLauncher.java:220)
	at org.junit.platform.launcher.core.DefaultLauncher.lambda$execute$6(DefaultLauncher.java:188)
	at org.junit.platform.launcher.core.DefaultLauncher.withInterceptedStreams(DefaultLauncher.java:202)
	at org.junit.platform.launcher.core.DefaultLauncher.execute(DefaultLauncher.java:181)
	at org.junit.platform.launcher.core.DefaultLauncher.execute(DefaultLauncher.java:128)
	at org.apache.maven.surefire.junitplatform.JUnitPlatformProvider.invokeAllTests(JUnitPlatformProvider.java:150)
	at org.apache.maven.surefire.junitplatform.JUnitPlatformProvider.invoke(JUnitPlatformProvider.java:124)
	at org.apache.maven.surefire.booter.ForkedBooter.invokeProviderInSameClassLoader(ForkedBooter.java:384)
	at org.apache.maven.surefire.booter.ForkedBooter.runSuitesInProcess(ForkedBooter.java:345)
	at org.apache.maven.surefire.booter.ForkedBooter.execute(ForkedBooter.java:126)
	at org.apache.maven.surefire.booter.ForkedBooter.main(ForkedBooter.java:418)
23 ��� 2026;10:10:13.674 [main] INFO  c.q.m.d.s.i.DefaultVisitAssignmentExecutor - Assign workflow start visit=2002 currentQueue=900 currentService=null selectedService=301 targetQueue=901 doctor=45 servicePoint=41220000000007 workProfile=15 trigger=SERVICE_POINT_OPEN
23 ��� 2026;10:10:13.674 [main] INFO  c.q.m.d.s.i.DefaultVisitAssignmentExecutor - Assign workflow transfer step visit=2002 sourceQueue=900 targetQueue=901 doctor=45 servicePoint=41220000000007 trigger=SERVICE_POINT_OPEN transferOnly=false
23 ��� 2026;10:10:13.674 [main] INFO  c.q.m.d.s.AutonomousMedicalExamAssignmentService - Visit 2002 matchFound=true selectedService=301 targetQueue=901 success=true reason=route-order-1
23 ��� 2026;10:10:13.675 [main] INFO  c.q.m.d.s.AutonomousMedicalExamAssignmentService - Finish assignment cycle source=SERVICE_POINT_OPEN branchId=7 processed=1
23 ��� 2026;10:10:13.746 [main] INFO  c.q.m.c.s.OrchestraDataCacheUpdateService - Refresh caches for configured branches [7]
23 ��� 2026;10:10:13.747 [main] INFO  c.q.m.cache.BranchCacheUpdater - Start cache refresh for branch 7
23 ��� 2026;10:10:13.747 [main] INFO  c.q.m.cache.BranchCacheUpdater - Finish cache refresh for branch 7: services=1, queues=2, workProfiles=1, servicePoints=1, unknownDoctorQueueId=900, tookMs=0
23 ��� 2026;10:10:13.777 [main] INFO  c.q.m.e.UserSessionReadinessCoordinator - Registered pending user session correlationKey=staffTx:123456789 branchId=7 userId=45 servicePointId=41220000000007 servicePointLogicId=901 staffTransactionId=123456789 workProfileOrigId=15 workProfileName=null
23 ��� 2026;10:10:13.779 [main] INFO  c.q.m.c.s.OrchestraDataCacheUpdateService - Refresh caches for configured branches [7]
23 ��� 2026;10:10:13.779 [main] INFO  c.q.m.cache.BranchCacheUpdater - Start cache refresh for branch 7
23 ��� 2026;10:10:13.779 [main] INFO  c.q.m.cache.BranchCacheUpdater - Finish cache refresh for branch 7: services=1, queues=2, workProfiles=1, servicePoints=1, unknownDoctorQueueId=900, tookMs=0
23 ��� 2026;10:10:13.780 [main] INFO  c.q.m.e.UserSessionReadinessCoordinator - Registered pending user session correlationKey=staffTx:123456789 branchId=7 userId=45 servicePointId=41220000000007 servicePointLogicId=901 staffTransactionId=123456789 workProfileOrigId=15 workProfileName=null
23 ��� 2026;10:10:13.780 [main] INFO  c.q.m.e.UserSessionReadinessCoordinator - Completed pending user session correlationKey=staffTx:123456789 ageMs=0 sessionStartProfile=15 sessionStartProfileName=null settledProfile=15 settledProfileName=null selectedProfileSource=USER_SERVICE_POINT_SESSION_START servicePointId=41220000000007 servicePointLogicId=901
23 ��� 2026;10:10:13.794 [main] INFO  c.q.m.d.s.i.DefaultLoggedDoctorContextResolver - Resolved doctor context source=USER_SESSION_READY branchId=7 servicePointId=41220000000007 servicePointLogicId=901 staffId=45 workProfileId=15 servicePointName=null workProfileName=null userName=null fieldSources={branchId=event.parameters.branchId, servicePointId=event.parameters.servicePointId, servicePointLogicId=event.parameters.servicePointLogicId, staffId=event.parameters.userId, workProfileId=event.parameters.workProfileOrigId}
23 ��� 2026;10:10:13.794 [main] INFO  c.q.m.d.s.AutonomousMedicalExamAssignmentService - Start assignment cycle source=USER_SESSION_READY branchId=7 servicePointId=41220000000007 staffId=45 workProfileId=15 sources={branchId=event.parameters.branchId, servicePointId=event.parameters.servicePointId, servicePointLogicId=event.parameters.servicePointLogicId, staffId=event.parameters.userId, workProfileId=event.parameters.workProfileOrigId}
23 ��� 2026;10:10:13.794 [main] INFO  c.q.m.d.s.AutonomousMedicalExamAssignmentService - Doctor 45 available services=[301]
23 ��� 2026;10:10:13.794 [main] INFO  c.q.m.d.s.AutonomousMedicalExamAssignmentService - Visits in unknown-doctor queue 900 count=1
23 ��� 2026;10:10:13.794 [main] INFO  c.q.m.d.s.i.DefaultVisitAssignmentExecutor - Assign workflow start visit=5001 currentQueue=900 currentService=null selectedService=301 targetQueue=901 doctor=45 servicePoint=41220000000007 workProfile=15 trigger=USER_SESSION_READY
23 ��� 2026;10:10:13.794 [main] INFO  c.q.m.d.s.i.DefaultVisitAssignmentExecutor - Assign workflow transfer step visit=5001 sourceQueue=900 targetQueue=901 doctor=45 servicePoint=41220000000007 trigger=USER_SESSION_READY transferOnly=false
23 ��� 2026;10:10:13.795 [main] INFO  c.q.m.d.s.AutonomousMedicalExamAssignmentService - Visit 5001 matchFound=true selectedService=301 targetQueue=901 success=true reason=route-order-1
23 ��� 2026;10:10:13.795 [main] INFO  c.q.m.d.s.AutonomousMedicalExamAssignmentService - Finish assignment cycle source=USER_SESSION_READY branchId=7 processed=1
23 ��� 2026;10:10:13.797 [main] INFO  c.q.m.c.s.OrchestraDataCacheUpdateService - Refresh caches for configured branches [7]
23 ��� 2026;10:10:13.797 [main] INFO  c.q.m.cache.BranchCacheUpdater - Start cache refresh for branch 7
23 ��� 2026;10:10:13.797 [main] INFO  c.q.m.cache.BranchCacheUpdater - Finish cache refresh for branch 7: services=1, queues=2, workProfiles=1, servicePoints=1, unknownDoctorQueueId=900, tookMs=0
23 ��� 2026;10:10:13.797 [main] INFO  c.q.m.e.DoctorAssignmentEventHandler - Skip event SERVICE_POINT_OPEN because trigger SERVICE_POINT_OPEN is disabled by configuration
23 ��� 2026;10:10:13.798 [main] INFO  c.q.m.c.s.OrchestraDataCacheUpdateService - Refresh caches for configured branches [7]
23 ��� 2026;10:10:13.799 [main] INFO  c.q.m.cache.BranchCacheUpdater - Start cache refresh for branch 7
23 ��� 2026;10:10:13.799 [main] INFO  c.q.m.cache.BranchCacheUpdater - Finish cache refresh for branch 7: services=1, queues=2, workProfiles=1, servicePoints=1, unknownDoctorQueueId=900, tookMs=0
23 ��� 2026;10:10:13.799 [main] INFO  c.q.m.e.UserSessionReadinessCoordinator - No pending user session found for SET_WORK_PROFILE correlationKey=staffTx:123456789
23 ��� 2026;10:10:13.799 [main] INFO  c.q.m.d.s.i.DefaultLoggedDoctorContextResolver - Resolved doctor context source=WORK_PROFILE_EXPANDED branchId=7 servicePointId=41220000000007 servicePointLogicId=901 staffId=45 workProfileId=15 servicePointName=null workProfileName=null userName=null fieldSources={branchId=event.parameters.branchId, servicePointId=event.parameters.servicePointId, servicePointLogicId=event.parameters.servicePointLogicId, staffId=event.parameters.userId, workProfileId=event.parameters.workProfileOrigId}
23 ��� 2026;10:10:13.812 [main] INFO  c.q.m.e.DoctorAssignmentEventHandler - Skip raw SET_WORK_PROFILE because no matching USER_SERVICE_POINT_SESSION_START was found and raw trigger is disabled (reason=same-work-profile)
23 ��� 2026;10:10:13.822 [main] INFO  c.q.m.d.s.i.DefaultLoggedDoctorContextResolver - Resolved doctor context source=SERVICE_POINT_OPEN branchId=7 servicePointId=10220000000007 servicePointLogicId=1 staffId=1000002 workProfileId=31 servicePointName=102 ����������� workProfileName=����������� userName=p.sokolov fieldSources={branchId=event.parameters.branchId, servicePointId=event.unitId, servicePointLogicId=event.parameters.servicePointLogicId, staffId=event.parameters.userId, workProfileId=event.parameters.workProfileOrigId, workProfileName=event.parameters.workProfileName, servicePointName=event.parameters.servicePointName, userName=event.parameters.userName/user}
23 ��� 2026;10:10:13.825 [main] INFO  c.q.m.d.s.i.DefaultLoggedDoctorContextResolver - Resolved doctor context source=SET_WORK_PROFILE branchId=10 servicePointId=820000000010 servicePointLogicId=null staffId=29 workProfileId=28 servicePointName=null workProfileName=null userName=null fieldSources={branchId=event.parameters.branchId, staffId=event.parameters.userId, servicePointId=fallback.servicePointRuntimeState, workProfileId=fallback.servicePointRuntimeState}
23 ��� 2026;10:10:13.830 [main] INFO  c.q.m.c.s.OrchestraDataCacheUpdateService - Refresh caches for configured branches [7]
23 ��� 2026;10:10:13.831 [main] INFO  c.q.m.cache.BranchCacheUpdater - Start cache refresh for branch 7
23 ��� 2026;10:10:13.831 [main] INFO  c.q.m.cache.BranchCacheUpdater - Finish cache refresh for branch 7: services=1, queues=2, workProfiles=1, servicePoints=1, unknownDoctorQueueId=900, tookMs=0
23 ��� 2026;10:10:13.831 [main] INFO  c.q.m.e.UserSessionReadinessCoordinator - No pending user session found for SET_WORK_PROFILE correlationKey=fallback:7|45|41220000000007
23 ��� 2026;10:10:13.832 [main] INFO  c.q.m.d.s.i.DefaultLoggedDoctorContextResolver - Resolved doctor context source=WORK_PROFILE_EXPANDED branchId=7 servicePointId=41220000000007 servicePointLogicId=null staffId=45 workProfileId=15 servicePointName=null workProfileName=null userName=null fieldSources={branchId=event.parameters.branchId, servicePointId=event.parameters.servicePointId, staffId=event.parameters.userId, workProfileId=event.parameters.workProfileOrigId}
23 ��� 2026;10:10:13.832 [main] INFO  c.q.m.d.s.i.DefaultLoggedDoctorContextResolver - Resolved doctor context source=SET_WORK_PROFILE branchId=7 servicePointId=41220000000007 servicePointLogicId=null staffId=45 workProfileId=15 servicePointName=null workProfileName=null userName=null fieldSources={branchId=event.parameters.branchId, servicePointId=event.parameters.servicePointId, staffId=event.parameters.userId, workProfileId=event.parameters.workProfileOrigId}
23 ��� 2026;10:10:13.832 [main] INFO  c.q.m.d.s.AutonomousMedicalExamAssignmentService - Start assignment cycle source=SET_WORK_PROFILE branchId=7 servicePointId=41220000000007 staffId=45 workProfileId=15 sources={branchId=event.parameters.branchId, servicePointId=event.parameters.servicePointId, staffId=event.parameters.userId, workProfileId=event.parameters.workProfileOrigId}
23 ��� 2026;10:10:13.833 [main] INFO  c.q.m.d.s.AutonomousMedicalExamAssignmentService - Doctor 45 available services=[301]
23 ��� 2026;10:10:13.833 [main] INFO  c.q.m.d.s.AutonomousMedicalExamAssignmentService - Visits in unknown-doctor queue 900 count=1
23 ��� 2026;10:10:13.833 [main] INFO  c.q.m.d.s.i.DefaultVisitAssignmentExecutor - Assign workflow start visit=5001 currentQueue=900 currentService=null selectedService=301 targetQueue=901 doctor=45 servicePoint=41220000000007 workProfile=15 trigger=SET_WORK_PROFILE
23 ��� 2026;10:10:13.833 [main] INFO  c.q.m.d.s.i.DefaultVisitAssignmentExecutor - Assign workflow transfer step visit=5001 sourceQueue=900 targetQueue=901 doctor=45 servicePoint=41220000000007 trigger=SET_WORK_PROFILE transferOnly=false
23 ��� 2026;10:10:13.833 [main] INFO  c.q.m.d.s.AutonomousMedicalExamAssignmentService - Visit 5001 matchFound=true selectedService=301 targetQueue=901 success=true reason=route-order-1
23 ��� 2026;10:10:13.833 [main] INFO  c.q.m.d.s.AutonomousMedicalExamAssignmentService - Finish assignment cycle source=SET_WORK_PROFILE branchId=7 processed=1
23 ��� 2026;10:10:13.835 [main] INFO  c.q.m.e.UserSessionReadinessCoordinator - Registered pending user session correlationKey=staffTx:1776327218753843 branchId=6 userId=1 servicePointId=120000000006 servicePointLogicId=1 staffTransactionId=1776327218753843 workProfileOrigId=14 workProfileName=test05
23 ��� 2026;10:10:13.836 [main] INFO  c.q.m.e.UserSessionReadinessCoordinator - Completed pending user session correlationKey=staffTx:1776327218753843 ageMs=1 sessionStartProfile=14 sessionStartProfileName=test05 settledProfile=7 settledProfileName=��������� selectedProfileSource=USER_SERVICE_POINT_SESSION_START servicePointId=120000000006 servicePointLogicId=1
23 ��� 2026;10:10:14.188 [main] INFO  c.q.m.c.s.OrchestraDataCacheUpdateService - Refresh caches for configured branches [7]
23 ��� 2026;10:10:14.188 [main] INFO  c.q.m.cache.BranchCacheUpdater - Start cache refresh for branch 7
23 ��� 2026;10:10:14.188 [main] INFO  c.q.m.cache.BranchCacheUpdater - Finish cache refresh for branch 7: services=2, queues=3, workProfiles=3, servicePoints=1, unknownDoctorQueueId=900, tookMs=0
23 ��� 2026;10:10:14.188 [main] INFO  c.q.m.e.UserSessionReadinessCoordinator - No pending user session found for SET_WORK_PROFILE correlationKey=fallback:7|45|41220000000007
23 ��� 2026;10:10:14.188 [main] INFO  c.q.m.d.s.i.DefaultLoggedDoctorContextResolver - Resolved doctor context source=WORK_PROFILE_EXPANDED branchId=7 servicePointId=41220000000007 servicePointLogicId=null staffId=45 workProfileId=16 servicePointName=������� 7 workProfileName=����������� userName=doctor-45 fieldSources={branchId=event.parameters.branchId, servicePointId=event.parameters.servicePointId, staffId=event.parameters.userId, workProfileId=event.parameters.workProfileOrigId, workProfileName=event.parameters.workProfileName, servicePointName=event.parameters.servicePointName, userName=event.parameters.userName/user}
23 ��� 2026;10:10:14.189 [main] INFO  c.q.m.e.WorkProfileExpansionTriggerEvaluator - Detected work-profile expansion during active session branchId=7 servicePointId=41220000000007 staffId=45 previousWorkProfileId=15 newWorkProfileId=16 previousServices=[301] newServices=[301, 302]
23 ��� 2026;10:10:14.189 [main] INFO  c.q.m.d.s.AutonomousMedicalExamAssignmentService - Start assignment cycle source=WORK_PROFILE_EXPANDED branchId=7 servicePointId=41220000000007 staffId=45 workProfileId=16 sources={branchId=event.parameters.branchId, servicePointId=event.parameters.servicePointId, staffId=event.parameters.userId, workProfileId=event.parameters.workProfileOrigId, workProfileName=event.parameters.workProfileName, servicePointName=event.parameters.servicePointName, userName=event.parameters.userName/user}
23 ��� 2026;10:10:14.189 [main] INFO  c.q.m.d.s.AutonomousMedicalExamAssignmentService - Doctor 45 available services=[301, 302]
23 ��� 2026;10:10:14.189 [main] INFO  c.q.m.d.s.AutonomousMedicalExamAssignmentService - Visits in unknown-doctor queue 900 count=1
23 ��� 2026;10:10:14.189 [main] INFO  c.q.m.d.s.i.DefaultVisitAssignmentExecutor - Assign workflow start visit=5001 currentQueue=900 currentService=72 selectedService=302 targetQueue=902 doctor=45 servicePoint=41220000000007 workProfile=16 trigger=WORK_PROFILE_EXPANDED
23 ��� 2026;10:10:14.190 [main] INFO  c.q.m.d.s.i.DefaultVisitAssignmentExecutor - Assign workflow transfer step visit=5001 sourceQueue=900 targetQueue=902 doctor=45 servicePoint=41220000000007 trigger=WORK_PROFILE_EXPANDED transferOnly=false
23 ��� 2026;10:10:14.190 [main] INFO  c.q.m.d.s.AutonomousMedicalExamAssignmentService - Visit 5001 matchFound=true selectedService=302 targetQueue=902 success=true reason=route-order-1
23 ��� 2026;10:10:14.190 [main] INFO  c.q.m.d.s.AutonomousMedicalExamAssignmentService - Finish assignment cycle source=WORK_PROFILE_EXPANDED branchId=7 processed=1
23 ��� 2026;10:10:14.192 [main] INFO  c.q.m.c.s.OrchestraDataCacheUpdateService - Refresh caches for configured branches [7]
23 ��� 2026;10:10:14.192 [main] INFO  c.q.m.cache.BranchCacheUpdater - Start cache refresh for branch 7
23 ��� 2026;10:10:14.192 [main] INFO  c.q.m.cache.BranchCacheUpdater - Finish cache refresh for branch 7: services=2, queues=3, workProfiles=3, servicePoints=1, unknownDoctorQueueId=900, tookMs=0
23 ��� 2026;10:10:14.193 [main] INFO  c.q.m.e.UserSessionReadinessCoordinator - No pending user session found for SET_WORK_PROFILE correlationKey=fallback:7|45|41220000000007
23 ��� 2026;10:10:14.193 [main] INFO  c.q.m.d.s.i.DefaultLoggedDoctorContextResolver - Resolved doctor context source=WORK_PROFILE_EXPANDED branchId=7 servicePointId=41220000000007 servicePointLogicId=null staffId=45 workProfileId=17 servicePointName=������� 7 workProfileName=�������� userName=doctor-45 fieldSources={branchId=event.parameters.branchId, servicePointId=event.parameters.servicePointId, staffId=event.parameters.userId, workProfileId=event.parameters.workProfileOrigId, workProfileName=event.parameters.workProfileName, servicePointName=event.parameters.servicePointName, userName=event.parameters.userName/user}
23 ��� 2026;10:10:14.194 [main] INFO  c.q.m.e.WorkProfileExpansionTriggerEvaluator - Skip work-profile expansion trigger because available services did not expand branchId=7 servicePointId=41220000000007 staffId=45 previousWorkProfileId=15 newWorkProfileId=17 previousServices=[301] newServices=[301]
23 ��� 2026;10:10:14.195 [main] INFO  c.q.m.e.DoctorAssignmentEventHandler - Skip raw SET_WORK_PROFILE because no matching USER_SERVICE_POINT_SESSION_START was found and raw trigger is disabled (reason=services-not-expanded)
23 ���. 2026;10:27:02.830 [main] DEBUG c.q.m.a.o.OrchestraSessionCookieStore - Mutation cookie replay is disabled for method PUT. Stored mutation cookies will not be sent.
23 ���. 2026;10:27:02.833 [main] DEBUG c.q.m.a.o.OrchestraSessionCookieStore - Mutation cookie replay is disabled for method POST. Stored mutation cookies will not be sent.
23 ���. 2026;10:27:02.869 [main] INFO  c.q.m.c.s.OrchestraDataCacheUpdateService - Refresh caches for configured branches [7]
23 ���. 2026;10:27:02.870 [main] INFO  c.q.m.cache.BranchCacheUpdater - Start cache refresh for branch 7
23 ���. 2026;10:27:02.871 [main] INFO  c.q.m.cache.BranchCacheUpdater - Finish cache refresh for branch 7: services=1, queues=2, workProfiles=1, servicePoints=1, unknownDoctorQueueId=900, tookMs=1
23 ���. 2026;10:27:02.874 [main] INFO  c.q.m.d.s.AutonomousMedicalExamAssignmentService - Start assignment cycle source=SERVICE_POINT_OPEN branchId=7 servicePointId=41220000000007 staffId=45 workProfileId=15 sources={branchId=test, servicePointId=test, staffId=test, workProfileId=test}
23 ���. 2026;10:27:02.875 [main] ERROR c.q.m.d.s.AutonomousMedicalExamAssignmentService - Activation step failed source=SERVICE_POINT_OPEN branchId=7 servicePointId=41220000000007 staffId=45 workProfileId=15: simulated activation failure for branch 7
com.qsystems.meddoctorassignment.domain.exception.MutationContextException: simulated activation failure for branch 7
	at com.qsystems.meddoctorassignment.support.InMemoryTestGateways.activate(InMemoryTestGateways.java:127)
	at com.qsystems.meddoctorassignment.domain.service.AutonomousMedicalExamAssignmentService.process(AutonomousMedicalExamAssignmentService.java:131)
	at com.qsystems.meddoctorassignment.AutonomousMedicalExamAssignmentServiceTest.abortsBeforeFirstVisitWhenActivationStepFails(AutonomousMedicalExamAssignmentServiceTest.java:156)
	at java.base/jdk.internal.reflect.NativeMethodAccessorImpl.invoke0(Native Method)
	at java.base/jdk.internal.reflect.NativeMethodAccessorImpl.invoke(NativeMethodAccessorImpl.java:77)
	at java.base/jdk.internal.reflect.DelegatingMethodAccessorImpl.invoke(DelegatingMethodAccessorImpl.java:43)
	at java.base/java.lang.reflect.Method.invoke(Method.java:569)
	at org.junit.platform.commons.util.ReflectionUtils.invokeMethod(ReflectionUtils.java:688)
	at org.junit.jupiter.engine.execution.MethodInvocation.proceed(MethodInvocation.java:60)
	at org.junit.jupiter.engine.execution.InvocationInterceptorChain$ValidatingInvocation.proceed(InvocationInterceptorChain.java:131)
	at org.junit.jupiter.engine.extension.TimeoutExtension.intercept(TimeoutExtension.java:149)
	at org.junit.jupiter.engine.extension.TimeoutExtension.interceptTestableMethod(TimeoutExtension.java:140)
	at org.junit.jupiter.engine.extension.TimeoutExtension.interceptTestMethod(TimeoutExtension.java:84)
	at org.junit.jupiter.engine.execution.ExecutableInvoker$ReflectiveInterceptorCall.lambda$ofVoidMethod$0(ExecutableInvoker.java:115)
	at org.junit.jupiter.engine.execution.ExecutableInvoker.lambda$invoke$0(ExecutableInvoker.java:105)
	at org.junit.jupiter.engine.execution.InvocationInterceptorChain$InterceptedInvocation.proceed(InvocationInterceptorChain.java:106)
	at org.junit.jupiter.engine.execution.InvocationInterceptorChain.proceed(InvocationInterceptorChain.java:64)
	at org.junit.jupiter.engine.execution.InvocationInterceptorChain.chainAndInvoke(InvocationInterceptorChain.java:45)
	at org.junit.jupiter.engine.execution.InvocationInterceptorChain.invoke(InvocationInterceptorChain.java:37)
	at org.junit.jupiter.engine.execution.ExecutableInvoker.invoke(ExecutableInvoker.java:104)
	at org.junit.jupiter.engine.execution.ExecutableInvoker.invoke(ExecutableInvoker.java:98)
	at org.junit.jupiter.engine.descriptor.TestMethodTestDescriptor.lambda$invokeTestMethod$6(TestMethodTestDescriptor.java:210)
	at org.junit.platform.engine.support.hierarchical.ThrowableCollector.execute(ThrowableCollector.java:73)
	at org.junit.jupiter.engine.descriptor.TestMethodTestDescriptor.invokeTestMethod(TestMethodTestDescriptor.java:206)
	at org.junit.jupiter.engine.descriptor.TestMethodTestDescriptor.execute(TestMethodTestDescriptor.java:131)
	at org.junit.jupiter.engine.descriptor.TestMethodTestDescriptor.execute(TestMethodTestDescriptor.java:65)
	at org.junit.platform.engine.support.hierarchical.NodeTestTask.lambda$executeRecursively$5(NodeTestTask.java:139)
	at org.junit.platform.engine.support.hierarchical.ThrowableCollector.execute(ThrowableCollector.java:73)
	at org.junit.platform.engine.support.hierarchical.NodeTestTask.lambda$executeRecursively$7(NodeTestTask.java:129)
	at org.junit.platform.engine.support.hierarchical.Node.around(Node.java:137)
	at org.junit.platform.engine.support.hierarchical.NodeTestTask.lambda$executeRecursively$8(NodeTestTask.java:127)
	at org.junit.platform.engine.support.hierarchical.ThrowableCollector.execute(ThrowableCollector.java:73)
	at org.junit.platform.engine.support.hierarchical.NodeTestTask.executeRecursively(NodeTestTask.java:126)
	at org.junit.platform.engine.support.hierarchical.NodeTestTask.execute(NodeTestTask.java:84)
	at java.base/java.util.ArrayList.forEach(ArrayList.java:1511)
	at org.junit.platform.engine.support.hierarchical.SameThreadHierarchicalTestExecutorService.invokeAll(SameThreadHierarchicalTestExecutorService.java:38)
	at org.junit.platform.engine.support.hierarchical.NodeTestTask.lambda$executeRecursively$5(NodeTestTask.java:143)
	at org.junit.platform.engine.support.hierarchical.ThrowableCollector.execute(ThrowableCollector.java:73)
	at org.junit.platform.engine.support.hierarchical.NodeTestTask.lambda$executeRecursively$7(NodeTestTask.java:129)
	at org.junit.platform.engine.support.hierarchical.Node.around(Node.java:137)
	at org.junit.platform.engine.support.hierarchical.NodeTestTask.lambda$executeRecursively$8(NodeTestTask.java:127)
	at org.junit.platform.engine.support.hierarchical.ThrowableCollector.execute(ThrowableCollector.java:73)
	at org.junit.platform.engine.support.hierarchical.NodeTestTask.executeRecursively(NodeTestTask.java:126)
	at org.junit.platform.engine.support.hierarchical.NodeTestTask.execute(NodeTestTask.java:84)
	at java.base/java.util.ArrayList.forEach(ArrayList.java:1511)
	at org.junit.platform.engine.support.hierarchical.SameThreadHierarchicalTestExecutorService.invokeAll(SameThreadHierarchicalTestExecutorService.java:38)
	at org.junit.platform.engine.support.hierarchical.NodeTestTask.lambda$executeRecursively$5(NodeTestTask.java:143)
	at org.junit.platform.engine.support.hierarchical.ThrowableCollector.execute(ThrowableCollector.java:73)
	at org.junit.platform.engine.support.hierarchical.NodeTestTask.lambda$executeRecursively$7(NodeTestTask.java:129)
	at org.junit.platform.engine.support.hierarchical.Node.around(Node.java:137)
	at org.junit.platform.engine.support.hierarchical.NodeTestTask.lambda$executeRecursively$8(NodeTestTask.java:127)
	at org.junit.platform.engine.support.hierarchical.ThrowableCollector.execute(ThrowableCollector.java:73)
	at org.junit.platform.engine.support.hierarchical.NodeTestTask.executeRecursively(NodeTestTask.java:126)
	at org.junit.platform.engine.support.hierarchical.NodeTestTask.execute(NodeTestTask.java:84)
	at org.junit.platform.engine.support.hierarchical.SameThreadHierarchicalTestExecutorService.submit(SameThreadHierarchicalTestExecutorService.java:32)
	at org.junit.platform.engine.support.hierarchical.HierarchicalTestExecutor.execute(HierarchicalTestExecutor.java:57)
	at org.junit.platform.engine.support.hierarchical.HierarchicalTestEngine.execute(HierarchicalTestEngine.java:51)
	at org.junit.platform.launcher.core.DefaultLauncher.execute(DefaultLauncher.java:220)
	at org.junit.platform.launcher.core.DefaultLauncher.lambda$execute$6(DefaultLauncher.java:188)
	at org.junit.platform.launcher.core.DefaultLauncher.withInterceptedStreams(DefaultLauncher.java:202)
	at org.junit.platform.launcher.core.DefaultLauncher.execute(DefaultLauncher.java:181)
	at org.junit.platform.launcher.core.DefaultLauncher.execute(DefaultLauncher.java:128)
	at org.apache.maven.surefire.junitplatform.JUnitPlatformProvider.invokeAllTests(JUnitPlatformProvider.java:150)
	at org.apache.maven.surefire.junitplatform.JUnitPlatformProvider.invoke(JUnitPlatformProvider.java:124)
	at org.apache.maven.surefire.booter.ForkedBooter.invokeProviderInSameClassLoader(ForkedBooter.java:384)
	at org.apache.maven.surefire.booter.ForkedBooter.runSuitesInProcess(ForkedBooter.java:345)
	at org.apache.maven.surefire.booter.ForkedBooter.execute(ForkedBooter.java:126)
	at org.apache.maven.surefire.booter.ForkedBooter.main(ForkedBooter.java:418)
23 ���. 2026;10:27:02.878 [main] WARN  c.q.m.d.s.AutonomousMedicalExamAssignmentService - Abort assignment cycle source=SERVICE_POINT_OPEN branchId=7 before first visit because activation step did not produce a valid mutating context: simulated activation failure for branch 7
23 ���. 2026;10:27:02.879 [main] INFO  c.q.m.c.s.OrchestraDataCacheUpdateService - Refresh caches for configured branches [7]
23 ���. 2026;10:27:02.879 [main] INFO  c.q.m.cache.BranchCacheUpdater - Start cache refresh for branch 7
23 ���. 2026;10:27:02.880 [main] INFO  c.q.m.cache.BranchCacheUpdater - Finish cache refresh for branch 7: services=1, queues=2, workProfiles=1, servicePoints=1, unknownDoctorQueueId=900, tookMs=1
23 ���. 2026;10:27:02.880 [main] INFO  c.q.m.d.s.AutonomousMedicalExamAssignmentService - Start assignment cycle source=SERVICE_POINT_OPEN branchId=7 servicePointId=41220000000007 staffId=45 workProfileId=15 sources={branchId=test, servicePointId=test, staffId=test, workProfileId=test}
23 ���. 2026;10:27:02.880 [main] INFO  c.q.m.d.s.AutonomousMedicalExamAssignmentService - Doctor 45 available services=[301]
23 ���. 2026;10:27:02.880 [main] INFO  c.q.m.d.s.AutonomousMedicalExamAssignmentService - Visits in unknown-doctor queue 900 count=1
23 ���. 2026;10:27:02.883 [main] INFO  c.q.m.d.s.i.DefaultVisitAssignmentExecutor - Assign workflow start visit=1500 currentQueue=900 currentService=301 selectedService=301 targetQueue=901 doctor=45 servicePoint=41220000000007 workProfile=15 trigger=SERVICE_POINT_OPEN
23 ���. 2026;10:27:02.883 [main] INFO  c.q.m.d.s.i.DefaultVisitAssignmentExecutor - Skip redundant assign for visit=1500 because currentService=301 already matches selectedService=301 and workflow can continue with transfer-only
23 ���. 2026;10:27:02.884 [main] INFO  c.q.m.d.s.i.DefaultVisitAssignmentExecutor - Assign workflow transfer step visit=1500 sourceQueue=900 targetQueue=901 doctor=45 servicePoint=41220000000007 trigger=SERVICE_POINT_OPEN transferOnly=true
23 ���. 2026;10:27:02.884 [main] INFO  c.q.m.d.s.AutonomousMedicalExamAssignmentService - Visit 1500 matchFound=true selectedService=301 targetQueue=901 success=true reason=route-order-1
23 ���. 2026;10:27:02.884 [main] INFO  c.q.m.d.s.AutonomousMedicalExamAssignmentService - Finish assignment cycle source=SERVICE_POINT_OPEN branchId=7 processed=1
23 ���. 2026;10:27:02.885 [main] INFO  c.q.m.c.s.OrchestraDataCacheUpdateService - Refresh caches for configured branches [7]
23 ���. 2026;10:27:02.885 [main] INFO  c.q.m.cache.BranchCacheUpdater - Start cache refresh for branch 7
23 ���. 2026;10:27:02.885 [main] INFO  c.q.m.cache.BranchCacheUpdater - Finish cache refresh for branch 7: services=1, queues=2, workProfiles=1, servicePoints=1, unknownDoctorQueueId=900, tookMs=0
23 ���. 2026;10:27:02.885 [main] INFO  c.q.m.d.s.AutonomousMedicalExamAssignmentService - Start assignment cycle source=SERVICE_POINT_OPEN branchId=7 servicePointId=41220000000007 staffId=45 workProfileId=15 sources={branchId=test, servicePointId=test, staffId=test, workProfileId=test}
23 ���. 2026;10:27:02.885 [main] INFO  c.q.m.d.s.AutonomousMedicalExamAssignmentService - Doctor 45 available services=[301]
23 ���. 2026;10:27:02.886 [main] INFO  c.q.m.d.s.AutonomousMedicalExamAssignmentService - Visits in unknown-doctor queue 900 count=0
23 ���. 2026;10:27:02.886 [main] INFO  c.q.m.d.s.AutonomousMedicalExamAssignmentService - Finish assignment cycle source=SERVICE_POINT_OPEN branchId=7 processed=0
23 ���. 2026;10:27:02.886 [main] INFO  c.q.m.c.s.OrchestraDataCacheUpdateService - Refresh caches for configured branches [7]
23 ���. 2026;10:27:02.886 [main] INFO  c.q.m.cache.BranchCacheUpdater - Start cache refresh for branch 7
23 ���. 2026;10:27:02.887 [main] INFO  c.q.m.cache.BranchCacheUpdater - Finish cache refresh for branch 7: services=1, queues=2, workProfiles=1, servicePoints=1, unknownDoctorQueueId=900, tookMs=1
23 ���. 2026;10:27:02.887 [main] INFO  c.q.m.d.s.AutonomousMedicalExamAssignmentService - Start assignment cycle source=SERVICE_POINT_OPEN branchId=7 servicePointId=41220000000007 staffId=45 workProfileId=15 sources={branchId=test, servicePointId=test, staffId=test, workProfileId=test}
23 ���. 2026;10:27:02.887 [main] INFO  c.q.m.d.s.AutonomousMedicalExamAssignmentService - Doctor 45 available services=[301]
23 ���. 2026;10:27:02.887 [main] INFO  c.q.m.d.s.AutonomousMedicalExamAssignmentService - Visits in unknown-doctor queue 900 count=1
23 ���. 2026;10:27:02.887 [main] INFO  c.q.m.d.s.i.DefaultVisitAssignmentExecutor - Assign workflow start visit=1001 currentQueue=900 currentService=null selectedService=301 targetQueue=901 doctor=45 servicePoint=41220000000007 workProfile=15 trigger=SERVICE_POINT_OPEN
23 ���. 2026;10:27:02.887 [main] INFO  c.q.m.d.s.i.DefaultVisitAssignmentExecutor - Assign workflow transfer step visit=1001 sourceQueue=900 targetQueue=901 doctor=45 servicePoint=41220000000007 trigger=SERVICE_POINT_OPEN transferOnly=false
23 ���. 2026;10:27:02.888 [main] INFO  c.q.m.d.s.AutonomousMedicalExamAssignmentService - Visit 1001 matchFound=true selectedService=301 targetQueue=901 success=true reason=route-order-1
23 ���. 2026;10:27:02.888 [main] INFO  c.q.m.d.s.AutonomousMedicalExamAssignmentService - Finish assignment cycle source=SERVICE_POINT_OPEN branchId=7 processed=1
23 ���. 2026;10:27:02.888 [main] INFO  c.q.m.c.s.OrchestraDataCacheUpdateService - Refresh caches for configured branches [7]
23 ���. 2026;10:27:02.888 [main] INFO  c.q.m.cache.BranchCacheUpdater - Start cache refresh for branch 7
23 ���. 2026;10:27:02.889 [main] INFO  c.q.m.cache.BranchCacheUpdater - Finish cache refresh for branch 7: services=1, queues=2, workProfiles=1, servicePoints=1, unknownDoctorQueueId=900, tookMs=1
23 ���. 2026;10:27:02.889 [main] INFO  c.q.m.d.s.AutonomousMedicalExamAssignmentService - Start assignment cycle source=SERVICE_POINT_OPEN branchId=7 servicePointId=41220000000007 staffId=45 workProfileId=15 sources={branchId=test, servicePointId=test, staffId=test, workProfileId=test}
23 ���. 2026;10:27:02.889 [main] INFO  c.q.m.d.s.AutonomousMedicalExamAssignmentService - Doctor 45 available services=[301]
23 ���. 2026;10:27:02.889 [main] INFO  c.q.m.d.s.AutonomousMedicalExamAssignmentService - Visits in unknown-doctor queue 900 count=2
23 ���. 2026;10:27:02.889 [main] INFO  c.q.m.d.s.i.DefaultVisitAssignmentExecutor - Assign workflow start visit=3001 currentQueue=900 currentService=null selectedService=301 targetQueue=901 doctor=45 servicePoint=41220000000007 workProfile=15 trigger=SERVICE_POINT_OPEN
23 ���. 2026;10:27:02.890 [main] ERROR c.q.m.d.s.AutonomousMedicalExamAssignmentService - Failed to process visit 3001 in branch 7: simulated inactive operator context for visit 3001
com.qsystems.meddoctorassignment.domain.exception.MutationContextException: simulated inactive operator context for visit 3001
	at com.qsystems.meddoctorassignment.support.InMemoryTestGateways.assignServiceToVisit(InMemoryTestGateways.java:134)
	at com.qsystems.meddoctorassignment.domain.service.impl.DefaultVisitAssignmentExecutor.assign(DefaultVisitAssignmentExecutor.java:87)
	at com.qsystems.meddoctorassignment.domain.service.AutonomousMedicalExamAssignmentService.process(AutonomousMedicalExamAssignmentService.java:190)
	at com.qsystems.meddoctorassignment.AutonomousMedicalExamAssignmentServiceTest.abortsRemainingVisitsWhenAssignDetectsInvalidMutationContext(AutonomousMedicalExamAssignmentServiceTest.java:136)
	at java.base/jdk.internal.reflect.NativeMethodAccessorImpl.invoke0(Native Method)
	at java.base/jdk.internal.reflect.NativeMethodAccessorImpl.invoke(NativeMethodAccessorImpl.java:77)
	at java.base/jdk.internal.reflect.DelegatingMethodAccessorImpl.invoke(DelegatingMethodAccessorImpl.java:43)
	at java.base/java.lang.reflect.Method.invoke(Method.java:569)
	at org.junit.platform.commons.util.ReflectionUtils.invokeMethod(ReflectionUtils.java:688)
	at org.junit.jupiter.engine.execution.MethodInvocation.proceed(MethodInvocation.java:60)
	at org.junit.jupiter.engine.execution.InvocationInterceptorChain$ValidatingInvocation.proceed(InvocationInterceptorChain.java:131)
	at org.junit.jupiter.engine.extension.TimeoutExtension.intercept(TimeoutExtension.java:149)
	at org.junit.jupiter.engine.extension.TimeoutExtension.interceptTestableMethod(TimeoutExtension.java:140)
	at org.junit.jupiter.engine.extension.TimeoutExtension.interceptTestMethod(TimeoutExtension.java:84)
	at org.junit.jupiter.engine.execution.ExecutableInvoker$ReflectiveInterceptorCall.lambda$ofVoidMethod$0(ExecutableInvoker.java:115)
	at org.junit.jupiter.engine.execution.ExecutableInvoker.lambda$invoke$0(ExecutableInvoker.java:105)
	at org.junit.jupiter.engine.execution.InvocationInterceptorChain$InterceptedInvocation.proceed(InvocationInterceptorChain.java:106)
	at org.junit.jupiter.engine.execution.InvocationInterceptorChain.proceed(InvocationInterceptorChain.java:64)
	at org.junit.jupiter.engine.execution.InvocationInterceptorChain.chainAndInvoke(InvocationInterceptorChain.java:45)
	at org.junit.jupiter.engine.execution.InvocationInterceptorChain.invoke(InvocationInterceptorChain.java:37)
	at org.junit.jupiter.engine.execution.ExecutableInvoker.invoke(ExecutableInvoker.java:104)
	at org.junit.jupiter.engine.execution.ExecutableInvoker.invoke(ExecutableInvoker.java:98)
	at org.junit.jupiter.engine.descriptor.TestMethodTestDescriptor.lambda$invokeTestMethod$6(TestMethodTestDescriptor.java:210)
	at org.junit.platform.engine.support.hierarchical.ThrowableCollector.execute(ThrowableCollector.java:73)
	at org.junit.jupiter.engine.descriptor.TestMethodTestDescriptor.invokeTestMethod(TestMethodTestDescriptor.java:206)
	at org.junit.jupiter.engine.descriptor.TestMethodTestDescriptor.execute(TestMethodTestDescriptor.java:131)
	at org.junit.jupiter.engine.descriptor.TestMethodTestDescriptor.execute(TestMethodTestDescriptor.java:65)
	at org.junit.platform.engine.support.hierarchical.NodeTestTask.lambda$executeRecursively$5(NodeTestTask.java:139)
	at org.junit.platform.engine.support.hierarchical.ThrowableCollector.execute(ThrowableCollector.java:73)
	at org.junit.platform.engine.support.hierarchical.NodeTestTask.lambda$executeRecursively$7(NodeTestTask.java:129)
	at org.junit.platform.engine.support.hierarchical.Node.around(Node.java:137)
	at org.junit.platform.engine.support.hierarchical.NodeTestTask.lambda$executeRecursively$8(NodeTestTask.java:127)
	at org.junit.platform.engine.support.hierarchical.ThrowableCollector.execute(ThrowableCollector.java:73)
	at org.junit.platform.engine.support.hierarchical.NodeTestTask.executeRecursively(NodeTestTask.java:126)
	at org.junit.platform.engine.support.hierarchical.NodeTestTask.execute(NodeTestTask.java:84)
	at java.base/java.util.ArrayList.forEach(ArrayList.java:1511)
	at org.junit.platform.engine.support.hierarchical.SameThreadHierarchicalTestExecutorService.invokeAll(SameThreadHierarchicalTestExecutorService.java:38)
	at org.junit.platform.engine.support.hierarchical.NodeTestTask.lambda$executeRecursively$5(NodeTestTask.java:143)
	at org.junit.platform.engine.support.hierarchical.ThrowableCollector.execute(ThrowableCollector.java:73)
	at org.junit.platform.engine.support.hierarchical.NodeTestTask.lambda$executeRecursively$7(NodeTestTask.java:129)
	at org.junit.platform.engine.support.hierarchical.Node.around(Node.java:137)
	at org.junit.platform.engine.support.hierarchical.NodeTestTask.lambda$executeRecursively$8(NodeTestTask.java:127)
	at org.junit.platform.engine.support.hierarchical.ThrowableCollector.execute(ThrowableCollector.java:73)
	at org.junit.platform.engine.support.hierarchical.NodeTestTask.executeRecursively(NodeTestTask.java:126)
	at org.junit.platform.engine.support.hierarchical.NodeTestTask.execute(NodeTestTask.java:84)
	at java.base/java.util.ArrayList.forEach(ArrayList.java:1511)
	at org.junit.platform.engine.support.hierarchical.SameThreadHierarchicalTestExecutorService.invokeAll(SameThreadHierarchicalTestExecutorService.java:38)
	at org.junit.platform.engine.support.hierarchical.NodeTestTask.lambda$executeRecursively$5(NodeTestTask.java:143)
	at org.junit.platform.engine.support.hierarchical.ThrowableCollector.execute(ThrowableCollector.java:73)
	at org.junit.platform.engine.support.hierarchical.NodeTestTask.lambda$executeRecursively$7(NodeTestTask.java:129)
	at org.junit.platform.engine.support.hierarchical.Node.around(Node.java:137)
	at org.junit.platform.engine.support.hierarchical.NodeTestTask.lambda$executeRecursively$8(NodeTestTask.java:127)
	at org.junit.platform.engine.support.hierarchical.ThrowableCollector.execute(ThrowableCollector.java:73)
	at org.junit.platform.engine.support.hierarchical.NodeTestTask.executeRecursively(NodeTestTask.java:126)
	at org.junit.platform.engine.support.hierarchical.NodeTestTask.execute(NodeTestTask.java:84)
	at org.junit.platform.engine.support.hierarchical.SameThreadHierarchicalTestExecutorService.submit(SameThreadHierarchicalTestExecutorService.java:32)
	at org.junit.platform.engine.support.hierarchical.HierarchicalTestExecutor.execute(HierarchicalTestExecutor.java:57)
	at org.junit.platform.engine.support.hierarchical.HierarchicalTestEngine.execute(HierarchicalTestEngine.java:51)
	at org.junit.platform.launcher.core.DefaultLauncher.execute(DefaultLauncher.java:220)
	at org.junit.platform.launcher.core.DefaultLauncher.lambda$execute$6(DefaultLauncher.java:188)
	at org.junit.platform.launcher.core.DefaultLauncher.withInterceptedStreams(DefaultLauncher.java:202)
	at org.junit.platform.launcher.core.DefaultLauncher.execute(DefaultLauncher.java:181)
	at org.junit.platform.launcher.core.DefaultLauncher.execute(DefaultLauncher.java:128)
	at org.apache.maven.surefire.junitplatform.JUnitPlatformProvider.invokeAllTests(JUnitPlatformProvider.java:150)
	at org.apache.maven.surefire.junitplatform.JUnitPlatformProvider.invoke(JUnitPlatformProvider.java:124)
	at org.apache.maven.surefire.booter.ForkedBooter.invokeProviderInSameClassLoader(ForkedBooter.java:384)
	at org.apache.maven.surefire.booter.ForkedBooter.runSuitesInProcess(ForkedBooter.java:345)
	at org.apache.maven.surefire.booter.ForkedBooter.execute(ForkedBooter.java:126)
	at org.apache.maven.surefire.booter.ForkedBooter.main(ForkedBooter.java:418)
23 ���. 2026;10:27:02.891 [main] WARN  c.q.m.d.s.AutonomousMedicalExamAssignmentService - Abort assignment cycle source=SERVICE_POINT_OPEN branchId=7 after visit 3001 because mutating context is invalid: simulated inactive operator context for visit 3001
23 ���. 2026;10:27:02.891 [main] INFO  c.q.m.d.s.AutonomousMedicalExamAssignmentService - Finish assignment cycle source=SERVICE_POINT_OPEN branchId=7 processed=0
23 ���. 2026;10:27:02.892 [main] INFO  c.q.m.c.s.OrchestraDataCacheUpdateService - Refresh caches for configured branches [7]
23 ���. 2026;10:27:02.892 [main] INFO  c.q.m.cache.BranchCacheUpdater - Start cache refresh for branch 7
23 ���. 2026;10:27:02.892 [main] INFO  c.q.m.cache.BranchCacheUpdater - Finish cache refresh for branch 7: services=1, queues=2, workProfiles=1, servicePoints=1, unknownDoctorQueueId=900, tookMs=0
23 ���. 2026;10:27:02.892 [main] INFO  c.q.m.d.s.AutonomousMedicalExamAssignmentService - Start assignment cycle source=SERVICE_POINT_OPEN branchId=7 servicePointId=41220000000007 staffId=45 workProfileId=15 sources={branchId=test, servicePointId=test, staffId=test, workProfileId=test}
23 ���. 2026;10:27:02.892 [main] INFO  c.q.m.d.s.AutonomousMedicalExamAssignmentService - Doctor 45 available services=[301]
23 ���. 2026;10:27:02.892 [main] INFO  c.q.m.d.s.AutonomousMedicalExamAssignmentService - Visits in unknown-doctor queue 900 count=1
23 ���. 2026;10:27:02.893 [main] INFO  c.q.m.d.s.AutonomousMedicalExamAssignmentService - Visit 1002 has no matching unserved service for doctor 45
23 ���. 2026;10:27:02.893 [main] INFO  c.q.m.d.s.AutonomousMedicalExamAssignmentService - Finish assignment cycle source=SERVICE_POINT_OPEN branchId=7 processed=0
23 ���. 2026;10:27:02.893 [main] INFO  c.q.m.c.s.OrchestraDataCacheUpdateService - Refresh caches for configured branches [7]
23 ���. 2026;10:27:02.894 [main] INFO  c.q.m.cache.BranchCacheUpdater - Start cache refresh for branch 7
23 ���. 2026;10:27:02.894 [main] INFO  c.q.m.cache.BranchCacheUpdater - Finish cache refresh for branch 7: services=1, queues=2, workProfiles=1, servicePoints=1, unknownDoctorQueueId=900, tookMs=0
23 ���. 2026;10:27:02.895 [main] INFO  c.q.m.d.s.AutonomousMedicalExamAssignmentService - Start assignment cycle source=SERVICE_POINT_OPEN branchId=7 servicePointId=41220000000007 staffId=45 workProfileId=15 sources={branchId=test, servicePointId=test, staffId=test, workProfileId=test}
23 ���. 2026;10:27:02.895 [main] INFO  c.q.m.d.s.AutonomousMedicalExamAssignmentService - Doctor 45 available services=[301]
23 ���. 2026;10:27:02.895 [main] INFO  c.q.m.d.s.AutonomousMedicalExamAssignmentService - Visits in unknown-doctor queue 900 count=2
23 ���. 2026;10:27:02.896 [main] ERROR c.q.m.d.s.AutonomousMedicalExamAssignmentService - Failed to process visit 2001 in branch 7: simulated downstream failure
java.lang.IllegalStateException: simulated downstream failure
	at com.qsystems.meddoctorassignment.support.InMemoryTestGateways.getVisitDetails(InMemoryTestGateways.java:115)
	at com.qsystems.meddoctorassignment.domain.service.impl.DefaultVisitRouteAnalyzer.analyze(DefaultVisitRouteAnalyzer.java:22)
	at com.qsystems.meddoctorassignment.domain.service.AutonomousMedicalExamAssignmentService.process(AutonomousMedicalExamAssignmentService.java:182)
	at com.qsystems.meddoctorassignment.AutonomousMedicalExamAssignmentServiceTest.continuesWhenOneVisitFailsAndProcessesNextOne(AutonomousMedicalExamAssignmentServiceTest.java:113)
	at java.base/jdk.internal.reflect.NativeMethodAccessorImpl.invoke0(Native Method)
	at java.base/jdk.internal.reflect.NativeMethodAccessorImpl.invoke(NativeMethodAccessorImpl.java:77)
	at java.base/jdk.internal.reflect.DelegatingMethodAccessorImpl.invoke(DelegatingMethodAccessorImpl.java:43)
	at java.base/java.lang.reflect.Method.invoke(Method.java:569)
	at org.junit.platform.commons.util.ReflectionUtils.invokeMethod(ReflectionUtils.java:688)
	at org.junit.jupiter.engine.execution.MethodInvocation.proceed(MethodInvocation.java:60)
	at org.junit.jupiter.engine.execution.InvocationInterceptorChain$ValidatingInvocation.proceed(InvocationInterceptorChain.java:131)
	at org.junit.jupiter.engine.extension.TimeoutExtension.intercept(TimeoutExtension.java:149)
	at org.junit.jupiter.engine.extension.TimeoutExtension.interceptTestableMethod(TimeoutExtension.java:140)
	at org.junit.jupiter.engine.extension.TimeoutExtension.interceptTestMethod(TimeoutExtension.java:84)
	at org.junit.jupiter.engine.execution.ExecutableInvoker$ReflectiveInterceptorCall.lambda$ofVoidMethod$0(ExecutableInvoker.java:115)
	at org.junit.jupiter.engine.execution.ExecutableInvoker.lambda$invoke$0(ExecutableInvoker.java:105)
	at org.junit.jupiter.engine.execution.InvocationInterceptorChain$InterceptedInvocation.proceed(InvocationInterceptorChain.java:106)
	at org.junit.jupiter.engine.execution.InvocationInterceptorChain.proceed(InvocationInterceptorChain.java:64)
	at org.junit.jupiter.engine.execution.InvocationInterceptorChain.chainAndInvoke(InvocationInterceptorChain.java:45)
	at org.junit.jupiter.engine.execution.InvocationInterceptorChain.invoke(InvocationInterceptorChain.java:37)
	at org.junit.jupiter.engine.execution.ExecutableInvoker.invoke(ExecutableInvoker.java:104)
	at org.junit.jupiter.engine.execution.ExecutableInvoker.invoke(ExecutableInvoker.java:98)
	at org.junit.jupiter.engine.descriptor.TestMethodTestDescriptor.lambda$invokeTestMethod$6(TestMethodTestDescriptor.java:210)
	at org.junit.platform.engine.support.hierarchical.ThrowableCollector.execute(ThrowableCollector.java:73)
	at org.junit.jupiter.engine.descriptor.TestMethodTestDescriptor.invokeTestMethod(TestMethodTestDescriptor.java:206)
	at org.junit.jupiter.engine.descriptor.TestMethodTestDescriptor.execute(TestMethodTestDescriptor.java:131)
	at org.junit.jupiter.engine.descriptor.TestMethodTestDescriptor.execute(TestMethodTestDescriptor.java:65)
	at org.junit.platform.engine.support.hierarchical.NodeTestTask.lambda$executeRecursively$5(NodeTestTask.java:139)
	at org.junit.platform.engine.support.hierarchical.ThrowableCollector.execute(ThrowableCollector.java:73)
	at org.junit.platform.engine.support.hierarchical.NodeTestTask.lambda$executeRecursively$7(NodeTestTask.java:129)
	at org.junit.platform.engine.support.hierarchical.Node.around(Node.java:137)
	at org.junit.platform.engine.support.hierarchical.NodeTestTask.lambda$executeRecursively$8(NodeTestTask.java:127)
	at org.junit.platform.engine.support.hierarchical.ThrowableCollector.execute(ThrowableCollector.java:73)
	at org.junit.platform.engine.support.hierarchical.NodeTestTask.executeRecursively(NodeTestTask.java:126)
	at org.junit.platform.engine.support.hierarchical.NodeTestTask.execute(NodeTestTask.java:84)
	at java.base/java.util.ArrayList.forEach(ArrayList.java:1511)
	at org.junit.platform.engine.support.hierarchical.SameThreadHierarchicalTestExecutorService.invokeAll(SameThreadHierarchicalTestExecutorService.java:38)
	at org.junit.platform.engine.support.hierarchical.NodeTestTask.lambda$executeRecursively$5(NodeTestTask.java:143)
	at org.junit.platform.engine.support.hierarchical.ThrowableCollector.execute(ThrowableCollector.java:73)
	at org.junit.platform.engine.support.hierarchical.NodeTestTask.lambda$executeRecursively$7(NodeTestTask.java:129)
	at org.junit.platform.engine.support.hierarchical.Node.around(Node.java:137)
	at org.junit.platform.engine.support.hierarchical.NodeTestTask.lambda$executeRecursively$8(NodeTestTask.java:127)
	at org.junit.platform.engine.support.hierarchical.ThrowableCollector.execute(ThrowableCollector.java:73)
	at org.junit.platform.engine.support.hierarchical.NodeTestTask.executeRecursively(NodeTestTask.java:126)
	at org.junit.platform.engine.support.hierarchical.NodeTestTask.execute(NodeTestTask.java:84)
	at java.base/java.util.ArrayList.forEach(ArrayList.java:1511)
	at org.junit.platform.engine.support.hierarchical.SameThreadHierarchicalTestExecutorService.invokeAll(SameThreadHierarchicalTestExecutorService.java:38)
	at org.junit.platform.engine.support.hierarchical.NodeTestTask.lambda$executeRecursively$5(NodeTestTask.java:143)
	at org.junit.platform.engine.support.hierarchical.ThrowableCollector.execute(ThrowableCollector.java:73)
	at org.junit.platform.engine.support.hierarchical.NodeTestTask.lambda$executeRecursively$7(NodeTestTask.java:129)
	at org.junit.platform.engine.support.hierarchical.Node.around(Node.java:137)
	at org.junit.platform.engine.support.hierarchical.NodeTestTask.lambda$executeRecursively$8(NodeTestTask.java:127)
	at org.junit.platform.engine.support.hierarchical.ThrowableCollector.execute(ThrowableCollector.java:73)
	at org.junit.platform.engine.support.hierarchical.NodeTestTask.executeRecursively(NodeTestTask.java:126)
	at org.junit.platform.engine.support.hierarchical.NodeTestTask.execute(NodeTestTask.java:84)
	at org.junit.platform.engine.support.hierarchical.SameThreadHierarchicalTestExecutorService.submit(SameThreadHierarchicalTestExecutorService.java:32)
	at org.junit.platform.engine.support.hierarchical.HierarchicalTestExecutor.execute(HierarchicalTestExecutor.java:57)
	at org.junit.platform.engine.support.hierarchical.HierarchicalTestEngine.execute(HierarchicalTestEngine.java:51)
	at org.junit.platform.launcher.core.DefaultLauncher.execute(DefaultLauncher.java:220)
	at org.junit.platform.launcher.core.DefaultLauncher.lambda$execute$6(DefaultLauncher.java:188)
	at org.junit.platform.launcher.core.DefaultLauncher.withInterceptedStreams(DefaultLauncher.java:202)
	at org.junit.platform.launcher.core.DefaultLauncher.execute(DefaultLauncher.java:181)
	at org.junit.platform.launcher.core.DefaultLauncher.execute(DefaultLauncher.java:128)
	at org.apache.maven.surefire.junitplatform.JUnitPlatformProvider.invokeAllTests(JUnitPlatformProvider.java:150)
	at org.apache.maven.surefire.junitplatform.JUnitPlatformProvider.invoke(JUnitPlatformProvider.java:124)
	at org.apache.maven.surefire.booter.ForkedBooter.invokeProviderInSameClassLoader(ForkedBooter.java:384)
	at org.apache.maven.surefire.booter.ForkedBooter.runSuitesInProcess(ForkedBooter.java:345)
	at org.apache.maven.surefire.booter.ForkedBooter.execute(ForkedBooter.java:126)
	at org.apache.maven.surefire.booter.ForkedBooter.main(ForkedBooter.java:418)
23 ���. 2026;10:27:02.897 [main] INFO  c.q.m.d.s.i.DefaultVisitAssignmentExecutor - Assign workflow start visit=2002 currentQueue=900 currentService=null selectedService=301 targetQueue=901 doctor=45 servicePoint=41220000000007 workProfile=15 trigger=SERVICE_POINT_OPEN
23 ���. 2026;10:27:02.898 [main] INFO  c.q.m.d.s.i.DefaultVisitAssignmentExecutor - Assign workflow transfer step visit=2002 sourceQueue=900 targetQueue=901 doctor=45 servicePoint=41220000000007 trigger=SERVICE_POINT_OPEN transferOnly=false
23 ���. 2026;10:27:02.898 [main] INFO  c.q.m.d.s.AutonomousMedicalExamAssignmentService - Visit 2002 matchFound=true selectedService=301 targetQueue=901 success=true reason=route-order-1
23 ���. 2026;10:27:02.898 [main] INFO  c.q.m.d.s.AutonomousMedicalExamAssignmentService - Finish assignment cycle source=SERVICE_POINT_OPEN branchId=7 processed=1
23 ���. 2026;10:27:02.907 [main] INFO  c.q.m.c.s.OrchestraDataCacheUpdateService - Refresh caches for configured branches [7]
23 ���. 2026;10:27:02.908 [main] INFO  c.q.m.cache.BranchCacheUpdater - Start cache refresh for branch 7
23 ���. 2026;10:27:02.908 [main] INFO  c.q.m.cache.BranchCacheUpdater - Finish cache refresh for branch 7: services=1, queues=2, workProfiles=1, servicePoints=1, unknownDoctorQueueId=900, tookMs=0
23 ���. 2026;10:27:02.910 [main] INFO  c.q.m.e.UserSessionReadinessCoordinator - Registered pending user session correlationKey=staffTx:123456789 branchId=7 userId=45 servicePointId=41220000000007 servicePointLogicId=901 staffTransactionId=123456789 workProfileOrigId=15 workProfileName=null
23 ���. 2026;10:27:02.912 [main] INFO  c.q.m.c.s.OrchestraDataCacheUpdateService - Refresh caches for configured branches [7]
23 ���. 2026;10:27:02.912 [main] INFO  c.q.m.cache.BranchCacheUpdater - Start cache refresh for branch 7
23 ���. 2026;10:27:02.912 [main] INFO  c.q.m.cache.BranchCacheUpdater - Finish cache refresh for branch 7: services=1, queues=2, workProfiles=1, servicePoints=1, unknownDoctorQueueId=900, tookMs=0
23 ���. 2026;10:27:02.912 [main] INFO  c.q.m.e.UserSessionReadinessCoordinator - Registered pending user session correlationKey=staffTx:123456789 branchId=7 userId=45 servicePointId=41220000000007 servicePointLogicId=901 staffTransactionId=123456789 workProfileOrigId=15 workProfileName=null
23 ���. 2026;10:27:02.913 [main] INFO  c.q.m.e.UserSessionReadinessCoordinator - Completed pending user session correlationKey=staffTx:123456789 ageMs=1 sessionStartProfile=15 sessionStartProfileName=null settledProfile=15 settledProfileName=null selectedProfileSource=USER_SERVICE_POINT_SESSION_START servicePointId=41220000000007 servicePointLogicId=901
23 ���. 2026;10:27:02.914 [main] INFO  c.q.m.d.s.i.DefaultLoggedDoctorContextResolver - Resolved doctor context source=USER_SESSION_READY branchId=7 servicePointId=41220000000007 servicePointLogicId=901 staffId=45 workProfileId=15 servicePointName=null workProfileName=null userName=null fieldSources={branchId=event.parameters.branchId, servicePointId=event.parameters.servicePointId, servicePointLogicId=event.parameters.servicePointLogicId, staffId=event.parameters.userId, workProfileId=event.parameters.workProfileOrigId}
23 ���. 2026;10:27:02.914 [main] INFO  c.q.m.d.s.AutonomousMedicalExamAssignmentService - Start assignment cycle source=USER_SESSION_READY branchId=7 servicePointId=41220000000007 staffId=45 workProfileId=15 sources={branchId=event.parameters.branchId, servicePointId=event.parameters.servicePointId, servicePointLogicId=event.parameters.servicePointLogicId, staffId=event.parameters.userId, workProfileId=event.parameters.workProfileOrigId}
23 ���. 2026;10:27:02.915 [main] INFO  c.q.m.d.s.AutonomousMedicalExamAssignmentService - Doctor 45 available services=[301]
23 ���. 2026;10:27:02.915 [main] INFO  c.q.m.d.s.AutonomousMedicalExamAssignmentService - Visits in unknown-doctor queue 900 count=1
23 ���. 2026;10:27:02.915 [main] INFO  c.q.m.d.s.i.DefaultVisitAssignmentExecutor - Assign workflow start visit=5001 currentQueue=900 currentService=null selectedService=301 targetQueue=901 doctor=45 servicePoint=41220000000007 workProfile=15 trigger=USER_SESSION_READY
23 ���. 2026;10:27:02.915 [main] INFO  c.q.m.d.s.i.DefaultVisitAssignmentExecutor - Assign workflow transfer step visit=5001 sourceQueue=900 targetQueue=901 doctor=45 servicePoint=41220000000007 trigger=USER_SESSION_READY transferOnly=false
23 ���. 2026;10:27:02.915 [main] INFO  c.q.m.d.s.AutonomousMedicalExamAssignmentService - Visit 5001 matchFound=true selectedService=301 targetQueue=901 success=true reason=route-order-1
23 ���. 2026;10:27:02.915 [main] INFO  c.q.m.d.s.AutonomousMedicalExamAssignmentService - Finish assignment cycle source=USER_SESSION_READY branchId=7 processed=1
23 ���. 2026;10:27:02.916 [main] INFO  c.q.m.c.s.OrchestraDataCacheUpdateService - Refresh caches for configured branches [7]
23 ���. 2026;10:27:02.916 [main] INFO  c.q.m.cache.BranchCacheUpdater - Start cache refresh for branch 7
23 ���. 2026;10:27:02.916 [main] INFO  c.q.m.cache.BranchCacheUpdater - Finish cache refresh for branch 7: services=1, queues=2, workProfiles=1, servicePoints=1, unknownDoctorQueueId=900, tookMs=0
23 ���. 2026;10:27:02.916 [main] INFO  c.q.m.e.DoctorAssignmentEventHandler - Skip event SERVICE_POINT_OPEN because trigger SERVICE_POINT_OPEN is disabled by configuration
23 ���. 2026;10:27:02.917 [main] INFO  c.q.m.c.s.OrchestraDataCacheUpdateService - Refresh caches for configured branches [7]
23 ���. 2026;10:27:02.917 [main] INFO  c.q.m.cache.BranchCacheUpdater - Start cache refresh for branch 7
23 ���. 2026;10:27:02.918 [main] INFO  c.q.m.cache.BranchCacheUpdater - Finish cache refresh for branch 7: services=1, queues=2, workProfiles=1, servicePoints=1, unknownDoctorQueueId=900, tookMs=1
23 ���. 2026;10:27:02.918 [main] INFO  c.q.m.e.UserSessionReadinessCoordinator - No pending user session found for SET_WORK_PROFILE correlationKey=staffTx:123456789
23 ���. 2026;10:27:02.918 [main] INFO  c.q.m.d.s.i.DefaultLoggedDoctorContextResolver - Resolved doctor context source=WORK_PROFILE_EXPANDED branchId=7 servicePointId=41220000000007 servicePointLogicId=901 staffId=45 workProfileId=15 servicePointName=null workProfileName=null userName=null fieldSources={branchId=event.parameters.branchId, servicePointId=event.parameters.servicePointId, servicePointLogicId=event.parameters.servicePointLogicId, staffId=event.parameters.userId, workProfileId=event.parameters.workProfileOrigId}
23 ���. 2026;10:27:02.920 [main] INFO  c.q.m.e.DoctorAssignmentEventHandler - Skip raw SET_WORK_PROFILE because no matching USER_SERVICE_POINT_SESSION_START was found and raw trigger is disabled (reason=same-work-profile)
23 ���. 2026;10:27:02.928 [main] INFO  c.q.m.d.s.i.DefaultLoggedDoctorContextResolver - Resolved doctor context source=SERVICE_POINT_OPEN branchId=7 servicePointId=10220000000007 servicePointLogicId=1 staffId=1000002 workProfileId=31 servicePointName=102 ����������� workProfileName=����������� userName=p.sokolov fieldSources={branchId=event.parameters.branchId, servicePointId=event.unitId, servicePointLogicId=event.parameters.servicePointLogicId, staffId=event.parameters.userId, workProfileId=event.parameters.workProfileOrigId, workProfileName=event.parameters.workProfileName, servicePointName=event.parameters.servicePointName, userName=event.parameters.userName/user}
23 ���. 2026;10:27:02.929 [main] INFO  c.q.m.d.s.i.DefaultLoggedDoctorContextResolver - Resolved doctor context source=SET_WORK_PROFILE branchId=10 servicePointId=820000000010 servicePointLogicId=null staffId=29 workProfileId=28 servicePointName=null workProfileName=null userName=null fieldSources={branchId=event.parameters.branchId, staffId=event.parameters.userId, servicePointId=fallback.servicePointRuntimeState, workProfileId=fallback.servicePointRuntimeState}
23 ���. 2026;10:27:02.931 [main] INFO  c.q.m.c.s.OrchestraDataCacheUpdateService - Refresh caches for configured branches [7]
23 ���. 2026;10:27:02.931 [main] INFO  c.q.m.cache.BranchCacheUpdater - Start cache refresh for branch 7
23 ���. 2026;10:27:02.932 [main] INFO  c.q.m.cache.BranchCacheUpdater - Finish cache refresh for branch 7: services=1, queues=2, workProfiles=1, servicePoints=1, unknownDoctorQueueId=900, tookMs=1
23 ���. 2026;10:27:02.932 [main] INFO  c.q.m.e.UserSessionReadinessCoordinator - No pending user session found for SET_WORK_PROFILE correlationKey=fallback:7|45|41220000000007
23 ���. 2026;10:27:02.932 [main] INFO  c.q.m.d.s.i.DefaultLoggedDoctorContextResolver - Resolved doctor context source=WORK_PROFILE_EXPANDED branchId=7 servicePointId=41220000000007 servicePointLogicId=null staffId=45 workProfileId=15 servicePointName=null workProfileName=null userName=null fieldSources={branchId=event.parameters.branchId, servicePointId=event.parameters.servicePointId, staffId=event.parameters.userId, workProfileId=event.parameters.workProfileOrigId}
23 ���. 2026;10:27:02.933 [main] INFO  c.q.m.d.s.i.DefaultLoggedDoctorContextResolver - Resolved doctor context source=SET_WORK_PROFILE branchId=7 servicePointId=41220000000007 servicePointLogicId=null staffId=45 workProfileId=15 servicePointName=null workProfileName=null userName=null fieldSources={branchId=event.parameters.branchId, servicePointId=event.parameters.servicePointId, staffId=event.parameters.userId, workProfileId=event.parameters.workProfileOrigId}
23 ���. 2026;10:27:02.933 [main] INFO  c.q.m.d.s.AutonomousMedicalExamAssignmentService - Start assignment cycle source=SET_WORK_PROFILE branchId=7 servicePointId=41220000000007 staffId=45 workProfileId=15 sources={branchId=event.parameters.branchId, servicePointId=event.parameters.servicePointId, staffId=event.parameters.userId, workProfileId=event.parameters.workProfileOrigId}
23 ���. 2026;10:27:02.933 [main] INFO  c.q.m.d.s.AutonomousMedicalExamAssignmentService - Doctor 45 available services=[301]
23 ���. 2026;10:27:02.933 [main] INFO  c.q.m.d.s.AutonomousMedicalExamAssignmentService - Visits in unknown-doctor queue 900 count=1
23 ���. 2026;10:27:02.934 [main] INFO  c.q.m.d.s.i.DefaultVisitAssignmentExecutor - Assign workflow start visit=5001 currentQueue=900 currentService=null selectedService=301 targetQueue=901 doctor=45 servicePoint=41220000000007 workProfile=15 trigger=SET_WORK_PROFILE
23 ���. 2026;10:27:02.934 [main] INFO  c.q.m.d.s.i.DefaultVisitAssignmentExecutor - Assign workflow transfer step visit=5001 sourceQueue=900 targetQueue=901 doctor=45 servicePoint=41220000000007 trigger=SET_WORK_PROFILE transferOnly=false
23 ���. 2026;10:27:02.934 [main] INFO  c.q.m.d.s.AutonomousMedicalExamAssignmentService - Visit 5001 matchFound=true selectedService=301 targetQueue=901 success=true reason=route-order-1
23 ���. 2026;10:27:02.934 [main] INFO  c.q.m.d.s.AutonomousMedicalExamAssignmentService - Finish assignment cycle source=SET_WORK_PROFILE branchId=7 processed=1
23 ���. 2026;10:27:02.936 [main] INFO  c.q.m.e.UserSessionReadinessCoordinator - Registered pending user session correlationKey=staffTx:1776327218753843 branchId=6 userId=1 servicePointId=120000000006 servicePointLogicId=1 staffTransactionId=1776327218753843 workProfileOrigId=14 workProfileName=test05
23 ���. 2026;10:27:02.936 [main] INFO  c.q.m.e.UserSessionReadinessCoordinator - Completed pending user session correlationKey=staffTx:1776327218753843 ageMs=0 sessionStartProfile=14 sessionStartProfileName=test05 settledProfile=7 settledProfileName=��������� selectedProfileSource=USER_SERVICE_POINT_SESSION_START servicePointId=120000000006 servicePointLogicId=1
23 ���. 2026;10:27:03.137 [main] INFO  c.q.m.c.s.OrchestraDataCacheUpdateService - Refresh caches for configured branches [7]
23 ���. 2026;10:27:03.137 [main] INFO  c.q.m.cache.BranchCacheUpdater - Start cache refresh for branch 7
23 ���. 2026;10:27:03.137 [main] INFO  c.q.m.cache.BranchCacheUpdater - Finish cache refresh for branch 7: services=2, queues=3, workProfiles=3, servicePoints=1, unknownDoctorQueueId=900, tookMs=0
23 ���. 2026;10:27:03.137 [main] INFO  c.q.m.e.UserSessionReadinessCoordinator - No pending user session found for SET_WORK_PROFILE correlationKey=fallback:7|45|41220000000007
23 ���. 2026;10:27:03.137 [main] INFO  c.q.m.d.s.i.DefaultLoggedDoctorContextResolver - Resolved doctor context source=WORK_PROFILE_EXPANDED branchId=7 servicePointId=41220000000007 servicePointLogicId=null staffId=45 workProfileId=16 servicePointName=������� 7 workProfileName=����������� userName=doctor-45 fieldSources={branchId=event.parameters.branchId, servicePointId=event.parameters.servicePointId, staffId=event.parameters.userId, workProfileId=event.parameters.workProfileOrigId, workProfileName=event.parameters.workProfileName, servicePointName=event.parameters.servicePointName, userName=event.parameters.userName/user}
23 ���. 2026;10:27:03.137 [main] INFO  c.q.m.e.WorkProfileExpansionTriggerEvaluator - Detected work-profile expansion during active session branchId=7 servicePointId=41220000000007 staffId=45 previousWorkProfileId=15 newWorkProfileId=16 previousServices=[301] newServices=[301, 302]
23 ���. 2026;10:27:03.137 [main] INFO  c.q.m.d.s.AutonomousMedicalExamAssignmentService - Start assignment cycle source=WORK_PROFILE_EXPANDED branchId=7 servicePointId=41220000000007 staffId=45 workProfileId=16 sources={branchId=event.parameters.branchId, servicePointId=event.parameters.servicePointId, staffId=event.parameters.userId, workProfileId=event.parameters.workProfileOrigId, workProfileName=event.parameters.workProfileName, servicePointName=event.parameters.servicePointName, userName=event.parameters.userName/user}
23 ���. 2026;10:27:03.138 [main] INFO  c.q.m.d.s.AutonomousMedicalExamAssignmentService - Doctor 45 available services=[301, 302]
23 ���. 2026;10:27:03.138 [main] INFO  c.q.m.d.s.AutonomousMedicalExamAssignmentService - Visits in unknown-doctor queue 900 count=1
23 ���. 2026;10:27:03.138 [main] INFO  c.q.m.d.s.i.DefaultVisitAssignmentExecutor - Assign workflow start visit=5001 currentQueue=900 currentService=72 selectedService=302 targetQueue=902 doctor=45 servicePoint=41220000000007 workProfile=16 trigger=WORK_PROFILE_EXPANDED
23 ���. 2026;10:27:03.138 [main] INFO  c.q.m.d.s.i.DefaultVisitAssignmentExecutor - Assign workflow transfer step visit=5001 sourceQueue=900 targetQueue=902 doctor=45 servicePoint=41220000000007 trigger=WORK_PROFILE_EXPANDED transferOnly=false
23 ���. 2026;10:27:03.138 [main] INFO  c.q.m.d.s.AutonomousMedicalExamAssignmentService - Visit 5001 matchFound=true selectedService=302 targetQueue=902 success=true reason=route-order-1
23 ���. 2026;10:27:03.138 [main] INFO  c.q.m.d.s.AutonomousMedicalExamAssignmentService - Finish assignment cycle source=WORK_PROFILE_EXPANDED branchId=7 processed=1
23 ���. 2026;10:27:03.139 [main] INFO  c.q.m.c.s.OrchestraDataCacheUpdateService - Refresh caches for configured branches [7]
23 ���. 2026;10:27:03.139 [main] INFO  c.q.m.cache.BranchCacheUpdater - Start cache refresh for branch 7
23 ���. 2026;10:27:03.139 [main] INFO  c.q.m.cache.BranchCacheUpdater - Finish cache refresh for branch 7: services=2, queues=3, workProfiles=3, servicePoints=1, unknownDoctorQueueId=900, tookMs=0
23 ���. 2026;10:27:03.139 [main] INFO  c.q.m.e.UserSessionReadinessCoordinator - No pending user session found for SET_WORK_PROFILE correlationKey=fallback:7|45|41220000000007
23 ���. 2026;10:27:03.139 [main] INFO  c.q.m.d.s.i.DefaultLoggedDoctorContextResolver - Resolved doctor context source=WORK_PROFILE_EXPANDED branchId=7 servicePointId=41220000000007 servicePointLogicId=null staffId=45 workProfileId=17 servicePointName=������� 7 workProfileName=�������� userName=doctor-45 fieldSources={branchId=event.parameters.branchId, servicePointId=event.parameters.servicePointId, staffId=event.parameters.userId, workProfileId=event.parameters.workProfileOrigId, workProfileName=event.parameters.workProfileName, servicePointName=event.parameters.servicePointName, userName=event.parameters.userName/user}
23 ���. 2026;10:27:03.140 [main] INFO  c.q.m.e.WorkProfileExpansionTriggerEvaluator - Skip work-profile expansion trigger because available services did not expand branchId=7 servicePointId=41220000000007 staffId=45 previousWorkProfileId=15 newWorkProfileId=17 previousServices=[301] newServices=[301]
23 ���. 2026;10:27:03.140 [main] INFO  c.q.m.e.DoctorAssignmentEventHandler - Skip raw SET_WORK_PROFILE because no matching USER_SERVICE_POINT_SESSION_START was found and raw trigger is disabled (reason=services-not-expanded)
23 ���. 2026;10:29:01.408 [main] DEBUG c.q.m.a.o.OrchestraSessionCookieStore - Mutation cookie replay is disabled for method PUT. Stored mutation cookies will not be sent.
23 ���. 2026;10:29:01.412 [main] DEBUG c.q.m.a.o.OrchestraSessionCookieStore - Mutation cookie replay is disabled for method POST. Stored mutation cookies will not be sent.
23 ���. 2026;10:29:01.457 [main] INFO  c.q.m.c.s.OrchestraDataCacheUpdateService - Refresh caches for configured branches [7]
23 ���. 2026;10:29:01.458 [main] INFO  c.q.m.cache.BranchCacheUpdater - Start cache refresh for branch 7
23 ���. 2026;10:29:01.461 [main] INFO  c.q.m.cache.BranchCacheUpdater - Finish cache refresh for branch 7: services=1, queues=2, workProfiles=1, servicePoints=1, unknownDoctorQueueId=900, tookMs=3
23 ���. 2026;10:29:01.471 [main] INFO  c.q.m.d.s.AutonomousMedicalExamAssignmentService - Start assignment cycle source=SERVICE_POINT_OPEN branchId=7 servicePointId=41220000000007 staffId=45 workProfileId=15 sources={branchId=test, servicePointId=test, staffId=test, workProfileId=test}
23 ���. 2026;10:29:01.474 [main] ERROR c.q.m.d.s.AutonomousMedicalExamAssignmentService - Activation step failed source=SERVICE_POINT_OPEN branchId=7 servicePointId=41220000000007 staffId=45 workProfileId=15: simulated activation failure for branch 7
com.qsystems.meddoctorassignment.domain.exception.MutationContextException: simulated activation failure for branch 7
	at com.qsystems.meddoctorassignment.support.InMemoryTestGateways.activate(InMemoryTestGateways.java:126)
	at com.qsystems.meddoctorassignment.domain.service.AutonomousMedicalExamAssignmentService.process(AutonomousMedicalExamAssignmentService.java:130)
	at com.qsystems.meddoctorassignment.AutonomousMedicalExamAssignmentServiceTest.abortsBeforeFirstVisitWhenActivationStepFails(AutonomousMedicalExamAssignmentServiceTest.java:154)
	at java.base/jdk.internal.reflect.NativeMethodAccessorImpl.invoke0(Native Method)
	at java.base/jdk.internal.reflect.NativeMethodAccessorImpl.invoke(NativeMethodAccessorImpl.java:77)
	at java.base/jdk.internal.reflect.DelegatingMethodAccessorImpl.invoke(DelegatingMethodAccessorImpl.java:43)
	at java.base/java.lang.reflect.Method.invoke(Method.java:569)
	at org.junit.platform.commons.util.ReflectionUtils.invokeMethod(ReflectionUtils.java:688)
	at org.junit.jupiter.engine.execution.MethodInvocation.proceed(MethodInvocation.java:60)
	at org.junit.jupiter.engine.execution.InvocationInterceptorChain$ValidatingInvocation.proceed(InvocationInterceptorChain.java:131)
	at org.junit.jupiter.engine.extension.TimeoutExtension.intercept(TimeoutExtension.java:149)
	at org.junit.jupiter.engine.extension.TimeoutExtension.interceptTestableMethod(TimeoutExtension.java:140)
	at org.junit.jupiter.engine.extension.TimeoutExtension.interceptTestMethod(TimeoutExtension.java:84)
	at org.junit.jupiter.engine.execution.ExecutableInvoker$ReflectiveInterceptorCall.lambda$ofVoidMethod$0(ExecutableInvoker.java:115)
	at org.junit.jupiter.engine.execution.ExecutableInvoker.lambda$invoke$0(ExecutableInvoker.java:105)
	at org.junit.jupiter.engine.execution.InvocationInterceptorChain$InterceptedInvocation.proceed(InvocationInterceptorChain.java:106)
	at org.junit.jupiter.engine.execution.InvocationInterceptorChain.proceed(InvocationInterceptorChain.java:64)
	at org.junit.jupiter.engine.execution.InvocationInterceptorChain.chainAndInvoke(InvocationInterceptorChain.java:45)
	at org.junit.jupiter.engine.execution.InvocationInterceptorChain.invoke(InvocationInterceptorChain.java:37)
	at org.junit.jupiter.engine.execution.ExecutableInvoker.invoke(ExecutableInvoker.java:104)
	at org.junit.jupiter.engine.execution.ExecutableInvoker.invoke(ExecutableInvoker.java:98)
	at org.junit.jupiter.engine.descriptor.TestMethodTestDescriptor.lambda$invokeTestMethod$6(TestMethodTestDescriptor.java:210)
	at org.junit.platform.engine.support.hierarchical.ThrowableCollector.execute(ThrowableCollector.java:73)
	at org.junit.jupiter.engine.descriptor.TestMethodTestDescriptor.invokeTestMethod(TestMethodTestDescriptor.java:206)
	at org.junit.jupiter.engine.descriptor.TestMethodTestDescriptor.execute(TestMethodTestDescriptor.java:131)
	at org.junit.jupiter.engine.descriptor.TestMethodTestDescriptor.execute(TestMethodTestDescriptor.java:65)
	at org.junit.platform.engine.support.hierarchical.NodeTestTask.lambda$executeRecursively$5(NodeTestTask.java:139)
	at org.junit.platform.engine.support.hierarchical.ThrowableCollector.execute(ThrowableCollector.java:73)
	at org.junit.platform.engine.support.hierarchical.NodeTestTask.lambda$executeRecursively$7(NodeTestTask.java:129)
	at org.junit.platform.engine.support.hierarchical.Node.around(Node.java:137)
	at org.junit.platform.engine.support.hierarchical.NodeTestTask.lambda$executeRecursively$8(NodeTestTask.java:127)
	at org.junit.platform.engine.support.hierarchical.ThrowableCollector.execute(ThrowableCollector.java:73)
	at org.junit.platform.engine.support.hierarchical.NodeTestTask.executeRecursively(NodeTestTask.java:126)
	at org.junit.platform.engine.support.hierarchical.NodeTestTask.execute(NodeTestTask.java:84)
	at java.base/java.util.ArrayList.forEach(ArrayList.java:1511)
	at org.junit.platform.engine.support.hierarchical.SameThreadHierarchicalTestExecutorService.invokeAll(SameThreadHierarchicalTestExecutorService.java:38)
	at org.junit.platform.engine.support.hierarchical.NodeTestTask.lambda$executeRecursively$5(NodeTestTask.java:143)
	at org.junit.platform.engine.support.hierarchical.ThrowableCollector.execute(ThrowableCollector.java:73)
	at org.junit.platform.engine.support.hierarchical.NodeTestTask.lambda$executeRecursively$7(NodeTestTask.java:129)
	at org.junit.platform.engine.support.hierarchical.Node.around(Node.java:137)
	at org.junit.platform.engine.support.hierarchical.NodeTestTask.lambda$executeRecursively$8(NodeTestTask.java:127)
	at org.junit.platform.engine.support.hierarchical.ThrowableCollector.execute(ThrowableCollector.java:73)
	at org.junit.platform.engine.support.hierarchical.NodeTestTask.executeRecursively(NodeTestTask.java:126)
	at org.junit.platform.engine.support.hierarchical.NodeTestTask.execute(NodeTestTask.java:84)
	at java.base/java.util.ArrayList.forEach(ArrayList.java:1511)
	at org.junit.platform.engine.support.hierarchical.SameThreadHierarchicalTestExecutorService.invokeAll(SameThreadHierarchicalTestExecutorService.java:38)
	at org.junit.platform.engine.support.hierarchical.NodeTestTask.lambda$executeRecursively$5(NodeTestTask.java:143)
	at org.junit.platform.engine.support.hierarchical.ThrowableCollector.execute(ThrowableCollector.java:73)
	at org.junit.platform.engine.support.hierarchical.NodeTestTask.lambda$executeRecursively$7(NodeTestTask.java:129)
	at org.junit.platform.engine.support.hierarchical.Node.around(Node.java:137)
	at org.junit.platform.engine.support.hierarchical.NodeTestTask.lambda$executeRecursively$8(NodeTestTask.java:127)
	at org.junit.platform.engine.support.hierarchical.ThrowableCollector.execute(ThrowableCollector.java:73)
	at org.junit.platform.engine.support.hierarchical.NodeTestTask.executeRecursively(NodeTestTask.java:126)
	at org.junit.platform.engine.support.hierarchical.NodeTestTask.execute(NodeTestTask.java:84)
	at org.junit.platform.engine.support.hierarchical.SameThreadHierarchicalTestExecutorService.submit(SameThreadHierarchicalTestExecutorService.java:32)
	at org.junit.platform.engine.support.hierarchical.HierarchicalTestExecutor.execute(HierarchicalTestExecutor.java:57)
	at org.junit.platform.engine.support.hierarchical.HierarchicalTestEngine.execute(HierarchicalTestEngine.java:51)
	at org.junit.platform.launcher.core.DefaultLauncher.execute(DefaultLauncher.java:220)
	at org.junit.platform.launcher.core.DefaultLauncher.lambda$execute$6(DefaultLauncher.java:188)
	at org.junit.platform.launcher.core.DefaultLauncher.withInterceptedStreams(DefaultLauncher.java:202)
	at org.junit.platform.launcher.core.DefaultLauncher.execute(DefaultLauncher.java:181)
	at org.junit.platform.launcher.core.DefaultLauncher.execute(DefaultLauncher.java:128)
	at org.apache.maven.surefire.junitplatform.JUnitPlatformProvider.invokeAllTests(JUnitPlatformProvider.java:150)
	at org.apache.maven.surefire.junitplatform.JUnitPlatformProvider.invoke(JUnitPlatformProvider.java:124)
	at org.apache.maven.surefire.booter.ForkedBooter.invokeProviderInSameClassLoader(ForkedBooter.java:384)
	at org.apache.maven.surefire.booter.ForkedBooter.runSuitesInProcess(ForkedBooter.java:345)
	at org.apache.maven.surefire.booter.ForkedBooter.execute(ForkedBooter.java:126)
	at org.apache.maven.surefire.booter.ForkedBooter.main(ForkedBooter.java:418)
23 ���. 2026;10:29:01.476 [main] WARN  c.q.m.d.s.AutonomousMedicalExamAssignmentService - Abort assignment cycle source=SERVICE_POINT_OPEN branchId=7 before first visit because activation step did not produce a valid mutating context: simulated activation failure for branch 7
23 ���. 2026;10:29:01.477 [main] INFO  c.q.m.c.s.OrchestraDataCacheUpdateService - Refresh caches for configured branches [7]
23 ���. 2026;10:29:01.478 [main] INFO  c.q.m.cache.BranchCacheUpdater - Start cache refresh for branch 7
23 ���. 2026;10:29:01.478 [main] INFO  c.q.m.cache.BranchCacheUpdater - Finish cache refresh for branch 7: services=1, queues=2, workProfiles=1, servicePoints=1, unknownDoctorQueueId=900, tookMs=0
23 ���. 2026;10:29:01.478 [main] INFO  c.q.m.d.s.AutonomousMedicalExamAssignmentService - Start assignment cycle source=SERVICE_POINT_OPEN branchId=7 servicePointId=41220000000007 staffId=45 workProfileId=15 sources={branchId=test, servicePointId=test, staffId=test, workProfileId=test}
23 ���. 2026;10:29:01.479 [main] INFO  c.q.m.d.s.AutonomousMedicalExamAssignmentService - Doctor 45 available services=[301]
23 ���. 2026;10:29:01.479 [main] INFO  c.q.m.d.s.AutonomousMedicalExamAssignmentService - Visits in unknown-doctor queue 900 count=1
23 ���. 2026;10:29:01.484 [main] INFO  c.q.m.d.s.i.DefaultVisitAssignmentExecutor - Assign workflow start visit=1500 currentQueue=900 currentService=301 selectedService=301 targetQueue=901 doctor=45 servicePoint=41220000000007 workProfile=15 trigger=SERVICE_POINT_OPEN
23 ���. 2026;10:29:01.485 [main] INFO  c.q.m.d.s.i.DefaultVisitAssignmentExecutor - Skip redundant assign for visit=1500 because currentService=301 already matches selectedService=301 and workflow can continue with transfer-only
23 ���. 2026;10:29:01.485 [main] INFO  c.q.m.d.s.i.DefaultVisitAssignmentExecutor - Assign workflow transfer step visit=1500 sourceQueue=900 targetQueue=901 doctor=45 servicePoint=41220000000007 trigger=SERVICE_POINT_OPEN transferOnly=true
23 ���. 2026;10:29:01.485 [main] INFO  c.q.m.d.s.AutonomousMedicalExamAssignmentService - Visit 1500 matchFound=true selectedService=301 targetQueue=901 success=true reason=route-order-1
23 ���. 2026;10:29:01.485 [main] INFO  c.q.m.d.s.AutonomousMedicalExamAssignmentService - Finish assignment cycle source=SERVICE_POINT_OPEN branchId=7 processed=1
23 ���. 2026;10:29:01.487 [main] INFO  c.q.m.c.s.OrchestraDataCacheUpdateService - Refresh caches for configured branches [7]
23 ���. 2026;10:29:01.487 [main] INFO  c.q.m.cache.BranchCacheUpdater - Start cache refresh for branch 7
23 ���. 2026;10:29:01.488 [main] INFO  c.q.m.cache.BranchCacheUpdater - Finish cache refresh for branch 7: services=1, queues=2, workProfiles=1, servicePoints=1, unknownDoctorQueueId=900, tookMs=1
23 ���. 2026;10:29:01.488 [main] INFO  c.q.m.d.s.AutonomousMedicalExamAssignmentService - Start assignment cycle source=SERVICE_POINT_OPEN branchId=7 servicePointId=41220000000007 staffId=45 workProfileId=15 sources={branchId=test, servicePointId=test, staffId=test, workProfileId=test}
23 ���. 2026;10:29:01.488 [main] INFO  c.q.m.d.s.AutonomousMedicalExamAssignmentService - Doctor 45 available services=[301]
23 ���. 2026;10:29:01.488 [main] INFO  c.q.m.d.s.AutonomousMedicalExamAssignmentService - Visits in unknown-doctor queue 900 count=0
23 ���. 2026;10:29:01.488 [main] INFO  c.q.m.d.s.AutonomousMedicalExamAssignmentService - Finish assignment cycle source=SERVICE_POINT_OPEN branchId=7 processed=0
23 ���. 2026;10:29:01.489 [main] INFO  c.q.m.c.s.OrchestraDataCacheUpdateService - Refresh caches for configured branches [7]
23 ���. 2026;10:29:01.489 [main] INFO  c.q.m.cache.BranchCacheUpdater - Start cache refresh for branch 7
23 ���. 2026;10:29:01.489 [main] INFO  c.q.m.cache.BranchCacheUpdater - Finish cache refresh for branch 7: services=1, queues=2, workProfiles=1, servicePoints=1, unknownDoctorQueueId=900, tookMs=0
23 ���. 2026;10:29:01.490 [main] INFO  c.q.m.d.s.AutonomousMedicalExamAssignmentService - Start assignment cycle source=SERVICE_POINT_OPEN branchId=7 servicePointId=41220000000007 staffId=45 workProfileId=15 sources={branchId=test, servicePointId=test, staffId=test, workProfileId=test}
23 ���. 2026;10:29:01.490 [main] INFO  c.q.m.d.s.AutonomousMedicalExamAssignmentService - Doctor 45 available services=[301]
23 ���. 2026;10:29:01.490 [main] INFO  c.q.m.d.s.AutonomousMedicalExamAssignmentService - Visits in unknown-doctor queue 900 count=1
23 ���. 2026;10:29:01.491 [main] INFO  c.q.m.d.s.i.DefaultVisitAssignmentExecutor - Assign workflow start visit=1001 currentQueue=900 currentService=null selectedService=301 targetQueue=901 doctor=45 servicePoint=41220000000007 workProfile=15 trigger=SERVICE_POINT_OPEN
23 ���. 2026;10:29:01.491 [main] INFO  c.q.m.d.s.i.DefaultVisitAssignmentExecutor - Assign workflow transfer step visit=1001 sourceQueue=900 targetQueue=901 doctor=45 servicePoint=41220000000007 trigger=SERVICE_POINT_OPEN transferOnly=false
23 ���. 2026;10:29:01.492 [main] INFO  c.q.m.d.s.AutonomousMedicalExamAssignmentService - Visit 1001 matchFound=true selectedService=301 targetQueue=901 success=true reason=route-order-1
23 ���. 2026;10:29:01.492 [main] INFO  c.q.m.d.s.AutonomousMedicalExamAssignmentService - Finish assignment cycle source=SERVICE_POINT_OPEN branchId=7 processed=1
23 ���. 2026;10:29:01.493 [main] INFO  c.q.m.c.s.OrchestraDataCacheUpdateService - Refresh caches for configured branches [7]
23 ���. 2026;10:29:01.494 [main] INFO  c.q.m.cache.BranchCacheUpdater - Start cache refresh for branch 7
23 ���. 2026;10:29:01.495 [main] INFO  c.q.m.cache.BranchCacheUpdater - Finish cache refresh for branch 7: services=1, queues=2, workProfiles=1, servicePoints=1, unknownDoctorQueueId=900, tookMs=1
23 ���. 2026;10:29:01.495 [main] INFO  c.q.m.d.s.AutonomousMedicalExamAssignmentService - Start assignment cycle source=SERVICE_POINT_OPEN branchId=7 servicePointId=41220000000007 staffId=45 workProfileId=15 sources={branchId=test, servicePointId=test, staffId=test, workProfileId=test}
23 ���. 2026;10:29:01.495 [main] INFO  c.q.m.d.s.AutonomousMedicalExamAssignmentService - Doctor 45 available services=[301]
23 ���. 2026;10:29:01.496 [main] INFO  c.q.m.d.s.AutonomousMedicalExamAssignmentService - Visits in unknown-doctor queue 900 count=2
23 ���. 2026;10:29:01.497 [main] INFO  c.q.m.d.s.i.DefaultVisitAssignmentExecutor - Assign workflow start visit=3001 currentQueue=900 currentService=null selectedService=301 targetQueue=901 doctor=45 servicePoint=41220000000007 workProfile=15 trigger=SERVICE_POINT_OPEN
23 ���. 2026;10:29:01.498 [main] ERROR c.q.m.d.s.AutonomousMedicalExamAssignmentService - Failed to process visit 3001 in branch 7: simulated inactive operator context for visit 3001
com.qsystems.meddoctorassignment.domain.exception.MutationContextException: simulated inactive operator context for visit 3001
	at com.qsystems.meddoctorassignment.support.InMemoryTestGateways.assignServiceToVisit(InMemoryTestGateways.java:133)
	at com.qsystems.meddoctorassignment.domain.service.impl.DefaultVisitAssignmentExecutor.assign(DefaultVisitAssignmentExecutor.java:86)
	at com.qsystems.meddoctorassignment.domain.service.AutonomousMedicalExamAssignmentService.process(AutonomousMedicalExamAssignmentService.java:189)
	at com.qsystems.meddoctorassignment.AutonomousMedicalExamAssignmentServiceTest.abortsRemainingVisitsWhenAssignDetectsInvalidMutationContext(AutonomousMedicalExamAssignmentServiceTest.java:134)
	at java.base/jdk.internal.reflect.NativeMethodAccessorImpl.invoke0(Native Method)
	at java.base/jdk.internal.reflect.NativeMethodAccessorImpl.invoke(NativeMethodAccessorImpl.java:77)
	at java.base/jdk.internal.reflect.DelegatingMethodAccessorImpl.invoke(DelegatingMethodAccessorImpl.java:43)
	at java.base/java.lang.reflect.Method.invoke(Method.java:569)
	at org.junit.platform.commons.util.ReflectionUtils.invokeMethod(ReflectionUtils.java:688)
	at org.junit.jupiter.engine.execution.MethodInvocation.proceed(MethodInvocation.java:60)
	at org.junit.jupiter.engine.execution.InvocationInterceptorChain$ValidatingInvocation.proceed(InvocationInterceptorChain.java:131)
	at org.junit.jupiter.engine.extension.TimeoutExtension.intercept(TimeoutExtension.java:149)
	at org.junit.jupiter.engine.extension.TimeoutExtension.interceptTestableMethod(TimeoutExtension.java:140)
	at org.junit.jupiter.engine.extension.TimeoutExtension.interceptTestMethod(TimeoutExtension.java:84)
	at org.junit.jupiter.engine.execution.ExecutableInvoker$ReflectiveInterceptorCall.lambda$ofVoidMethod$0(ExecutableInvoker.java:115)
	at org.junit.jupiter.engine.execution.ExecutableInvoker.lambda$invoke$0(ExecutableInvoker.java:105)
	at org.junit.jupiter.engine.execution.InvocationInterceptorChain$InterceptedInvocation.proceed(InvocationInterceptorChain.java:106)
	at org.junit.jupiter.engine.execution.InvocationInterceptorChain.proceed(InvocationInterceptorChain.java:64)
	at org.junit.jupiter.engine.execution.InvocationInterceptorChain.chainAndInvoke(InvocationInterceptorChain.java:45)
	at org.junit.jupiter.engine.execution.InvocationInterceptorChain.invoke(InvocationInterceptorChain.java:37)
	at org.junit.jupiter.engine.execution.ExecutableInvoker.invoke(ExecutableInvoker.java:104)
	at org.junit.jupiter.engine.execution.ExecutableInvoker.invoke(ExecutableInvoker.java:98)
	at org.junit.jupiter.engine.descriptor.TestMethodTestDescriptor.lambda$invokeTestMethod$6(TestMethodTestDescriptor.java:210)
	at org.junit.platform.engine.support.hierarchical.ThrowableCollector.execute(ThrowableCollector.java:73)
	at org.junit.jupiter.engine.descriptor.TestMethodTestDescriptor.invokeTestMethod(TestMethodTestDescriptor.java:206)
	at org.junit.jupiter.engine.descriptor.TestMethodTestDescriptor.execute(TestMethodTestDescriptor.java:131)
	at org.junit.jupiter.engine.descriptor.TestMethodTestDescriptor.execute(TestMethodTestDescriptor.java:65)
	at org.junit.platform.engine.support.hierarchical.NodeTestTask.lambda$executeRecursively$5(NodeTestTask.java:139)
	at org.junit.platform.engine.support.hierarchical.ThrowableCollector.execute(ThrowableCollector.java:73)
	at org.junit.platform.engine.support.hierarchical.NodeTestTask.lambda$executeRecursively$7(NodeTestTask.java:129)
	at org.junit.platform.engine.support.hierarchical.Node.around(Node.java:137)
	at org.junit.platform.engine.support.hierarchical.NodeTestTask.lambda$executeRecursively$8(NodeTestTask.java:127)
	at org.junit.platform.engine.support.hierarchical.ThrowableCollector.execute(ThrowableCollector.java:73)
	at org.junit.platform.engine.support.hierarchical.NodeTestTask.executeRecursively(NodeTestTask.java:126)
	at org.junit.platform.engine.support.hierarchical.NodeTestTask.execute(NodeTestTask.java:84)
	at java.base/java.util.ArrayList.forEach(ArrayList.java:1511)
	at org.junit.platform.engine.support.hierarchical.SameThreadHierarchicalTestExecutorService.invokeAll(SameThreadHierarchicalTestExecutorService.java:38)
	at org.junit.platform.engine.support.hierarchical.NodeTestTask.lambda$executeRecursively$5(NodeTestTask.java:143)
	at org.junit.platform.engine.support.hierarchical.ThrowableCollector.execute(ThrowableCollector.java:73)
	at org.junit.platform.engine.support.hierarchical.NodeTestTask.lambda$executeRecursively$7(NodeTestTask.java:129)
	at org.junit.platform.engine.support.hierarchical.Node.around(Node.java:137)
	at org.junit.platform.engine.support.hierarchical.NodeTestTask.lambda$executeRecursively$8(NodeTestTask.java:127)
	at org.junit.platform.engine.support.hierarchical.ThrowableCollector.execute(ThrowableCollector.java:73)
	at org.junit.platform.engine.support.hierarchical.NodeTestTask.executeRecursively(NodeTestTask.java:126)
	at org.junit.platform.engine.support.hierarchical.NodeTestTask.execute(NodeTestTask.java:84)
	at java.base/java.util.ArrayList.forEach(ArrayList.java:1511)
	at org.junit.platform.engine.support.hierarchical.SameThreadHierarchicalTestExecutorService.invokeAll(SameThreadHierarchicalTestExecutorService.java:38)
	at org.junit.platform.engine.support.hierarchical.NodeTestTask.lambda$executeRecursively$5(NodeTestTask.java:143)
	at org.junit.platform.engine.support.hierarchical.ThrowableCollector.execute(ThrowableCollector.java:73)
	at org.junit.platform.engine.support.hierarchical.NodeTestTask.lambda$executeRecursively$7(NodeTestTask.java:129)
	at org.junit.platform.engine.support.hierarchical.Node.around(Node.java:137)
	at org.junit.platform.engine.support.hierarchical.NodeTestTask.lambda$executeRecursively$8(NodeTestTask.java:127)
	at org.junit.platform.engine.support.hierarchical.ThrowableCollector.execute(ThrowableCollector.java:73)
	at org.junit.platform.engine.support.hierarchical.NodeTestTask.executeRecursively(NodeTestTask.java:126)
	at org.junit.platform.engine.support.hierarchical.NodeTestTask.execute(NodeTestTask.java:84)
	at org.junit.platform.engine.support.hierarchical.SameThreadHierarchicalTestExecutorService.submit(SameThreadHierarchicalTestExecutorService.java:32)
	at org.junit.platform.engine.support.hierarchical.HierarchicalTestExecutor.execute(HierarchicalTestExecutor.java:57)
	at org.junit.platform.engine.support.hierarchical.HierarchicalTestEngine.execute(HierarchicalTestEngine.java:51)
	at org.junit.platform.launcher.core.DefaultLauncher.execute(DefaultLauncher.java:220)
	at org.junit.platform.launcher.core.DefaultLauncher.lambda$execute$6(DefaultLauncher.java:188)
	at org.junit.platform.launcher.core.DefaultLauncher.withInterceptedStreams(DefaultLauncher.java:202)
	at org.junit.platform.launcher.core.DefaultLauncher.execute(DefaultLauncher.java:181)
	at org.junit.platform.launcher.core.DefaultLauncher.execute(DefaultLauncher.java:128)
	at org.apache.maven.surefire.junitplatform.JUnitPlatformProvider.invokeAllTests(JUnitPlatformProvider.java:150)
	at org.apache.maven.surefire.junitplatform.JUnitPlatformProvider.invoke(JUnitPlatformProvider.java:124)
	at org.apache.maven.surefire.booter.ForkedBooter.invokeProviderInSameClassLoader(ForkedBooter.java:384)
	at org.apache.maven.surefire.booter.ForkedBooter.runSuitesInProcess(ForkedBooter.java:345)
	at org.apache.maven.surefire.booter.ForkedBooter.execute(ForkedBooter.java:126)
	at org.apache.maven.surefire.booter.ForkedBooter.main(ForkedBooter.java:418)
23 ���. 2026;10:29:01.504 [main] WARN  c.q.m.d.s.AutonomousMedicalExamAssignmentService - Abort assignment cycle source=SERVICE_POINT_OPEN branchId=7 after visit 3001 because mutating context is invalid: simulated inactive operator context for visit 3001
23 ���. 2026;10:29:01.504 [main] INFO  c.q.m.d.s.AutonomousMedicalExamAssignmentService - Finish assignment cycle source=SERVICE_POINT_OPEN branchId=7 processed=0
23 ���. 2026;10:29:01.505 [main] INFO  c.q.m.c.s.OrchestraDataCacheUpdateService - Refresh caches for configured branches [7]
23 ���. 2026;10:29:01.506 [main] INFO  c.q.m.cache.BranchCacheUpdater - Start cache refresh for branch 7
23 ���. 2026;10:29:01.506 [main] INFO  c.q.m.cache.BranchCacheUpdater - Finish cache refresh for branch 7: services=1, queues=2, workProfiles=1, servicePoints=1, unknownDoctorQueueId=900, tookMs=0
23 ���. 2026;10:29:01.506 [main] INFO  c.q.m.d.s.AutonomousMedicalExamAssignmentService - Start assignment cycle source=SERVICE_POINT_OPEN branchId=7 servicePointId=41220000000007 staffId=45 workProfileId=15 sources={branchId=test, servicePointId=test, staffId=test, workProfileId=test}
23 ���. 2026;10:29:01.507 [main] INFO  c.q.m.d.s.AutonomousMedicalExamAssignmentService - Doctor 45 available services=[301]
23 ���. 2026;10:29:01.507 [main] INFO  c.q.m.d.s.AutonomousMedicalExamAssignmentService - Visits in unknown-doctor queue 900 count=1
23 ���. 2026;10:29:01.507 [main] INFO  c.q.m.d.s.AutonomousMedicalExamAssignmentService - Visit 1002 has no matching unserved service for doctor 45
23 ���. 2026;10:29:01.508 [main] INFO  c.q.m.d.s.AutonomousMedicalExamAssignmentService - Finish assignment cycle source=SERVICE_POINT_OPEN branchId=7 processed=0
23 ���. 2026;10:29:01.509 [main] INFO  c.q.m.c.s.OrchestraDataCacheUpdateService - Refresh caches for configured branches [7]
23 ���. 2026;10:29:01.509 [main] INFO  c.q.m.cache.BranchCacheUpdater - Start cache refresh for branch 7
23 ���. 2026;10:29:01.510 [main] INFO  c.q.m.cache.BranchCacheUpdater - Finish cache refresh for branch 7: services=1, queues=2, workProfiles=1, servicePoints=1, unknownDoctorQueueId=900, tookMs=1
23 ���. 2026;10:29:01.510 [main] INFO  c.q.m.d.s.AutonomousMedicalExamAssignmentService - Start assignment cycle source=SERVICE_POINT_OPEN branchId=7 servicePointId=41220000000007 staffId=45 workProfileId=15 sources={branchId=test, servicePointId=test, staffId=test, workProfileId=test}
23 ���. 2026;10:29:01.510 [main] INFO  c.q.m.d.s.AutonomousMedicalExamAssignmentService - Doctor 45 available services=[301]
23 ���. 2026;10:29:01.510 [main] INFO  c.q.m.d.s.AutonomousMedicalExamAssignmentService - Visits in unknown-doctor queue 900 count=2
23 ���. 2026;10:29:01.513 [main] ERROR c.q.m.d.s.AutonomousMedicalExamAssignmentService - Failed to process visit 2001 in branch 7: simulated downstream failure
java.lang.IllegalStateException: simulated downstream failure
	at com.qsystems.meddoctorassignment.support.InMemoryTestGateways.getVisitDetails(InMemoryTestGateways.java:114)
	at com.qsystems.meddoctorassignment.domain.service.impl.DefaultVisitRouteAnalyzer.analyze(DefaultVisitRouteAnalyzer.java:23)
	at com.qsystems.meddoctorassignment.domain.service.AutonomousMedicalExamAssignmentService.process(AutonomousMedicalExamAssignmentService.java:181)
	at com.qsystems.meddoctorassignment.AutonomousMedicalExamAssignmentServiceTest.continuesWhenOneVisitFailsAndProcessesNextOne(AutonomousMedicalExamAssignmentServiceTest.java:111)
	at java.base/jdk.internal.reflect.NativeMethodAccessorImpl.invoke0(Native Method)
	at java.base/jdk.internal.reflect.NativeMethodAccessorImpl.invoke(NativeMethodAccessorImpl.java:77)
	at java.base/jdk.internal.reflect.DelegatingMethodAccessorImpl.invoke(DelegatingMethodAccessorImpl.java:43)
	at java.base/java.lang.reflect.Method.invoke(Method.java:569)
	at org.junit.platform.commons.util.ReflectionUtils.invokeMethod(ReflectionUtils.java:688)
	at org.junit.jupiter.engine.execution.MethodInvocation.proceed(MethodInvocation.java:60)
	at org.junit.jupiter.engine.execution.InvocationInterceptorChain$ValidatingInvocation.proceed(InvocationInterceptorChain.java:131)
	at org.junit.jupiter.engine.extension.TimeoutExtension.intercept(TimeoutExtension.java:149)
	at org.junit.jupiter.engine.extension.TimeoutExtension.interceptTestableMethod(TimeoutExtension.java:140)
	at org.junit.jupiter.engine.extension.TimeoutExtension.interceptTestMethod(TimeoutExtension.java:84)
	at org.junit.jupiter.engine.execution.ExecutableInvoker$ReflectiveInterceptorCall.lambda$ofVoidMethod$0(ExecutableInvoker.java:115)
	at org.junit.jupiter.engine.execution.ExecutableInvoker.lambda$invoke$0(ExecutableInvoker.java:105)
	at org.junit.jupiter.engine.execution.InvocationInterceptorChain$InterceptedInvocation.proceed(InvocationInterceptorChain.java:106)
	at org.junit.jupiter.engine.execution.InvocationInterceptorChain.proceed(InvocationInterceptorChain.java:64)
	at org.junit.jupiter.engine.execution.InvocationInterceptorChain.chainAndInvoke(InvocationInterceptorChain.java:45)
	at org.junit.jupiter.engine.execution.InvocationInterceptorChain.invoke(InvocationInterceptorChain.java:37)
	at org.junit.jupiter.engine.execution.ExecutableInvoker.invoke(ExecutableInvoker.java:104)
	at org.junit.jupiter.engine.execution.ExecutableInvoker.invoke(ExecutableInvoker.java:98)
	at org.junit.jupiter.engine.descriptor.TestMethodTestDescriptor.lambda$invokeTestMethod$6(TestMethodTestDescriptor.java:210)
	at org.junit.platform.engine.support.hierarchical.ThrowableCollector.execute(ThrowableCollector.java:73)
	at org.junit.jupiter.engine.descriptor.TestMethodTestDescriptor.invokeTestMethod(TestMethodTestDescriptor.java:206)
	at org.junit.jupiter.engine.descriptor.TestMethodTestDescriptor.execute(TestMethodTestDescriptor.java:131)
	at org.junit.jupiter.engine.descriptor.TestMethodTestDescriptor.execute(TestMethodTestDescriptor.java:65)
	at org.junit.platform.engine.support.hierarchical.NodeTestTask.lambda$executeRecursively$5(NodeTestTask.java:139)
	at org.junit.platform.engine.support.hierarchical.ThrowableCollector.execute(ThrowableCollector.java:73)
	at org.junit.platform.engine.support.hierarchical.NodeTestTask.lambda$executeRecursively$7(NodeTestTask.java:129)
	at org.junit.platform.engine.support.hierarchical.Node.around(Node.java:137)
	at org.junit.platform.engine.support.hierarchical.NodeTestTask.lambda$executeRecursively$8(NodeTestTask.java:127)
	at org.junit.platform.engine.support.hierarchical.ThrowableCollector.execute(ThrowableCollector.java:73)
	at org.junit.platform.engine.support.hierarchical.NodeTestTask.executeRecursively(NodeTestTask.java:126)
	at org.junit.platform.engine.support.hierarchical.NodeTestTask.execute(NodeTestTask.java:84)
	at java.base/java.util.ArrayList.forEach(ArrayList.java:1511)
	at org.junit.platform.engine.support.hierarchical.SameThreadHierarchicalTestExecutorService.invokeAll(SameThreadHierarchicalTestExecutorService.java:38)
	at org.junit.platform.engine.support.hierarchical.NodeTestTask.lambda$executeRecursively$5(NodeTestTask.java:143)
	at org.junit.platform.engine.support.hierarchical.ThrowableCollector.execute(ThrowableCollector.java:73)
	at org.junit.platform.engine.support.hierarchical.NodeTestTask.lambda$executeRecursively$7(NodeTestTask.java:129)
	at org.junit.platform.engine.support.hierarchical.Node.around(Node.java:137)
	at org.junit.platform.engine.support.hierarchical.NodeTestTask.lambda$executeRecursively$8(NodeTestTask.java:127)
	at org.junit.platform.engine.support.hierarchical.ThrowableCollector.execute(ThrowableCollector.java:73)
	at org.junit.platform.engine.support.hierarchical.NodeTestTask.executeRecursively(NodeTestTask.java:126)
	at org.junit.platform.engine.support.hierarchical.NodeTestTask.execute(NodeTestTask.java:84)
	at java.base/java.util.ArrayList.forEach(ArrayList.java:1511)
	at org.junit.platform.engine.support.hierarchical.SameThreadHierarchicalTestExecutorService.invokeAll(SameThreadHierarchicalTestExecutorService.java:38)
	at org.junit.platform.engine.support.hierarchical.NodeTestTask.lambda$executeRecursively$5(NodeTestTask.java:143)
	at org.junit.platform.engine.support.hierarchical.ThrowableCollector.execute(ThrowableCollector.java:73)
	at org.junit.platform.engine.support.hierarchical.NodeTestTask.lambda$executeRecursively$7(NodeTestTask.java:129)
	at org.junit.platform.engine.support.hierarchical.Node.around(Node.java:137)
	at org.junit.platform.engine.support.hierarchical.NodeTestTask.lambda$executeRecursively$8(NodeTestTask.java:127)
	at org.junit.platform.engine.support.hierarchical.ThrowableCollector.execute(ThrowableCollector.java:73)
	at org.junit.platform.engine.support.hierarchical.NodeTestTask.executeRecursively(NodeTestTask.java:126)
	at org.junit.platform.engine.support.hierarchical.NodeTestTask.execute(NodeTestTask.java:84)
	at org.junit.platform.engine.support.hierarchical.SameThreadHierarchicalTestExecutorService.submit(SameThreadHierarchicalTestExecutorService.java:32)
	at org.junit.platform.engine.support.hierarchical.HierarchicalTestExecutor.execute(HierarchicalTestExecutor.java:57)
	at org.junit.platform.engine.support.hierarchical.HierarchicalTestEngine.execute(HierarchicalTestEngine.java:51)
	at org.junit.platform.launcher.core.DefaultLauncher.execute(DefaultLauncher.java:220)
	at org.junit.platform.launcher.core.DefaultLauncher.lambda$execute$6(DefaultLauncher.java:188)
	at org.junit.platform.launcher.core.DefaultLauncher.withInterceptedStreams(DefaultLauncher.java:202)
	at org.junit.platform.launcher.core.DefaultLauncher.execute(DefaultLauncher.java:181)
	at org.junit.platform.launcher.core.DefaultLauncher.execute(DefaultLauncher.java:128)
	at org.apache.maven.surefire.junitplatform.JUnitPlatformProvider.invokeAllTests(JUnitPlatformProvider.java:150)
	at org.apache.maven.surefire.junitplatform.JUnitPlatformProvider.invoke(JUnitPlatformProvider.java:124)
	at org.apache.maven.surefire.booter.ForkedBooter.invokeProviderInSameClassLoader(ForkedBooter.java:384)
	at org.apache.maven.surefire.booter.ForkedBooter.runSuitesInProcess(ForkedBooter.java:345)
	at org.apache.maven.surefire.booter.ForkedBooter.execute(ForkedBooter.java:126)
	at org.apache.maven.surefire.booter.ForkedBooter.main(ForkedBooter.java:418)
23 ���. 2026;10:29:01.515 [main] INFO  c.q.m.d.s.i.DefaultVisitAssignmentExecutor - Assign workflow start visit=2002 currentQueue=900 currentService=null selectedService=301 targetQueue=901 doctor=45 servicePoint=41220000000007 workProfile=15 trigger=SERVICE_POINT_OPEN
23 ���. 2026;10:29:01.515 [main] INFO  c.q.m.d.s.i.DefaultVisitAssignmentExecutor - Assign workflow transfer step visit=2002 sourceQueue=900 targetQueue=901 doctor=45 servicePoint=41220000000007 trigger=SERVICE_POINT_OPEN transferOnly=false
23 ���. 2026;10:29:01.515 [main] INFO  c.q.m.d.s.AutonomousMedicalExamAssignmentService - Visit 2002 matchFound=true selectedService=301 targetQueue=901 success=true reason=route-order-1
23 ���. 2026;10:29:01.518 [main] INFO  c.q.m.d.s.AutonomousMedicalExamAssignmentService - Finish assignment cycle source=SERVICE_POINT_OPEN branchId=7 processed=1
23 ���. 2026;10:29:01.538 [main] INFO  c.q.m.c.s.OrchestraDataCacheUpdateService - Refresh caches for configured branches [7]
23 ���. 2026;10:29:01.539 [main] INFO  c.q.m.cache.BranchCacheUpdater - Start cache refresh for branch 7
23 ���. 2026;10:29:01.539 [main] INFO  c.q.m.cache.BranchCacheUpdater - Finish cache refresh for branch 7: services=1, queues=2, workProfiles=1, servicePoints=1, unknownDoctorQueueId=900, tookMs=1
23 ���. 2026;10:29:01.541 [main] INFO  c.q.m.e.UserSessionReadinessCoordinator - Registered pending user session correlationKey=staffTx:123456789 branchId=7 userId=45 servicePointId=41220000000007 servicePointLogicId=901 staffTransactionId=123456789 workProfileOrigId=15 workProfileName=null
23 ���. 2026;10:29:01.544 [main] INFO  c.q.m.c.s.OrchestraDataCacheUpdateService - Refresh caches for configured branches [7]
23 ���. 2026;10:29:01.544 [main] INFO  c.q.m.cache.BranchCacheUpdater - Start cache refresh for branch 7
23 ���. 2026;10:29:01.544 [main] INFO  c.q.m.cache.BranchCacheUpdater - Finish cache refresh for branch 7: services=1, queues=2, workProfiles=1, servicePoints=1, unknownDoctorQueueId=900, tookMs=0
23 ���. 2026;10:29:01.544 [main] INFO  c.q.m.e.UserSessionReadinessCoordinator - Registered pending user session correlationKey=staffTx:123456789 branchId=7 userId=45 servicePointId=41220000000007 servicePointLogicId=901 staffTransactionId=123456789 workProfileOrigId=15 workProfileName=null
23 ���. 2026;10:29:01.545 [main] INFO  c.q.m.e.UserSessionReadinessCoordinator - Completed pending user session correlationKey=staffTx:123456789 ageMs=0 sessionStartProfile=15 sessionStartProfileName=null settledProfile=15 settledProfileName=null selectedProfileSource=USER_SERVICE_POINT_SESSION_START servicePointId=41220000000007 servicePointLogicId=901
23 ���. 2026;10:29:01.546 [main] INFO  c.q.m.d.s.i.DefaultLoggedDoctorContextResolver - Resolved doctor context source=USER_SESSION_READY branchId=7 servicePointId=41220000000007 servicePointLogicId=901 staffId=45 workProfileId=15 servicePointName=null workProfileName=null userName=null fieldSources={branchId=event.parameters.branchId, servicePointId=event.parameters.servicePointId, servicePointLogicId=event.parameters.servicePointLogicId, staffId=event.parameters.userId, workProfileId=event.parameters.workProfileOrigId}
23 ���. 2026;10:29:01.547 [main] INFO  c.q.m.d.s.AutonomousMedicalExamAssignmentService - Start assignment cycle source=USER_SESSION_READY branchId=7 servicePointId=41220000000007 staffId=45 workProfileId=15 sources={branchId=event.parameters.branchId, servicePointId=event.parameters.servicePointId, servicePointLogicId=event.parameters.servicePointLogicId, staffId=event.parameters.userId, workProfileId=event.parameters.workProfileOrigId}
23 ���. 2026;10:29:01.547 [main] INFO  c.q.m.d.s.AutonomousMedicalExamAssignmentService - Doctor 45 available services=[301]
23 ���. 2026;10:29:01.547 [main] INFO  c.q.m.d.s.AutonomousMedicalExamAssignmentService - Visits in unknown-doctor queue 900 count=1
23 ���. 2026;10:29:01.547 [main] INFO  c.q.m.d.s.i.DefaultVisitAssignmentExecutor - Assign workflow start visit=5001 currentQueue=900 currentService=null selectedService=301 targetQueue=901 doctor=45 servicePoint=41220000000007 workProfile=15 trigger=USER_SESSION_READY
23 ���. 2026;10:29:01.547 [main] INFO  c.q.m.d.s.i.DefaultVisitAssignmentExecutor - Assign workflow transfer step visit=5001 sourceQueue=900 targetQueue=901 doctor=45 servicePoint=41220000000007 trigger=USER_SESSION_READY transferOnly=false
23 ���. 2026;10:29:01.547 [main] INFO  c.q.m.d.s.AutonomousMedicalExamAssignmentService - Visit 5001 matchFound=true selectedService=301 targetQueue=901 success=true reason=route-order-1
23 ���. 2026;10:29:01.547 [main] INFO  c.q.m.d.s.AutonomousMedicalExamAssignmentService - Finish assignment cycle source=USER_SESSION_READY branchId=7 processed=1
23 ���. 2026;10:29:01.549 [main] INFO  c.q.m.c.s.OrchestraDataCacheUpdateService - Refresh caches for configured branches [7]
23 ���. 2026;10:29:01.550 [main] INFO  c.q.m.cache.BranchCacheUpdater - Start cache refresh for branch 7
23 ���. 2026;10:29:01.550 [main] INFO  c.q.m.cache.BranchCacheUpdater - Finish cache refresh for branch 7: services=1, queues=2, workProfiles=1, servicePoints=1, unknownDoctorQueueId=900, tookMs=0
23 ���. 2026;10:29:01.550 [main] INFO  c.q.m.e.DoctorAssignmentEventHandler - Skip event SERVICE_POINT_OPEN because trigger SERVICE_POINT_OPEN is disabled by configuration
23 ���. 2026;10:29:01.551 [main] INFO  c.q.m.c.s.OrchestraDataCacheUpdateService - Refresh caches for configured branches [7]
23 ���. 2026;10:29:01.552 [main] INFO  c.q.m.cache.BranchCacheUpdater - Start cache refresh for branch 7
23 ���. 2026;10:29:01.552 [main] INFO  c.q.m.cache.BranchCacheUpdater - Finish cache refresh for branch 7: services=1, queues=2, workProfiles=1, servicePoints=1, unknownDoctorQueueId=900, tookMs=0
23 ���. 2026;10:29:01.552 [main] INFO  c.q.m.e.UserSessionReadinessCoordinator - No pending user session found for SET_WORK_PROFILE correlationKey=staffTx:123456789
23 ���. 2026;10:29:01.552 [main] INFO  c.q.m.d.s.i.DefaultLoggedDoctorContextResolver - Resolved doctor context source=WORK_PROFILE_EXPANDED branchId=7 servicePointId=41220000000007 servicePointLogicId=901 staffId=45 workProfileId=15 servicePointName=null workProfileName=null userName=null fieldSources={branchId=event.parameters.branchId, servicePointId=event.parameters.servicePointId, servicePointLogicId=event.parameters.servicePointLogicId, staffId=event.parameters.userId, workProfileId=event.parameters.workProfileOrigId}
23 ���. 2026;10:29:01.555 [main] INFO  c.q.m.e.DoctorAssignmentEventHandler - Skip raw SET_WORK_PROFILE because no matching USER_SERVICE_POINT_SESSION_START was found and raw trigger is disabled (reason=same-work-profile)
23 ���. 2026;10:29:01.571 [main] INFO  c.q.m.d.s.i.DefaultLoggedDoctorContextResolver - Resolved doctor context source=SERVICE_POINT_OPEN branchId=7 servicePointId=10220000000007 servicePointLogicId=1 staffId=1000002 workProfileId=31 servicePointName=102 ����������� workProfileName=����������� userName=p.sokolov fieldSources={branchId=event.parameters.branchId, servicePointId=event.unitId, servicePointLogicId=event.parameters.servicePointLogicId, staffId=event.parameters.userId, workProfileId=event.parameters.workProfileOrigId, workProfileName=event.parameters.workProfileName, servicePointName=event.parameters.servicePointName, userName=event.parameters.userName/user}
23 ���. 2026;10:29:01.572 [main] INFO  c.q.m.d.s.i.DefaultLoggedDoctorContextResolver - Resolved doctor context source=SET_WORK_PROFILE branchId=10 servicePointId=820000000010 servicePointLogicId=null staffId=29 workProfileId=28 servicePointName=null workProfileName=null userName=null fieldSources={branchId=event.parameters.branchId, staffId=event.parameters.userId, servicePointId=fallback.servicePointRuntimeState, workProfileId=fallback.servicePointRuntimeState}
23 ���. 2026;10:29:01.575 [main] INFO  c.q.m.c.s.OrchestraDataCacheUpdateService - Refresh caches for configured branches [7]
23 ���. 2026;10:29:01.575 [main] INFO  c.q.m.cache.BranchCacheUpdater - Start cache refresh for branch 7
23 ���. 2026;10:29:01.575 [main] INFO  c.q.m.cache.BranchCacheUpdater - Finish cache refresh for branch 7: services=1, queues=2, workProfiles=1, servicePoints=1, unknownDoctorQueueId=900, tookMs=0
23 ���. 2026;10:29:01.576 [main] INFO  c.q.m.e.UserSessionReadinessCoordinator - No pending user session found for SET_WORK_PROFILE correlationKey=fallback:7|45|41220000000007
23 ���. 2026;10:29:01.576 [main] INFO  c.q.m.d.s.i.DefaultLoggedDoctorContextResolver - Resolved doctor context source=WORK_PROFILE_EXPANDED branchId=7 servicePointId=41220000000007 servicePointLogicId=null staffId=45 workProfileId=15 servicePointName=null workProfileName=null userName=null fieldSources={branchId=event.parameters.branchId, servicePointId=event.parameters.servicePointId, staffId=event.parameters.userId, workProfileId=event.parameters.workProfileOrigId}
23 ���. 2026;10:29:01.576 [main] INFO  c.q.m.d.s.i.DefaultLoggedDoctorContextResolver - Resolved doctor context source=SET_WORK_PROFILE branchId=7 servicePointId=41220000000007 servicePointLogicId=null staffId=45 workProfileId=15 servicePointName=null workProfileName=null userName=null fieldSources={branchId=event.parameters.branchId, servicePointId=event.parameters.servicePointId, staffId=event.parameters.userId, workProfileId=event.parameters.workProfileOrigId}
23 ���. 2026;10:29:01.576 [main] INFO  c.q.m.d.s.AutonomousMedicalExamAssignmentService - Start assignment cycle source=SET_WORK_PROFILE branchId=7 servicePointId=41220000000007 staffId=45 workProfileId=15 sources={branchId=event.parameters.branchId, servicePointId=event.parameters.servicePointId, staffId=event.parameters.userId, workProfileId=event.parameters.workProfileOrigId}
23 ���. 2026;10:29:01.576 [main] INFO  c.q.m.d.s.AutonomousMedicalExamAssignmentService - Doctor 45 available services=[301]
23 ���. 2026;10:29:01.577 [main] INFO  c.q.m.d.s.AutonomousMedicalExamAssignmentService - Visits in unknown-doctor queue 900 count=1
23 ���. 2026;10:29:01.578 [main] INFO  c.q.m.d.s.i.DefaultVisitAssignmentExecutor - Assign workflow start visit=5001 currentQueue=900 currentService=null selectedService=301 targetQueue=901 doctor=45 servicePoint=41220000000007 workProfile=15 trigger=SET_WORK_PROFILE
23 ���. 2026;10:29:01.578 [main] INFO  c.q.m.d.s.i.DefaultVisitAssignmentExecutor - Assign workflow transfer step visit=5001 sourceQueue=900 targetQueue=901 doctor=45 servicePoint=41220000000007 trigger=SET_WORK_PROFILE transferOnly=false
23 ���. 2026;10:29:01.578 [main] INFO  c.q.m.d.s.AutonomousMedicalExamAssignmentService - Visit 5001 matchFound=true selectedService=301 targetQueue=901 success=true reason=route-order-1
23 ���. 2026;10:29:01.578 [main] INFO  c.q.m.d.s.AutonomousMedicalExamAssignmentService - Finish assignment cycle source=SET_WORK_PROFILE branchId=7 processed=1
23 ���. 2026;10:29:01.580 [main] INFO  c.q.m.e.UserSessionReadinessCoordinator - Registered pending user session correlationKey=staffTx:1776327218753843 branchId=6 userId=1 servicePointId=120000000006 servicePointLogicId=1 staffTransactionId=1776327218753843 workProfileOrigId=14 workProfileName=test05
23 ���. 2026;10:29:01.581 [main] INFO  c.q.m.e.UserSessionReadinessCoordinator - Completed pending user session correlationKey=staffTx:1776327218753843 ageMs=1 sessionStartProfile=14 sessionStartProfileName=test05 settledProfile=7 settledProfileName=��������� selectedProfileSource=USER_SERVICE_POINT_SESSION_START servicePointId=120000000006 servicePointLogicId=1
23 ���. 2026;10:29:01.917 [main] INFO  c.q.m.c.s.OrchestraDataCacheUpdateService - Refresh caches for configured branches [7]
23 ���. 2026;10:29:01.918 [main] INFO  c.q.m.cache.BranchCacheUpdater - Start cache refresh for branch 7
23 ���. 2026;10:29:01.918 [main] INFO  c.q.m.cache.BranchCacheUpdater - Finish cache refresh for branch 7: services=2, queues=3, workProfiles=3, servicePoints=1, unknownDoctorQueueId=900, tookMs=0
23 ���. 2026;10:29:01.918 [main] INFO  c.q.m.e.UserSessionReadinessCoordinator - No pending user session found for SET_WORK_PROFILE correlationKey=fallback:7|45|41220000000007
23 ���. 2026;10:29:01.918 [main] INFO  c.q.m.d.s.i.DefaultLoggedDoctorContextResolver - Resolved doctor context source=WORK_PROFILE_EXPANDED branchId=7 servicePointId=41220000000007 servicePointLogicId=null staffId=45 workProfileId=16 servicePointName=������� 7 workProfileName=����������� userName=doctor-45 fieldSources={branchId=event.parameters.branchId, servicePointId=event.parameters.servicePointId, staffId=event.parameters.userId, workProfileId=event.parameters.workProfileOrigId, workProfileName=event.parameters.workProfileName, servicePointName=event.parameters.servicePointName, userName=event.parameters.userName/user}
23 ���. 2026;10:29:01.919 [main] INFO  c.q.m.e.WorkProfileExpansionTriggerEvaluator - Detected work-profile expansion during active session branchId=7 servicePointId=41220000000007 staffId=45 previousWorkProfileId=15 newWorkProfileId=16 previousServices=[301] newServices=[301, 302]
23 ���. 2026;10:29:01.919 [main] INFO  c.q.m.d.s.AutonomousMedicalExamAssignmentService - Start assignment cycle source=WORK_PROFILE_EXPANDED branchId=7 servicePointId=41220000000007 staffId=45 workProfileId=16 sources={branchId=event.parameters.branchId, servicePointId=event.parameters.servicePointId, staffId=event.parameters.userId, workProfileId=event.parameters.workProfileOrigId, workProfileName=event.parameters.workProfileName, servicePointName=event.parameters.servicePointName, userName=event.parameters.userName/user}
23 ���. 2026;10:29:01.919 [main] INFO  c.q.m.d.s.AutonomousMedicalExamAssignmentService - Doctor 45 available services=[301, 302]
23 ���. 2026;10:29:01.919 [main] INFO  c.q.m.d.s.AutonomousMedicalExamAssignmentService - Visits in unknown-doctor queue 900 count=1
23 ���. 2026;10:29:01.920 [main] INFO  c.q.m.d.s.i.DefaultVisitAssignmentExecutor - Assign workflow start visit=5001 currentQueue=900 currentService=72 selectedService=302 targetQueue=902 doctor=45 servicePoint=41220000000007 workProfile=16 trigger=WORK_PROFILE_EXPANDED
23 ���. 2026;10:29:01.920 [main] INFO  c.q.m.d.s.i.DefaultVisitAssignmentExecutor - Assign workflow transfer step visit=5001 sourceQueue=900 targetQueue=902 doctor=45 servicePoint=41220000000007 trigger=WORK_PROFILE_EXPANDED transferOnly=false
23 ���. 2026;10:29:01.921 [main] INFO  c.q.m.d.s.AutonomousMedicalExamAssignmentService - Visit 5001 matchFound=true selectedService=302 targetQueue=902 success=true reason=route-order-1
23 ���. 2026;10:29:01.921 [main] INFO  c.q.m.d.s.AutonomousMedicalExamAssignmentService - Finish assignment cycle source=WORK_PROFILE_EXPANDED branchId=7 processed=1
23 ���. 2026;10:29:01.922 [main] INFO  c.q.m.c.s.OrchestraDataCacheUpdateService - Refresh caches for configured branches [7]
23 ���. 2026;10:29:01.922 [main] INFO  c.q.m.cache.BranchCacheUpdater - Start cache refresh for branch 7
23 ���. 2026;10:29:01.923 [main] INFO  c.q.m.cache.BranchCacheUpdater - Finish cache refresh for branch 7: services=2, queues=3, workProfiles=3, servicePoints=1, unknownDoctorQueueId=900, tookMs=1
23 ���. 2026;10:29:01.923 [main] INFO  c.q.m.e.UserSessionReadinessCoordinator - No pending user session found for SET_WORK_PROFILE correlationKey=fallback:7|45|41220000000007
23 ���. 2026;10:29:01.923 [main] INFO  c.q.m.d.s.i.DefaultLoggedDoctorContextResolver - Resolved doctor context source=WORK_PROFILE_EXPANDED branchId=7 servicePointId=41220000000007 servicePointLogicId=null staffId=45 workProfileId=17 servicePointName=������� 7 workProfileName=�������� userName=doctor-45 fieldSources={branchId=event.parameters.branchId, servicePointId=event.parameters.servicePointId, staffId=event.parameters.userId, workProfileId=event.parameters.workProfileOrigId, workProfileName=event.parameters.workProfileName, servicePointName=event.parameters.servicePointName, userName=event.parameters.userName/user}
23 ���. 2026;10:29:01.923 [main] INFO  c.q.m.e.WorkProfileExpansionTriggerEvaluator - Skip work-profile expansion trigger because available services did not expand branchId=7 servicePointId=41220000000007 staffId=45 previousWorkProfileId=15 newWorkProfileId=17 previousServices=[301] newServices=[301]
23 ���. 2026;10:29:01.923 [main] INFO  c.q.m.e.DoctorAssignmentEventHandler - Skip raw SET_WORK_PROFILE because no matching USER_SERVICE_POINT_SESSION_START was found and raw trigger is disabled (reason=services-not-expanded)
23 ���. 2026;10:31:03.878 [main] DEBUG c.q.m.a.o.OrchestraSessionCookieStore - Mutation cookie replay is disabled for method PUT. Stored mutation cookies will not be sent.
23 ���. 2026;10:31:03.882 [main] DEBUG c.q.m.a.o.OrchestraSessionCookieStore - Mutation cookie replay is disabled for method POST. Stored mutation cookies will not be sent.
23 ���. 2026;10:31:03.908 [main] INFO  c.q.m.c.s.OrchestraDataCacheUpdateService - Refresh caches for configured branches [7]
23 ���. 2026;10:31:03.909 [main] INFO  c.q.m.cache.BranchCacheUpdater - Start cache refresh for branch 7
23 ���. 2026;10:31:03.911 [main] INFO  c.q.m.cache.BranchCacheUpdater - Finish cache refresh for branch 7: services=1, queues=2, workProfiles=1, servicePoints=1, unknownDoctorQueueId=900, tookMs=2
23 ���. 2026;10:31:03.915 [main] INFO  c.q.m.d.s.AutonomousMedicalExamAssignmentService - Start assignment cycle source=SERVICE_POINT_OPEN branchId=7 servicePointId=41220000000007 staffId=45 workProfileId=15 sources={branchId=test, servicePointId=test, staffId=test, workProfileId=test}
23 ���. 2026;10:31:03.920 [main] ERROR c.q.m.d.s.AutonomousMedicalExamAssignmentService - Activation step failed source=SERVICE_POINT_OPEN branchId=7 servicePointId=41220000000007 staffId=45 workProfileId=15: simulated activation failure for branch 7
com.qsystems.meddoctorassignment.domain.exception.MutationContextException: simulated activation failure for branch 7
	at com.qsystems.meddoctorassignment.support.InMemoryTestGateways.activate(InMemoryTestGateways.java:126)
	at com.qsystems.meddoctorassignment.domain.service.AutonomousMedicalExamAssignmentService.process(AutonomousMedicalExamAssignmentService.java:130)
	at com.qsystems.meddoctorassignment.AutonomousMedicalExamAssignmentServiceTest.abortsBeforeFirstVisitWhenActivationStepFails(AutonomousMedicalExamAssignmentServiceTest.java:154)
	at java.base/jdk.internal.reflect.NativeMethodAccessorImpl.invoke0(Native Method)
	at java.base/jdk.internal.reflect.NativeMethodAccessorImpl.invoke(NativeMethodAccessorImpl.java:77)
	at java.base/jdk.internal.reflect.DelegatingMethodAccessorImpl.invoke(DelegatingMethodAccessorImpl.java:43)
	at java.base/java.lang.reflect.Method.invoke(Method.java:569)
	at org.junit.platform.commons.util.ReflectionUtils.invokeMethod(ReflectionUtils.java:688)
	at org.junit.jupiter.engine.execution.MethodInvocation.proceed(MethodInvocation.java:60)
	at org.junit.jupiter.engine.execution.InvocationInterceptorChain$ValidatingInvocation.proceed(InvocationInterceptorChain.java:131)
	at org.junit.jupiter.engine.extension.TimeoutExtension.intercept(TimeoutExtension.java:149)
	at org.junit.jupiter.engine.extension.TimeoutExtension.interceptTestableMethod(TimeoutExtension.java:140)
	at org.junit.jupiter.engine.extension.TimeoutExtension.interceptTestMethod(TimeoutExtension.java:84)
	at org.junit.jupiter.engine.execution.ExecutableInvoker$ReflectiveInterceptorCall.lambda$ofVoidMethod$0(ExecutableInvoker.java:115)
	at org.junit.jupiter.engine.execution.ExecutableInvoker.lambda$invoke$0(ExecutableInvoker.java:105)
	at org.junit.jupiter.engine.execution.InvocationInterceptorChain$InterceptedInvocation.proceed(InvocationInterceptorChain.java:106)
	at org.junit.jupiter.engine.execution.InvocationInterceptorChain.proceed(InvocationInterceptorChain.java:64)
	at org.junit.jupiter.engine.execution.InvocationInterceptorChain.chainAndInvoke(InvocationInterceptorChain.java:45)
	at org.junit.jupiter.engine.execution.InvocationInterceptorChain.invoke(InvocationInterceptorChain.java:37)
	at org.junit.jupiter.engine.execution.ExecutableInvoker.invoke(ExecutableInvoker.java:104)
	at org.junit.jupiter.engine.execution.ExecutableInvoker.invoke(ExecutableInvoker.java:98)
	at org.junit.jupiter.engine.descriptor.TestMethodTestDescriptor.lambda$invokeTestMethod$6(TestMethodTestDescriptor.java:210)
	at org.junit.platform.engine.support.hierarchical.ThrowableCollector.execute(ThrowableCollector.java:73)
	at org.junit.jupiter.engine.descriptor.TestMethodTestDescriptor.invokeTestMethod(TestMethodTestDescriptor.java:206)
	at org.junit.jupiter.engine.descriptor.TestMethodTestDescriptor.execute(TestMethodTestDescriptor.java:131)
	at org.junit.jupiter.engine.descriptor.TestMethodTestDescriptor.execute(TestMethodTestDescriptor.java:65)
	at org.junit.platform.engine.support.hierarchical.NodeTestTask.lambda$executeRecursively$5(NodeTestTask.java:139)
	at org.junit.platform.engine.support.hierarchical.ThrowableCollector.execute(ThrowableCollector.java:73)
	at org.junit.platform.engine.support.hierarchical.NodeTestTask.lambda$executeRecursively$7(NodeTestTask.java:129)
	at org.junit.platform.engine.support.hierarchical.Node.around(Node.java:137)
	at org.junit.platform.engine.support.hierarchical.NodeTestTask.lambda$executeRecursively$8(NodeTestTask.java:127)
	at org.junit.platform.engine.support.hierarchical.ThrowableCollector.execute(ThrowableCollector.java:73)
	at org.junit.platform.engine.support.hierarchical.NodeTestTask.executeRecursively(NodeTestTask.java:126)
	at org.junit.platform.engine.support.hierarchical.NodeTestTask.execute(NodeTestTask.java:84)
	at java.base/java.util.ArrayList.forEach(ArrayList.java:1511)
	at org.junit.platform.engine.support.hierarchical.SameThreadHierarchicalTestExecutorService.invokeAll(SameThreadHierarchicalTestExecutorService.java:38)
	at org.junit.platform.engine.support.hierarchical.NodeTestTask.lambda$executeRecursively$5(NodeTestTask.java:143)
	at org.junit.platform.engine.support.hierarchical.ThrowableCollector.execute(ThrowableCollector.java:73)
	at org.junit.platform.engine.support.hierarchical.NodeTestTask.lambda$executeRecursively$7(NodeTestTask.java:129)
	at org.junit.platform.engine.support.hierarchical.Node.around(Node.java:137)
	at org.junit.platform.engine.support.hierarchical.NodeTestTask.lambda$executeRecursively$8(NodeTestTask.java:127)
	at org.junit.platform.engine.support.hierarchical.ThrowableCollector.execute(ThrowableCollector.java:73)
	at org.junit.platform.engine.support.hierarchical.NodeTestTask.executeRecursively(NodeTestTask.java:126)
	at org.junit.platform.engine.support.hierarchical.NodeTestTask.execute(NodeTestTask.java:84)
	at java.base/java.util.ArrayList.forEach(ArrayList.java:1511)
	at org.junit.platform.engine.support.hierarchical.SameThreadHierarchicalTestExecutorService.invokeAll(SameThreadHierarchicalTestExecutorService.java:38)
	at org.junit.platform.engine.support.hierarchical.NodeTestTask.lambda$executeRecursively$5(NodeTestTask.java:143)
	at org.junit.platform.engine.support.hierarchical.ThrowableCollector.execute(ThrowableCollector.java:73)
	at org.junit.platform.engine.support.hierarchical.NodeTestTask.lambda$executeRecursively$7(NodeTestTask.java:129)
	at org.junit.platform.engine.support.hierarchical.Node.around(Node.java:137)
	at org.junit.platform.engine.support.hierarchical.NodeTestTask.lambda$executeRecursively$8(NodeTestTask.java:127)
	at org.junit.platform.engine.support.hierarchical.ThrowableCollector.execute(ThrowableCollector.java:73)
	at org.junit.platform.engine.support.hierarchical.NodeTestTask.executeRecursively(NodeTestTask.java:126)
	at org.junit.platform.engine.support.hierarchical.NodeTestTask.execute(NodeTestTask.java:84)
	at org.junit.platform.engine.support.hierarchical.SameThreadHierarchicalTestExecutorService.submit(SameThreadHierarchicalTestExecutorService.java:32)
	at org.junit.platform.engine.support.hierarchical.HierarchicalTestExecutor.execute(HierarchicalTestExecutor.java:57)
	at org.junit.platform.engine.support.hierarchical.HierarchicalTestEngine.execute(HierarchicalTestEngine.java:51)
	at org.junit.platform.launcher.core.DefaultLauncher.execute(DefaultLauncher.java:220)
	at org.junit.platform.launcher.core.DefaultLauncher.lambda$execute$6(DefaultLauncher.java:188)
	at org.junit.platform.launcher.core.DefaultLauncher.withInterceptedStreams(DefaultLauncher.java:202)
	at org.junit.platform.launcher.core.DefaultLauncher.execute(DefaultLauncher.java:181)
	at org.junit.platform.launcher.core.DefaultLauncher.execute(DefaultLauncher.java:128)
	at org.apache.maven.surefire.junitplatform.JUnitPlatformProvider.invokeAllTests(JUnitPlatformProvider.java:150)
	at org.apache.maven.surefire.junitplatform.JUnitPlatformProvider.invoke(JUnitPlatformProvider.java:124)
	at org.apache.maven.surefire.booter.ForkedBooter.invokeProviderInSameClassLoader(ForkedBooter.java:384)
	at org.apache.maven.surefire.booter.ForkedBooter.runSuitesInProcess(ForkedBooter.java:345)
	at org.apache.maven.surefire.booter.ForkedBooter.execute(ForkedBooter.java:126)
	at org.apache.maven.surefire.booter.ForkedBooter.main(ForkedBooter.java:418)
23 ���. 2026;10:31:03.922 [main] WARN  c.q.m.d.s.AutonomousMedicalExamAssignmentService - Abort assignment cycle source=SERVICE_POINT_OPEN branchId=7 before first visit because activation step did not produce a valid mutating context: simulated activation failure for branch 7
23 ���. 2026;10:31:03.923 [main] INFO  c.q.m.c.s.OrchestraDataCacheUpdateService - Refresh caches for configured branches [7]
23 ���. 2026;10:31:03.923 [main] INFO  c.q.m.cache.BranchCacheUpdater - Start cache refresh for branch 7
23 ���. 2026;10:31:03.923 [main] INFO  c.q.m.cache.BranchCacheUpdater - Finish cache refresh for branch 7: services=1, queues=2, workProfiles=1, servicePoints=1, unknownDoctorQueueId=900, tookMs=0
23 ���. 2026;10:31:03.923 [main] INFO  c.q.m.d.s.AutonomousMedicalExamAssignmentService - Start assignment cycle source=SERVICE_POINT_OPEN branchId=7 servicePointId=41220000000007 staffId=45 workProfileId=15 sources={branchId=test, servicePointId=test, staffId=test, workProfileId=test}
23 ���. 2026;10:31:03.923 [main] INFO  c.q.m.d.s.AutonomousMedicalExamAssignmentService - Doctor 45 available services=[301]
23 ���. 2026;10:31:03.924 [main] INFO  c.q.m.d.s.AutonomousMedicalExamAssignmentService - Visits in unknown-doctor queue 900 count=1
23 ���. 2026;10:31:03.926 [main] INFO  c.q.m.d.s.i.DefaultVisitAssignmentExecutor - Assign workflow start visit=1500 currentQueue=900 currentService=301 selectedService=301 targetQueue=901 doctor=45 servicePoint=41220000000007 workProfile=15 trigger=SERVICE_POINT_OPEN
23 ���. 2026;10:31:03.927 [main] INFO  c.q.m.d.s.i.DefaultVisitAssignmentExecutor - Skip redundant assign for visit=1500 because currentService=301 already matches selectedService=301 and workflow can continue with transfer-only
23 ���. 2026;10:31:03.927 [main] INFO  c.q.m.d.s.i.DefaultVisitAssignmentExecutor - Assign workflow transfer step visit=1500 sourceQueue=900 targetQueue=901 doctor=45 servicePoint=41220000000007 trigger=SERVICE_POINT_OPEN transferOnly=true
23 ���. 2026;10:31:03.927 [main] INFO  c.q.m.d.s.AutonomousMedicalExamAssignmentService - Visit 1500 matchFound=true selectedService=301 targetQueue=901 success=true reason=route-order-1
23 ���. 2026;10:31:03.927 [main] INFO  c.q.m.d.s.AutonomousMedicalExamAssignmentService - Finish assignment cycle source=SERVICE_POINT_OPEN branchId=7 processed=1
23 ���. 2026;10:31:03.928 [main] INFO  c.q.m.c.s.OrchestraDataCacheUpdateService - Refresh caches for configured branches [7]
23 ���. 2026;10:31:03.928 [main] INFO  c.q.m.cache.BranchCacheUpdater - Start cache refresh for branch 7
23 ���. 2026;10:31:03.929 [main] INFO  c.q.m.cache.BranchCacheUpdater - Finish cache refresh for branch 7: services=1, queues=2, workProfiles=1, servicePoints=1, unknownDoctorQueueId=900, tookMs=1
23 ���. 2026;10:31:03.929 [main] INFO  c.q.m.d.s.AutonomousMedicalExamAssignmentService - Start assignment cycle source=SERVICE_POINT_OPEN branchId=7 servicePointId=41220000000007 staffId=45 workProfileId=15 sources={branchId=test, servicePointId=test, staffId=test, workProfileId=test}
23 ���. 2026;10:31:03.929 [main] INFO  c.q.m.d.s.AutonomousMedicalExamAssignmentService - Doctor 45 available services=[301]
23 ���. 2026;10:31:03.929 [main] INFO  c.q.m.d.s.AutonomousMedicalExamAssignmentService - Visits in unknown-doctor queue 900 count=0
23 ���. 2026;10:31:03.929 [main] INFO  c.q.m.d.s.AutonomousMedicalExamAssignmentService - Finish assignment cycle source=SERVICE_POINT_OPEN branchId=7 processed=0
23 ���. 2026;10:31:03.930 [main] INFO  c.q.m.c.s.OrchestraDataCacheUpdateService - Refresh caches for configured branches [7]
23 ���. 2026;10:31:03.930 [main] INFO  c.q.m.cache.BranchCacheUpdater - Start cache refresh for branch 7
23 ���. 2026;10:31:03.930 [main] INFO  c.q.m.cache.BranchCacheUpdater - Finish cache refresh for branch 7: services=1, queues=2, workProfiles=1, servicePoints=1, unknownDoctorQueueId=900, tookMs=0
23 ���. 2026;10:31:03.930 [main] INFO  c.q.m.d.s.AutonomousMedicalExamAssignmentService - Start assignment cycle source=SERVICE_POINT_OPEN branchId=7 servicePointId=41220000000007 staffId=45 workProfileId=15 sources={branchId=test, servicePointId=test, staffId=test, workProfileId=test}
23 ���. 2026;10:31:03.931 [main] INFO  c.q.m.d.s.AutonomousMedicalExamAssignmentService - Doctor 45 available services=[301]
23 ���. 2026;10:31:03.931 [main] INFO  c.q.m.d.s.AutonomousMedicalExamAssignmentService - Visits in unknown-doctor queue 900 count=1
23 ���. 2026;10:31:03.931 [main] INFO  c.q.m.d.s.i.DefaultVisitAssignmentExecutor - Assign workflow start visit=1001 currentQueue=900 currentService=null selectedService=301 targetQueue=901 doctor=45 servicePoint=41220000000007 workProfile=15 trigger=SERVICE_POINT_OPEN
23 ���. 2026;10:31:03.931 [main] INFO  c.q.m.d.s.i.DefaultVisitAssignmentExecutor - Assign workflow transfer step visit=1001 sourceQueue=900 targetQueue=901 doctor=45 servicePoint=41220000000007 trigger=SERVICE_POINT_OPEN transferOnly=false
23 ���. 2026;10:31:03.931 [main] INFO  c.q.m.d.s.AutonomousMedicalExamAssignmentService - Visit 1001 matchFound=true selectedService=301 targetQueue=901 success=true reason=route-order-1
23 ���. 2026;10:31:03.932 [main] INFO  c.q.m.d.s.AutonomousMedicalExamAssignmentService - Finish assignment cycle source=SERVICE_POINT_OPEN branchId=7 processed=1
23 ���. 2026;10:31:03.933 [main] INFO  c.q.m.c.s.OrchestraDataCacheUpdateService - Refresh caches for configured branches [7]
23 ���. 2026;10:31:03.933 [main] INFO  c.q.m.cache.BranchCacheUpdater - Start cache refresh for branch 7
23 ���. 2026;10:31:03.934 [main] INFO  c.q.m.cache.BranchCacheUpdater - Finish cache refresh for branch 7: services=1, queues=2, workProfiles=1, servicePoints=1, unknownDoctorQueueId=900, tookMs=1
23 ���. 2026;10:31:03.934 [main] INFO  c.q.m.d.s.AutonomousMedicalExamAssignmentService - Start assignment cycle source=SERVICE_POINT_OPEN branchId=7 servicePointId=41220000000007 staffId=45 workProfileId=15 sources={branchId=test, servicePointId=test, staffId=test, workProfileId=test}
23 ���. 2026;10:31:03.934 [main] INFO  c.q.m.d.s.AutonomousMedicalExamAssignmentService - Doctor 45 available services=[301]
23 ���. 2026;10:31:03.934 [main] INFO  c.q.m.d.s.AutonomousMedicalExamAssignmentService - Visits in unknown-doctor queue 900 count=2
23 ���. 2026;10:31:03.934 [main] INFO  c.q.m.d.s.i.DefaultVisitAssignmentExecutor - Assign workflow start visit=3001 currentQueue=900 currentService=null selectedService=301 targetQueue=901 doctor=45 servicePoint=41220000000007 workProfile=15 trigger=SERVICE_POINT_OPEN
23 ���. 2026;10:31:03.934 [main] ERROR c.q.m.d.s.AutonomousMedicalExamAssignmentService - Failed to process visit 3001 in branch 7: simulated inactive operator context for visit 3001
com.qsystems.meddoctorassignment.domain.exception.MutationContextException: simulated inactive operator context for visit 3001
	at com.qsystems.meddoctorassignment.support.InMemoryTestGateways.assignServiceToVisit(InMemoryTestGateways.java:133)
	at com.qsystems.meddoctorassignment.domain.service.impl.DefaultVisitAssignmentExecutor.assign(DefaultVisitAssignmentExecutor.java:86)
	at com.qsystems.meddoctorassignment.domain.service.AutonomousMedicalExamAssignmentService.process(AutonomousMedicalExamAssignmentService.java:189)
	at com.qsystems.meddoctorassignment.AutonomousMedicalExamAssignmentServiceTest.abortsRemainingVisitsWhenAssignDetectsInvalidMutationContext(AutonomousMedicalExamAssignmentServiceTest.java:134)
	at java.base/jdk.internal.reflect.NativeMethodAccessorImpl.invoke0(Native Method)
	at java.base/jdk.internal.reflect.NativeMethodAccessorImpl.invoke(NativeMethodAccessorImpl.java:77)
	at java.base/jdk.internal.reflect.DelegatingMethodAccessorImpl.invoke(DelegatingMethodAccessorImpl.java:43)
	at java.base/java.lang.reflect.Method.invoke(Method.java:569)
	at org.junit.platform.commons.util.ReflectionUtils.invokeMethod(ReflectionUtils.java:688)
	at org.junit.jupiter.engine.execution.MethodInvocation.proceed(MethodInvocation.java:60)
	at org.junit.jupiter.engine.execution.InvocationInterceptorChain$ValidatingInvocation.proceed(InvocationInterceptorChain.java:131)
	at org.junit.jupiter.engine.extension.TimeoutExtension.intercept(TimeoutExtension.java:149)
	at org.junit.jupiter.engine.extension.TimeoutExtension.interceptTestableMethod(TimeoutExtension.java:140)
	at org.junit.jupiter.engine.extension.TimeoutExtension.interceptTestMethod(TimeoutExtension.java:84)
	at org.junit.jupiter.engine.execution.ExecutableInvoker$ReflectiveInterceptorCall.lambda$ofVoidMethod$0(ExecutableInvoker.java:115)
	at org.junit.jupiter.engine.execution.ExecutableInvoker.lambda$invoke$0(ExecutableInvoker.java:105)
	at org.junit.jupiter.engine.execution.InvocationInterceptorChain$InterceptedInvocation.proceed(InvocationInterceptorChain.java:106)
	at org.junit.jupiter.engine.execution.InvocationInterceptorChain.proceed(InvocationInterceptorChain.java:64)
	at org.junit.jupiter.engine.execution.InvocationInterceptorChain.chainAndInvoke(InvocationInterceptorChain.java:45)
	at org.junit.jupiter.engine.execution.InvocationInterceptorChain.invoke(InvocationInterceptorChain.java:37)
	at org.junit.jupiter.engine.execution.ExecutableInvoker.invoke(ExecutableInvoker.java:104)
	at org.junit.jupiter.engine.execution.ExecutableInvoker.invoke(ExecutableInvoker.java:98)
	at org.junit.jupiter.engine.descriptor.TestMethodTestDescriptor.lambda$invokeTestMethod$6(TestMethodTestDescriptor.java:210)
	at org.junit.platform.engine.support.hierarchical.ThrowableCollector.execute(ThrowableCollector.java:73)
	at org.junit.jupiter.engine.descriptor.TestMethodTestDescriptor.invokeTestMethod(TestMethodTestDescriptor.java:206)
	at org.junit.jupiter.engine.descriptor.TestMethodTestDescriptor.execute(TestMethodTestDescriptor.java:131)
	at org.junit.jupiter.engine.descriptor.TestMethodTestDescriptor.execute(TestMethodTestDescriptor.java:65)
	at org.junit.platform.engine.support.hierarchical.NodeTestTask.lambda$executeRecursively$5(NodeTestTask.java:139)
	at org.junit.platform.engine.support.hierarchical.ThrowableCollector.execute(ThrowableCollector.java:73)
	at org.junit.platform.engine.support.hierarchical.NodeTestTask.lambda$executeRecursively$7(NodeTestTask.java:129)
	at org.junit.platform.engine.support.hierarchical.Node.around(Node.java:137)
	at org.junit.platform.engine.support.hierarchical.NodeTestTask.lambda$executeRecursively$8(NodeTestTask.java:127)
	at org.junit.platform.engine.support.hierarchical.ThrowableCollector.execute(ThrowableCollector.java:73)
	at org.junit.platform.engine.support.hierarchical.NodeTestTask.executeRecursively(NodeTestTask.java:126)
	at org.junit.platform.engine.support.hierarchical.NodeTestTask.execute(NodeTestTask.java:84)
	at java.base/java.util.ArrayList.forEach(ArrayList.java:1511)
	at org.junit.platform.engine.support.hierarchical.SameThreadHierarchicalTestExecutorService.invokeAll(SameThreadHierarchicalTestExecutorService.java:38)
	at org.junit.platform.engine.support.hierarchical.NodeTestTask.lambda$executeRecursively$5(NodeTestTask.java:143)
	at org.junit.platform.engine.support.hierarchical.ThrowableCollector.execute(ThrowableCollector.java:73)
	at org.junit.platform.engine.support.hierarchical.NodeTestTask.lambda$executeRecursively$7(NodeTestTask.java:129)
	at org.junit.platform.engine.support.hierarchical.Node.around(Node.java:137)
	at org.junit.platform.engine.support.hierarchical.NodeTestTask.lambda$executeRecursively$8(NodeTestTask.java:127)
	at org.junit.platform.engine.support.hierarchical.ThrowableCollector.execute(ThrowableCollector.java:73)
	at org.junit.platform.engine.support.hierarchical.NodeTestTask.executeRecursively(NodeTestTask.java:126)
	at org.junit.platform.engine.support.hierarchical.NodeTestTask.execute(NodeTestTask.java:84)
	at java.base/java.util.ArrayList.forEach(ArrayList.java:1511)
	at org.junit.platform.engine.support.hierarchical.SameThreadHierarchicalTestExecutorService.invokeAll(SameThreadHierarchicalTestExecutorService.java:38)
	at org.junit.platform.engine.support.hierarchical.NodeTestTask.lambda$executeRecursively$5(NodeTestTask.java:143)
	at org.junit.platform.engine.support.hierarchical.ThrowableCollector.execute(ThrowableCollector.java:73)
	at org.junit.platform.engine.support.hierarchical.NodeTestTask.lambda$executeRecursively$7(NodeTestTask.java:129)
	at org.junit.platform.engine.support.hierarchical.Node.around(Node.java:137)
	at org.junit.platform.engine.support.hierarchical.NodeTestTask.lambda$executeRecursively$8(NodeTestTask.java:127)
	at org.junit.platform.engine.support.hierarchical.ThrowableCollector.execute(ThrowableCollector.java:73)
	at org.junit.platform.engine.support.hierarchical.NodeTestTask.executeRecursively(NodeTestTask.java:126)
	at org.junit.platform.engine.support.hierarchical.NodeTestTask.execute(NodeTestTask.java:84)
	at org.junit.platform.engine.support.hierarchical.SameThreadHierarchicalTestExecutorService.submit(SameThreadHierarchicalTestExecutorService.java:32)
	at org.junit.platform.engine.support.hierarchical.HierarchicalTestExecutor.execute(HierarchicalTestExecutor.java:57)
	at org.junit.platform.engine.support.hierarchical.HierarchicalTestEngine.execute(HierarchicalTestEngine.java:51)
	at org.junit.platform.launcher.core.DefaultLauncher.execute(DefaultLauncher.java:220)
	at org.junit.platform.launcher.core.DefaultLauncher.lambda$execute$6(DefaultLauncher.java:188)
	at org.junit.platform.launcher.core.DefaultLauncher.withInterceptedStreams(DefaultLauncher.java:202)
	at org.junit.platform.launcher.core.DefaultLauncher.execute(DefaultLauncher.java:181)
	at org.junit.platform.launcher.core.DefaultLauncher.execute(DefaultLauncher.java:128)
	at org.apache.maven.surefire.junitplatform.JUnitPlatformProvider.invokeAllTests(JUnitPlatformProvider.java:150)
	at org.apache.maven.surefire.junitplatform.JUnitPlatformProvider.invoke(JUnitPlatformProvider.java:124)
	at org.apache.maven.surefire.booter.ForkedBooter.invokeProviderInSameClassLoader(ForkedBooter.java:384)
	at org.apache.maven.surefire.booter.ForkedBooter.runSuitesInProcess(ForkedBooter.java:345)
	at org.apache.maven.surefire.booter.ForkedBooter.execute(ForkedBooter.java:126)
	at org.apache.maven.surefire.booter.ForkedBooter.main(ForkedBooter.java:418)
23 ���. 2026;10:31:03.937 [main] WARN  c.q.m.d.s.AutonomousMedicalExamAssignmentService - Abort assignment cycle source=SERVICE_POINT_OPEN branchId=7 after visit 3001 because mutating context is invalid: simulated inactive operator context for visit 3001
23 ���. 2026;10:31:03.937 [main] INFO  c.q.m.d.s.AutonomousMedicalExamAssignmentService - Finish assignment cycle source=SERVICE_POINT_OPEN branchId=7 processed=0
23 ���. 2026;10:31:03.937 [main] INFO  c.q.m.c.s.OrchestraDataCacheUpdateService - Refresh caches for configured branches [7]
23 ���. 2026;10:31:03.938 [main] INFO  c.q.m.cache.BranchCacheUpdater - Start cache refresh for branch 7
23 ���. 2026;10:31:03.938 [main] INFO  c.q.m.cache.BranchCacheUpdater - Finish cache refresh for branch 7: services=1, queues=2, workProfiles=1, servicePoints=1, unknownDoctorQueueId=900, tookMs=0
23 ���. 2026;10:31:03.938 [main] INFO  c.q.m.d.s.AutonomousMedicalExamAssignmentService - Start assignment cycle source=SERVICE_POINT_OPEN branchId=7 servicePointId=41220000000007 staffId=45 workProfileId=15 sources={branchId=test, servicePointId=test, staffId=test, workProfileId=test}
23 ���. 2026;10:31:03.938 [main] INFO  c.q.m.d.s.AutonomousMedicalExamAssignmentService - Doctor 45 available services=[301]
23 ���. 2026;10:31:03.938 [main] INFO  c.q.m.d.s.AutonomousMedicalExamAssignmentService - Visits in unknown-doctor queue 900 count=1
23 ���. 2026;10:31:03.938 [main] INFO  c.q.m.d.s.AutonomousMedicalExamAssignmentService - Visit 1002 has no matching unserved service for doctor 45
23 ���. 2026;10:31:03.938 [main] INFO  c.q.m.d.s.AutonomousMedicalExamAssignmentService - Finish assignment cycle source=SERVICE_POINT_OPEN branchId=7 processed=0
23 ���. 2026;10:31:03.939 [main] INFO  c.q.m.c.s.OrchestraDataCacheUpdateService - Refresh caches for configured branches [7]
23 ���. 2026;10:31:03.940 [main] INFO  c.q.m.cache.BranchCacheUpdater - Start cache refresh for branch 7
23 ���. 2026;10:31:03.940 [main] INFO  c.q.m.cache.BranchCacheUpdater - Finish cache refresh for branch 7: services=1, queues=2, workProfiles=1, servicePoints=1, unknownDoctorQueueId=900, tookMs=0
23 ���. 2026;10:31:03.940 [main] INFO  c.q.m.d.s.AutonomousMedicalExamAssignmentService - Start assignment cycle source=SERVICE_POINT_OPEN branchId=7 servicePointId=41220000000007 staffId=45 workProfileId=15 sources={branchId=test, servicePointId=test, staffId=test, workProfileId=test}
23 ���. 2026;10:31:03.940 [main] INFO  c.q.m.d.s.AutonomousMedicalExamAssignmentService - Doctor 45 available services=[301]
23 ���. 2026;10:31:03.940 [main] INFO  c.q.m.d.s.AutonomousMedicalExamAssignmentService - Visits in unknown-doctor queue 900 count=2
23 ���. 2026;10:31:03.940 [main] ERROR c.q.m.d.s.AutonomousMedicalExamAssignmentService - Failed to process visit 2001 in branch 7: simulated downstream failure
java.lang.IllegalStateException: simulated downstream failure
	at com.qsystems.meddoctorassignment.support.InMemoryTestGateways.getVisitDetails(InMemoryTestGateways.java:114)
	at com.qsystems.meddoctorassignment.domain.service.impl.DefaultVisitRouteAnalyzer.analyze(DefaultVisitRouteAnalyzer.java:23)
	at com.qsystems.meddoctorassignment.domain.service.AutonomousMedicalExamAssignmentService.process(AutonomousMedicalExamAssignmentService.java:181)
	at com.qsystems.meddoctorassignment.AutonomousMedicalExamAssignmentServiceTest.continuesWhenOneVisitFailsAndProcessesNextOne(AutonomousMedicalExamAssignmentServiceTest.java:111)
	at java.base/jdk.internal.reflect.NativeMethodAccessorImpl.invoke0(Native Method)
	at java.base/jdk.internal.reflect.NativeMethodAccessorImpl.invoke(NativeMethodAccessorImpl.java:77)
	at java.base/jdk.internal.reflect.DelegatingMethodAccessorImpl.invoke(DelegatingMethodAccessorImpl.java:43)
	at java.base/java.lang.reflect.Method.invoke(Method.java:569)
	at org.junit.platform.commons.util.ReflectionUtils.invokeMethod(ReflectionUtils.java:688)
	at org.junit.jupiter.engine.execution.MethodInvocation.proceed(MethodInvocation.java:60)
	at org.junit.jupiter.engine.execution.InvocationInterceptorChain$ValidatingInvocation.proceed(InvocationInterceptorChain.java:131)
	at org.junit.jupiter.engine.extension.TimeoutExtension.intercept(TimeoutExtension.java:149)
	at org.junit.jupiter.engine.extension.TimeoutExtension.interceptTestableMethod(TimeoutExtension.java:140)
	at org.junit.jupiter.engine.extension.TimeoutExtension.interceptTestMethod(TimeoutExtension.java:84)
	at org.junit.jupiter.engine.execution.ExecutableInvoker$ReflectiveInterceptorCall.lambda$ofVoidMethod$0(ExecutableInvoker.java:115)
	at org.junit.jupiter.engine.execution.ExecutableInvoker.lambda$invoke$0(ExecutableInvoker.java:105)
	at org.junit.jupiter.engine.execution.InvocationInterceptorChain$InterceptedInvocation.proceed(InvocationInterceptorChain.java:106)
	at org.junit.jupiter.engine.execution.InvocationInterceptorChain.proceed(InvocationInterceptorChain.java:64)
	at org.junit.jupiter.engine.execution.InvocationInterceptorChain.chainAndInvoke(InvocationInterceptorChain.java:45)
	at org.junit.jupiter.engine.execution.InvocationInterceptorChain.invoke(InvocationInterceptorChain.java:37)
	at org.junit.jupiter.engine.execution.ExecutableInvoker.invoke(ExecutableInvoker.java:104)
	at org.junit.jupiter.engine.execution.ExecutableInvoker.invoke(ExecutableInvoker.java:98)
	at org.junit.jupiter.engine.descriptor.TestMethodTestDescriptor.lambda$invokeTestMethod$6(TestMethodTestDescriptor.java:210)
	at org.junit.platform.engine.support.hierarchical.ThrowableCollector.execute(ThrowableCollector.java:73)
	at org.junit.jupiter.engine.descriptor.TestMethodTestDescriptor.invokeTestMethod(TestMethodTestDescriptor.java:206)
	at org.junit.jupiter.engine.descriptor.TestMethodTestDescriptor.execute(TestMethodTestDescriptor.java:131)
	at org.junit.jupiter.engine.descriptor.TestMethodTestDescriptor.execute(TestMethodTestDescriptor.java:65)
	at org.junit.platform.engine.support.hierarchical.NodeTestTask.lambda$executeRecursively$5(NodeTestTask.java:139)
	at org.junit.platform.engine.support.hierarchical.ThrowableCollector.execute(ThrowableCollector.java:73)
	at org.junit.platform.engine.support.hierarchical.NodeTestTask.lambda$executeRecursively$7(NodeTestTask.java:129)
	at org.junit.platform.engine.support.hierarchical.Node.around(Node.java:137)
	at org.junit.platform.engine.support.hierarchical.NodeTestTask.lambda$executeRecursively$8(NodeTestTask.java:127)
	at org.junit.platform.engine.support.hierarchical.ThrowableCollector.execute(ThrowableCollector.java:73)
	at org.junit.platform.engine.support.hierarchical.NodeTestTask.executeRecursively(NodeTestTask.java:126)
	at org.junit.platform.engine.support.hierarchical.NodeTestTask.execute(NodeTestTask.java:84)
	at java.base/java.util.ArrayList.forEach(ArrayList.java:1511)
	at org.junit.platform.engine.support.hierarchical.SameThreadHierarchicalTestExecutorService.invokeAll(SameThreadHierarchicalTestExecutorService.java:38)
	at org.junit.platform.engine.support.hierarchical.NodeTestTask.lambda$executeRecursively$5(NodeTestTask.java:143)
	at org.junit.platform.engine.support.hierarchical.ThrowableCollector.execute(ThrowableCollector.java:73)
	at org.junit.platform.engine.support.hierarchical.NodeTestTask.lambda$executeRecursively$7(NodeTestTask.java:129)
	at org.junit.platform.engine.support.hierarchical.Node.around(Node.java:137)
	at org.junit.platform.engine.support.hierarchical.NodeTestTask.lambda$executeRecursively$8(NodeTestTask.java:127)
	at org.junit.platform.engine.support.hierarchical.ThrowableCollector.execute(ThrowableCollector.java:73)
	at org.junit.platform.engine.support.hierarchical.NodeTestTask.executeRecursively(NodeTestTask.java:126)
	at org.junit.platform.engine.support.hierarchical.NodeTestTask.execute(NodeTestTask.java:84)
	at java.base/java.util.ArrayList.forEach(ArrayList.java:1511)
	at org.junit.platform.engine.support.hierarchical.SameThreadHierarchicalTestExecutorService.invokeAll(SameThreadHierarchicalTestExecutorService.java:38)
	at org.junit.platform.engine.support.hierarchical.NodeTestTask.lambda$executeRecursively$5(NodeTestTask.java:143)
	at org.junit.platform.engine.support.hierarchical.ThrowableCollector.execute(ThrowableCollector.java:73)
	at org.junit.platform.engine.support.hierarchical.NodeTestTask.lambda$executeRecursively$7(NodeTestTask.java:129)
	at org.junit.platform.engine.support.hierarchical.Node.around(Node.java:137)
	at org.junit.platform.engine.support.hierarchical.NodeTestTask.lambda$executeRecursively$8(NodeTestTask.java:127)
	at org.junit.platform.engine.support.hierarchical.ThrowableCollector.execute(ThrowableCollector.java:73)
	at org.junit.platform.engine.support.hierarchical.NodeTestTask.executeRecursively(NodeTestTask.java:126)
	at org.junit.platform.engine.support.hierarchical.NodeTestTask.execute(NodeTestTask.java:84)
	at org.junit.platform.engine.support.hierarchical.SameThreadHierarchicalTestExecutorService.submit(SameThreadHierarchicalTestExecutorService.java:32)
	at org.junit.platform.engine.support.hierarchical.HierarchicalTestExecutor.execute(HierarchicalTestExecutor.java:57)
	at org.junit.platform.engine.support.hierarchical.HierarchicalTestEngine.execute(HierarchicalTestEngine.java:51)
	at org.junit.platform.launcher.core.DefaultLauncher.execute(DefaultLauncher.java:220)
	at org.junit.platform.launcher.core.DefaultLauncher.lambda$execute$6(DefaultLauncher.java:188)
	at org.junit.platform.launcher.core.DefaultLauncher.withInterceptedStreams(DefaultLauncher.java:202)
	at org.junit.platform.launcher.core.DefaultLauncher.execute(DefaultLauncher.java:181)
	at org.junit.platform.launcher.core.DefaultLauncher.execute(DefaultLauncher.java:128)
	at org.apache.maven.surefire.junitplatform.JUnitPlatformProvider.invokeAllTests(JUnitPlatformProvider.java:150)
	at org.apache.maven.surefire.junitplatform.JUnitPlatformProvider.invoke(JUnitPlatformProvider.java:124)
	at org.apache.maven.surefire.booter.ForkedBooter.invokeProviderInSameClassLoader(ForkedBooter.java:384)
	at org.apache.maven.surefire.booter.ForkedBooter.runSuitesInProcess(ForkedBooter.java:345)
	at org.apache.maven.surefire.booter.ForkedBooter.execute(ForkedBooter.java:126)
	at org.apache.maven.surefire.booter.ForkedBooter.main(ForkedBooter.java:418)
23 ���. 2026;10:31:03.941 [main] INFO  c.q.m.d.s.i.DefaultVisitAssignmentExecutor - Assign workflow start visit=2002 currentQueue=900 currentService=null selectedService=301 targetQueue=901 doctor=45 servicePoint=41220000000007 workProfile=15 trigger=SERVICE_POINT_OPEN
23 ���. 2026;10:31:03.941 [main] INFO  c.q.m.d.s.i.DefaultVisitAssignmentExecutor - Assign workflow transfer step visit=2002 sourceQueue=900 targetQueue=901 doctor=45 servicePoint=41220000000007 trigger=SERVICE_POINT_OPEN transferOnly=false
23 ���. 2026;10:31:03.942 [main] INFO  c.q.m.d.s.AutonomousMedicalExamAssignmentService - Visit 2002 matchFound=true selectedService=301 targetQueue=901 success=true reason=route-order-1
23 ���. 2026;10:31:03.942 [main] INFO  c.q.m.d.s.AutonomousMedicalExamAssignmentService - Finish assignment cycle source=SERVICE_POINT_OPEN branchId=7 processed=1
23 ���. 2026;10:31:03.949 [main] INFO  c.q.m.c.s.OrchestraDataCacheUpdateService - Refresh caches for configured branches [7]
23 ���. 2026;10:31:03.950 [main] INFO  c.q.m.cache.BranchCacheUpdater - Start cache refresh for branch 7
23 ���. 2026;10:31:03.950 [main] INFO  c.q.m.cache.BranchCacheUpdater - Finish cache refresh for branch 7: services=1, queues=2, workProfiles=1, servicePoints=1, unknownDoctorQueueId=900, tookMs=0
23 ���. 2026;10:31:03.954 [main] INFO  c.q.m.e.UserSessionReadinessCoordinator - Registered pending user session correlationKey=staffTx:123456789 branchId=7 userId=45 servicePointId=41220000000007 servicePointLogicId=901 staffTransactionId=123456789 workProfileOrigId=15 workProfileName=null
23 ���. 2026;10:31:03.955 [main] INFO  c.q.m.c.s.OrchestraDataCacheUpdateService - Refresh caches for configured branches [7]
23 ���. 2026;10:31:03.955 [main] INFO  c.q.m.cache.BranchCacheUpdater - Start cache refresh for branch 7
23 ���. 2026;10:31:03.955 [main] INFO  c.q.m.cache.BranchCacheUpdater - Finish cache refresh for branch 7: services=1, queues=2, workProfiles=1, servicePoints=1, unknownDoctorQueueId=900, tookMs=0
23 ���. 2026;10:31:03.956 [main] INFO  c.q.m.e.UserSessionReadinessCoordinator - Registered pending user session correlationKey=staffTx:123456789 branchId=7 userId=45 servicePointId=41220000000007 servicePointLogicId=901 staffTransactionId=123456789 workProfileOrigId=15 workProfileName=null
23 ���. 2026;10:31:03.956 [main] INFO  c.q.m.e.UserSessionReadinessCoordinator - Completed pending user session correlationKey=staffTx:123456789 ageMs=1 sessionStartProfile=15 sessionStartProfileName=null settledProfile=15 settledProfileName=null selectedProfileSource=USER_SERVICE_POINT_SESSION_START servicePointId=41220000000007 servicePointLogicId=901
23 ���. 2026;10:31:03.957 [main] INFO  c.q.m.d.s.i.DefaultLoggedDoctorContextResolver - Resolved doctor context source=USER_SESSION_READY branchId=7 servicePointId=41220000000007 servicePointLogicId=901 staffId=45 workProfileId=15 servicePointName=null workProfileName=null userName=null fieldSources={branchId=event.parameters.branchId, servicePointId=event.parameters.servicePointId, servicePointLogicId=event.parameters.servicePointLogicId, staffId=event.parameters.userId, workProfileId=event.parameters.workProfileOrigId}
23 ���. 2026;10:31:03.958 [main] INFO  c.q.m.d.s.AutonomousMedicalExamAssignmentService - Start assignment cycle source=USER_SESSION_READY branchId=7 servicePointId=41220000000007 staffId=45 workProfileId=15 sources={branchId=event.parameters.branchId, servicePointId=event.parameters.servicePointId, servicePointLogicId=event.parameters.servicePointLogicId, staffId=event.parameters.userId, workProfileId=event.parameters.workProfileOrigId}
23 ���. 2026;10:31:03.958 [main] INFO  c.q.m.d.s.AutonomousMedicalExamAssignmentService - Doctor 45 available services=[301]
23 ���. 2026;10:31:03.958 [main] INFO  c.q.m.d.s.AutonomousMedicalExamAssignmentService - Visits in unknown-doctor queue 900 count=1
23 ���. 2026;10:31:03.958 [main] INFO  c.q.m.d.s.i.DefaultVisitAssignmentExecutor - Assign workflow start visit=5001 currentQueue=900 currentService=null selectedService=301 targetQueue=901 doctor=45 servicePoint=41220000000007 workProfile=15 trigger=USER_SESSION_READY
23 ���. 2026;10:31:03.958 [main] INFO  c.q.m.d.s.i.DefaultVisitAssignmentExecutor - Assign workflow transfer step visit=5001 sourceQueue=900 targetQueue=901 doctor=45 servicePoint=41220000000007 trigger=USER_SESSION_READY transferOnly=false
23 ���. 2026;10:31:03.958 [main] INFO  c.q.m.d.s.AutonomousMedicalExamAssignmentService - Visit 5001 matchFound=true selectedService=301 targetQueue=901 success=true reason=route-order-1
23 ���. 2026;10:31:03.958 [main] INFO  c.q.m.d.s.AutonomousMedicalExamAssignmentService - Finish assignment cycle source=USER_SESSION_READY branchId=7 processed=1
23 ���. 2026;10:31:03.959 [main] INFO  c.q.m.c.s.OrchestraDataCacheUpdateService - Refresh caches for configured branches [7]
23 ���. 2026;10:31:03.959 [main] INFO  c.q.m.cache.BranchCacheUpdater - Start cache refresh for branch 7
23 ���. 2026;10:31:03.959 [main] INFO  c.q.m.cache.BranchCacheUpdater - Finish cache refresh for branch 7: services=1, queues=2, workProfiles=1, servicePoints=1, unknownDoctorQueueId=900, tookMs=0
23 ���. 2026;10:31:03.960 [main] INFO  c.q.m.e.DoctorAssignmentEventHandler - Skip event SERVICE_POINT_OPEN because trigger SERVICE_POINT_OPEN is disabled by configuration
23 ���. 2026;10:31:03.961 [main] INFO  c.q.m.c.s.OrchestraDataCacheUpdateService - Refresh caches for configured branches [7]
23 ���. 2026;10:31:03.961 [main] INFO  c.q.m.cache.BranchCacheUpdater - Start cache refresh for branch 7
23 ���. 2026;10:31:03.961 [main] INFO  c.q.m.cache.BranchCacheUpdater - Finish cache refresh for branch 7: services=1, queues=2, workProfiles=1, servicePoints=1, unknownDoctorQueueId=900, tookMs=0
23 ���. 2026;10:31:03.961 [main] INFO  c.q.m.e.UserSessionReadinessCoordinator - No pending user session found for SET_WORK_PROFILE correlationKey=staffTx:123456789
23 ���. 2026;10:31:03.961 [main] INFO  c.q.m.d.s.i.DefaultLoggedDoctorContextResolver - Resolved doctor context source=WORK_PROFILE_EXPANDED branchId=7 servicePointId=41220000000007 servicePointLogicId=901 staffId=45 workProfileId=15 servicePointName=null workProfileName=null userName=null fieldSources={branchId=event.parameters.branchId, servicePointId=event.parameters.servicePointId, servicePointLogicId=event.parameters.servicePointLogicId, staffId=event.parameters.userId, workProfileId=event.parameters.workProfileOrigId}
23 ���. 2026;10:31:03.963 [main] INFO  c.q.m.e.DoctorAssignmentEventHandler - Skip raw SET_WORK_PROFILE because no matching USER_SERVICE_POINT_SESSION_START was found and raw trigger is disabled (reason=same-work-profile)
23 ���. 2026;10:31:03.970 [main] INFO  c.q.m.d.s.i.DefaultLoggedDoctorContextResolver - Resolved doctor context source=SERVICE_POINT_OPEN branchId=7 servicePointId=10220000000007 servicePointLogicId=1 staffId=1000002 workProfileId=31 servicePointName=102 ����������� workProfileName=����������� userName=p.sokolov fieldSources={branchId=event.parameters.branchId, servicePointId=event.unitId, servicePointLogicId=event.parameters.servicePointLogicId, staffId=event.parameters.userId, workProfileId=event.parameters.workProfileOrigId, workProfileName=event.parameters.workProfileName, servicePointName=event.parameters.servicePointName, userName=event.parameters.userName/user}
23 ���. 2026;10:31:03.971 [main] INFO  c.q.m.d.s.i.DefaultLoggedDoctorContextResolver - Resolved doctor context source=SET_WORK_PROFILE branchId=10 servicePointId=820000000010 servicePointLogicId=null staffId=29 workProfileId=28 servicePointName=null workProfileName=null userName=null fieldSources={branchId=event.parameters.branchId, staffId=event.parameters.userId, servicePointId=fallback.servicePointRuntimeState, workProfileId=fallback.servicePointRuntimeState}
23 ���. 2026;10:31:03.973 [main] INFO  c.q.m.c.s.OrchestraDataCacheUpdateService - Refresh caches for configured branches [7]
23 ���. 2026;10:31:03.973 [main] INFO  c.q.m.cache.BranchCacheUpdater - Start cache refresh for branch 7
23 ���. 2026;10:31:03.973 [main] INFO  c.q.m.cache.BranchCacheUpdater - Finish cache refresh for branch 7: services=1, queues=2, workProfiles=1, servicePoints=1, unknownDoctorQueueId=900, tookMs=0
23 ���. 2026;10:31:03.974 [main] INFO  c.q.m.e.UserSessionReadinessCoordinator - No pending user session found for SET_WORK_PROFILE correlationKey=fallback:7|45|41220000000007
23 ���. 2026;10:31:03.974 [main] INFO  c.q.m.d.s.i.DefaultLoggedDoctorContextResolver - Resolved doctor context source=WORK_PROFILE_EXPANDED branchId=7 servicePointId=41220000000007 servicePointLogicId=null staffId=45 workProfileId=15 servicePointName=null workProfileName=null userName=null fieldSources={branchId=event.parameters.branchId, servicePointId=event.parameters.servicePointId, staffId=event.parameters.userId, workProfileId=event.parameters.workProfileOrigId}
23 ���. 2026;10:31:03.974 [main] INFO  c.q.m.d.s.i.DefaultLoggedDoctorContextResolver - Resolved doctor context source=SET_WORK_PROFILE branchId=7 servicePointId=41220000000007 servicePointLogicId=null staffId=45 workProfileId=15 servicePointName=null workProfileName=null userName=null fieldSources={branchId=event.parameters.branchId, servicePointId=event.parameters.servicePointId, staffId=event.parameters.userId, workProfileId=event.parameters.workProfileOrigId}
23 ���. 2026;10:31:03.974 [main] INFO  c.q.m.d.s.AutonomousMedicalExamAssignmentService - Start assignment cycle source=SET_WORK_PROFILE branchId=7 servicePointId=41220000000007 staffId=45 workProfileId=15 sources={branchId=event.parameters.branchId, servicePointId=event.parameters.servicePointId, staffId=event.parameters.userId, workProfileId=event.parameters.workProfileOrigId}
23 ���. 2026;10:31:03.974 [main] INFO  c.q.m.d.s.AutonomousMedicalExamAssignmentService - Doctor 45 available services=[301]
23 ���. 2026;10:31:03.975 [main] INFO  c.q.m.d.s.AutonomousMedicalExamAssignmentService - Visits in unknown-doctor queue 900 count=1
23 ���. 2026;10:31:03.975 [main] INFO  c.q.m.d.s.i.DefaultVisitAssignmentExecutor - Assign workflow start visit=5001 currentQueue=900 currentService=null selectedService=301 targetQueue=901 doctor=45 servicePoint=41220000000007 workProfile=15 trigger=SET_WORK_PROFILE
23 ���. 2026;10:31:03.975 [main] INFO  c.q.m.d.s.i.DefaultVisitAssignmentExecutor - Assign workflow transfer step visit=5001 sourceQueue=900 targetQueue=901 doctor=45 servicePoint=41220000000007 trigger=SET_WORK_PROFILE transferOnly=false
23 ���. 2026;10:31:03.975 [main] INFO  c.q.m.d.s.AutonomousMedicalExamAssignmentService - Visit 5001 matchFound=true selectedService=301 targetQueue=901 success=true reason=route-order-1
23 ���. 2026;10:31:03.975 [main] INFO  c.q.m.d.s.AutonomousMedicalExamAssignmentService - Finish assignment cycle source=SET_WORK_PROFILE branchId=7 processed=1
23 ���. 2026;10:31:03.976 [main] INFO  c.q.m.e.UserSessionReadinessCoordinator - Registered pending user session correlationKey=staffTx:1776327218753843 branchId=6 userId=1 servicePointId=120000000006 servicePointLogicId=1 staffTransactionId=1776327218753843 workProfileOrigId=14 workProfileName=test05
23 ���. 2026;10:31:03.977 [main] INFO  c.q.m.e.UserSessionReadinessCoordinator - Completed pending user session correlationKey=staffTx:1776327218753843 ageMs=1 sessionStartProfile=14 sessionStartProfileName=test05 settledProfile=7 settledProfileName=��������� selectedProfileSource=USER_SERVICE_POINT_SESSION_START servicePointId=120000000006 servicePointLogicId=1
23 ���. 2026;10:31:04.186 [main] INFO  c.q.m.c.s.OrchestraDataCacheUpdateService - Refresh caches for configured branches [7]
23 ���. 2026;10:31:04.186 [main] INFO  c.q.m.cache.BranchCacheUpdater - Start cache refresh for branch 7
23 ���. 2026;10:31:04.186 [main] INFO  c.q.m.cache.BranchCacheUpdater - Finish cache refresh for branch 7: services=2, queues=3, workProfiles=3, servicePoints=1, unknownDoctorQueueId=900, tookMs=0
23 ���. 2026;10:31:04.187 [main] INFO  c.q.m.e.UserSessionReadinessCoordinator - No pending user session found for SET_WORK_PROFILE correlationKey=fallback:7|45|41220000000007
23 ���. 2026;10:31:04.187 [main] INFO  c.q.m.d.s.i.DefaultLoggedDoctorContextResolver - Resolved doctor context source=WORK_PROFILE_EXPANDED branchId=7 servicePointId=41220000000007 servicePointLogicId=null staffId=45 workProfileId=16 servicePointName=������� 7 workProfileName=����������� userName=doctor-45 fieldSources={branchId=event.parameters.branchId, servicePointId=event.parameters.servicePointId, staffId=event.parameters.userId, workProfileId=event.parameters.workProfileOrigId, workProfileName=event.parameters.workProfileName, servicePointName=event.parameters.servicePointName, userName=event.parameters.userName/user}
23 ���. 2026;10:31:04.187 [main] INFO  c.q.m.e.WorkProfileExpansionTriggerEvaluator - Detected work-profile expansion during active session branchId=7 servicePointId=41220000000007 staffId=45 previousWorkProfileId=15 newWorkProfileId=16 previousServices=[301] newServices=[301, 302]
23 ���. 2026;10:31:04.187 [main] INFO  c.q.m.d.s.AutonomousMedicalExamAssignmentService - Start assignment cycle source=WORK_PROFILE_EXPANDED branchId=7 servicePointId=41220000000007 staffId=45 workProfileId=16 sources={branchId=event.parameters.branchId, servicePointId=event.parameters.servicePointId, staffId=event.parameters.userId, workProfileId=event.parameters.workProfileOrigId, workProfileName=event.parameters.workProfileName, servicePointName=event.parameters.servicePointName, userName=event.parameters.userName/user}
23 ���. 2026;10:31:04.187 [main] INFO  c.q.m.d.s.AutonomousMedicalExamAssignmentService - Doctor 45 available services=[301, 302]
23 ���. 2026;10:31:04.187 [main] INFO  c.q.m.d.s.AutonomousMedicalExamAssignmentService - Visits in unknown-doctor queue 900 count=1
23 ���. 2026;10:31:04.187 [main] INFO  c.q.m.d.s.i.DefaultVisitAssignmentExecutor - Assign workflow start visit=5001 currentQueue=900 currentService=72 selectedService=302 targetQueue=902 doctor=45 servicePoint=41220000000007 workProfile=16 trigger=WORK_PROFILE_EXPANDED
23 ���. 2026;10:31:04.187 [main] INFO  c.q.m.d.s.i.DefaultVisitAssignmentExecutor - Assign workflow transfer step visit=5001 sourceQueue=900 targetQueue=902 doctor=45 servicePoint=41220000000007 trigger=WORK_PROFILE_EXPANDED transferOnly=false
23 ���. 2026;10:31:04.188 [main] INFO  c.q.m.d.s.AutonomousMedicalExamAssignmentService - Visit 5001 matchFound=true selectedService=302 targetQueue=902 success=true reason=route-order-1
23 ���. 2026;10:31:04.188 [main] INFO  c.q.m.d.s.AutonomousMedicalExamAssignmentService - Finish assignment cycle source=WORK_PROFILE_EXPANDED branchId=7 processed=1
23 ���. 2026;10:31:04.188 [main] INFO  c.q.m.c.s.OrchestraDataCacheUpdateService - Refresh caches for configured branches [7]
23 ���. 2026;10:31:04.189 [main] INFO  c.q.m.cache.BranchCacheUpdater - Start cache refresh for branch 7
23 ���. 2026;10:31:04.189 [main] INFO  c.q.m.cache.BranchCacheUpdater - Finish cache refresh for branch 7: services=2, queues=3, workProfiles=3, servicePoints=1, unknownDoctorQueueId=900, tookMs=0
23 ���. 2026;10:31:04.189 [main] INFO  c.q.m.e.UserSessionReadinessCoordinator - No pending user session found for SET_WORK_PROFILE correlationKey=fallback:7|45|41220000000007
23 ���. 2026;10:31:04.189 [main] INFO  c.q.m.d.s.i.DefaultLoggedDoctorContextResolver - Resolved doctor context source=WORK_PROFILE_EXPANDED branchId=7 servicePointId=41220000000007 servicePointLogicId=null staffId=45 workProfileId=17 servicePointName=������� 7 workProfileName=�������� userName=doctor-45 fieldSources={branchId=event.parameters.branchId, servicePointId=event.parameters.servicePointId, staffId=event.parameters.userId, workProfileId=event.parameters.workProfileOrigId, workProfileName=event.parameters.workProfileName, servicePointName=event.parameters.servicePointName, userName=event.parameters.userName/user}
23 ���. 2026;10:31:04.189 [main] INFO  c.q.m.e.WorkProfileExpansionTriggerEvaluator - Skip work-profile expansion trigger because available services did not expand branchId=7 servicePointId=41220000000007 staffId=45 previousWorkProfileId=15 newWorkProfileId=17 previousServices=[301] newServices=[301]
23 ���. 2026;10:31:04.190 [main] INFO  c.q.m.e.DoctorAssignmentEventHandler - Skip raw SET_WORK_PROFILE because no matching USER_SERVICE_POINT_SESSION_START was found and raw trigger is disabled (reason=services-not-expanded)
23 апр 2026;10:33:07.211 [main] INFO  c.q.m.websocket.WebSocketService - Prepared websocket handshake headers authPresent=true cookiePresent=false cookieLength=0 sendCookiesInHandshake=false transport=xhr-rest-template
23 апр 2026;10:33:07.213 [main] INFO  c.q.m.websocket.WebSocketService - Connecting to Orchestra websocket http://192.168.0.77:8080/qpevents/events
23 апр 2026;10:33:07.375 [main] INFO  c.q.m.c.s.OrchestraDataCacheUpdateService - Refresh caches for configured branches [6]
23 апр 2026;10:33:07.375 [main] INFO  c.q.m.cache.BranchCacheUpdater - Start cache refresh for branch 6
23 апр 2026;10:33:07.397 [SimpleAsyncTaskExecutor-1] INFO  c.q.m.w.StompSessionHandlerImpl - Subscribed to /topic/event/USER_SERVICE_POINT_SESSION_START/*
23 апр 2026;10:33:07.419 [SimpleAsyncTaskExecutor-1] INFO  c.q.m.w.StompSessionHandlerImpl - Subscribed to /topic/event/SET_WORK_PROFILE/*
23 апр 2026;10:33:09.195 [main] INFO  c.q.m.cache.BranchCacheUpdater - Finish cache refresh for branch 6: services=5, queues=5, workProfiles=3, servicePoints=2, unknownDoctorQueueId=98, tookMs=1820
23 апр 2026;10:33:09.196 [main] INFO  c.q.m.d.RuntimeConfigurationLogger - Runtime configuration marker=2026-04-16-run1328-r9-profile-expansion gatewayClass=com.qsystems.meddoctorassignment.adapter.gateway.impl.ConfigurableVisitWorkflowGateway gatewayCodeSource=file:/F:/doctorassignmentfromunkonwodoctor2/target/classes/ activationGatewayClass=com.qsystems.meddoctorassignment.adapter.gateway.impl.ConfigurableOperatorContextActivationGateway activationGatewayCodeSource=file:/F:/doctorassignmentfromunkonwodoctor2/target/classes/ activationEnabled=false activationMethod=POST activationPath= activationFailCycleOnError=true userServicePointSessionStartTriggerEnabled=true workProfileExpandedTriggerEnabled=true setWorkProfileTriggerEnabled=false servicePointOpenTriggerEnabled=false userSessionSettleWindowMs=2000 abortCycleOnForbiddenMutation=true treatInactiveUserStateAsFailure=true treatNoStartedServicePointSessionAsFailure=true replayMutationCookiesForPut=false replayReadCookiesForGet=true websocketSendCookiesInHandshake=false
23 апр 2026;10:33:59.953 [SimpleAsyncTaskExecutor-1] INFO  c.q.m.e.UserSessionReadinessCoordinator - Registered pending user session correlationKey=staffTx:1776929614897063 branchId=6 userId=1 servicePointId=120000000006 servicePointLogicId=1 staffTransactionId=1776929614897063 workProfileOrigId=7 workProfileName=Универсал
23 апр 2026;10:34:00.004 [SimpleAsyncTaskExecutor-1] INFO  c.q.m.e.UserSessionReadinessCoordinator - Completed pending user session correlationKey=staffTx:1776929614897063 ageMs=52 sessionStartProfile=7 sessionStartProfileName=Универсал settledProfile=7 settledProfileName=Универсал selectedProfileSource=USER_SERVICE_POINT_SESSION_START servicePointId=120000000006 servicePointLogicId=1
23 апр 2026;10:34:00.006 [SimpleAsyncTaskExecutor-1] INFO  c.q.m.d.s.i.DefaultLoggedDoctorContextResolver - Resolved doctor context source=USER_SESSION_READY branchId=6 servicePointId=120000000006 servicePointLogicId=1 staffId=1 workProfileId=7 servicePointName=Кабинет 13 workProfileName=Универсал userName=superadmin fieldSources={branchId=event.parameters.branchId, servicePointId=event.parameters.servicePointId, servicePointLogicId=event.parameters.servicePointLogicId, staffId=event.parameters.userId, workProfileId=event.parameters.workProfileOrigId, workProfileName=event.parameters.workProfileName, servicePointName=event.parameters.servicePointName, userName=event.parameters.userName/user}
23 апр 2026;10:34:00.007 [SimpleAsyncTaskExecutor-1] INFO  c.q.m.d.s.AutonomousMedicalExamAssignmentService - Start assignment cycle source=USER_SESSION_READY branchId=6 servicePointId=120000000006 staffId=1 workProfileId=7 sources={branchId=event.parameters.branchId, servicePointId=event.parameters.servicePointId, servicePointLogicId=event.parameters.servicePointLogicId, staffId=event.parameters.userId, workProfileId=event.parameters.workProfileOrigId, workProfileName=event.parameters.workProfileName, servicePointName=event.parameters.servicePointName, userName=event.parameters.userName/user}
23 апр 2026;10:34:00.007 [SimpleAsyncTaskExecutor-1] INFO  c.q.m.d.s.AutonomousMedicalExamAssignmentService - Doctor 1 available services=[4, 5, 6, 7]
23 апр 2026;10:34:00.111 [SimpleAsyncTaskExecutor-1] INFO  c.q.m.d.s.AutonomousMedicalExamAssignmentService - Visits in unknown-doctor queue 98 count=24
23 апр 2026;10:34:00.281 [SimpleAsyncTaskExecutor-1] INFO  c.q.m.d.s.i.DefaultVisitAssignmentExecutor - Assign workflow start visit=182036 currentQueue=98 currentService=72 selectedService=4 targetQueue=10 doctor=1 servicePoint=120000000006 workProfile=7 trigger=USER_SESSION_READY
23 апр 2026;10:34:00.281 [SimpleAsyncTaskExecutor-1] INFO  c.q.m.a.g.i.ConfigurableVisitWorkflowGateway - Assign service request branchId=6 visitId=182036 serviceId=4 staffId=1 servicePointId=120000000006 path=/rest/entrypoint/branches/6/visits/182036/services/4/ payload=<empty>
23 апр 2026;10:34:00.282 [SimpleAsyncTaskExecutor-1] WARN  c.q.m.a.g.i.ConfigurableVisitWorkflowGateway - Experimental assign-service adapter does not include staffId/servicePointId in payload yet. Context is logged for incident analysis.
23 апр 2026;10:34:00.282 [SimpleAsyncTaskExecutor-1] DEBUG c.q.m.a.o.OrchestraRestConfiguration - Cookie replay disabled for mutating request PUT http://192.168.0.77:8080/rest/entrypoint/branches/6/visits/182036/services/4/
23 апр 2026;10:34:00.911 [SimpleAsyncTaskExecutor-1] INFO  c.q.m.a.g.i.ConfigurableVisitWorkflowGateway - Assign service response branchId=6 visitId=182036 serviceId=4 status=200 responseBody={"branchId":6,"userState":"INACTIVE","visitState":"OK","servicePointId":1,"servicePointName":"Кабинет 13","servicePointState":"OPEN","visit":{"id":182036,"checksum":"1467028006","ticketId":"A2185","unservedVisitServices":[{"id":190921,"eventTime":"10:33","serviceId":7,"serviceInternalName":"Оккулист","serviceExternalName":"Оккулист","visitDeliveredServices":[],"visitOutcome":null,"outcomeExists":false,"deliveredServiceExists":false},{"id":190922,"eventTime":"10:33","serviceId":6,"serviceInternalName":"Стоматолог","serviceExternalName":"Стоматолог","visitDeliveredServices":[],"visitOutcome":null,"outcomeExists":false,"deliveredServiceExists":false},{"id":190923,"eventTime":"10:33","serviceId":5,"serviceInternalName":"Терапевт","serviceExternalName":"Терапевт","visitDeliveredServices":[],"visitOutcome":null,"outcomeExists":false,"deliveredServiceExists":false},{"id":190924,"eventTime":"10:33","serviceId":4,"serviceInternalName":"Хирург","serviceExternalName":"Хирург","visitDeliveredServices":[],"visitOutcome":null,"outcomeExists":false,"deliveredServiceExists":false}],"currentVisitService":{"id":190920,"eventTime":"10:33","serviceId":4,"serviceInternalName":"Хирург","serviceExternalName":"Хирург","visitDeliveredServices":[],"visitOutcome":null,"outcomeExists":false,"deliveredServiceExists":false},"servedVisitServices":[],"visitMarks":[],"customerIds":[],"waitingTime":5,"totalWaitingTime":0,"timeSinceCalled":0,"recycleAllowed":false,"noshowAllowed":false,"recallAllowed":false,"parameterMap":{"startQueueOrigId":98,"branchName":"Chat_Bot_Demo","totWaitTime":0},"appointmentId":null,"appointmentTime":null,"branchCurrentTime":"10:34:00"},"workProfileId":7,"workProfileName":"Универсал","servicePointDeviceTypes":["POSITIONAL","SW_SERVICE_POINT","Spotlight"]}
23 апр 2026;10:34:00.911 [SimpleAsyncTaskExecutor-1] WARN  c.q.m.a.g.i.ConfigurableVisitWorkflowGateway - Assign service returned userState=INACTIVE for visit 182036 in branch 6, but currentVisitService.serviceId=4 already matches requested serviceId=4. Treating assign as effectively successful and continuing with transfer. ResponseBody={"branchId":6,"userState":"INACTIVE","visitState":"OK","servicePointId":1,"servicePointName":"Кабинет 13","servicePointState":"OPEN","visit":{"id":182036,"checksum":"1467028006","ticketId":"A2185","unservedVisitServices":[{"id":190921,"eventTime":"10:33","serviceId":7,"serviceInternalName":"Оккулист","serviceExternalName":"Оккулист","visitDeliveredServices":[],"visitOutcome":null,"outcomeExists":false,"deliveredServiceExists":false},{"id":190922,"eventTime":"10:33","serviceId":6,"serviceInternalName":"Стоматолог","serviceExternalName":"Стоматолог","visitDeliveredServices":[],"visitOutcome":null,"outcomeExists":false,"deliveredServiceExists":false},{"id":190923,"eventTime":"10:33","serviceId":5,"serviceInternalName":"Терапевт","serviceExternalName":"Терапевт","visitDeliveredServices":[],"visitOutcome":null,"outcomeExists":false,"deliveredServiceExists":false},{"id":190924,"eventTime":"10:33","serviceId":4,"serviceInternalName":"Хирург","serviceExternalName":"Хирург","visitDeliveredServices":[],"visitOutcome":null,"outcomeExists":false,"deliveredServiceExists":false}],"currentVisitService":{"id":190920,"eventTime":"10:33","serviceId":4,"serviceInternalName":"Хирург","serviceExternalName":"Хирург","visitDeliveredServices":[],"visitOutcome":null,"outcomeExists":false,"deliveredServiceExists":false},"servedVisitServices":[],"visitMarks":[],"customerIds":[],"waitingTime":5,"totalWaitingTime":0,"timeSinceCalled":0,"recycleAllowed":false,"noshowAllowed":false,"recallAllowed":false,"parameterMap":{"startQueueOrigId":98,"branchName":"Chat_Bot_Demo","totWaitTime":0},"appointmentId":null,"appointmentTime":null,"branchCurrentTime":"10:34:00"},"workProfileId":7,"workProfileName":"Универсал","servicePointDeviceTypes":["POSITIONAL","SW_SERVICE_POINT","Spotlight"]}
23 апр 2026;10:34:00.911 [SimpleAsyncTaskExecutor-1] INFO  c.q.m.d.s.i.DefaultVisitAssignmentExecutor - Assign workflow transfer step visit=182036 sourceQueue=98 targetQueue=10 doctor=1 servicePoint=120000000006 trigger=USER_SESSION_READY transferOnly=false
23 апр 2026;10:34:00.911 [SimpleAsyncTaskExecutor-1] INFO  c.q.m.a.g.i.ConfigurableVisitWorkflowGateway - Transfer visit request branchId=6 visitId=182036 sourceQueueId=98 targetQueueId=10 sourceEntryPointId=1 path=/rest/entrypoint/branches/6/queues/10/visits/ payload={visitId=182036, fromBranchId=6, fromId=1}
23 апр 2026;10:34:00.911 [SimpleAsyncTaskExecutor-1] WARN  c.q.m.a.g.i.ConfigurableVisitWorkflowGateway - Experimental transfer-visit adapter assumes fromId=1 is source entry point for branch 6. Validate this against штатный Orchestra UI trace.
23 апр 2026;10:34:00.911 [SimpleAsyncTaskExecutor-1] DEBUG c.q.m.a.o.OrchestraSessionCookieStore - Mutation cookie replay is disabled for method PUT. Stored mutation cookies will not be sent.
23 апр 2026;10:34:00.912 [SimpleAsyncTaskExecutor-1] DEBUG c.q.m.a.o.OrchestraRestConfiguration - Cookie replay disabled for mutating request PUT http://192.168.0.77:8080/rest/entrypoint/branches/6/queues/10/visits/
23 апр 2026;10:34:01.955 [SimpleAsyncTaskExecutor-1] INFO  c.q.m.a.g.i.ConfigurableVisitWorkflowGateway - Transfer visit response branchId=6 visitId=182036 targetQueueId=10 sourceEntryPointId=1 status=204 bodyReadMode=exchange-byte-array responseBody=<empty>
23 апр 2026;10:34:02.035 [SimpleAsyncTaskExecutor-1] INFO  c.q.m.d.s.AutonomousMedicalExamAssignmentService - Visit 182036 matchFound=true selectedService=4 targetQueue=10 success=true reason=service-id-fallback
23 апр 2026;10:34:02.182 [SimpleAsyncTaskExecutor-1] INFO  c.q.m.d.s.i.DefaultVisitAssignmentExecutor - Assign workflow start visit=182037 currentQueue=98 currentService=72 selectedService=4 targetQueue=10 doctor=1 servicePoint=120000000006 workProfile=7 trigger=USER_SESSION_READY
23 апр 2026;10:34:02.190 [SimpleAsyncTaskExecutor-1] INFO  c.q.m.a.g.i.ConfigurableVisitWorkflowGateway - Assign service request branchId=6 visitId=182037 serviceId=4 staffId=1 servicePointId=120000000006 path=/rest/entrypoint/branches/6/visits/182037/services/4/ payload=<empty>
23 апр 2026;10:34:02.191 [SimpleAsyncTaskExecutor-1] WARN  c.q.m.a.g.i.ConfigurableVisitWorkflowGateway - Experimental assign-service adapter does not include staffId/servicePointId in payload yet. Context is logged for incident analysis.
23 апр 2026;10:34:02.192 [SimpleAsyncTaskExecutor-1] DEBUG c.q.m.a.o.OrchestraSessionCookieStore - Mutation cookie replay is disabled for method PUT. Stored mutation cookies will not be sent.
23 апр 2026;10:34:02.192 [SimpleAsyncTaskExecutor-1] DEBUG c.q.m.a.o.OrchestraRestConfiguration - Cookie replay disabled for mutating request PUT http://192.168.0.77:8080/rest/entrypoint/branches/6/visits/182037/services/4/
23 апр 2026;10:34:02.693 [SimpleAsyncTaskExecutor-1] INFO  c.q.m.a.g.i.ConfigurableVisitWorkflowGateway - Assign service response branchId=6 visitId=182037 serviceId=4 status=200 responseBody={"branchId":6,"userState":"INACTIVE","visitState":"OK","servicePointId":1,"servicePointName":"Кабинет 13","servicePointState":"OPEN","visit":{"id":182037,"checksum":"584321852","ticketId":"A2186","unservedVisitServices":[{"id":190926,"eventTime":"10:33","serviceId":7,"serviceInternalName":"Оккулист","serviceExternalName":"Оккулист","visitDeliveredServices":[],"visitOutcome":null,"outcomeExists":false,"deliveredServiceExists":false},{"id":190927,"eventTime":"10:33","serviceId":6,"serviceInternalName":"Стоматолог","serviceExternalName":"Стоматолог","visitDeliveredServices":[],"visitOutcome":null,"outcomeExists":false,"deliveredServiceExists":false},{"id":190928,"eventTime":"10:33","serviceId":5,"serviceInternalName":"Терапевт","serviceExternalName":"Терапевт","visitDeliveredServices":[],"visitOutcome":null,"outcomeExists":false,"deliveredServiceExists":false},{"id":190929,"eventTime":"10:33","serviceId":4,"serviceInternalName":"Хирург","serviceExternalName":"Хирург","visitDeliveredServices":[],"visitOutcome":null,"outcomeExists":false,"deliveredServiceExists":false}],"currentVisitService":{"id":190925,"eventTime":"10:33","serviceId":4,"serviceInternalName":"Хирург","serviceExternalName":"Хирург","visitDeliveredServices":[],"visitOutcome":null,"outcomeExists":false,"deliveredServiceExists":false},"servedVisitServices":[],"visitMarks":[],"customerIds":[],"waitingTime":20,"totalWaitingTime":0,"timeSinceCalled":0,"recycleAllowed":false,"noshowAllowed":false,"recallAllowed":false,"parameterMap":{"startQueueOrigId":98,"branchName":"Chat_Bot_Demo","totWaitTime":0},"appointmentId":null,"appointmentTime":null,"branchCurrentTime":"10:34:02"},"workProfileId":7,"workProfileName":"Универсал","servicePointDeviceTypes":["POSITIONAL","SW_SERVICE_POINT","Spotlight"]}
23 апр 2026;10:34:02.693 [SimpleAsyncTaskExecutor-1] WARN  c.q.m.a.g.i.ConfigurableVisitWorkflowGateway - Assign service returned userState=INACTIVE for visit 182037 in branch 6, but currentVisitService.serviceId=4 already matches requested serviceId=4. Treating assign as effectively successful and continuing with transfer. ResponseBody={"branchId":6,"userState":"INACTIVE","visitState":"OK","servicePointId":1,"servicePointName":"Кабинет 13","servicePointState":"OPEN","visit":{"id":182037,"checksum":"584321852","ticketId":"A2186","unservedVisitServices":[{"id":190926,"eventTime":"10:33","serviceId":7,"serviceInternalName":"Оккулист","serviceExternalName":"Оккулист","visitDeliveredServices":[],"visitOutcome":null,"outcomeExists":false,"deliveredServiceExists":false},{"id":190927,"eventTime":"10:33","serviceId":6,"serviceInternalName":"Стоматолог","serviceExternalName":"Стоматолог","visitDeliveredServices":[],"visitOutcome":null,"outcomeExists":false,"deliveredServiceExists":false},{"id":190928,"eventTime":"10:33","serviceId":5,"serviceInternalName":"Терапевт","serviceExternalName":"Терапевт","visitDeliveredServices":[],"visitOutcome":null,"outcomeExists":false,"deliveredServiceExists":false},{"id":190929,"eventTime":"10:33","serviceId":4,"serviceInternalName":"Хирург","serviceExternalName":"Хирург","visitDeliveredServices":[],"visitOutcome":null,"outcomeExists":false,"deliveredServiceExists":false}],"currentVisitService":{"id":190925,"eventTime":"10:33","serviceId":4,"serviceInternalName":"Хирург","serviceExternalName":"Хирург","visitDeliveredServices":[],"visitOutcome":null,"outcomeExists":false,"deliveredServiceExists":false},"servedVisitServices":[],"visitMarks":[],"customerIds":[],"waitingTime":20,"totalWaitingTime":0,"timeSinceCalled":0,"recycleAllowed":false,"noshowAllowed":false,"recallAllowed":false,"parameterMap":{"startQueueOrigId":98,"branchName":"Chat_Bot_Demo","totWaitTime":0},"appointmentId":null,"appointmentTime":null,"branchCurrentTime":"10:34:02"},"workProfileId":7,"workProfileName":"Универсал","servicePointDeviceTypes":["POSITIONAL","SW_SERVICE_POINT","Spotlight"]}
23 апр 2026;10:34:02.693 [SimpleAsyncTaskExecutor-1] INFO  c.q.m.d.s.i.DefaultVisitAssignmentExecutor - Assign workflow transfer step visit=182037 sourceQueue=98 targetQueue=10 doctor=1 servicePoint=120000000006 trigger=USER_SESSION_READY transferOnly=false
23 апр 2026;10:34:02.693 [SimpleAsyncTaskExecutor-1] INFO  c.q.m.a.g.i.ConfigurableVisitWorkflowGateway - Transfer visit request branchId=6 visitId=182037 sourceQueueId=98 targetQueueId=10 sourceEntryPointId=1 path=/rest/entrypoint/branches/6/queues/10/visits/ payload={visitId=182037, fromBranchId=6, fromId=1}
23 апр 2026;10:34:02.693 [SimpleAsyncTaskExecutor-1] WARN  c.q.m.a.g.i.ConfigurableVisitWorkflowGateway - Experimental transfer-visit adapter assumes fromId=1 is source entry point for branch 6. Validate this against штатный Orchestra UI trace.
23 апр 2026;10:34:02.694 [SimpleAsyncTaskExecutor-1] DEBUG c.q.m.a.o.OrchestraSessionCookieStore - Mutation cookie replay is disabled for method PUT. Stored mutation cookies will not be sent.
23 апр 2026;10:34:02.694 [SimpleAsyncTaskExecutor-1] DEBUG c.q.m.a.o.OrchestraRestConfiguration - Cookie replay disabled for mutating request PUT http://192.168.0.77:8080/rest/entrypoint/branches/6/queues/10/visits/
23 апр 2026;10:34:03.450 [SimpleAsyncTaskExecutor-1] INFO  c.q.m.a.g.i.ConfigurableVisitWorkflowGateway - Transfer visit response branchId=6 visitId=182037 targetQueueId=10 sourceEntryPointId=1 status=204 bodyReadMode=exchange-byte-array responseBody=<empty>
23 апр 2026;10:34:03.475 [SimpleAsyncTaskExecutor-1] INFO  c.q.m.d.s.AutonomousMedicalExamAssignmentService - Visit 182037 matchFound=true selectedService=4 targetQueue=10 success=true reason=service-id-fallback
23 апр 2026;10:34:03.527 [SimpleAsyncTaskExecutor-1] INFO  c.q.m.d.s.i.DefaultVisitAssignmentExecutor - Assign workflow start visit=182038 currentQueue=98 currentService=72 selectedService=4 targetQueue=10 doctor=1 servicePoint=120000000006 workProfile=7 trigger=USER_SESSION_READY
23 апр 2026;10:34:03.527 [SimpleAsyncTaskExecutor-1] INFO  c.q.m.a.g.i.ConfigurableVisitWorkflowGateway - Assign service request branchId=6 visitId=182038 serviceId=4 staffId=1 servicePointId=120000000006 path=/rest/entrypoint/branches/6/visits/182038/services/4/ payload=<empty>
23 апр 2026;10:34:03.527 [SimpleAsyncTaskExecutor-1] WARN  c.q.m.a.g.i.ConfigurableVisitWorkflowGateway - Experimental assign-service adapter does not include staffId/servicePointId in payload yet. Context is logged for incident analysis.
23 апр 2026;10:34:03.527 [SimpleAsyncTaskExecutor-1] DEBUG c.q.m.a.o.OrchestraSessionCookieStore - Mutation cookie replay is disabled for method PUT. Stored mutation cookies will not be sent.
23 апр 2026;10:34:03.527 [SimpleAsyncTaskExecutor-1] DEBUG c.q.m.a.o.OrchestraRestConfiguration - Cookie replay disabled for mutating request PUT http://192.168.0.77:8080/rest/entrypoint/branches/6/visits/182038/services/4/
23 апр 2026;10:34:04.059 [SimpleAsyncTaskExecutor-1] INFO  c.q.m.a.g.i.ConfigurableVisitWorkflowGateway - Assign service response branchId=6 visitId=182038 serviceId=4 status=200 responseBody={"branchId":6,"userState":"INACTIVE","visitState":"OK","servicePointId":1,"servicePointName":"Кабинет 13","servicePointState":"OPEN","visit":{"id":182038,"checksum":"624687332","ticketId":"A2187","unservedVisitServices":[{"id":190931,"eventTime":"10:33","serviceId":7,"serviceInternalName":"Оккулист","serviceExternalName":"Оккулист","visitDeliveredServices":[],"visitOutcome":null,"outcomeExists":false,"deliveredServiceExists":false},{"id":190932,"eventTime":"10:33","serviceId":6,"serviceInternalName":"Стоматолог","serviceExternalName":"Стоматолог","visitDeliveredServices":[],"visitOutcome":null,"outcomeExists":false,"deliveredServiceExists":false},{"id":190933,"eventTime":"10:33","serviceId":5,"serviceInternalName":"Терапевт","serviceExternalName":"Терапевт","visitDeliveredServices":[],"visitOutcome":null,"outcomeExists":false,"deliveredServiceExists":false},{"id":190934,"eventTime":"10:33","serviceId":4,"serviceInternalName":"Хирург","serviceExternalName":"Хирург","visitDeliveredServices":[],"visitOutcome":null,"outcomeExists":false,"deliveredServiceExists":false}],"currentVisitService":{"id":190930,"eventTime":"10:33","serviceId":4,"serviceInternalName":"Хирург","serviceExternalName":"Хирург","visitDeliveredServices":[],"visitOutcome":null,"outcomeExists":false,"deliveredServiceExists":false},"servedVisitServices":[],"visitMarks":[],"customerIds":[],"waitingTime":21,"totalWaitingTime":0,"timeSinceCalled":0,"recycleAllowed":false,"noshowAllowed":false,"recallAllowed":false,"parameterMap":{"startQueueOrigId":98,"branchName":"Chat_Bot_Demo","totWaitTime":0},"appointmentId":null,"appointmentTime":null,"branchCurrentTime":"10:34:03"},"workProfileId":7,"workProfileName":"Универсал","servicePointDeviceTypes":["POSITIONAL","SW_SERVICE_POINT","Spotlight"]}
23 апр 2026;10:34:04.060 [SimpleAsyncTaskExecutor-1] WARN  c.q.m.a.g.i.ConfigurableVisitWorkflowGateway - Assign service returned userState=INACTIVE for visit 182038 in branch 6, but currentVisitService.serviceId=4 already matches requested serviceId=4. Treating assign as effectively successful and continuing with transfer. ResponseBody={"branchId":6,"userState":"INACTIVE","visitState":"OK","servicePointId":1,"servicePointName":"Кабинет 13","servicePointState":"OPEN","visit":{"id":182038,"checksum":"624687332","ticketId":"A2187","unservedVisitServices":[{"id":190931,"eventTime":"10:33","serviceId":7,"serviceInternalName":"Оккулист","serviceExternalName":"Оккулист","visitDeliveredServices":[],"visitOutcome":null,"outcomeExists":false,"deliveredServiceExists":false},{"id":190932,"eventTime":"10:33","serviceId":6,"serviceInternalName":"Стоматолог","serviceExternalName":"Стоматолог","visitDeliveredServices":[],"visitOutcome":null,"outcomeExists":false,"deliveredServiceExists":false},{"id":190933,"eventTime":"10:33","serviceId":5,"serviceInternalName":"Терапевт","serviceExternalName":"Терапевт","visitDeliveredServices":[],"visitOutcome":null,"outcomeExists":false,"deliveredServiceExists":false},{"id":190934,"eventTime":"10:33","serviceId":4,"serviceInternalName":"Хирург","serviceExternalName":"Хирург","visitDeliveredServices":[],"visitOutcome":null,"outcomeExists":false,"deliveredServiceExists":false}],"currentVisitService":{"id":190930,"eventTime":"10:33","serviceId":4,"serviceInternalName":"Хирург","serviceExternalName":"Хирург","visitDeliveredServices":[],"visitOutcome":null,"outcomeExists":false,"deliveredServiceExists":false},"servedVisitServices":[],"visitMarks":[],"customerIds":[],"waitingTime":21,"totalWaitingTime":0,"timeSinceCalled":0,"recycleAllowed":false,"noshowAllowed":false,"recallAllowed":false,"parameterMap":{"startQueueOrigId":98,"branchName":"Chat_Bot_Demo","totWaitTime":0},"appointmentId":null,"appointmentTime":null,"branchCurrentTime":"10:34:03"},"workProfileId":7,"workProfileName":"Универсал","servicePointDeviceTypes":["POSITIONAL","SW_SERVICE_POINT","Spotlight"]}
23 апр 2026;10:34:04.060 [SimpleAsyncTaskExecutor-1] INFO  c.q.m.d.s.i.DefaultVisitAssignmentExecutor - Assign workflow transfer step visit=182038 sourceQueue=98 targetQueue=10 doctor=1 servicePoint=120000000006 trigger=USER_SESSION_READY transferOnly=false
23 апр 2026;10:34:04.060 [SimpleAsyncTaskExecutor-1] INFO  c.q.m.a.g.i.ConfigurableVisitWorkflowGateway - Transfer visit request branchId=6 visitId=182038 sourceQueueId=98 targetQueueId=10 sourceEntryPointId=1 path=/rest/entrypoint/branches/6/queues/10/visits/ payload={visitId=182038, fromBranchId=6, fromId=1}
23 апр 2026;10:34:04.060 [SimpleAsyncTaskExecutor-1] WARN  c.q.m.a.g.i.ConfigurableVisitWorkflowGateway - Experimental transfer-visit adapter assumes fromId=1 is source entry point for branch 6. Validate this against штатный Orchestra UI trace.
23 апр 2026;10:34:04.060 [SimpleAsyncTaskExecutor-1] DEBUG c.q.m.a.o.OrchestraSessionCookieStore - Mutation cookie replay is disabled for method PUT. Stored mutation cookies will not be sent.
23 апр 2026;10:34:04.060 [SimpleAsyncTaskExecutor-1] DEBUG c.q.m.a.o.OrchestraRestConfiguration - Cookie replay disabled for mutating request PUT http://192.168.0.77:8080/rest/entrypoint/branches/6/queues/10/visits/
23 апр 2026;10:34:04.811 [SimpleAsyncTaskExecutor-1] INFO  c.q.m.a.g.i.ConfigurableVisitWorkflowGateway - Transfer visit response branchId=6 visitId=182038 targetQueueId=10 sourceEntryPointId=1 status=204 bodyReadMode=exchange-byte-array responseBody=<empty>
23 апр 2026;10:34:05.860 [SimpleAsyncTaskExecutor-1] INFO  c.q.m.d.s.AutonomousMedicalExamAssignmentService - Visit 182038 matchFound=true selectedService=4 targetQueue=10 success=true reason=service-id-fallback
23 апр 2026;10:34:05.907 [SimpleAsyncTaskExecutor-1] INFO  c.q.m.d.s.i.DefaultVisitAssignmentExecutor - Assign workflow start visit=182039 currentQueue=98 currentService=72 selectedService=4 targetQueue=10 doctor=1 servicePoint=120000000006 workProfile=7 trigger=USER_SESSION_READY
23 апр 2026;10:34:05.907 [SimpleAsyncTaskExecutor-1] INFO  c.q.m.a.g.i.ConfigurableVisitWorkflowGateway - Assign service request branchId=6 visitId=182039 serviceId=4 staffId=1 servicePointId=120000000006 path=/rest/entrypoint/branches/6/visits/182039/services/4/ payload=<empty>
23 апр 2026;10:34:05.907 [SimpleAsyncTaskExecutor-1] WARN  c.q.m.a.g.i.ConfigurableVisitWorkflowGateway - Experimental assign-service adapter does not include staffId/servicePointId in payload yet. Context is logged for incident analysis.
23 апр 2026;10:34:05.908 [SimpleAsyncTaskExecutor-1] DEBUG c.q.m.a.o.OrchestraSessionCookieStore - Mutation cookie replay is disabled for method PUT. Stored mutation cookies will not be sent.
23 апр 2026;10:34:05.908 [SimpleAsyncTaskExecutor-1] DEBUG c.q.m.a.o.OrchestraRestConfiguration - Cookie replay disabled for mutating request PUT http://192.168.0.77:8080/rest/entrypoint/branches/6/visits/182039/services/4/
23 апр 2026;10:34:06.402 [SimpleAsyncTaskExecutor-1] INFO  c.q.m.a.g.i.ConfigurableVisitWorkflowGateway - Assign service response branchId=6 visitId=182039 serviceId=4 status=200 responseBody={"branchId":6,"userState":"INACTIVE","visitState":"OK","servicePointId":1,"servicePointName":"Кабинет 13","servicePointState":"OPEN","visit":{"id":182039,"checksum":"135615355","ticketId":"A2188","unservedVisitServices":[{"id":190936,"eventTime":"10:33","serviceId":7,"serviceInternalName":"Оккулист","serviceExternalName":"Оккулист","visitDeliveredServices":[],"visitOutcome":null,"outcomeExists":false,"deliveredServiceExists":false},{"id":190937,"eventTime":"10:33","serviceId":6,"serviceInternalName":"Стоматолог","serviceExternalName":"Стоматолог","visitDeliveredServices":[],"visitOutcome":null,"outcomeExists":false,"deliveredServiceExists":false},{"id":190938,"eventTime":"10:33","serviceId":5,"serviceInternalName":"Терапевт","serviceExternalName":"Терапевт","visitDeliveredServices":[],"visitOutcome":null,"outcomeExists":false,"deliveredServiceExists":false},{"id":190939,"eventTime":"10:33","serviceId":4,"serviceInternalName":"Хирург","serviceExternalName":"Хирург","visitDeliveredServices":[],"visitOutcome":null,"outcomeExists":false,"deliveredServiceExists":false}],"currentVisitService":{"id":190935,"eventTime":"10:33","serviceId":4,"serviceInternalName":"Хирург","serviceExternalName":"Хирург","visitDeliveredServices":[],"visitOutcome":null,"outcomeExists":false,"deliveredServiceExists":false},"servedVisitServices":[],"visitMarks":[],"customerIds":[],"waitingTime":22,"totalWaitingTime":0,"timeSinceCalled":0,"recycleAllowed":false,"noshowAllowed":false,"recallAllowed":false,"parameterMap":{"startQueueOrigId":98,"branchName":"Chat_Bot_Demo","totWaitTime":0},"appointmentId":null,"appointmentTime":null,"branchCurrentTime":"10:34:06"},"workProfileId":7,"workProfileName":"Универсал","servicePointDeviceTypes":["POSITIONAL","SW_SERVICE_POINT","Spotlight"]}
23 апр 2026;10:34:06.404 [SimpleAsyncTaskExecutor-1] WARN  c.q.m.a.g.i.ConfigurableVisitWorkflowGateway - Assign service returned userState=INACTIVE for visit 182039 in branch 6, but currentVisitService.serviceId=4 already matches requested serviceId=4. Treating assign as effectively successful and continuing with transfer. ResponseBody={"branchId":6,"userState":"INACTIVE","visitState":"OK","servicePointId":1,"servicePointName":"Кабинет 13","servicePointState":"OPEN","visit":{"id":182039,"checksum":"135615355","ticketId":"A2188","unservedVisitServices":[{"id":190936,"eventTime":"10:33","serviceId":7,"serviceInternalName":"Оккулист","serviceExternalName":"Оккулист","visitDeliveredServices":[],"visitOutcome":null,"outcomeExists":false,"deliveredServiceExists":false},{"id":190937,"eventTime":"10:33","serviceId":6,"serviceInternalName":"Стоматолог","serviceExternalName":"Стоматолог","visitDeliveredServices":[],"visitOutcome":null,"outcomeExists":false,"deliveredServiceExists":false},{"id":190938,"eventTime":"10:33","serviceId":5,"serviceInternalName":"Терапевт","serviceExternalName":"Терапевт","visitDeliveredServices":[],"visitOutcome":null,"outcomeExists":false,"deliveredServiceExists":false},{"id":190939,"eventTime":"10:33","serviceId":4,"serviceInternalName":"Хирург","serviceExternalName":"Хирург","visitDeliveredServices":[],"visitOutcome":null,"outcomeExists":false,"deliveredServiceExists":false}],"currentVisitService":{"id":190935,"eventTime":"10:33","serviceId":4,"serviceInternalName":"Хирург","serviceExternalName":"Хирург","visitDeliveredServices":[],"visitOutcome":null,"outcomeExists":false,"deliveredServiceExists":false},"servedVisitServices":[],"visitMarks":[],"customerIds":[],"waitingTime":22,"totalWaitingTime":0,"timeSinceCalled":0,"recycleAllowed":false,"noshowAllowed":false,"recallAllowed":false,"parameterMap":{"startQueueOrigId":98,"branchName":"Chat_Bot_Demo","totWaitTime":0},"appointmentId":null,"appointmentTime":null,"branchCurrentTime":"10:34:06"},"workProfileId":7,"workProfileName":"Универсал","servicePointDeviceTypes":["POSITIONAL","SW_SERVICE_POINT","Spotlight"]}
23 апр 2026;10:34:06.406 [SimpleAsyncTaskExecutor-1] INFO  c.q.m.d.s.i.DefaultVisitAssignmentExecutor - Assign workflow transfer step visit=182039 sourceQueue=98 targetQueue=10 doctor=1 servicePoint=120000000006 trigger=USER_SESSION_READY transferOnly=false
23 апр 2026;10:34:06.407 [SimpleAsyncTaskExecutor-1] INFO  c.q.m.a.g.i.ConfigurableVisitWorkflowGateway - Transfer visit request branchId=6 visitId=182039 sourceQueueId=98 targetQueueId=10 sourceEntryPointId=1 path=/rest/entrypoint/branches/6/queues/10/visits/ payload={visitId=182039, fromBranchId=6, fromId=1}
23 апр 2026;10:34:06.409 [SimpleAsyncTaskExecutor-1] WARN  c.q.m.a.g.i.ConfigurableVisitWorkflowGateway - Experimental transfer-visit adapter assumes fromId=1 is source entry point for branch 6. Validate this against штатный Orchestra UI trace.
23 апр 2026;10:34:06.410 [SimpleAsyncTaskExecutor-1] DEBUG c.q.m.a.o.OrchestraSessionCookieStore - Mutation cookie replay is disabled for method PUT. Stored mutation cookies will not be sent.
23 апр 2026;10:34:06.410 [SimpleAsyncTaskExecutor-1] DEBUG c.q.m.a.o.OrchestraRestConfiguration - Cookie replay disabled for mutating request PUT http://192.168.0.77:8080/rest/entrypoint/branches/6/queues/10/visits/
23 апр 2026;10:34:07.268 [SimpleAsyncTaskExecutor-1] INFO  c.q.m.a.g.i.ConfigurableVisitWorkflowGateway - Transfer visit response branchId=6 visitId=182039 targetQueueId=10 sourceEntryPointId=1 status=204 bodyReadMode=exchange-byte-array responseBody=<empty>
23 апр 2026;10:34:07.292 [SimpleAsyncTaskExecutor-1] INFO  c.q.m.d.s.AutonomousMedicalExamAssignmentService - Visit 182039 matchFound=true selectedService=4 targetQueue=10 success=true reason=service-id-fallback
23 апр 2026;10:34:07.337 [SimpleAsyncTaskExecutor-1] INFO  c.q.m.d.s.i.DefaultVisitAssignmentExecutor - Assign workflow start visit=182040 currentQueue=98 currentService=72 selectedService=4 targetQueue=10 doctor=1 servicePoint=120000000006 workProfile=7 trigger=USER_SESSION_READY
23 апр 2026;10:34:07.337 [SimpleAsyncTaskExecutor-1] INFO  c.q.m.a.g.i.ConfigurableVisitWorkflowGateway - Assign service request branchId=6 visitId=182040 serviceId=4 staffId=1 servicePointId=120000000006 path=/rest/entrypoint/branches/6/visits/182040/services/4/ payload=<empty>
23 апр 2026;10:34:07.337 [SimpleAsyncTaskExecutor-1] WARN  c.q.m.a.g.i.ConfigurableVisitWorkflowGateway - Experimental assign-service adapter does not include staffId/servicePointId in payload yet. Context is logged for incident analysis.
23 апр 2026;10:34:07.337 [SimpleAsyncTaskExecutor-1] DEBUG c.q.m.a.o.OrchestraSessionCookieStore - Mutation cookie replay is disabled for method PUT. Stored mutation cookies will not be sent.
23 апр 2026;10:34:07.337 [SimpleAsyncTaskExecutor-1] DEBUG c.q.m.a.o.OrchestraRestConfiguration - Cookie replay disabled for mutating request PUT http://192.168.0.77:8080/rest/entrypoint/branches/6/visits/182040/services/4/
23 апр 2026;10:34:07.817 [SimpleAsyncTaskExecutor-1] INFO  c.q.m.a.g.i.ConfigurableVisitWorkflowGateway - Assign service response branchId=6 visitId=182040 serviceId=4 status=200 responseBody={"branchId":6,"userState":"INACTIVE","visitState":"OK","servicePointId":1,"servicePointName":"Кабинет 13","servicePointState":"OPEN","visit":{"id":182040,"checksum":"1085092036","ticketId":"A2189","unservedVisitServices":[{"id":190941,"eventTime":"10:33","serviceId":7,"serviceInternalName":"Оккулист","serviceExternalName":"Оккулист","visitDeliveredServices":[],"visitOutcome":null,"outcomeExists":false,"deliveredServiceExists":false},{"id":190942,"eventTime":"10:33","serviceId":6,"serviceInternalName":"Стоматолог","serviceExternalName":"Стоматолог","visitDeliveredServices":[],"visitOutcome":null,"outcomeExists":false,"deliveredServiceExists":false},{"id":190943,"eventTime":"10:33","serviceId":5,"serviceInternalName":"Терапевт","serviceExternalName":"Терапевт","visitDeliveredServices":[],"visitOutcome":null,"outcomeExists":false,"deliveredServiceExists":false},{"id":190944,"eventTime":"10:33","serviceId":4,"serviceInternalName":"Хирург","serviceExternalName":"Хирург","visitDeliveredServices":[],"visitOutcome":null,"outcomeExists":false,"deliveredServiceExists":false}],"currentVisitService":{"id":190940,"eventTime":"10:33","serviceId":4,"serviceInternalName":"Хирург","serviceExternalName":"Хирург","visitDeliveredServices":[],"visitOutcome":null,"outcomeExists":false,"deliveredServiceExists":false},"servedVisitServices":[],"visitMarks":[],"customerIds":[],"waitingTime":25,"totalWaitingTime":0,"timeSinceCalled":0,"recycleAllowed":false,"noshowAllowed":false,"recallAllowed":false,"parameterMap":{"startQueueOrigId":98,"branchName":"Chat_Bot_Demo","totWaitTime":0},"appointmentId":null,"appointmentTime":null,"branchCurrentTime":"10:34:07"},"workProfileId":7,"workProfileName":"Универсал","servicePointDeviceTypes":["POSITIONAL","SW_SERVICE_POINT","Spotlight"]}
23 апр 2026;10:34:07.817 [SimpleAsyncTaskExecutor-1] WARN  c.q.m.a.g.i.ConfigurableVisitWorkflowGateway - Assign service returned userState=INACTIVE for visit 182040 in branch 6, but currentVisitService.serviceId=4 already matches requested serviceId=4. Treating assign as effectively successful and continuing with transfer. ResponseBody={"branchId":6,"userState":"INACTIVE","visitState":"OK","servicePointId":1,"servicePointName":"Кабинет 13","servicePointState":"OPEN","visit":{"id":182040,"checksum":"1085092036","ticketId":"A2189","unservedVisitServices":[{"id":190941,"eventTime":"10:33","serviceId":7,"serviceInternalName":"Оккулист","serviceExternalName":"Оккулист","visitDeliveredServices":[],"visitOutcome":null,"outcomeExists":false,"deliveredServiceExists":false},{"id":190942,"eventTime":"10:33","serviceId":6,"serviceInternalName":"Стоматолог","serviceExternalName":"Стоматолог","visitDeliveredServices":[],"visitOutcome":null,"outcomeExists":false,"deliveredServiceExists":false},{"id":190943,"eventTime":"10:33","serviceId":5,"serviceInternalName":"Терапевт","serviceExternalName":"Терапевт","visitDeliveredServices":[],"visitOutcome":null,"outcomeExists":false,"deliveredServiceExists":false},{"id":190944,"eventTime":"10:33","serviceId":4,"serviceInternalName":"Хирург","serviceExternalName":"Хирург","visitDeliveredServices":[],"visitOutcome":null,"outcomeExists":false,"deliveredServiceExists":false}],"currentVisitService":{"id":190940,"eventTime":"10:33","serviceId":4,"serviceInternalName":"Хирург","serviceExternalName":"Хирург","visitDeliveredServices":[],"visitOutcome":null,"outcomeExists":false,"deliveredServiceExists":false},"servedVisitServices":[],"visitMarks":[],"customerIds":[],"waitingTime":25,"totalWaitingTime":0,"timeSinceCalled":0,"recycleAllowed":false,"noshowAllowed":false,"recallAllowed":false,"parameterMap":{"startQueueOrigId":98,"branchName":"Chat_Bot_Demo","totWaitTime":0},"appointmentId":null,"appointmentTime":null,"branchCurrentTime":"10:34:07"},"workProfileId":7,"workProfileName":"Универсал","servicePointDeviceTypes":["POSITIONAL","SW_SERVICE_POINT","Spotlight"]}
23 апр 2026;10:34:07.817 [SimpleAsyncTaskExecutor-1] INFO  c.q.m.d.s.i.DefaultVisitAssignmentExecutor - Assign workflow transfer step visit=182040 sourceQueue=98 targetQueue=10 doctor=1 servicePoint=120000000006 trigger=USER_SESSION_READY transferOnly=false
23 апр 2026;10:34:07.817 [SimpleAsyncTaskExecutor-1] INFO  c.q.m.a.g.i.ConfigurableVisitWorkflowGateway - Transfer visit request branchId=6 visitId=182040 sourceQueueId=98 targetQueueId=10 sourceEntryPointId=1 path=/rest/entrypoint/branches/6/queues/10/visits/ payload={visitId=182040, fromBranchId=6, fromId=1}
23 апр 2026;10:34:07.817 [SimpleAsyncTaskExecutor-1] WARN  c.q.m.a.g.i.ConfigurableVisitWorkflowGateway - Experimental transfer-visit adapter assumes fromId=1 is source entry point for branch 6. Validate this against штатный Orchestra UI trace.
23 апр 2026;10:34:07.817 [SimpleAsyncTaskExecutor-1] DEBUG c.q.m.a.o.OrchestraSessionCookieStore - Mutation cookie replay is disabled for method PUT. Stored mutation cookies will not be sent.
23 апр 2026;10:34:07.817 [SimpleAsyncTaskExecutor-1] DEBUG c.q.m.a.o.OrchestraRestConfiguration - Cookie replay disabled for mutating request PUT http://192.168.0.77:8080/rest/entrypoint/branches/6/queues/10/visits/
23 апр 2026;10:34:08.527 [SimpleAsyncTaskExecutor-1] INFO  c.q.m.a.g.i.ConfigurableVisitWorkflowGateway - Transfer visit response branchId=6 visitId=182040 targetQueueId=10 sourceEntryPointId=1 status=204 bodyReadMode=exchange-byte-array responseBody=<empty>
23 апр 2026;10:34:08.565 [SimpleAsyncTaskExecutor-1] INFO  c.q.m.d.s.AutonomousMedicalExamAssignmentService - Visit 182040 matchFound=true selectedService=4 targetQueue=10 success=true reason=service-id-fallback
23 апр 2026;10:34:08.615 [SimpleAsyncTaskExecutor-1] INFO  c.q.m.d.s.i.DefaultVisitAssignmentExecutor - Assign workflow start visit=182041 currentQueue=98 currentService=72 selectedService=4 targetQueue=10 doctor=1 servicePoint=120000000006 workProfile=7 trigger=USER_SESSION_READY
23 апр 2026;10:34:08.615 [SimpleAsyncTaskExecutor-1] INFO  c.q.m.a.g.i.ConfigurableVisitWorkflowGateway - Assign service request branchId=6 visitId=182041 serviceId=4 staffId=1 servicePointId=120000000006 path=/rest/entrypoint/branches/6/visits/182041/services/4/ payload=<empty>
23 апр 2026;10:34:08.615 [SimpleAsyncTaskExecutor-1] WARN  c.q.m.a.g.i.ConfigurableVisitWorkflowGateway - Experimental assign-service adapter does not include staffId/servicePointId in payload yet. Context is logged for incident analysis.
23 апр 2026;10:34:08.616 [SimpleAsyncTaskExecutor-1] DEBUG c.q.m.a.o.OrchestraSessionCookieStore - Mutation cookie replay is disabled for method PUT. Stored mutation cookies will not be sent.
23 апр 2026;10:34:08.616 [SimpleAsyncTaskExecutor-1] DEBUG c.q.m.a.o.OrchestraRestConfiguration - Cookie replay disabled for mutating request PUT http://192.168.0.77:8080/rest/entrypoint/branches/6/visits/182041/services/4/
23 апр 2026;10:34:09.125 [SimpleAsyncTaskExecutor-1] INFO  c.q.m.a.g.i.ConfigurableVisitWorkflowGateway - Assign service response branchId=6 visitId=182041 serviceId=4 status=200 responseBody={"branchId":6,"userState":"INACTIVE","visitState":"OK","servicePointId":1,"servicePointName":"Кабинет 13","servicePointState":"OPEN","visit":{"id":182041,"checksum":"529450983","ticketId":"A2190","unservedVisitServices":[{"id":190946,"eventTime":"10:33","serviceId":7,"serviceInternalName":"Оккулист","serviceExternalName":"Оккулист","visitDeliveredServices":[],"visitOutcome":null,"outcomeExists":false,"deliveredServiceExists":false},{"id":190947,"eventTime":"10:33","serviceId":6,"serviceInternalName":"Стоматолог","serviceExternalName":"Стоматолог","visitDeliveredServices":[],"visitOutcome":null,"outcomeExists":false,"deliveredServiceExists":false},{"id":190948,"eventTime":"10:33","serviceId":5,"serviceInternalName":"Терапевт","serviceExternalName":"Терапевт","visitDeliveredServices":[],"visitOutcome":null,"outcomeExists":false,"deliveredServiceExists":false},{"id":190949,"eventTime":"10:33","serviceId":4,"serviceInternalName":"Хирург","serviceExternalName":"Хирург","visitDeliveredServices":[],"visitOutcome":null,"outcomeExists":false,"deliveredServiceExists":false}],"currentVisitService":{"id":190945,"eventTime":"10:33","serviceId":4,"serviceInternalName":"Хирург","serviceExternalName":"Хирург","visitDeliveredServices":[],"visitOutcome":null,"outcomeExists":false,"deliveredServiceExists":false},"servedVisitServices":[],"visitMarks":[],"customerIds":[],"waitingTime":26,"totalWaitingTime":0,"timeSinceCalled":0,"recycleAllowed":false,"noshowAllowed":false,"recallAllowed":false,"parameterMap":{"startQueueOrigId":98,"branchName":"Chat_Bot_Demo","totWaitTime":0},"appointmentId":null,"appointmentTime":null,"branchCurrentTime":"10:34:09"},"workProfileId":7,"workProfileName":"Универсал","servicePointDeviceTypes":["POSITIONAL","SW_SERVICE_POINT","Spotlight"]}
23 апр 2026;10:34:09.125 [SimpleAsyncTaskExecutor-1] WARN  c.q.m.a.g.i.ConfigurableVisitWorkflowGateway - Assign service returned userState=INACTIVE for visit 182041 in branch 6, but currentVisitService.serviceId=4 already matches requested serviceId=4. Treating assign as effectively successful and continuing with transfer. ResponseBody={"branchId":6,"userState":"INACTIVE","visitState":"OK","servicePointId":1,"servicePointName":"Кабинет 13","servicePointState":"OPEN","visit":{"id":182041,"checksum":"529450983","ticketId":"A2190","unservedVisitServices":[{"id":190946,"eventTime":"10:33","serviceId":7,"serviceInternalName":"Оккулист","serviceExternalName":"Оккулист","visitDeliveredServices":[],"visitOutcome":null,"outcomeExists":false,"deliveredServiceExists":false},{"id":190947,"eventTime":"10:33","serviceId":6,"serviceInternalName":"Стоматолог","serviceExternalName":"Стоматолог","visitDeliveredServices":[],"visitOutcome":null,"outcomeExists":false,"deliveredServiceExists":false},{"id":190948,"eventTime":"10:33","serviceId":5,"serviceInternalName":"Терапевт","serviceExternalName":"Терапевт","visitDeliveredServices":[],"visitOutcome":null,"outcomeExists":false,"deliveredServiceExists":false},{"id":190949,"eventTime":"10:33","serviceId":4,"serviceInternalName":"Хирург","serviceExternalName":"Хирург","visitDeliveredServices":[],"visitOutcome":null,"outcomeExists":false,"deliveredServiceExists":false}],"currentVisitService":{"id":190945,"eventTime":"10:33","serviceId":4,"serviceInternalName":"Хирург","serviceExternalName":"Хирург","visitDeliveredServices":[],"visitOutcome":null,"outcomeExists":false,"deliveredServiceExists":false},"servedVisitServices":[],"visitMarks":[],"customerIds":[],"waitingTime":26,"totalWaitingTime":0,"timeSinceCalled":0,"recycleAllowed":false,"noshowAllowed":false,"recallAllowed":false,"parameterMap":{"startQueueOrigId":98,"branchName":"Chat_Bot_Demo","totWaitTime":0},"appointmentId":null,"appointmentTime":null,"branchCurrentTime":"10:34:09"},"workProfileId":7,"workProfileName":"Универсал","servicePointDeviceTypes":["POSITIONAL","SW_SERVICE_POINT","Spotlight"]}
23 апр 2026;10:34:09.125 [SimpleAsyncTaskExecutor-1] INFO  c.q.m.d.s.i.DefaultVisitAssignmentExecutor - Assign workflow transfer step visit=182041 sourceQueue=98 targetQueue=10 doctor=1 servicePoint=120000000006 trigger=USER_SESSION_READY transferOnly=false
23 апр 2026;10:34:09.125 [SimpleAsyncTaskExecutor-1] INFO  c.q.m.a.g.i.ConfigurableVisitWorkflowGateway - Transfer visit request branchId=6 visitId=182041 sourceQueueId=98 targetQueueId=10 sourceEntryPointId=1 path=/rest/entrypoint/branches/6/queues/10/visits/ payload={visitId=182041, fromBranchId=6, fromId=1}
23 апр 2026;10:34:09.125 [SimpleAsyncTaskExecutor-1] WARN  c.q.m.a.g.i.ConfigurableVisitWorkflowGateway - Experimental transfer-visit adapter assumes fromId=1 is source entry point for branch 6. Validate this against штатный Orchestra UI trace.
23 апр 2026;10:34:09.126 [SimpleAsyncTaskExecutor-1] DEBUG c.q.m.a.o.OrchestraSessionCookieStore - Mutation cookie replay is disabled for method PUT. Stored mutation cookies will not be sent.
23 апр 2026;10:34:09.126 [SimpleAsyncTaskExecutor-1] DEBUG c.q.m.a.o.OrchestraRestConfiguration - Cookie replay disabled for mutating request PUT http://192.168.0.77:8080/rest/entrypoint/branches/6/queues/10/visits/
23 апр 2026;10:34:09.843 [SimpleAsyncTaskExecutor-1] INFO  c.q.m.a.g.i.ConfigurableVisitWorkflowGateway - Transfer visit response branchId=6 visitId=182041 targetQueueId=10 sourceEntryPointId=1 status=204 bodyReadMode=exchange-byte-array responseBody=<empty>
23 апр 2026;10:34:09.870 [SimpleAsyncTaskExecutor-1] INFO  c.q.m.d.s.AutonomousMedicalExamAssignmentService - Visit 182041 matchFound=true selectedService=4 targetQueue=10 success=true reason=service-id-fallback
23 апр 2026;10:34:09.943 [SimpleAsyncTaskExecutor-1] INFO  c.q.m.d.s.i.DefaultVisitAssignmentExecutor - Assign workflow start visit=182042 currentQueue=98 currentService=72 selectedService=4 targetQueue=10 doctor=1 servicePoint=120000000006 workProfile=7 trigger=USER_SESSION_READY
23 апр 2026;10:34:09.943 [SimpleAsyncTaskExecutor-1] INFO  c.q.m.a.g.i.ConfigurableVisitWorkflowGateway - Assign service request branchId=6 visitId=182042 serviceId=4 staffId=1 servicePointId=120000000006 path=/rest/entrypoint/branches/6/visits/182042/services/4/ payload=<empty>
23 апр 2026;10:34:09.944 [SimpleAsyncTaskExecutor-1] WARN  c.q.m.a.g.i.ConfigurableVisitWorkflowGateway - Experimental assign-service adapter does not include staffId/servicePointId in payload yet. Context is logged for incident analysis.
23 апр 2026;10:34:09.945 [SimpleAsyncTaskExecutor-1] DEBUG c.q.m.a.o.OrchestraSessionCookieStore - Mutation cookie replay is disabled for method PUT. Stored mutation cookies will not be sent.
23 апр 2026;10:34:09.946 [SimpleAsyncTaskExecutor-1] DEBUG c.q.m.a.o.OrchestraRestConfiguration - Cookie replay disabled for mutating request PUT http://192.168.0.77:8080/rest/entrypoint/branches/6/visits/182042/services/4/
23 апр 2026;10:34:10.429 [SimpleAsyncTaskExecutor-1] INFO  c.q.m.a.g.i.ConfigurableVisitWorkflowGateway - Assign service response branchId=6 visitId=182042 serviceId=4 status=200 responseBody={"branchId":6,"userState":"INACTIVE","visitState":"OK","servicePointId":1,"servicePointName":"Кабинет 13","servicePointState":"OPEN","visit":{"id":182042,"checksum":"1704417119","ticketId":"A2191","unservedVisitServices":[{"id":190951,"eventTime":"10:33","serviceId":7,"serviceInternalName":"Оккулист","serviceExternalName":"Оккулист","visitDeliveredServices":[],"visitOutcome":null,"outcomeExists":false,"deliveredServiceExists":false},{"id":190952,"eventTime":"10:33","serviceId":6,"serviceInternalName":"Стоматолог","serviceExternalName":"Стоматолог","visitDeliveredServices":[],"visitOutcome":null,"outcomeExists":false,"deliveredServiceExists":false},{"id":190953,"eventTime":"10:33","serviceId":5,"serviceInternalName":"Терапевт","serviceExternalName":"Терапевт","visitDeliveredServices":[],"visitOutcome":null,"outcomeExists":false,"deliveredServiceExists":false},{"id":190954,"eventTime":"10:33","serviceId":4,"serviceInternalName":"Хирург","serviceExternalName":"Хирург","visitDeliveredServices":[],"visitOutcome":null,"outcomeExists":false,"deliveredServiceExists":false}],"currentVisitService":{"id":190950,"eventTime":"10:33","serviceId":4,"serviceInternalName":"Хирург","serviceExternalName":"Хирург","visitDeliveredServices":[],"visitOutcome":null,"outcomeExists":false,"deliveredServiceExists":false},"servedVisitServices":[],"visitMarks":[],"customerIds":[],"waitingTime":27,"totalWaitingTime":0,"timeSinceCalled":0,"recycleAllowed":false,"noshowAllowed":false,"recallAllowed":false,"parameterMap":{"startQueueOrigId":98,"branchName":"Chat_Bot_Demo","totWaitTime":0},"appointmentId":null,"appointmentTime":null,"branchCurrentTime":"10:34:10"},"workProfileId":7,"workProfileName":"Универсал","servicePointDeviceTypes":["POSITIONAL","SW_SERVICE_POINT","Spotlight"]}
23 апр 2026;10:34:10.429 [SimpleAsyncTaskExecutor-1] WARN  c.q.m.a.g.i.ConfigurableVisitWorkflowGateway - Assign service returned userState=INACTIVE for visit 182042 in branch 6, but currentVisitService.serviceId=4 already matches requested serviceId=4. Treating assign as effectively successful and continuing with transfer. ResponseBody={"branchId":6,"userState":"INACTIVE","visitState":"OK","servicePointId":1,"servicePointName":"Кабинет 13","servicePointState":"OPEN","visit":{"id":182042,"checksum":"1704417119","ticketId":"A2191","unservedVisitServices":[{"id":190951,"eventTime":"10:33","serviceId":7,"serviceInternalName":"Оккулист","serviceExternalName":"Оккулист","visitDeliveredServices":[],"visitOutcome":null,"outcomeExists":false,"deliveredServiceExists":false},{"id":190952,"eventTime":"10:33","serviceId":6,"serviceInternalName":"Стоматолог","serviceExternalName":"Стоматолог","visitDeliveredServices":[],"visitOutcome":null,"outcomeExists":false,"deliveredServiceExists":false},{"id":190953,"eventTime":"10:33","serviceId":5,"serviceInternalName":"Терапевт","serviceExternalName":"Терапевт","visitDeliveredServices":[],"visitOutcome":null,"outcomeExists":false,"deliveredServiceExists":false},{"id":190954,"eventTime":"10:33","serviceId":4,"serviceInternalName":"Хирург","serviceExternalName":"Хирург","visitDeliveredServices":[],"visitOutcome":null,"outcomeExists":false,"deliveredServiceExists":false}],"currentVisitService":{"id":190950,"eventTime":"10:33","serviceId":4,"serviceInternalName":"Хирург","serviceExternalName":"Хирург","visitDeliveredServices":[],"visitOutcome":null,"outcomeExists":false,"deliveredServiceExists":false},"servedVisitServices":[],"visitMarks":[],"customerIds":[],"waitingTime":27,"totalWaitingTime":0,"timeSinceCalled":0,"recycleAllowed":false,"noshowAllowed":false,"recallAllowed":false,"parameterMap":{"startQueueOrigId":98,"branchName":"Chat_Bot_Demo","totWaitTime":0},"appointmentId":null,"appointmentTime":null,"branchCurrentTime":"10:34:10"},"workProfileId":7,"workProfileName":"Универсал","servicePointDeviceTypes":["POSITIONAL","SW_SERVICE_POINT","Spotlight"]}
23 апр 2026;10:34:10.429 [SimpleAsyncTaskExecutor-1] INFO  c.q.m.d.s.i.DefaultVisitAssignmentExecutor - Assign workflow transfer step visit=182042 sourceQueue=98 targetQueue=10 doctor=1 servicePoint=120000000006 trigger=USER_SESSION_READY transferOnly=false
23 апр 2026;10:34:10.429 [SimpleAsyncTaskExecutor-1] INFO  c.q.m.a.g.i.ConfigurableVisitWorkflowGateway - Transfer visit request branchId=6 visitId=182042 sourceQueueId=98 targetQueueId=10 sourceEntryPointId=1 path=/rest/entrypoint/branches/6/queues/10/visits/ payload={visitId=182042, fromBranchId=6, fromId=1}
23 апр 2026;10:34:10.429 [SimpleAsyncTaskExecutor-1] WARN  c.q.m.a.g.i.ConfigurableVisitWorkflowGateway - Experimental transfer-visit adapter assumes fromId=1 is source entry point for branch 6. Validate this against штатный Orchestra UI trace.
23 апр 2026;10:34:10.430 [SimpleAsyncTaskExecutor-1] DEBUG c.q.m.a.o.OrchestraSessionCookieStore - Mutation cookie replay is disabled for method PUT. Stored mutation cookies will not be sent.
23 апр 2026;10:34:10.430 [SimpleAsyncTaskExecutor-1] DEBUG c.q.m.a.o.OrchestraRestConfiguration - Cookie replay disabled for mutating request PUT http://192.168.0.77:8080/rest/entrypoint/branches/6/queues/10/visits/
23 апр 2026;10:34:11.173 [SimpleAsyncTaskExecutor-1] INFO  c.q.m.a.g.i.ConfigurableVisitWorkflowGateway - Transfer visit response branchId=6 visitId=182042 targetQueueId=10 sourceEntryPointId=1 status=204 bodyReadMode=exchange-byte-array responseBody=<empty>
23 апр 2026;10:34:11.198 [SimpleAsyncTaskExecutor-1] INFO  c.q.m.d.s.AutonomousMedicalExamAssignmentService - Visit 182042 matchFound=true selectedService=4 targetQueue=10 success=true reason=service-id-fallback
23 апр 2026;10:34:11.241 [SimpleAsyncTaskExecutor-1] INFO  c.q.m.d.s.i.DefaultVisitAssignmentExecutor - Assign workflow start visit=182043 currentQueue=98 currentService=72 selectedService=4 targetQueue=10 doctor=1 servicePoint=120000000006 workProfile=7 trigger=USER_SESSION_READY
23 апр 2026;10:34:11.241 [SimpleAsyncTaskExecutor-1] INFO  c.q.m.a.g.i.ConfigurableVisitWorkflowGateway - Assign service request branchId=6 visitId=182043 serviceId=4 staffId=1 servicePointId=120000000006 path=/rest/entrypoint/branches/6/visits/182043/services/4/ payload=<empty>
23 апр 2026;10:34:11.241 [SimpleAsyncTaskExecutor-1] WARN  c.q.m.a.g.i.ConfigurableVisitWorkflowGateway - Experimental assign-service adapter does not include staffId/servicePointId in payload yet. Context is logged for incident analysis.
23 апр 2026;10:34:11.241 [SimpleAsyncTaskExecutor-1] DEBUG c.q.m.a.o.OrchestraSessionCookieStore - Mutation cookie replay is disabled for method PUT. Stored mutation cookies will not be sent.
23 апр 2026;10:34:11.241 [SimpleAsyncTaskExecutor-1] DEBUG c.q.m.a.o.OrchestraRestConfiguration - Cookie replay disabled for mutating request PUT http://192.168.0.77:8080/rest/entrypoint/branches/6/visits/182043/services/4/
23 апр 2026;10:34:12.026 [SimpleAsyncTaskExecutor-1] INFO  c.q.m.a.g.i.ConfigurableVisitWorkflowGateway - Assign service response branchId=6 visitId=182043 serviceId=4 status=200 responseBody={"branchId":6,"userState":"INACTIVE","visitState":"OK","servicePointId":1,"servicePointName":"Кабинет 13","servicePointState":"OPEN","visit":{"id":182043,"checksum":"671551189","ticketId":"A2192","unservedVisitServices":[{"id":190956,"eventTime":"10:33","serviceId":7,"serviceInternalName":"Оккулист","serviceExternalName":"Оккулист","visitDeliveredServices":[],"visitOutcome":null,"outcomeExists":false,"deliveredServiceExists":false},{"id":190957,"eventTime":"10:33","serviceId":6,"serviceInternalName":"Стоматолог","serviceExternalName":"Стоматолог","visitDeliveredServices":[],"visitOutcome":null,"outcomeExists":false,"deliveredServiceExists":false},{"id":190958,"eventTime":"10:33","serviceId":5,"serviceInternalName":"Терапевт","serviceExternalName":"Терапевт","visitDeliveredServices":[],"visitOutcome":null,"outcomeExists":false,"deliveredServiceExists":false},{"id":190959,"eventTime":"10:33","serviceId":4,"serviceInternalName":"Хирург","serviceExternalName":"Хирург","visitDeliveredServices":[],"visitOutcome":null,"outcomeExists":false,"deliveredServiceExists":false}],"currentVisitService":{"id":190955,"eventTime":"10:33","serviceId":4,"serviceInternalName":"Хирург","serviceExternalName":"Хирург","visitDeliveredServices":[],"visitOutcome":null,"outcomeExists":false,"deliveredServiceExists":false},"servedVisitServices":[],"visitMarks":[],"customerIds":[],"waitingTime":28,"totalWaitingTime":0,"timeSinceCalled":0,"recycleAllowed":false,"noshowAllowed":false,"recallAllowed":false,"parameterMap":{"startQueueOrigId":98,"branchName":"Chat_Bot_Demo","totWaitTime":0},"appointmentId":null,"appointmentTime":null,"branchCurrentTime":"10:34:11"},"workProfileId":7,"workProfileName":"Универсал","servicePointDeviceTypes":["POSITIONAL","SW_SERVICE_POINT","Spotlight"]}
23 апр 2026;10:34:12.028 [SimpleAsyncTaskExecutor-1] WARN  c.q.m.a.g.i.ConfigurableVisitWorkflowGateway - Assign service returned userState=INACTIVE for visit 182043 in branch 6, but currentVisitService.serviceId=4 already matches requested serviceId=4. Treating assign as effectively successful and continuing with transfer. ResponseBody={"branchId":6,"userState":"INACTIVE","visitState":"OK","servicePointId":1,"servicePointName":"Кабинет 13","servicePointState":"OPEN","visit":{"id":182043,"checksum":"671551189","ticketId":"A2192","unservedVisitServices":[{"id":190956,"eventTime":"10:33","serviceId":7,"serviceInternalName":"Оккулист","serviceExternalName":"Оккулист","visitDeliveredServices":[],"visitOutcome":null,"outcomeExists":false,"deliveredServiceExists":false},{"id":190957,"eventTime":"10:33","serviceId":6,"serviceInternalName":"Стоматолог","serviceExternalName":"Стоматолог","visitDeliveredServices":[],"visitOutcome":null,"outcomeExists":false,"deliveredServiceExists":false},{"id":190958,"eventTime":"10:33","serviceId":5,"serviceInternalName":"Терапевт","serviceExternalName":"Терапевт","visitDeliveredServices":[],"visitOutcome":null,"outcomeExists":false,"deliveredServiceExists":false},{"id":190959,"eventTime":"10:33","serviceId":4,"serviceInternalName":"Хирург","serviceExternalName":"Хирург","visitDeliveredServices":[],"visitOutcome":null,"outcomeExists":false,"deliveredServiceExists":false}],"currentVisitService":{"id":190955,"eventTime":"10:33","serviceId":4,"serviceInternalName":"Хирург","serviceExternalName":"Хирург","visitDeliveredServices":[],"visitOutcome":null,"outcomeExists":false,"deliveredServiceExists":false},"servedVisitServices":[],"visitMarks":[],"customerIds":[],"waitingTime":28,"totalWaitingTime":0,"timeSinceCalled":0,"recycleAllowed":false,"noshowAllowed":false,"recallAllowed":false,"parameterMap":{"startQueueOrigId":98,"branchName":"Chat_Bot_Demo","totWaitTime":0},"appointmentId":null,"appointmentTime":null,"branchCurrentTime":"10:34:11"},"workProfileId":7,"workProfileName":"Универсал","servicePointDeviceTypes":["POSITIONAL","SW_SERVICE_POINT","Spotlight"]}
23 апр 2026;10:34:12.029 [SimpleAsyncTaskExecutor-1] INFO  c.q.m.d.s.i.DefaultVisitAssignmentExecutor - Assign workflow transfer step visit=182043 sourceQueue=98 targetQueue=10 doctor=1 servicePoint=120000000006 trigger=USER_SESSION_READY transferOnly=false
23 апр 2026;10:34:12.030 [SimpleAsyncTaskExecutor-1] INFO  c.q.m.a.g.i.ConfigurableVisitWorkflowGateway - Transfer visit request branchId=6 visitId=182043 sourceQueueId=98 targetQueueId=10 sourceEntryPointId=1 path=/rest/entrypoint/branches/6/queues/10/visits/ payload={visitId=182043, fromBranchId=6, fromId=1}
23 апр 2026;10:34:12.031 [SimpleAsyncTaskExecutor-1] WARN  c.q.m.a.g.i.ConfigurableVisitWorkflowGateway - Experimental transfer-visit adapter assumes fromId=1 is source entry point for branch 6. Validate this against штатный Orchestra UI trace.
23 апр 2026;10:34:12.033 [SimpleAsyncTaskExecutor-1] DEBUG c.q.m.a.o.OrchestraSessionCookieStore - Mutation cookie replay is disabled for method PUT. Stored mutation cookies will not be sent.
23 апр 2026;10:34:12.033 [SimpleAsyncTaskExecutor-1] DEBUG c.q.m.a.o.OrchestraRestConfiguration - Cookie replay disabled for mutating request PUT http://192.168.0.77:8080/rest/entrypoint/branches/6/queues/10/visits/
23 апр 2026;10:34:12.776 [SimpleAsyncTaskExecutor-1] INFO  c.q.m.a.g.i.ConfigurableVisitWorkflowGateway - Transfer visit response branchId=6 visitId=182043 targetQueueId=10 sourceEntryPointId=1 status=204 bodyReadMode=exchange-byte-array responseBody=<empty>
23 апр 2026;10:34:12.799 [SimpleAsyncTaskExecutor-1] INFO  c.q.m.d.s.AutonomousMedicalExamAssignmentService - Visit 182043 matchFound=true selectedService=4 targetQueue=10 success=true reason=service-id-fallback
23 апр 2026;10:34:12.842 [SimpleAsyncTaskExecutor-1] INFO  c.q.m.d.s.i.DefaultVisitAssignmentExecutor - Assign workflow start visit=182044 currentQueue=98 currentService=72 selectedService=4 targetQueue=10 doctor=1 servicePoint=120000000006 workProfile=7 trigger=USER_SESSION_READY
23 апр 2026;10:34:12.843 [SimpleAsyncTaskExecutor-1] INFO  c.q.m.a.g.i.ConfigurableVisitWorkflowGateway - Assign service request branchId=6 visitId=182044 serviceId=4 staffId=1 servicePointId=120000000006 path=/rest/entrypoint/branches/6/visits/182044/services/4/ payload=<empty>
23 апр 2026;10:34:12.843 [SimpleAsyncTaskExecutor-1] WARN  c.q.m.a.g.i.ConfigurableVisitWorkflowGateway - Experimental assign-service adapter does not include staffId/servicePointId in payload yet. Context is logged for incident analysis.
23 апр 2026;10:34:12.843 [SimpleAsyncTaskExecutor-1] DEBUG c.q.m.a.o.OrchestraSessionCookieStore - Mutation cookie replay is disabled for method PUT. Stored mutation cookies will not be sent.
23 апр 2026;10:34:12.843 [SimpleAsyncTaskExecutor-1] DEBUG c.q.m.a.o.OrchestraRestConfiguration - Cookie replay disabled for mutating request PUT http://192.168.0.77:8080/rest/entrypoint/branches/6/visits/182044/services/4/
23 апр 2026;10:34:13.374 [SimpleAsyncTaskExecutor-1] INFO  c.q.m.a.g.i.ConfigurableVisitWorkflowGateway - Assign service response branchId=6 visitId=182044 serviceId=4 status=200 responseBody={"branchId":6,"userState":"INACTIVE","visitState":"OK","servicePointId":1,"servicePointName":"Кабинет 13","servicePointState":"OPEN","visit":{"id":182044,"checksum":"958266763","ticketId":"A2193","unservedVisitServices":[{"id":190961,"eventTime":"10:33","serviceId":7,"serviceInternalName":"Оккулист","serviceExternalName":"Оккулист","visitDeliveredServices":[],"visitOutcome":null,"outcomeExists":false,"deliveredServiceExists":false},{"id":190962,"eventTime":"10:33","serviceId":6,"serviceInternalName":"Стоматолог","serviceExternalName":"Стоматолог","visitDeliveredServices":[],"visitOutcome":null,"outcomeExists":false,"deliveredServiceExists":false},{"id":190963,"eventTime":"10:33","serviceId":5,"serviceInternalName":"Терапевт","serviceExternalName":"Терапевт","visitDeliveredServices":[],"visitOutcome":null,"outcomeExists":false,"deliveredServiceExists":false},{"id":190964,"eventTime":"10:33","serviceId":4,"serviceInternalName":"Хирург","serviceExternalName":"Хирург","visitDeliveredServices":[],"visitOutcome":null,"outcomeExists":false,"deliveredServiceExists":false}],"currentVisitService":{"id":190960,"eventTime":"10:33","serviceId":4,"serviceInternalName":"Хирург","serviceExternalName":"Хирург","visitDeliveredServices":[],"visitOutcome":null,"outcomeExists":false,"deliveredServiceExists":false},"servedVisitServices":[],"visitMarks":[],"customerIds":[],"waitingTime":30,"totalWaitingTime":0,"timeSinceCalled":0,"recycleAllowed":false,"noshowAllowed":false,"recallAllowed":false,"parameterMap":{"startQueueOrigId":98,"branchName":"Chat_Bot_Demo","totWaitTime":0},"appointmentId":null,"appointmentTime":null,"branchCurrentTime":"10:34:13"},"workProfileId":7,"workProfileName":"Универсал","servicePointDeviceTypes":["POSITIONAL","SW_SERVICE_POINT","Spotlight"]}
23 апр 2026;10:34:13.374 [SimpleAsyncTaskExecutor-1] WARN  c.q.m.a.g.i.ConfigurableVisitWorkflowGateway - Assign service returned userState=INACTIVE for visit 182044 in branch 6, but currentVisitService.serviceId=4 already matches requested serviceId=4. Treating assign as effectively successful and continuing with transfer. ResponseBody={"branchId":6,"userState":"INACTIVE","visitState":"OK","servicePointId":1,"servicePointName":"Кабинет 13","servicePointState":"OPEN","visit":{"id":182044,"checksum":"958266763","ticketId":"A2193","unservedVisitServices":[{"id":190961,"eventTime":"10:33","serviceId":7,"serviceInternalName":"Оккулист","serviceExternalName":"Оккулист","visitDeliveredServices":[],"visitOutcome":null,"outcomeExists":false,"deliveredServiceExists":false},{"id":190962,"eventTime":"10:33","serviceId":6,"serviceInternalName":"Стоматолог","serviceExternalName":"Стоматолог","visitDeliveredServices":[],"visitOutcome":null,"outcomeExists":false,"deliveredServiceExists":false},{"id":190963,"eventTime":"10:33","serviceId":5,"serviceInternalName":"Терапевт","serviceExternalName":"Терапевт","visitDeliveredServices":[],"visitOutcome":null,"outcomeExists":false,"deliveredServiceExists":false},{"id":190964,"eventTime":"10:33","serviceId":4,"serviceInternalName":"Хирург","serviceExternalName":"Хирург","visitDeliveredServices":[],"visitOutcome":null,"outcomeExists":false,"deliveredServiceExists":false}],"currentVisitService":{"id":190960,"eventTime":"10:33","serviceId":4,"serviceInternalName":"Хирург","serviceExternalName":"Хирург","visitDeliveredServices":[],"visitOutcome":null,"outcomeExists":false,"deliveredServiceExists":false},"servedVisitServices":[],"visitMarks":[],"customerIds":[],"waitingTime":30,"totalWaitingTime":0,"timeSinceCalled":0,"recycleAllowed":false,"noshowAllowed":false,"recallAllowed":false,"parameterMap":{"startQueueOrigId":98,"branchName":"Chat_Bot_Demo","totWaitTime":0},"appointmentId":null,"appointmentTime":null,"branchCurrentTime":"10:34:13"},"workProfileId":7,"workProfileName":"Универсал","servicePointDeviceTypes":["POSITIONAL","SW_SERVICE_POINT","Spotlight"]}
23 апр 2026;10:34:13.375 [SimpleAsyncTaskExecutor-1] INFO  c.q.m.d.s.i.DefaultVisitAssignmentExecutor - Assign workflow transfer step visit=182044 sourceQueue=98 targetQueue=10 doctor=1 servicePoint=120000000006 trigger=USER_SESSION_READY transferOnly=false
23 апр 2026;10:34:13.375 [SimpleAsyncTaskExecutor-1] INFO  c.q.m.a.g.i.ConfigurableVisitWorkflowGateway - Transfer visit request branchId=6 visitId=182044 sourceQueueId=98 targetQueueId=10 sourceEntryPointId=1 path=/rest/entrypoint/branches/6/queues/10/visits/ payload={visitId=182044, fromBranchId=6, fromId=1}
23 апр 2026;10:34:13.375 [SimpleAsyncTaskExecutor-1] WARN  c.q.m.a.g.i.ConfigurableVisitWorkflowGateway - Experimental transfer-visit adapter assumes fromId=1 is source entry point for branch 6. Validate this against штатный Orchestra UI trace.
23 апр 2026;10:34:13.375 [SimpleAsyncTaskExecutor-1] DEBUG c.q.m.a.o.OrchestraSessionCookieStore - Mutation cookie replay is disabled for method PUT. Stored mutation cookies will not be sent.
23 апр 2026;10:34:13.375 [SimpleAsyncTaskExecutor-1] DEBUG c.q.m.a.o.OrchestraRestConfiguration - Cookie replay disabled for mutating request PUT http://192.168.0.77:8080/rest/entrypoint/branches/6/queues/10/visits/
23 апр 2026;10:34:14.091 [SimpleAsyncTaskExecutor-1] INFO  c.q.m.a.g.i.ConfigurableVisitWorkflowGateway - Transfer visit response branchId=6 visitId=182044 targetQueueId=10 sourceEntryPointId=1 status=204 bodyReadMode=exchange-byte-array responseBody=<empty>
23 апр 2026;10:34:14.117 [SimpleAsyncTaskExecutor-1] INFO  c.q.m.d.s.AutonomousMedicalExamAssignmentService - Visit 182044 matchFound=true selectedService=4 targetQueue=10 success=true reason=service-id-fallback
23 апр 2026;10:34:14.158 [SimpleAsyncTaskExecutor-1] INFO  c.q.m.d.s.i.DefaultVisitAssignmentExecutor - Assign workflow start visit=182045 currentQueue=98 currentService=72 selectedService=4 targetQueue=10 doctor=1 servicePoint=120000000006 workProfile=7 trigger=USER_SESSION_READY
23 апр 2026;10:34:14.158 [SimpleAsyncTaskExecutor-1] INFO  c.q.m.a.g.i.ConfigurableVisitWorkflowGateway - Assign service request branchId=6 visitId=182045 serviceId=4 staffId=1 servicePointId=120000000006 path=/rest/entrypoint/branches/6/visits/182045/services/4/ payload=<empty>
23 апр 2026;10:34:14.158 [SimpleAsyncTaskExecutor-1] WARN  c.q.m.a.g.i.ConfigurableVisitWorkflowGateway - Experimental assign-service adapter does not include staffId/servicePointId in payload yet. Context is logged for incident analysis.
23 апр 2026;10:34:14.159 [SimpleAsyncTaskExecutor-1] DEBUG c.q.m.a.o.OrchestraSessionCookieStore - Mutation cookie replay is disabled for method PUT. Stored mutation cookies will not be sent.
23 апр 2026;10:34:14.159 [SimpleAsyncTaskExecutor-1] DEBUG c.q.m.a.o.OrchestraRestConfiguration - Cookie replay disabled for mutating request PUT http://192.168.0.77:8080/rest/entrypoint/branches/6/visits/182045/services/4/
23 апр 2026;10:34:14.632 [SimpleAsyncTaskExecutor-1] INFO  c.q.m.a.g.i.ConfigurableVisitWorkflowGateway - Assign service response branchId=6 visitId=182045 serviceId=4 status=200 responseBody={"branchId":6,"userState":"INACTIVE","visitState":"OK","servicePointId":1,"servicePointName":"Кабинет 13","servicePointState":"OPEN","visit":{"id":182045,"checksum":"1531865840","ticketId":"A2194","unservedVisitServices":[{"id":190966,"eventTime":"10:33","serviceId":7,"serviceInternalName":"Оккулист","serviceExternalName":"Оккулист","visitDeliveredServices":[],"visitOutcome":null,"outcomeExists":false,"deliveredServiceExists":false},{"id":190967,"eventTime":"10:33","serviceId":6,"serviceInternalName":"Стоматолог","serviceExternalName":"Стоматолог","visitDeliveredServices":[],"visitOutcome":null,"outcomeExists":false,"deliveredServiceExists":false},{"id":190968,"eventTime":"10:33","serviceId":5,"serviceInternalName":"Терапевт","serviceExternalName":"Терапевт","visitDeliveredServices":[],"visitOutcome":null,"outcomeExists":false,"deliveredServiceExists":false},{"id":190969,"eventTime":"10:33","serviceId":4,"serviceInternalName":"Хирург","serviceExternalName":"Хирург","visitDeliveredServices":[],"visitOutcome":null,"outcomeExists":false,"deliveredServiceExists":false}],"currentVisitService":{"id":190965,"eventTime":"10:33","serviceId":4,"serviceInternalName":"Хирург","serviceExternalName":"Хирург","visitDeliveredServices":[],"visitOutcome":null,"outcomeExists":false,"deliveredServiceExists":false},"servedVisitServices":[],"visitMarks":[],"customerIds":[],"waitingTime":31,"totalWaitingTime":0,"timeSinceCalled":0,"recycleAllowed":false,"noshowAllowed":false,"recallAllowed":false,"parameterMap":{"startQueueOrigId":98,"branchName":"Chat_Bot_Demo","totWaitTime":0},"appointmentId":null,"appointmentTime":null,"branchCurrentTime":"10:34:14"},"workProfileId":7,"workProfileName":"Универсал","servicePointDeviceTypes":["POSITIONAL","SW_SERVICE_POINT","Spotlight"]}
23 апр 2026;10:34:14.632 [SimpleAsyncTaskExecutor-1] WARN  c.q.m.a.g.i.ConfigurableVisitWorkflowGateway - Assign service returned userState=INACTIVE for visit 182045 in branch 6, but currentVisitService.serviceId=4 already matches requested serviceId=4. Treating assign as effectively successful and continuing with transfer. ResponseBody={"branchId":6,"userState":"INACTIVE","visitState":"OK","servicePointId":1,"servicePointName":"Кабинет 13","servicePointState":"OPEN","visit":{"id":182045,"checksum":"1531865840","ticketId":"A2194","unservedVisitServices":[{"id":190966,"eventTime":"10:33","serviceId":7,"serviceInternalName":"Оккулист","serviceExternalName":"Оккулист","visitDeliveredServices":[],"visitOutcome":null,"outcomeExists":false,"deliveredServiceExists":false},{"id":190967,"eventTime":"10:33","serviceId":6,"serviceInternalName":"Стоматолог","serviceExternalName":"Стоматолог","visitDeliveredServices":[],"visitOutcome":null,"outcomeExists":false,"deliveredServiceExists":false},{"id":190968,"eventTime":"10:33","serviceId":5,"serviceInternalName":"Терапевт","serviceExternalName":"Терапевт","visitDeliveredServices":[],"visitOutcome":null,"outcomeExists":false,"deliveredServiceExists":false},{"id":190969,"eventTime":"10:33","serviceId":4,"serviceInternalName":"Хирург","serviceExternalName":"Хирург","visitDeliveredServices":[],"visitOutcome":null,"outcomeExists":false,"deliveredServiceExists":false}],"currentVisitService":{"id":190965,"eventTime":"10:33","serviceId":4,"serviceInternalName":"Хирург","serviceExternalName":"Хирург","visitDeliveredServices":[],"visitOutcome":null,"outcomeExists":false,"deliveredServiceExists":false},"servedVisitServices":[],"visitMarks":[],"customerIds":[],"waitingTime":31,"totalWaitingTime":0,"timeSinceCalled":0,"recycleAllowed":false,"noshowAllowed":false,"recallAllowed":false,"parameterMap":{"startQueueOrigId":98,"branchName":"Chat_Bot_Demo","totWaitTime":0},"appointmentId":null,"appointmentTime":null,"branchCurrentTime":"10:34:14"},"workProfileId":7,"workProfileName":"Универсал","servicePointDeviceTypes":["POSITIONAL","SW_SERVICE_POINT","Spotlight"]}
23 апр 2026;10:34:14.632 [SimpleAsyncTaskExecutor-1] INFO  c.q.m.d.s.i.DefaultVisitAssignmentExecutor - Assign workflow transfer step visit=182045 sourceQueue=98 targetQueue=10 doctor=1 servicePoint=120000000006 trigger=USER_SESSION_READY transferOnly=false
23 апр 2026;10:34:14.632 [SimpleAsyncTaskExecutor-1] INFO  c.q.m.a.g.i.ConfigurableVisitWorkflowGateway - Transfer visit request branchId=6 visitId=182045 sourceQueueId=98 targetQueueId=10 sourceEntryPointId=1 path=/rest/entrypoint/branches/6/queues/10/visits/ payload={visitId=182045, fromBranchId=6, fromId=1}
23 апр 2026;10:34:14.632 [SimpleAsyncTaskExecutor-1] WARN  c.q.m.a.g.i.ConfigurableVisitWorkflowGateway - Experimental transfer-visit adapter assumes fromId=1 is source entry point for branch 6. Validate this against штатный Orchestra UI trace.
23 апр 2026;10:34:14.633 [SimpleAsyncTaskExecutor-1] DEBUG c.q.m.a.o.OrchestraSessionCookieStore - Mutation cookie replay is disabled for method PUT. Stored mutation cookies will not be sent.
23 апр 2026;10:34:14.633 [SimpleAsyncTaskExecutor-1] DEBUG c.q.m.a.o.OrchestraRestConfiguration - Cookie replay disabled for mutating request PUT http://192.168.0.77:8080/rest/entrypoint/branches/6/queues/10/visits/
23 апр 2026;10:34:15.382 [SimpleAsyncTaskExecutor-1] INFO  c.q.m.a.g.i.ConfigurableVisitWorkflowGateway - Transfer visit response branchId=6 visitId=182045 targetQueueId=10 sourceEntryPointId=1 status=204 bodyReadMode=exchange-byte-array responseBody=<empty>
23 апр 2026;10:34:15.404 [SimpleAsyncTaskExecutor-1] INFO  c.q.m.d.s.AutonomousMedicalExamAssignmentService - Visit 182045 matchFound=true selectedService=4 targetQueue=10 success=true reason=service-id-fallback
23 апр 2026;10:34:15.449 [SimpleAsyncTaskExecutor-1] INFO  c.q.m.d.s.i.DefaultVisitAssignmentExecutor - Assign workflow start visit=182046 currentQueue=98 currentService=72 selectedService=4 targetQueue=10 doctor=1 servicePoint=120000000006 workProfile=7 trigger=USER_SESSION_READY
23 апр 2026;10:34:15.449 [SimpleAsyncTaskExecutor-1] INFO  c.q.m.a.g.i.ConfigurableVisitWorkflowGateway - Assign service request branchId=6 visitId=182046 serviceId=4 staffId=1 servicePointId=120000000006 path=/rest/entrypoint/branches/6/visits/182046/services/4/ payload=<empty>
23 апр 2026;10:34:15.449 [SimpleAsyncTaskExecutor-1] WARN  c.q.m.a.g.i.ConfigurableVisitWorkflowGateway - Experimental assign-service adapter does not include staffId/servicePointId in payload yet. Context is logged for incident analysis.
23 апр 2026;10:34:15.449 [SimpleAsyncTaskExecutor-1] DEBUG c.q.m.a.o.OrchestraSessionCookieStore - Mutation cookie replay is disabled for method PUT. Stored mutation cookies will not be sent.
23 апр 2026;10:34:15.449 [SimpleAsyncTaskExecutor-1] DEBUG c.q.m.a.o.OrchestraRestConfiguration - Cookie replay disabled for mutating request PUT http://192.168.0.77:8080/rest/entrypoint/branches/6/visits/182046/services/4/
23 апр 2026;10:34:15.935 [SimpleAsyncTaskExecutor-1] INFO  c.q.m.a.g.i.ConfigurableVisitWorkflowGateway - Assign service response branchId=6 visitId=182046 serviceId=4 status=200 responseBody={"branchId":6,"userState":"INACTIVE","visitState":"OK","servicePointId":1,"servicePointName":"Кабинет 13","servicePointState":"OPEN","visit":{"id":182046,"checksum":"1968446263","ticketId":"A2195","unservedVisitServices":[{"id":190971,"eventTime":"10:33","serviceId":7,"serviceInternalName":"Оккулист","serviceExternalName":"Оккулист","visitDeliveredServices":[],"visitOutcome":null,"outcomeExists":false,"deliveredServiceExists":false},{"id":190972,"eventTime":"10:33","serviceId":6,"serviceInternalName":"Стоматолог","serviceExternalName":"Стоматолог","visitDeliveredServices":[],"visitOutcome":null,"outcomeExists":false,"deliveredServiceExists":false},{"id":190973,"eventTime":"10:33","serviceId":5,"serviceInternalName":"Терапевт","serviceExternalName":"Терапевт","visitDeliveredServices":[],"visitOutcome":null,"outcomeExists":false,"deliveredServiceExists":false},{"id":190974,"eventTime":"10:33","serviceId":4,"serviceInternalName":"Хирург","serviceExternalName":"Хирург","visitDeliveredServices":[],"visitOutcome":null,"outcomeExists":false,"deliveredServiceExists":false}],"currentVisitService":{"id":190970,"eventTime":"10:33","serviceId":4,"serviceInternalName":"Хирург","serviceExternalName":"Хирург","visitDeliveredServices":[],"visitOutcome":null,"outcomeExists":false,"deliveredServiceExists":false},"servedVisitServices":[],"visitMarks":[],"customerIds":[],"waitingTime":32,"totalWaitingTime":0,"timeSinceCalled":0,"recycleAllowed":false,"noshowAllowed":false,"recallAllowed":false,"parameterMap":{"startQueueOrigId":98,"branchName":"Chat_Bot_Demo","totWaitTime":0},"appointmentId":null,"appointmentTime":null,"branchCurrentTime":"10:34:15"},"workProfileId":7,"workProfileName":"Универсал","servicePointDeviceTypes":["POSITIONAL","SW_SERVICE_POINT","Spotlight"]}
23 апр 2026;10:34:15.935 [SimpleAsyncTaskExecutor-1] WARN  c.q.m.a.g.i.ConfigurableVisitWorkflowGateway - Assign service returned userState=INACTIVE for visit 182046 in branch 6, but currentVisitService.serviceId=4 already matches requested serviceId=4. Treating assign as effectively successful and continuing with transfer. ResponseBody={"branchId":6,"userState":"INACTIVE","visitState":"OK","servicePointId":1,"servicePointName":"Кабинет 13","servicePointState":"OPEN","visit":{"id":182046,"checksum":"1968446263","ticketId":"A2195","unservedVisitServices":[{"id":190971,"eventTime":"10:33","serviceId":7,"serviceInternalName":"Оккулист","serviceExternalName":"Оккулист","visitDeliveredServices":[],"visitOutcome":null,"outcomeExists":false,"deliveredServiceExists":false},{"id":190972,"eventTime":"10:33","serviceId":6,"serviceInternalName":"Стоматолог","serviceExternalName":"Стоматолог","visitDeliveredServices":[],"visitOutcome":null,"outcomeExists":false,"deliveredServiceExists":false},{"id":190973,"eventTime":"10:33","serviceId":5,"serviceInternalName":"Терапевт","serviceExternalName":"Терапевт","visitDeliveredServices":[],"visitOutcome":null,"outcomeExists":false,"deliveredServiceExists":false},{"id":190974,"eventTime":"10:33","serviceId":4,"serviceInternalName":"Хирург","serviceExternalName":"Хирург","visitDeliveredServices":[],"visitOutcome":null,"outcomeExists":false,"deliveredServiceExists":false}],"currentVisitService":{"id":190970,"eventTime":"10:33","serviceId":4,"serviceInternalName":"Хирург","serviceExternalName":"Хирург","visitDeliveredServices":[],"visitOutcome":null,"outcomeExists":false,"deliveredServiceExists":false},"servedVisitServices":[],"visitMarks":[],"customerIds":[],"waitingTime":32,"totalWaitingTime":0,"timeSinceCalled":0,"recycleAllowed":false,"noshowAllowed":false,"recallAllowed":false,"parameterMap":{"startQueueOrigId":98,"branchName":"Chat_Bot_Demo","totWaitTime":0},"appointmentId":null,"appointmentTime":null,"branchCurrentTime":"10:34:15"},"workProfileId":7,"workProfileName":"Универсал","servicePointDeviceTypes":["POSITIONAL","SW_SERVICE_POINT","Spotlight"]}
23 апр 2026;10:34:15.936 [SimpleAsyncTaskExecutor-1] INFO  c.q.m.d.s.i.DefaultVisitAssignmentExecutor - Assign workflow transfer step visit=182046 sourceQueue=98 targetQueue=10 doctor=1 servicePoint=120000000006 trigger=USER_SESSION_READY transferOnly=false
23 апр 2026;10:34:15.936 [SimpleAsyncTaskExecutor-1] INFO  c.q.m.a.g.i.ConfigurableVisitWorkflowGateway - Transfer visit request branchId=6 visitId=182046 sourceQueueId=98 targetQueueId=10 sourceEntryPointId=1 path=/rest/entrypoint/branches/6/queues/10/visits/ payload={visitId=182046, fromBranchId=6, fromId=1}
23 апр 2026;10:34:15.936 [SimpleAsyncTaskExecutor-1] WARN  c.q.m.a.g.i.ConfigurableVisitWorkflowGateway - Experimental transfer-visit adapter assumes fromId=1 is source entry point for branch 6. Validate this against штатный Orchestra UI trace.
23 апр 2026;10:34:15.936 [SimpleAsyncTaskExecutor-1] DEBUG c.q.m.a.o.OrchestraSessionCookieStore - Mutation cookie replay is disabled for method PUT. Stored mutation cookies will not be sent.
23 апр 2026;10:34:15.936 [SimpleAsyncTaskExecutor-1] DEBUG c.q.m.a.o.OrchestraRestConfiguration - Cookie replay disabled for mutating request PUT http://192.168.0.77:8080/rest/entrypoint/branches/6/queues/10/visits/
23 апр 2026;10:34:16.657 [SimpleAsyncTaskExecutor-1] INFO  c.q.m.a.g.i.ConfigurableVisitWorkflowGateway - Transfer visit response branchId=6 visitId=182046 targetQueueId=10 sourceEntryPointId=1 status=204 bodyReadMode=exchange-byte-array responseBody=<empty>
23 апр 2026;10:34:16.683 [SimpleAsyncTaskExecutor-1] INFO  c.q.m.d.s.AutonomousMedicalExamAssignmentService - Visit 182046 matchFound=true selectedService=4 targetQueue=10 success=true reason=service-id-fallback
23 апр 2026;10:34:16.730 [SimpleAsyncTaskExecutor-1] INFO  c.q.m.d.s.i.DefaultVisitAssignmentExecutor - Assign workflow start visit=182047 currentQueue=98 currentService=72 selectedService=4 targetQueue=10 doctor=1 servicePoint=120000000006 workProfile=7 trigger=USER_SESSION_READY
23 апр 2026;10:34:16.731 [SimpleAsyncTaskExecutor-1] INFO  c.q.m.a.g.i.ConfigurableVisitWorkflowGateway - Assign service request branchId=6 visitId=182047 serviceId=4 staffId=1 servicePointId=120000000006 path=/rest/entrypoint/branches/6/visits/182047/services/4/ payload=<empty>
23 апр 2026;10:34:16.731 [SimpleAsyncTaskExecutor-1] WARN  c.q.m.a.g.i.ConfigurableVisitWorkflowGateway - Experimental assign-service adapter does not include staffId/servicePointId in payload yet. Context is logged for incident analysis.
23 апр 2026;10:34:16.731 [SimpleAsyncTaskExecutor-1] DEBUG c.q.m.a.o.OrchestraSessionCookieStore - Mutation cookie replay is disabled for method PUT. Stored mutation cookies will not be sent.
23 апр 2026;10:34:16.731 [SimpleAsyncTaskExecutor-1] DEBUG c.q.m.a.o.OrchestraRestConfiguration - Cookie replay disabled for mutating request PUT http://192.168.0.77:8080/rest/entrypoint/branches/6/visits/182047/services/4/
23 апр 2026;10:34:17.207 [SimpleAsyncTaskExecutor-1] INFO  c.q.m.a.g.i.ConfigurableVisitWorkflowGateway - Assign service response branchId=6 visitId=182047 serviceId=4 status=200 responseBody={"branchId":6,"userState":"INACTIVE","visitState":"OK","servicePointId":1,"servicePointName":"Кабинет 13","servicePointState":"OPEN","visit":{"id":182047,"checksum":"199993651","ticketId":"A2196","unservedVisitServices":[{"id":190976,"eventTime":"10:33","serviceId":7,"serviceInternalName":"Оккулист","serviceExternalName":"Оккулист","visitDeliveredServices":[],"visitOutcome":null,"outcomeExists":false,"deliveredServiceExists":false},{"id":190977,"eventTime":"10:33","serviceId":6,"serviceInternalName":"Стоматолог","serviceExternalName":"Стоматолог","visitDeliveredServices":[],"visitOutcome":null,"outcomeExists":false,"deliveredServiceExists":false},{"id":190978,"eventTime":"10:33","serviceId":5,"serviceInternalName":"Терапевт","serviceExternalName":"Терапевт","visitDeliveredServices":[],"visitOutcome":null,"outcomeExists":false,"deliveredServiceExists":false},{"id":190979,"eventTime":"10:33","serviceId":4,"serviceInternalName":"Хирург","serviceExternalName":"Хирург","visitDeliveredServices":[],"visitOutcome":null,"outcomeExists":false,"deliveredServiceExists":false}],"currentVisitService":{"id":190975,"eventTime":"10:33","serviceId":4,"serviceInternalName":"Хирург","serviceExternalName":"Хирург","visitDeliveredServices":[],"visitOutcome":null,"outcomeExists":false,"deliveredServiceExists":false},"servedVisitServices":[],"visitMarks":[],"customerIds":[],"waitingTime":33,"totalWaitingTime":0,"timeSinceCalled":0,"recycleAllowed":false,"noshowAllowed":false,"recallAllowed":false,"parameterMap":{"startQueueOrigId":98,"branchName":"Chat_Bot_Demo","totWaitTime":0},"appointmentId":null,"appointmentTime":null,"branchCurrentTime":"10:34:17"},"workProfileId":7,"workProfileName":"Универсал","servicePointDeviceTypes":["POSITIONAL","SW_SERVICE_POINT","Spotlight"]}
23 апр 2026;10:34:17.208 [SimpleAsyncTaskExecutor-1] WARN  c.q.m.a.g.i.ConfigurableVisitWorkflowGateway - Assign service returned userState=INACTIVE for visit 182047 in branch 6, but currentVisitService.serviceId=4 already matches requested serviceId=4. Treating assign as effectively successful and continuing with transfer. ResponseBody={"branchId":6,"userState":"INACTIVE","visitState":"OK","servicePointId":1,"servicePointName":"Кабинет 13","servicePointState":"OPEN","visit":{"id":182047,"checksum":"199993651","ticketId":"A2196","unservedVisitServices":[{"id":190976,"eventTime":"10:33","serviceId":7,"serviceInternalName":"Оккулист","serviceExternalName":"Оккулист","visitDeliveredServices":[],"visitOutcome":null,"outcomeExists":false,"deliveredServiceExists":false},{"id":190977,"eventTime":"10:33","serviceId":6,"serviceInternalName":"Стоматолог","serviceExternalName":"Стоматолог","visitDeliveredServices":[],"visitOutcome":null,"outcomeExists":false,"deliveredServiceExists":false},{"id":190978,"eventTime":"10:33","serviceId":5,"serviceInternalName":"Терапевт","serviceExternalName":"Терапевт","visitDeliveredServices":[],"visitOutcome":null,"outcomeExists":false,"deliveredServiceExists":false},{"id":190979,"eventTime":"10:33","serviceId":4,"serviceInternalName":"Хирург","serviceExternalName":"Хирург","visitDeliveredServices":[],"visitOutcome":null,"outcomeExists":false,"deliveredServiceExists":false}],"currentVisitService":{"id":190975,"eventTime":"10:33","serviceId":4,"serviceInternalName":"Хирург","serviceExternalName":"Хирург","visitDeliveredServices":[],"visitOutcome":null,"outcomeExists":false,"deliveredServiceExists":false},"servedVisitServices":[],"visitMarks":[],"customerIds":[],"waitingTime":33,"totalWaitingTime":0,"timeSinceCalled":0,"recycleAllowed":false,"noshowAllowed":false,"recallAllowed":false,"parameterMap":{"startQueueOrigId":98,"branchName":"Chat_Bot_Demo","totWaitTime":0},"appointmentId":null,"appointmentTime":null,"branchCurrentTime":"10:34:17"},"workProfileId":7,"workProfileName":"Универсал","servicePointDeviceTypes":["POSITIONAL","SW_SERVICE_POINT","Spotlight"]}
23 апр 2026;10:34:17.209 [SimpleAsyncTaskExecutor-1] INFO  c.q.m.d.s.i.DefaultVisitAssignmentExecutor - Assign workflow transfer step visit=182047 sourceQueue=98 targetQueue=10 doctor=1 servicePoint=120000000006 trigger=USER_SESSION_READY transferOnly=false
23 апр 2026;10:34:17.209 [SimpleAsyncTaskExecutor-1] INFO  c.q.m.a.g.i.ConfigurableVisitWorkflowGateway - Transfer visit request branchId=6 visitId=182047 sourceQueueId=98 targetQueueId=10 sourceEntryPointId=1 path=/rest/entrypoint/branches/6/queues/10/visits/ payload={visitId=182047, fromBranchId=6, fromId=1}
23 апр 2026;10:34:17.210 [SimpleAsyncTaskExecutor-1] WARN  c.q.m.a.g.i.ConfigurableVisitWorkflowGateway - Experimental transfer-visit adapter assumes fromId=1 is source entry point for branch 6. Validate this against штатный Orchestra UI trace.
23 апр 2026;10:34:17.212 [SimpleAsyncTaskExecutor-1] DEBUG c.q.m.a.o.OrchestraSessionCookieStore - Mutation cookie replay is disabled for method PUT. Stored mutation cookies will not be sent.
23 апр 2026;10:34:17.213 [SimpleAsyncTaskExecutor-1] DEBUG c.q.m.a.o.OrchestraRestConfiguration - Cookie replay disabled for mutating request PUT http://192.168.0.77:8080/rest/entrypoint/branches/6/queues/10/visits/
23 апр 2026;10:34:17.955 [SimpleAsyncTaskExecutor-1] INFO  c.q.m.a.g.i.ConfigurableVisitWorkflowGateway - Transfer visit response branchId=6 visitId=182047 targetQueueId=10 sourceEntryPointId=1 status=204 bodyReadMode=exchange-byte-array responseBody=<empty>
23 апр 2026;10:34:17.979 [SimpleAsyncTaskExecutor-1] INFO  c.q.m.d.s.AutonomousMedicalExamAssignmentService - Visit 182047 matchFound=true selectedService=4 targetQueue=10 success=true reason=service-id-fallback
23 апр 2026;10:34:18.026 [SimpleAsyncTaskExecutor-1] INFO  c.q.m.d.s.i.DefaultVisitAssignmentExecutor - Assign workflow start visit=182048 currentQueue=98 currentService=72 selectedService=4 targetQueue=10 doctor=1 servicePoint=120000000006 workProfile=7 trigger=USER_SESSION_READY
23 апр 2026;10:34:18.027 [SimpleAsyncTaskExecutor-1] INFO  c.q.m.a.g.i.ConfigurableVisitWorkflowGateway - Assign service request branchId=6 visitId=182048 serviceId=4 staffId=1 servicePointId=120000000006 path=/rest/entrypoint/branches/6/visits/182048/services/4/ payload=<empty>
23 апр 2026;10:34:18.027 [SimpleAsyncTaskExecutor-1] WARN  c.q.m.a.g.i.ConfigurableVisitWorkflowGateway - Experimental assign-service adapter does not include staffId/servicePointId in payload yet. Context is logged for incident analysis.
23 апр 2026;10:34:18.027 [SimpleAsyncTaskExecutor-1] DEBUG c.q.m.a.o.OrchestraSessionCookieStore - Mutation cookie replay is disabled for method PUT. Stored mutation cookies will not be sent.
23 апр 2026;10:34:18.027 [SimpleAsyncTaskExecutor-1] DEBUG c.q.m.a.o.OrchestraRestConfiguration - Cookie replay disabled for mutating request PUT http://192.168.0.77:8080/rest/entrypoint/branches/6/visits/182048/services/4/
23 апр 2026;10:34:18.496 [SimpleAsyncTaskExecutor-1] INFO  c.q.m.a.g.i.ConfigurableVisitWorkflowGateway - Assign service response branchId=6 visitId=182048 serviceId=4 status=200 responseBody={"branchId":6,"userState":"INACTIVE","visitState":"OK","servicePointId":1,"servicePointName":"Кабинет 13","servicePointState":"OPEN","visit":{"id":182048,"checksum":"1837050162","ticketId":"A2197","unservedVisitServices":[{"id":190981,"eventTime":"10:33","serviceId":7,"serviceInternalName":"Оккулист","serviceExternalName":"Оккулист","visitDeliveredServices":[],"visitOutcome":null,"outcomeExists":false,"deliveredServiceExists":false},{"id":190982,"eventTime":"10:33","serviceId":6,"serviceInternalName":"Стоматолог","serviceExternalName":"Стоматолог","visitDeliveredServices":[],"visitOutcome":null,"outcomeExists":false,"deliveredServiceExists":false},{"id":190983,"eventTime":"10:33","serviceId":5,"serviceInternalName":"Терапевт","serviceExternalName":"Терапевт","visitDeliveredServices":[],"visitOutcome":null,"outcomeExists":false,"deliveredServiceExists":false},{"id":190984,"eventTime":"10:33","serviceId":4,"serviceInternalName":"Хирург","serviceExternalName":"Хирург","visitDeliveredServices":[],"visitOutcome":null,"outcomeExists":false,"deliveredServiceExists":false}],"currentVisitService":{"id":190980,"eventTime":"10:33","serviceId":4,"serviceInternalName":"Хирург","serviceExternalName":"Хирург","visitDeliveredServices":[],"visitOutcome":null,"outcomeExists":false,"deliveredServiceExists":false},"servedVisitServices":[],"visitMarks":[],"customerIds":[],"waitingTime":34,"totalWaitingTime":0,"timeSinceCalled":0,"recycleAllowed":false,"noshowAllowed":false,"recallAllowed":false,"parameterMap":{"startQueueOrigId":98,"branchName":"Chat_Bot_Demo","totWaitTime":0},"appointmentId":null,"appointmentTime":null,"branchCurrentTime":"10:34:18"},"workProfileId":7,"workProfileName":"Универсал","servicePointDeviceTypes":["POSITIONAL","SW_SERVICE_POINT","Spotlight"]}
23 апр 2026;10:34:18.497 [SimpleAsyncTaskExecutor-1] WARN  c.q.m.a.g.i.ConfigurableVisitWorkflowGateway - Assign service returned userState=INACTIVE for visit 182048 in branch 6, but currentVisitService.serviceId=4 already matches requested serviceId=4. Treating assign as effectively successful and continuing with transfer. ResponseBody={"branchId":6,"userState":"INACTIVE","visitState":"OK","servicePointId":1,"servicePointName":"Кабинет 13","servicePointState":"OPEN","visit":{"id":182048,"checksum":"1837050162","ticketId":"A2197","unservedVisitServices":[{"id":190981,"eventTime":"10:33","serviceId":7,"serviceInternalName":"Оккулист","serviceExternalName":"Оккулист","visitDeliveredServices":[],"visitOutcome":null,"outcomeExists":false,"deliveredServiceExists":false},{"id":190982,"eventTime":"10:33","serviceId":6,"serviceInternalName":"Стоматолог","serviceExternalName":"Стоматолог","visitDeliveredServices":[],"visitOutcome":null,"outcomeExists":false,"deliveredServiceExists":false},{"id":190983,"eventTime":"10:33","serviceId":5,"serviceInternalName":"Терапевт","serviceExternalName":"Терапевт","visitDeliveredServices":[],"visitOutcome":null,"outcomeExists":false,"deliveredServiceExists":false},{"id":190984,"eventTime":"10:33","serviceId":4,"serviceInternalName":"Хирург","serviceExternalName":"Хирург","visitDeliveredServices":[],"visitOutcome":null,"outcomeExists":false,"deliveredServiceExists":false}],"currentVisitService":{"id":190980,"eventTime":"10:33","serviceId":4,"serviceInternalName":"Хирург","serviceExternalName":"Хирург","visitDeliveredServices":[],"visitOutcome":null,"outcomeExists":false,"deliveredServiceExists":false},"servedVisitServices":[],"visitMarks":[],"customerIds":[],"waitingTime":34,"totalWaitingTime":0,"timeSinceCalled":0,"recycleAllowed":false,"noshowAllowed":false,"recallAllowed":false,"parameterMap":{"startQueueOrigId":98,"branchName":"Chat_Bot_Demo","totWaitTime":0},"appointmentId":null,"appointmentTime":null,"branchCurrentTime":"10:34:18"},"workProfileId":7,"workProfileName":"Универсал","servicePointDeviceTypes":["POSITIONAL","SW_SERVICE_POINT","Spotlight"]}
23 апр 2026;10:34:18.497 [SimpleAsyncTaskExecutor-1] INFO  c.q.m.d.s.i.DefaultVisitAssignmentExecutor - Assign workflow transfer step visit=182048 sourceQueue=98 targetQueue=10 doctor=1 servicePoint=120000000006 trigger=USER_SESSION_READY transferOnly=false
23 апр 2026;10:34:18.497 [SimpleAsyncTaskExecutor-1] INFO  c.q.m.a.g.i.ConfigurableVisitWorkflowGateway - Transfer visit request branchId=6 visitId=182048 sourceQueueId=98 targetQueueId=10 sourceEntryPointId=1 path=/rest/entrypoint/branches/6/queues/10/visits/ payload={visitId=182048, fromBranchId=6, fromId=1}
23 апр 2026;10:34:18.497 [SimpleAsyncTaskExecutor-1] WARN  c.q.m.a.g.i.ConfigurableVisitWorkflowGateway - Experimental transfer-visit adapter assumes fromId=1 is source entry point for branch 6. Validate this against штатный Orchestra UI trace.
23 апр 2026;10:34:18.497 [SimpleAsyncTaskExecutor-1] DEBUG c.q.m.a.o.OrchestraSessionCookieStore - Mutation cookie replay is disabled for method PUT. Stored mutation cookies will not be sent.
23 апр 2026;10:34:18.498 [SimpleAsyncTaskExecutor-1] DEBUG c.q.m.a.o.OrchestraRestConfiguration - Cookie replay disabled for mutating request PUT http://192.168.0.77:8080/rest/entrypoint/branches/6/queues/10/visits/
23 апр 2026;10:34:19.318 [SimpleAsyncTaskExecutor-1] INFO  c.q.m.a.g.i.ConfigurableVisitWorkflowGateway - Transfer visit response branchId=6 visitId=182048 targetQueueId=10 sourceEntryPointId=1 status=204 bodyReadMode=exchange-byte-array responseBody=<empty>
23 апр 2026;10:34:19.340 [SimpleAsyncTaskExecutor-1] INFO  c.q.m.d.s.AutonomousMedicalExamAssignmentService - Visit 182048 matchFound=true selectedService=4 targetQueue=10 success=true reason=service-id-fallback
23 апр 2026;10:34:19.383 [SimpleAsyncTaskExecutor-1] INFO  c.q.m.d.s.i.DefaultVisitAssignmentExecutor - Assign workflow start visit=182049 currentQueue=98 currentService=72 selectedService=4 targetQueue=10 doctor=1 servicePoint=120000000006 workProfile=7 trigger=USER_SESSION_READY
23 апр 2026;10:34:19.383 [SimpleAsyncTaskExecutor-1] INFO  c.q.m.a.g.i.ConfigurableVisitWorkflowGateway - Assign service request branchId=6 visitId=182049 serviceId=4 staffId=1 servicePointId=120000000006 path=/rest/entrypoint/branches/6/visits/182049/services/4/ payload=<empty>
23 апр 2026;10:34:19.383 [SimpleAsyncTaskExecutor-1] WARN  c.q.m.a.g.i.ConfigurableVisitWorkflowGateway - Experimental assign-service adapter does not include staffId/servicePointId in payload yet. Context is logged for incident analysis.
23 апр 2026;10:34:19.383 [SimpleAsyncTaskExecutor-1] DEBUG c.q.m.a.o.OrchestraSessionCookieStore - Mutation cookie replay is disabled for method PUT. Stored mutation cookies will not be sent.
23 апр 2026;10:34:19.383 [SimpleAsyncTaskExecutor-1] DEBUG c.q.m.a.o.OrchestraRestConfiguration - Cookie replay disabled for mutating request PUT http://192.168.0.77:8080/rest/entrypoint/branches/6/visits/182049/services/4/
23 апр 2026;10:34:19.850 [SimpleAsyncTaskExecutor-1] INFO  c.q.m.a.g.i.ConfigurableVisitWorkflowGateway - Assign service response branchId=6 visitId=182049 serviceId=4 status=200 responseBody={"branchId":6,"userState":"INACTIVE","visitState":"OK","servicePointId":1,"servicePointName":"Кабинет 13","servicePointState":"OPEN","visit":{"id":182049,"checksum":"2130215569","ticketId":"A2198","unservedVisitServices":[{"id":190986,"eventTime":"10:33","serviceId":7,"serviceInternalName":"Оккулист","serviceExternalName":"Оккулист","visitDeliveredServices":[],"visitOutcome":null,"outcomeExists":false,"deliveredServiceExists":false},{"id":190987,"eventTime":"10:33","serviceId":6,"serviceInternalName":"Стоматолог","serviceExternalName":"Стоматолог","visitDeliveredServices":[],"visitOutcome":null,"outcomeExists":false,"deliveredServiceExists":false},{"id":190988,"eventTime":"10:33","serviceId":5,"serviceInternalName":"Терапевт","serviceExternalName":"Терапевт","visitDeliveredServices":[],"visitOutcome":null,"outcomeExists":false,"deliveredServiceExists":false},{"id":190989,"eventTime":"10:33","serviceId":4,"serviceInternalName":"Хирург","serviceExternalName":"Хирург","visitDeliveredServices":[],"visitOutcome":null,"outcomeExists":false,"deliveredServiceExists":false}],"currentVisitService":{"id":190985,"eventTime":"10:33","serviceId":4,"serviceInternalName":"Хирург","serviceExternalName":"Хирург","visitDeliveredServices":[],"visitOutcome":null,"outcomeExists":false,"deliveredServiceExists":false},"servedVisitServices":[],"visitMarks":[],"customerIds":[],"waitingTime":35,"totalWaitingTime":0,"timeSinceCalled":0,"recycleAllowed":false,"noshowAllowed":false,"recallAllowed":false,"parameterMap":{"startQueueOrigId":98,"branchName":"Chat_Bot_Demo","totWaitTime":0},"appointmentId":null,"appointmentTime":null,"branchCurrentTime":"10:34:19"},"workProfileId":7,"workProfileName":"Универсал","servicePointDeviceTypes":["POSITIONAL","SW_SERVICE_POINT","Spotlight"]}
23 апр 2026;10:34:19.851 [SimpleAsyncTaskExecutor-1] WARN  c.q.m.a.g.i.ConfigurableVisitWorkflowGateway - Assign service returned userState=INACTIVE for visit 182049 in branch 6, but currentVisitService.serviceId=4 already matches requested serviceId=4. Treating assign as effectively successful and continuing with transfer. ResponseBody={"branchId":6,"userState":"INACTIVE","visitState":"OK","servicePointId":1,"servicePointName":"Кабинет 13","servicePointState":"OPEN","visit":{"id":182049,"checksum":"2130215569","ticketId":"A2198","unservedVisitServices":[{"id":190986,"eventTime":"10:33","serviceId":7,"serviceInternalName":"Оккулист","serviceExternalName":"Оккулист","visitDeliveredServices":[],"visitOutcome":null,"outcomeExists":false,"deliveredServiceExists":false},{"id":190987,"eventTime":"10:33","serviceId":6,"serviceInternalName":"Стоматолог","serviceExternalName":"Стоматолог","visitDeliveredServices":[],"visitOutcome":null,"outcomeExists":false,"deliveredServiceExists":false},{"id":190988,"eventTime":"10:33","serviceId":5,"serviceInternalName":"Терапевт","serviceExternalName":"Терапевт","visitDeliveredServices":[],"visitOutcome":null,"outcomeExists":false,"deliveredServiceExists":false},{"id":190989,"eventTime":"10:33","serviceId":4,"serviceInternalName":"Хирург","serviceExternalName":"Хирург","visitDeliveredServices":[],"visitOutcome":null,"outcomeExists":false,"deliveredServiceExists":false}],"currentVisitService":{"id":190985,"eventTime":"10:33","serviceId":4,"serviceInternalName":"Хирург","serviceExternalName":"Хирург","visitDeliveredServices":[],"visitOutcome":null,"outcomeExists":false,"deliveredServiceExists":false},"servedVisitServices":[],"visitMarks":[],"customerIds":[],"waitingTime":35,"totalWaitingTime":0,"timeSinceCalled":0,"recycleAllowed":false,"noshowAllowed":false,"recallAllowed":false,"parameterMap":{"startQueueOrigId":98,"branchName":"Chat_Bot_Demo","totWaitTime":0},"appointmentId":null,"appointmentTime":null,"branchCurrentTime":"10:34:19"},"workProfileId":7,"workProfileName":"Универсал","servicePointDeviceTypes":["POSITIONAL","SW_SERVICE_POINT","Spotlight"]}
23 апр 2026;10:34:19.851 [SimpleAsyncTaskExecutor-1] INFO  c.q.m.d.s.i.DefaultVisitAssignmentExecutor - Assign workflow transfer step visit=182049 sourceQueue=98 targetQueue=10 doctor=1 servicePoint=120000000006 trigger=USER_SESSION_READY transferOnly=false
23 апр 2026;10:34:19.851 [SimpleAsyncTaskExecutor-1] INFO  c.q.m.a.g.i.ConfigurableVisitWorkflowGateway - Transfer visit request branchId=6 visitId=182049 sourceQueueId=98 targetQueueId=10 sourceEntryPointId=1 path=/rest/entrypoint/branches/6/queues/10/visits/ payload={visitId=182049, fromBranchId=6, fromId=1}
23 апр 2026;10:34:19.851 [SimpleAsyncTaskExecutor-1] WARN  c.q.m.a.g.i.ConfigurableVisitWorkflowGateway - Experimental transfer-visit adapter assumes fromId=1 is source entry point for branch 6. Validate this against штатный Orchestra UI trace.
23 апр 2026;10:34:19.851 [SimpleAsyncTaskExecutor-1] DEBUG c.q.m.a.o.OrchestraSessionCookieStore - Mutation cookie replay is disabled for method PUT. Stored mutation cookies will not be sent.
23 апр 2026;10:34:19.851 [SimpleAsyncTaskExecutor-1] DEBUG c.q.m.a.o.OrchestraRestConfiguration - Cookie replay disabled for mutating request PUT http://192.168.0.77:8080/rest/entrypoint/branches/6/queues/10/visits/
23 апр 2026;10:34:20.608 [SimpleAsyncTaskExecutor-1] INFO  c.q.m.a.g.i.ConfigurableVisitWorkflowGateway - Transfer visit response branchId=6 visitId=182049 targetQueueId=10 sourceEntryPointId=1 status=204 bodyReadMode=exchange-byte-array responseBody=<empty>
23 апр 2026;10:34:20.631 [SimpleAsyncTaskExecutor-1] INFO  c.q.m.d.s.AutonomousMedicalExamAssignmentService - Visit 182049 matchFound=true selectedService=4 targetQueue=10 success=true reason=service-id-fallback
23 апр 2026;10:34:20.675 [SimpleAsyncTaskExecutor-1] INFO  c.q.m.d.s.i.DefaultVisitAssignmentExecutor - Assign workflow start visit=182050 currentQueue=98 currentService=72 selectedService=4 targetQueue=10 doctor=1 servicePoint=120000000006 workProfile=7 trigger=USER_SESSION_READY
23 апр 2026;10:34:20.675 [SimpleAsyncTaskExecutor-1] INFO  c.q.m.a.g.i.ConfigurableVisitWorkflowGateway - Assign service request branchId=6 visitId=182050 serviceId=4 staffId=1 servicePointId=120000000006 path=/rest/entrypoint/branches/6/visits/182050/services/4/ payload=<empty>
23 апр 2026;10:34:20.675 [SimpleAsyncTaskExecutor-1] WARN  c.q.m.a.g.i.ConfigurableVisitWorkflowGateway - Experimental assign-service adapter does not include staffId/servicePointId in payload yet. Context is logged for incident analysis.
23 апр 2026;10:34:20.675 [SimpleAsyncTaskExecutor-1] DEBUG c.q.m.a.o.OrchestraSessionCookieStore - Mutation cookie replay is disabled for method PUT. Stored mutation cookies will not be sent.
23 апр 2026;10:34:20.675 [SimpleAsyncTaskExecutor-1] DEBUG c.q.m.a.o.OrchestraRestConfiguration - Cookie replay disabled for mutating request PUT http://192.168.0.77:8080/rest/entrypoint/branches/6/visits/182050/services/4/
23 апр 2026;10:34:21.148 [SimpleAsyncTaskExecutor-1] INFO  c.q.m.a.g.i.ConfigurableVisitWorkflowGateway - Assign service response branchId=6 visitId=182050 serviceId=4 status=200 responseBody={"branchId":6,"userState":"INACTIVE","visitState":"OK","servicePointId":1,"servicePointName":"Кабинет 13","servicePointState":"OPEN","visit":{"id":182050,"checksum":"1648891059","ticketId":"A2199","unservedVisitServices":[{"id":190991,"eventTime":"10:33","serviceId":7,"serviceInternalName":"Оккулист","serviceExternalName":"Оккулист","visitDeliveredServices":[],"visitOutcome":null,"outcomeExists":false,"deliveredServiceExists":false},{"id":190992,"eventTime":"10:33","serviceId":6,"serviceInternalName":"Стоматолог","serviceExternalName":"Стоматолог","visitDeliveredServices":[],"visitOutcome":null,"outcomeExists":false,"deliveredServiceExists":false},{"id":190993,"eventTime":"10:33","serviceId":5,"serviceInternalName":"Терапевт","serviceExternalName":"Терапевт","visitDeliveredServices":[],"visitOutcome":null,"outcomeExists":false,"deliveredServiceExists":false},{"id":190994,"eventTime":"10:33","serviceId":4,"serviceInternalName":"Хирург","serviceExternalName":"Хирург","visitDeliveredServices":[],"visitOutcome":null,"outcomeExists":false,"deliveredServiceExists":false}],"currentVisitService":{"id":190990,"eventTime":"10:33","serviceId":4,"serviceInternalName":"Хирург","serviceExternalName":"Хирург","visitDeliveredServices":[],"visitOutcome":null,"outcomeExists":false,"deliveredServiceExists":false},"servedVisitServices":[],"visitMarks":[],"customerIds":[],"waitingTime":36,"totalWaitingTime":0,"timeSinceCalled":0,"recycleAllowed":false,"noshowAllowed":false,"recallAllowed":false,"parameterMap":{"startQueueOrigId":98,"branchName":"Chat_Bot_Demo","totWaitTime":0},"appointmentId":null,"appointmentTime":null,"branchCurrentTime":"10:34:21"},"workProfileId":7,"workProfileName":"Универсал","servicePointDeviceTypes":["POSITIONAL","SW_SERVICE_POINT","Spotlight"]}
23 апр 2026;10:34:21.148 [SimpleAsyncTaskExecutor-1] WARN  c.q.m.a.g.i.ConfigurableVisitWorkflowGateway - Assign service returned userState=INACTIVE for visit 182050 in branch 6, but currentVisitService.serviceId=4 already matches requested serviceId=4. Treating assign as effectively successful and continuing with transfer. ResponseBody={"branchId":6,"userState":"INACTIVE","visitState":"OK","servicePointId":1,"servicePointName":"Кабинет 13","servicePointState":"OPEN","visit":{"id":182050,"checksum":"1648891059","ticketId":"A2199","unservedVisitServices":[{"id":190991,"eventTime":"10:33","serviceId":7,"serviceInternalName":"Оккулист","serviceExternalName":"Оккулист","visitDeliveredServices":[],"visitOutcome":null,"outcomeExists":false,"deliveredServiceExists":false},{"id":190992,"eventTime":"10:33","serviceId":6,"serviceInternalName":"Стоматолог","serviceExternalName":"Стоматолог","visitDeliveredServices":[],"visitOutcome":null,"outcomeExists":false,"deliveredServiceExists":false},{"id":190993,"eventTime":"10:33","serviceId":5,"serviceInternalName":"Терапевт","serviceExternalName":"Терапевт","visitDeliveredServices":[],"visitOutcome":null,"outcomeExists":false,"deliveredServiceExists":false},{"id":190994,"eventTime":"10:33","serviceId":4,"serviceInternalName":"Хирург","serviceExternalName":"Хирург","visitDeliveredServices":[],"visitOutcome":null,"outcomeExists":false,"deliveredServiceExists":false}],"currentVisitService":{"id":190990,"eventTime":"10:33","serviceId":4,"serviceInternalName":"Хирург","serviceExternalName":"Хирург","visitDeliveredServices":[],"visitOutcome":null,"outcomeExists":false,"deliveredServiceExists":false},"servedVisitServices":[],"visitMarks":[],"customerIds":[],"waitingTime":36,"totalWaitingTime":0,"timeSinceCalled":0,"recycleAllowed":false,"noshowAllowed":false,"recallAllowed":false,"parameterMap":{"startQueueOrigId":98,"branchName":"Chat_Bot_Demo","totWaitTime":0},"appointmentId":null,"appointmentTime":null,"branchCurrentTime":"10:34:21"},"workProfileId":7,"workProfileName":"Универсал","servicePointDeviceTypes":["POSITIONAL","SW_SERVICE_POINT","Spotlight"]}
23 апр 2026;10:34:21.149 [SimpleAsyncTaskExecutor-1] INFO  c.q.m.d.s.i.DefaultVisitAssignmentExecutor - Assign workflow transfer step visit=182050 sourceQueue=98 targetQueue=10 doctor=1 servicePoint=120000000006 trigger=USER_SESSION_READY transferOnly=false
23 апр 2026;10:34:21.149 [SimpleAsyncTaskExecutor-1] INFO  c.q.m.a.g.i.ConfigurableVisitWorkflowGateway - Transfer visit request branchId=6 visitId=182050 sourceQueueId=98 targetQueueId=10 sourceEntryPointId=1 path=/rest/entrypoint/branches/6/queues/10/visits/ payload={visitId=182050, fromBranchId=6, fromId=1}
23 апр 2026;10:34:21.149 [SimpleAsyncTaskExecutor-1] WARN  c.q.m.a.g.i.ConfigurableVisitWorkflowGateway - Experimental transfer-visit adapter assumes fromId=1 is source entry point for branch 6. Validate this against штатный Orchestra UI trace.
23 апр 2026;10:34:21.149 [SimpleAsyncTaskExecutor-1] DEBUG c.q.m.a.o.OrchestraSessionCookieStore - Mutation cookie replay is disabled for method PUT. Stored mutation cookies will not be sent.
23 апр 2026;10:34:21.149 [SimpleAsyncTaskExecutor-1] DEBUG c.q.m.a.o.OrchestraRestConfiguration - Cookie replay disabled for mutating request PUT http://192.168.0.77:8080/rest/entrypoint/branches/6/queues/10/visits/
23 апр 2026;10:34:22.093 [SimpleAsyncTaskExecutor-1] INFO  c.q.m.a.g.i.ConfigurableVisitWorkflowGateway - Transfer visit response branchId=6 visitId=182050 targetQueueId=10 sourceEntryPointId=1 status=204 bodyReadMode=exchange-byte-array responseBody=<empty>
23 апр 2026;10:34:22.117 [SimpleAsyncTaskExecutor-1] INFO  c.q.m.d.s.AutonomousMedicalExamAssignmentService - Visit 182050 matchFound=true selectedService=4 targetQueue=10 success=true reason=service-id-fallback
23 апр 2026;10:34:22.165 [SimpleAsyncTaskExecutor-1] INFO  c.q.m.d.s.i.DefaultVisitAssignmentExecutor - Assign workflow start visit=182051 currentQueue=98 currentService=72 selectedService=4 targetQueue=10 doctor=1 servicePoint=120000000006 workProfile=7 trigger=USER_SESSION_READY
23 апр 2026;10:34:22.165 [SimpleAsyncTaskExecutor-1] INFO  c.q.m.a.g.i.ConfigurableVisitWorkflowGateway - Assign service request branchId=6 visitId=182051 serviceId=4 staffId=1 servicePointId=120000000006 path=/rest/entrypoint/branches/6/visits/182051/services/4/ payload=<empty>
23 апр 2026;10:34:22.165 [SimpleAsyncTaskExecutor-1] WARN  c.q.m.a.g.i.ConfigurableVisitWorkflowGateway - Experimental assign-service adapter does not include staffId/servicePointId in payload yet. Context is logged for incident analysis.
23 апр 2026;10:34:22.165 [SimpleAsyncTaskExecutor-1] DEBUG c.q.m.a.o.OrchestraSessionCookieStore - Mutation cookie replay is disabled for method PUT. Stored mutation cookies will not be sent.
23 апр 2026;10:34:22.165 [SimpleAsyncTaskExecutor-1] DEBUG c.q.m.a.o.OrchestraRestConfiguration - Cookie replay disabled for mutating request PUT http://192.168.0.77:8080/rest/entrypoint/branches/6/visits/182051/services/4/
23 апр 2026;10:34:22.667 [SimpleAsyncTaskExecutor-1] INFO  c.q.m.a.g.i.ConfigurableVisitWorkflowGateway - Assign service response branchId=6 visitId=182051 serviceId=4 status=200 responseBody={"branchId":6,"userState":"INACTIVE","visitState":"OK","servicePointId":1,"servicePointName":"Кабинет 13","servicePointState":"OPEN","visit":{"id":182051,"checksum":"1531427744","ticketId":"A2200","unservedVisitServices":[{"id":190996,"eventTime":"10:33","serviceId":7,"serviceInternalName":"Оккулист","serviceExternalName":"Оккулист","visitDeliveredServices":[],"visitOutcome":null,"outcomeExists":false,"deliveredServiceExists":false},{"id":190997,"eventTime":"10:33","serviceId":6,"serviceInternalName":"Стоматолог","serviceExternalName":"Стоматолог","visitDeliveredServices":[],"visitOutcome":null,"outcomeExists":false,"deliveredServiceExists":false},{"id":190998,"eventTime":"10:33","serviceId":5,"serviceInternalName":"Терапевт","serviceExternalName":"Терапевт","visitDeliveredServices":[],"visitOutcome":null,"outcomeExists":false,"deliveredServiceExists":false},{"id":190999,"eventTime":"10:33","serviceId":4,"serviceInternalName":"Хирург","serviceExternalName":"Хирург","visitDeliveredServices":[],"visitOutcome":null,"outcomeExists":false,"deliveredServiceExists":false}],"currentVisitService":{"id":190995,"eventTime":"10:33","serviceId":4,"serviceInternalName":"Хирург","serviceExternalName":"Хирург","visitDeliveredServices":[],"visitOutcome":null,"outcomeExists":false,"deliveredServiceExists":false},"servedVisitServices":[],"visitMarks":[],"customerIds":[],"waitingTime":37,"totalWaitingTime":0,"timeSinceCalled":0,"recycleAllowed":false,"noshowAllowed":false,"recallAllowed":false,"parameterMap":{"startQueueOrigId":98,"branchName":"Chat_Bot_Demo","totWaitTime":0},"appointmentId":null,"appointmentTime":null,"branchCurrentTime":"10:34:22"},"workProfileId":7,"workProfileName":"Универсал","servicePointDeviceTypes":["POSITIONAL","SW_SERVICE_POINT","Spotlight"]}
23 апр 2026;10:34:22.667 [SimpleAsyncTaskExecutor-1] WARN  c.q.m.a.g.i.ConfigurableVisitWorkflowGateway - Assign service returned userState=INACTIVE for visit 182051 in branch 6, but currentVisitService.serviceId=4 already matches requested serviceId=4. Treating assign as effectively successful and continuing with transfer. ResponseBody={"branchId":6,"userState":"INACTIVE","visitState":"OK","servicePointId":1,"servicePointName":"Кабинет 13","servicePointState":"OPEN","visit":{"id":182051,"checksum":"1531427744","ticketId":"A2200","unservedVisitServices":[{"id":190996,"eventTime":"10:33","serviceId":7,"serviceInternalName":"Оккулист","serviceExternalName":"Оккулист","visitDeliveredServices":[],"visitOutcome":null,"outcomeExists":false,"deliveredServiceExists":false},{"id":190997,"eventTime":"10:33","serviceId":6,"serviceInternalName":"Стоматолог","serviceExternalName":"Стоматолог","visitDeliveredServices":[],"visitOutcome":null,"outcomeExists":false,"deliveredServiceExists":false},{"id":190998,"eventTime":"10:33","serviceId":5,"serviceInternalName":"Терапевт","serviceExternalName":"Терапевт","visitDeliveredServices":[],"visitOutcome":null,"outcomeExists":false,"deliveredServiceExists":false},{"id":190999,"eventTime":"10:33","serviceId":4,"serviceInternalName":"Хирург","serviceExternalName":"Хирург","visitDeliveredServices":[],"visitOutcome":null,"outcomeExists":false,"deliveredServiceExists":false}],"currentVisitService":{"id":190995,"eventTime":"10:33","serviceId":4,"serviceInternalName":"Хирург","serviceExternalName":"Хирург","visitDeliveredServices":[],"visitOutcome":null,"outcomeExists":false,"deliveredServiceExists":false},"servedVisitServices":[],"visitMarks":[],"customerIds":[],"waitingTime":37,"totalWaitingTime":0,"timeSinceCalled":0,"recycleAllowed":false,"noshowAllowed":false,"recallAllowed":false,"parameterMap":{"startQueueOrigId":98,"branchName":"Chat_Bot_Demo","totWaitTime":0},"appointmentId":null,"appointmentTime":null,"branchCurrentTime":"10:34:22"},"workProfileId":7,"workProfileName":"Универсал","servicePointDeviceTypes":["POSITIONAL","SW_SERVICE_POINT","Spotlight"]}
23 апр 2026;10:34:22.667 [SimpleAsyncTaskExecutor-1] INFO  c.q.m.d.s.i.DefaultVisitAssignmentExecutor - Assign workflow transfer step visit=182051 sourceQueue=98 targetQueue=10 doctor=1 servicePoint=120000000006 trigger=USER_SESSION_READY transferOnly=false
23 апр 2026;10:34:22.667 [SimpleAsyncTaskExecutor-1] INFO  c.q.m.a.g.i.ConfigurableVisitWorkflowGateway - Transfer visit request branchId=6 visitId=182051 sourceQueueId=98 targetQueueId=10 sourceEntryPointId=1 path=/rest/entrypoint/branches/6/queues/10/visits/ payload={visitId=182051, fromBranchId=6, fromId=1}
23 апр 2026;10:34:22.667 [SimpleAsyncTaskExecutor-1] WARN  c.q.m.a.g.i.ConfigurableVisitWorkflowGateway - Experimental transfer-visit adapter assumes fromId=1 is source entry point for branch 6. Validate this against штатный Orchestra UI trace.
23 апр 2026;10:34:22.667 [SimpleAsyncTaskExecutor-1] DEBUG c.q.m.a.o.OrchestraSessionCookieStore - Mutation cookie replay is disabled for method PUT. Stored mutation cookies will not be sent.
23 апр 2026;10:34:22.667 [SimpleAsyncTaskExecutor-1] DEBUG c.q.m.a.o.OrchestraRestConfiguration - Cookie replay disabled for mutating request PUT http://192.168.0.77:8080/rest/entrypoint/branches/6/queues/10/visits/
23 апр 2026;10:34:23.383 [SimpleAsyncTaskExecutor-1] INFO  c.q.m.a.g.i.ConfigurableVisitWorkflowGateway - Transfer visit response branchId=6 visitId=182051 targetQueueId=10 sourceEntryPointId=1 status=204 bodyReadMode=exchange-byte-array responseBody=<empty>
23 апр 2026;10:34:23.406 [SimpleAsyncTaskExecutor-1] INFO  c.q.m.d.s.AutonomousMedicalExamAssignmentService - Visit 182051 matchFound=true selectedService=4 targetQueue=10 success=true reason=service-id-fallback
23 апр 2026;10:34:23.450 [SimpleAsyncTaskExecutor-1] INFO  c.q.m.d.s.i.DefaultVisitAssignmentExecutor - Assign workflow start visit=182052 currentQueue=98 currentService=72 selectedService=4 targetQueue=10 doctor=1 servicePoint=120000000006 workProfile=7 trigger=USER_SESSION_READY
23 апр 2026;10:34:23.450 [SimpleAsyncTaskExecutor-1] INFO  c.q.m.a.g.i.ConfigurableVisitWorkflowGateway - Assign service request branchId=6 visitId=182052 serviceId=4 staffId=1 servicePointId=120000000006 path=/rest/entrypoint/branches/6/visits/182052/services/4/ payload=<empty>
23 апр 2026;10:34:23.450 [SimpleAsyncTaskExecutor-1] WARN  c.q.m.a.g.i.ConfigurableVisitWorkflowGateway - Experimental assign-service adapter does not include staffId/servicePointId in payload yet. Context is logged for incident analysis.
23 апр 2026;10:34:23.450 [SimpleAsyncTaskExecutor-1] DEBUG c.q.m.a.o.OrchestraSessionCookieStore - Mutation cookie replay is disabled for method PUT. Stored mutation cookies will not be sent.
23 апр 2026;10:34:23.450 [SimpleAsyncTaskExecutor-1] DEBUG c.q.m.a.o.OrchestraRestConfiguration - Cookie replay disabled for mutating request PUT http://192.168.0.77:8080/rest/entrypoint/branches/6/visits/182052/services/4/
23 апр 2026;10:34:23.952 [SimpleAsyncTaskExecutor-1] INFO  c.q.m.a.g.i.ConfigurableVisitWorkflowGateway - Assign service response branchId=6 visitId=182052 serviceId=4 status=200 responseBody={"branchId":6,"userState":"INACTIVE","visitState":"OK","servicePointId":1,"servicePointName":"Кабинет 13","servicePointState":"OPEN","visit":{"id":182052,"checksum":"1710023559","ticketId":"A2201","unservedVisitServices":[{"id":191001,"eventTime":"10:33","serviceId":7,"serviceInternalName":"Оккулист","serviceExternalName":"Оккулист","visitDeliveredServices":[],"visitOutcome":null,"outcomeExists":false,"deliveredServiceExists":false},{"id":191002,"eventTime":"10:33","serviceId":6,"serviceInternalName":"Стоматолог","serviceExternalName":"Стоматолог","visitDeliveredServices":[],"visitOutcome":null,"outcomeExists":false,"deliveredServiceExists":false},{"id":191003,"eventTime":"10:33","serviceId":5,"serviceInternalName":"Терапевт","serviceExternalName":"Терапевт","visitDeliveredServices":[],"visitOutcome":null,"outcomeExists":false,"deliveredServiceExists":false},{"id":191004,"eventTime":"10:33","serviceId":4,"serviceInternalName":"Хирург","serviceExternalName":"Хирург","visitDeliveredServices":[],"visitOutcome":null,"outcomeExists":false,"deliveredServiceExists":false}],"currentVisitService":{"id":191000,"eventTime":"10:33","serviceId":4,"serviceInternalName":"Хирург","serviceExternalName":"Хирург","visitDeliveredServices":[],"visitOutcome":null,"outcomeExists":false,"deliveredServiceExists":false},"servedVisitServices":[],"visitMarks":[],"customerIds":[],"waitingTime":39,"totalWaitingTime":0,"timeSinceCalled":0,"recycleAllowed":false,"noshowAllowed":false,"recallAllowed":false,"parameterMap":{"startQueueOrigId":98,"branchName":"Chat_Bot_Demo","totWaitTime":0},"appointmentId":null,"appointmentTime":null,"branchCurrentTime":"10:34:23"},"workProfileId":7,"workProfileName":"Универсал","servicePointDeviceTypes":["POSITIONAL","SW_SERVICE_POINT","Spotlight"]}
23 апр 2026;10:34:23.954 [SimpleAsyncTaskExecutor-1] WARN  c.q.m.a.g.i.ConfigurableVisitWorkflowGateway - Assign service returned userState=INACTIVE for visit 182052 in branch 6, but currentVisitService.serviceId=4 already matches requested serviceId=4. Treating assign as effectively successful and continuing with transfer. ResponseBody={"branchId":6,"userState":"INACTIVE","visitState":"OK","servicePointId":1,"servicePointName":"Кабинет 13","servicePointState":"OPEN","visit":{"id":182052,"checksum":"1710023559","ticketId":"A2201","unservedVisitServices":[{"id":191001,"eventTime":"10:33","serviceId":7,"serviceInternalName":"Оккулист","serviceExternalName":"Оккулист","visitDeliveredServices":[],"visitOutcome":null,"outcomeExists":false,"deliveredServiceExists":false},{"id":191002,"eventTime":"10:33","serviceId":6,"serviceInternalName":"Стоматолог","serviceExternalName":"Стоматолог","visitDeliveredServices":[],"visitOutcome":null,"outcomeExists":false,"deliveredServiceExists":false},{"id":191003,"eventTime":"10:33","serviceId":5,"serviceInternalName":"Терапевт","serviceExternalName":"Терапевт","visitDeliveredServices":[],"visitOutcome":null,"outcomeExists":false,"deliveredServiceExists":false},{"id":191004,"eventTime":"10:33","serviceId":4,"serviceInternalName":"Хирург","serviceExternalName":"Хирург","visitDeliveredServices":[],"visitOutcome":null,"outcomeExists":false,"deliveredServiceExists":false}],"currentVisitService":{"id":191000,"eventTime":"10:33","serviceId":4,"serviceInternalName":"Хирург","serviceExternalName":"Хирург","visitDeliveredServices":[],"visitOutcome":null,"outcomeExists":false,"deliveredServiceExists":false},"servedVisitServices":[],"visitMarks":[],"customerIds":[],"waitingTime":39,"totalWaitingTime":0,"timeSinceCalled":0,"recycleAllowed":false,"noshowAllowed":false,"recallAllowed":false,"parameterMap":{"startQueueOrigId":98,"branchName":"Chat_Bot_Demo","totWaitTime":0},"appointmentId":null,"appointmentTime":null,"branchCurrentTime":"10:34:23"},"workProfileId":7,"workProfileName":"Универсал","servicePointDeviceTypes":["POSITIONAL","SW_SERVICE_POINT","Spotlight"]}
23 апр 2026;10:34:23.955 [SimpleAsyncTaskExecutor-1] INFO  c.q.m.d.s.i.DefaultVisitAssignmentExecutor - Assign workflow transfer step visit=182052 sourceQueue=98 targetQueue=10 doctor=1 servicePoint=120000000006 trigger=USER_SESSION_READY transferOnly=false
23 апр 2026;10:34:23.955 [SimpleAsyncTaskExecutor-1] INFO  c.q.m.a.g.i.ConfigurableVisitWorkflowGateway - Transfer visit request branchId=6 visitId=182052 sourceQueueId=98 targetQueueId=10 sourceEntryPointId=1 path=/rest/entrypoint/branches/6/queues/10/visits/ payload={visitId=182052, fromBranchId=6, fromId=1}
23 апр 2026;10:34:23.955 [SimpleAsyncTaskExecutor-1] WARN  c.q.m.a.g.i.ConfigurableVisitWorkflowGateway - Experimental transfer-visit adapter assumes fromId=1 is source entry point for branch 6. Validate this against штатный Orchestra UI trace.
23 апр 2026;10:34:23.956 [SimpleAsyncTaskExecutor-1] DEBUG c.q.m.a.o.OrchestraSessionCookieStore - Mutation cookie replay is disabled for method PUT. Stored mutation cookies will not be sent.
23 апр 2026;10:34:23.957 [SimpleAsyncTaskExecutor-1] DEBUG c.q.m.a.o.OrchestraRestConfiguration - Cookie replay disabled for mutating request PUT http://192.168.0.77:8080/rest/entrypoint/branches/6/queues/10/visits/
23 апр 2026;10:34:24.716 [SimpleAsyncTaskExecutor-1] INFO  c.q.m.a.g.i.ConfigurableVisitWorkflowGateway - Transfer visit response branchId=6 visitId=182052 targetQueueId=10 sourceEntryPointId=1 status=204 bodyReadMode=exchange-byte-array responseBody=<empty>
23 апр 2026;10:34:25.748 [SimpleAsyncTaskExecutor-1] INFO  c.q.m.d.s.AutonomousMedicalExamAssignmentService - Visit 182052 matchFound=true selectedService=4 targetQueue=10 success=true reason=service-id-fallback
23 апр 2026;10:34:25.796 [SimpleAsyncTaskExecutor-1] INFO  c.q.m.d.s.i.DefaultVisitAssignmentExecutor - Assign workflow start visit=182053 currentQueue=98 currentService=72 selectedService=4 targetQueue=10 doctor=1 servicePoint=120000000006 workProfile=7 trigger=USER_SESSION_READY
23 апр 2026;10:34:25.797 [SimpleAsyncTaskExecutor-1] INFO  c.q.m.a.g.i.ConfigurableVisitWorkflowGateway - Assign service request branchId=6 visitId=182053 serviceId=4 staffId=1 servicePointId=120000000006 path=/rest/entrypoint/branches/6/visits/182053/services/4/ payload=<empty>
23 апр 2026;10:34:25.797 [SimpleAsyncTaskExecutor-1] WARN  c.q.m.a.g.i.ConfigurableVisitWorkflowGateway - Experimental assign-service adapter does not include staffId/servicePointId in payload yet. Context is logged for incident analysis.
23 апр 2026;10:34:25.797 [SimpleAsyncTaskExecutor-1] DEBUG c.q.m.a.o.OrchestraSessionCookieStore - Mutation cookie replay is disabled for method PUT. Stored mutation cookies will not be sent.
23 апр 2026;10:34:25.797 [SimpleAsyncTaskExecutor-1] DEBUG c.q.m.a.o.OrchestraRestConfiguration - Cookie replay disabled for mutating request PUT http://192.168.0.77:8080/rest/entrypoint/branches/6/visits/182053/services/4/
23 апр 2026;10:34:26.298 [SimpleAsyncTaskExecutor-1] INFO  c.q.m.a.g.i.ConfigurableVisitWorkflowGateway - Assign service response branchId=6 visitId=182053 serviceId=4 status=200 responseBody={"branchId":6,"userState":"INACTIVE","visitState":"OK","servicePointId":1,"servicePointName":"Кабинет 13","servicePointState":"OPEN","visit":{"id":182053,"checksum":"1375681766","ticketId":"A2202","unservedVisitServices":[{"id":191006,"eventTime":"10:33","serviceId":7,"serviceInternalName":"Оккулист","serviceExternalName":"Оккулист","visitDeliveredServices":[],"visitOutcome":null,"outcomeExists":false,"deliveredServiceExists":false},{"id":191007,"eventTime":"10:33","serviceId":6,"serviceInternalName":"Стоматолог","serviceExternalName":"Стоматолог","visitDeliveredServices":[],"visitOutcome":null,"outcomeExists":false,"deliveredServiceExists":false},{"id":191008,"eventTime":"10:33","serviceId":5,"serviceInternalName":"Терапевт","serviceExternalName":"Терапевт","visitDeliveredServices":[],"visitOutcome":null,"outcomeExists":false,"deliveredServiceExists":false},{"id":191009,"eventTime":"10:33","serviceId":4,"serviceInternalName":"Хирург","serviceExternalName":"Хирург","visitDeliveredServices":[],"visitOutcome":null,"outcomeExists":false,"deliveredServiceExists":false}],"currentVisitService":{"id":191005,"eventTime":"10:33","serviceId":4,"serviceInternalName":"Хирург","serviceExternalName":"Хирург","visitDeliveredServices":[],"visitOutcome":null,"outcomeExists":false,"deliveredServiceExists":false},"servedVisitServices":[],"visitMarks":[],"customerIds":[],"waitingTime":40,"totalWaitingTime":0,"timeSinceCalled":0,"recycleAllowed":false,"noshowAllowed":false,"recallAllowed":false,"parameterMap":{"startQueueOrigId":98,"branchName":"Chat_Bot_Demo","totWaitTime":0},"appointmentId":null,"appointmentTime":null,"branchCurrentTime":"10:34:26"},"workProfileId":7,"workProfileName":"Универсал","servicePointDeviceTypes":["POSITIONAL","SW_SERVICE_POINT","Spotlight"]}
23 апр 2026;10:34:26.298 [SimpleAsyncTaskExecutor-1] WARN  c.q.m.a.g.i.ConfigurableVisitWorkflowGateway - Assign service returned userState=INACTIVE for visit 182053 in branch 6, but currentVisitService.serviceId=4 already matches requested serviceId=4. Treating assign as effectively successful and continuing with transfer. ResponseBody={"branchId":6,"userState":"INACTIVE","visitState":"OK","servicePointId":1,"servicePointName":"Кабинет 13","servicePointState":"OPEN","visit":{"id":182053,"checksum":"1375681766","ticketId":"A2202","unservedVisitServices":[{"id":191006,"eventTime":"10:33","serviceId":7,"serviceInternalName":"Оккулист","serviceExternalName":"Оккулист","visitDeliveredServices":[],"visitOutcome":null,"outcomeExists":false,"deliveredServiceExists":false},{"id":191007,"eventTime":"10:33","serviceId":6,"serviceInternalName":"Стоматолог","serviceExternalName":"Стоматолог","visitDeliveredServices":[],"visitOutcome":null,"outcomeExists":false,"deliveredServiceExists":false},{"id":191008,"eventTime":"10:33","serviceId":5,"serviceInternalName":"Терапевт","serviceExternalName":"Терапевт","visitDeliveredServices":[],"visitOutcome":null,"outcomeExists":false,"deliveredServiceExists":false},{"id":191009,"eventTime":"10:33","serviceId":4,"serviceInternalName":"Хирург","serviceExternalName":"Хирург","visitDeliveredServices":[],"visitOutcome":null,"outcomeExists":false,"deliveredServiceExists":false}],"currentVisitService":{"id":191005,"eventTime":"10:33","serviceId":4,"serviceInternalName":"Хирург","serviceExternalName":"Хирург","visitDeliveredServices":[],"visitOutcome":null,"outcomeExists":false,"deliveredServiceExists":false},"servedVisitServices":[],"visitMarks":[],"customerIds":[],"waitingTime":40,"totalWaitingTime":0,"timeSinceCalled":0,"recycleAllowed":false,"noshowAllowed":false,"recallAllowed":false,"parameterMap":{"startQueueOrigId":98,"branchName":"Chat_Bot_Demo","totWaitTime":0},"appointmentId":null,"appointmentTime":null,"branchCurrentTime":"10:34:26"},"workProfileId":7,"workProfileName":"Универсал","servicePointDeviceTypes":["POSITIONAL","SW_SERVICE_POINT","Spotlight"]}
23 апр 2026;10:34:26.298 [SimpleAsyncTaskExecutor-1] INFO  c.q.m.d.s.i.DefaultVisitAssignmentExecutor - Assign workflow transfer step visit=182053 sourceQueue=98 targetQueue=10 doctor=1 servicePoint=120000000006 trigger=USER_SESSION_READY transferOnly=false
23 апр 2026;10:34:26.298 [SimpleAsyncTaskExecutor-1] INFO  c.q.m.a.g.i.ConfigurableVisitWorkflowGateway - Transfer visit request branchId=6 visitId=182053 sourceQueueId=98 targetQueueId=10 sourceEntryPointId=1 path=/rest/entrypoint/branches/6/queues/10/visits/ payload={visitId=182053, fromBranchId=6, fromId=1}
23 апр 2026;10:34:26.298 [SimpleAsyncTaskExecutor-1] WARN  c.q.m.a.g.i.ConfigurableVisitWorkflowGateway - Experimental transfer-visit adapter assumes fromId=1 is source entry point for branch 6. Validate this against штатный Orchestra UI trace.
23 апр 2026;10:34:26.298 [SimpleAsyncTaskExecutor-1] DEBUG c.q.m.a.o.OrchestraSessionCookieStore - Mutation cookie replay is disabled for method PUT. Stored mutation cookies will not be sent.
23 апр 2026;10:34:26.298 [SimpleAsyncTaskExecutor-1] DEBUG c.q.m.a.o.OrchestraRestConfiguration - Cookie replay disabled for mutating request PUT http://192.168.0.77:8080/rest/entrypoint/branches/6/queues/10/visits/
23 апр 2026;10:34:27.227 [SimpleAsyncTaskExecutor-1] INFO  c.q.m.a.g.i.ConfigurableVisitWorkflowGateway - Transfer visit response branchId=6 visitId=182053 targetQueueId=10 sourceEntryPointId=1 status=204 bodyReadMode=exchange-byte-array responseBody=<empty>
23 апр 2026;10:34:27.252 [SimpleAsyncTaskExecutor-1] INFO  c.q.m.d.s.AutonomousMedicalExamAssignmentService - Visit 182053 matchFound=true selectedService=4 targetQueue=10 success=true reason=service-id-fallback
23 апр 2026;10:34:27.293 [SimpleAsyncTaskExecutor-1] INFO  c.q.m.d.s.i.DefaultVisitAssignmentExecutor - Assign workflow start visit=182054 currentQueue=98 currentService=72 selectedService=4 targetQueue=10 doctor=1 servicePoint=120000000006 workProfile=7 trigger=USER_SESSION_READY
23 апр 2026;10:34:27.293 [SimpleAsyncTaskExecutor-1] INFO  c.q.m.a.g.i.ConfigurableVisitWorkflowGateway - Assign service request branchId=6 visitId=182054 serviceId=4 staffId=1 servicePointId=120000000006 path=/rest/entrypoint/branches/6/visits/182054/services/4/ payload=<empty>
23 апр 2026;10:34:27.293 [SimpleAsyncTaskExecutor-1] WARN  c.q.m.a.g.i.ConfigurableVisitWorkflowGateway - Experimental assign-service adapter does not include staffId/servicePointId in payload yet. Context is logged for incident analysis.
23 апр 2026;10:34:27.293 [SimpleAsyncTaskExecutor-1] DEBUG c.q.m.a.o.OrchestraSessionCookieStore - Mutation cookie replay is disabled for method PUT. Stored mutation cookies will not be sent.
23 апр 2026;10:34:27.293 [SimpleAsyncTaskExecutor-1] DEBUG c.q.m.a.o.OrchestraRestConfiguration - Cookie replay disabled for mutating request PUT http://192.168.0.77:8080/rest/entrypoint/branches/6/visits/182054/services/4/
23 апр 2026;10:34:27.795 [SimpleAsyncTaskExecutor-1] INFO  c.q.m.a.g.i.ConfigurableVisitWorkflowGateway - Assign service response branchId=6 visitId=182054 serviceId=4 status=200 responseBody={"branchId":6,"userState":"INACTIVE","visitState":"OK","servicePointId":1,"servicePointName":"Кабинет 13","servicePointState":"OPEN","visit":{"id":182054,"checksum":"1456519473","ticketId":"A2203","unservedVisitServices":[{"id":191011,"eventTime":"10:33","serviceId":7,"serviceInternalName":"Оккулист","serviceExternalName":"Оккулист","visitDeliveredServices":[],"visitOutcome":null,"outcomeExists":false,"deliveredServiceExists":false},{"id":191012,"eventTime":"10:33","serviceId":6,"serviceInternalName":"Стоматолог","serviceExternalName":"Стоматолог","visitDeliveredServices":[],"visitOutcome":null,"outcomeExists":false,"deliveredServiceExists":false},{"id":191013,"eventTime":"10:33","serviceId":5,"serviceInternalName":"Терапевт","serviceExternalName":"Терапевт","visitDeliveredServices":[],"visitOutcome":null,"outcomeExists":false,"deliveredServiceExists":false},{"id":191014,"eventTime":"10:33","serviceId":4,"serviceInternalName":"Хирург","serviceExternalName":"Хирург","visitDeliveredServices":[],"visitOutcome":null,"outcomeExists":false,"deliveredServiceExists":false}],"currentVisitService":{"id":191010,"eventTime":"10:33","serviceId":4,"serviceInternalName":"Хирург","serviceExternalName":"Хирург","visitDeliveredServices":[],"visitOutcome":null,"outcomeExists":false,"deliveredServiceExists":false},"servedVisitServices":[],"visitMarks":[],"customerIds":[],"waitingTime":42,"totalWaitingTime":0,"timeSinceCalled":0,"recycleAllowed":false,"noshowAllowed":false,"recallAllowed":false,"parameterMap":{"startQueueOrigId":98,"branchName":"Chat_Bot_Demo","totWaitTime":0},"appointmentId":null,"appointmentTime":null,"branchCurrentTime":"10:34:27"},"workProfileId":7,"workProfileName":"Универсал","servicePointDeviceTypes":["POSITIONAL","SW_SERVICE_POINT","Spotlight"]}
23 апр 2026;10:34:27.796 [SimpleAsyncTaskExecutor-1] WARN  c.q.m.a.g.i.ConfigurableVisitWorkflowGateway - Assign service returned userState=INACTIVE for visit 182054 in branch 6, but currentVisitService.serviceId=4 already matches requested serviceId=4. Treating assign as effectively successful and continuing with transfer. ResponseBody={"branchId":6,"userState":"INACTIVE","visitState":"OK","servicePointId":1,"servicePointName":"Кабинет 13","servicePointState":"OPEN","visit":{"id":182054,"checksum":"1456519473","ticketId":"A2203","unservedVisitServices":[{"id":191011,"eventTime":"10:33","serviceId":7,"serviceInternalName":"Оккулист","serviceExternalName":"Оккулист","visitDeliveredServices":[],"visitOutcome":null,"outcomeExists":false,"deliveredServiceExists":false},{"id":191012,"eventTime":"10:33","serviceId":6,"serviceInternalName":"Стоматолог","serviceExternalName":"Стоматолог","visitDeliveredServices":[],"visitOutcome":null,"outcomeExists":false,"deliveredServiceExists":false},{"id":191013,"eventTime":"10:33","serviceId":5,"serviceInternalName":"Терапевт","serviceExternalName":"Терапевт","visitDeliveredServices":[],"visitOutcome":null,"outcomeExists":false,"deliveredServiceExists":false},{"id":191014,"eventTime":"10:33","serviceId":4,"serviceInternalName":"Хирург","serviceExternalName":"Хирург","visitDeliveredServices":[],"visitOutcome":null,"outcomeExists":false,"deliveredServiceExists":false}],"currentVisitService":{"id":191010,"eventTime":"10:33","serviceId":4,"serviceInternalName":"Хирург","serviceExternalName":"Хирург","visitDeliveredServices":[],"visitOutcome":null,"outcomeExists":false,"deliveredServiceExists":false},"servedVisitServices":[],"visitMarks":[],"customerIds":[],"waitingTime":42,"totalWaitingTime":0,"timeSinceCalled":0,"recycleAllowed":false,"noshowAllowed":false,"recallAllowed":false,"parameterMap":{"startQueueOrigId":98,"branchName":"Chat_Bot_Demo","totWaitTime":0},"appointmentId":null,"appointmentTime":null,"branchCurrentTime":"10:34:27"},"workProfileId":7,"workProfileName":"Универсал","servicePointDeviceTypes":["POSITIONAL","SW_SERVICE_POINT","Spotlight"]}
23 апр 2026;10:34:27.798 [SimpleAsyncTaskExecutor-1] INFO  c.q.m.d.s.i.DefaultVisitAssignmentExecutor - Assign workflow transfer step visit=182054 sourceQueue=98 targetQueue=10 doctor=1 servicePoint=120000000006 trigger=USER_SESSION_READY transferOnly=false
23 апр 2026;10:34:27.798 [SimpleAsyncTaskExecutor-1] INFO  c.q.m.a.g.i.ConfigurableVisitWorkflowGateway - Transfer visit request branchId=6 visitId=182054 sourceQueueId=98 targetQueueId=10 sourceEntryPointId=1 path=/rest/entrypoint/branches/6/queues/10/visits/ payload={visitId=182054, fromBranchId=6, fromId=1}
23 апр 2026;10:34:27.798 [SimpleAsyncTaskExecutor-1] WARN  c.q.m.a.g.i.ConfigurableVisitWorkflowGateway - Experimental transfer-visit adapter assumes fromId=1 is source entry point for branch 6. Validate this against штатный Orchestra UI trace.
23 апр 2026;10:34:27.799 [SimpleAsyncTaskExecutor-1] DEBUG c.q.m.a.o.OrchestraSessionCookieStore - Mutation cookie replay is disabled for method PUT. Stored mutation cookies will not be sent.
23 апр 2026;10:34:27.800 [SimpleAsyncTaskExecutor-1] DEBUG c.q.m.a.o.OrchestraRestConfiguration - Cookie replay disabled for mutating request PUT http://192.168.0.77:8080/rest/entrypoint/branches/6/queues/10/visits/
23 апр 2026;10:34:28.532 [SimpleAsyncTaskExecutor-1] INFO  c.q.m.a.g.i.ConfigurableVisitWorkflowGateway - Transfer visit response branchId=6 visitId=182054 targetQueueId=10 sourceEntryPointId=1 status=204 bodyReadMode=exchange-byte-array responseBody=<empty>
23 апр 2026;10:34:28.567 [SimpleAsyncTaskExecutor-1] INFO  c.q.m.d.s.AutonomousMedicalExamAssignmentService - Visit 182054 matchFound=true selectedService=4 targetQueue=10 success=true reason=service-id-fallback
23 апр 2026;10:34:28.640 [SimpleAsyncTaskExecutor-1] INFO  c.q.m.d.s.i.DefaultVisitAssignmentExecutor - Assign workflow start visit=182055 currentQueue=98 currentService=72 selectedService=4 targetQueue=10 doctor=1 servicePoint=120000000006 workProfile=7 trigger=USER_SESSION_READY
23 апр 2026;10:34:28.642 [SimpleAsyncTaskExecutor-1] INFO  c.q.m.a.g.i.ConfigurableVisitWorkflowGateway - Assign service request branchId=6 visitId=182055 serviceId=4 staffId=1 servicePointId=120000000006 path=/rest/entrypoint/branches/6/visits/182055/services/4/ payload=<empty>
23 апр 2026;10:34:28.643 [SimpleAsyncTaskExecutor-1] WARN  c.q.m.a.g.i.ConfigurableVisitWorkflowGateway - Experimental assign-service adapter does not include staffId/servicePointId in payload yet. Context is logged for incident analysis.
23 апр 2026;10:34:28.644 [SimpleAsyncTaskExecutor-1] DEBUG c.q.m.a.o.OrchestraSessionCookieStore - Mutation cookie replay is disabled for method PUT. Stored mutation cookies will not be sent.
23 апр 2026;10:34:28.644 [SimpleAsyncTaskExecutor-1] DEBUG c.q.m.a.o.OrchestraRestConfiguration - Cookie replay disabled for mutating request PUT http://192.168.0.77:8080/rest/entrypoint/branches/6/visits/182055/services/4/
23 апр 2026;10:34:29.145 [SimpleAsyncTaskExecutor-1] INFO  c.q.m.a.g.i.ConfigurableVisitWorkflowGateway - Assign service response branchId=6 visitId=182055 serviceId=4 status=200 responseBody={"branchId":6,"userState":"INACTIVE","visitState":"OK","servicePointId":1,"servicePointName":"Кабинет 13","servicePointState":"OPEN","visit":{"id":182055,"checksum":"1935974579","ticketId":"A2204","unservedVisitServices":[{"id":191016,"eventTime":"10:33","serviceId":7,"serviceInternalName":"Оккулист","serviceExternalName":"Оккулист","visitDeliveredServices":[],"visitOutcome":null,"outcomeExists":false,"deliveredServiceExists":false},{"id":191017,"eventTime":"10:33","serviceId":6,"serviceInternalName":"Стоматолог","serviceExternalName":"Стоматолог","visitDeliveredServices":[],"visitOutcome":null,"outcomeExists":false,"deliveredServiceExists":false},{"id":191018,"eventTime":"10:33","serviceId":5,"serviceInternalName":"Терапевт","serviceExternalName":"Терапевт","visitDeliveredServices":[],"visitOutcome":null,"outcomeExists":false,"deliveredServiceExists":false},{"id":191019,"eventTime":"10:33","serviceId":4,"serviceInternalName":"Хирург","serviceExternalName":"Хирург","visitDeliveredServices":[],"visitOutcome":null,"outcomeExists":false,"deliveredServiceExists":false}],"currentVisitService":{"id":191015,"eventTime":"10:33","serviceId":4,"serviceInternalName":"Хирург","serviceExternalName":"Хирург","visitDeliveredServices":[],"visitOutcome":null,"outcomeExists":false,"deliveredServiceExists":false},"servedVisitServices":[],"visitMarks":[],"customerIds":[],"waitingTime":43,"totalWaitingTime":0,"timeSinceCalled":0,"recycleAllowed":false,"noshowAllowed":false,"recallAllowed":false,"parameterMap":{"startQueueOrigId":98,"branchName":"Chat_Bot_Demo","totWaitTime":0},"appointmentId":null,"appointmentTime":null,"branchCurrentTime":"10:34:29"},"workProfileId":7,"workProfileName":"Универсал","servicePointDeviceTypes":["POSITIONAL","SW_SERVICE_POINT","Spotlight"]}
23 апр 2026;10:34:29.146 [SimpleAsyncTaskExecutor-1] WARN  c.q.m.a.g.i.ConfigurableVisitWorkflowGateway - Assign service returned userState=INACTIVE for visit 182055 in branch 6, but currentVisitService.serviceId=4 already matches requested serviceId=4. Treating assign as effectively successful and continuing with transfer. ResponseBody={"branchId":6,"userState":"INACTIVE","visitState":"OK","servicePointId":1,"servicePointName":"Кабинет 13","servicePointState":"OPEN","visit":{"id":182055,"checksum":"1935974579","ticketId":"A2204","unservedVisitServices":[{"id":191016,"eventTime":"10:33","serviceId":7,"serviceInternalName":"Оккулист","serviceExternalName":"Оккулист","visitDeliveredServices":[],"visitOutcome":null,"outcomeExists":false,"deliveredServiceExists":false},{"id":191017,"eventTime":"10:33","serviceId":6,"serviceInternalName":"Стоматолог","serviceExternalName":"Стоматолог","visitDeliveredServices":[],"visitOutcome":null,"outcomeExists":false,"deliveredServiceExists":false},{"id":191018,"eventTime":"10:33","serviceId":5,"serviceInternalName":"Терапевт","serviceExternalName":"Терапевт","visitDeliveredServices":[],"visitOutcome":null,"outcomeExists":false,"deliveredServiceExists":false},{"id":191019,"eventTime":"10:33","serviceId":4,"serviceInternalName":"Хирург","serviceExternalName":"Хирург","visitDeliveredServices":[],"visitOutcome":null,"outcomeExists":false,"deliveredServiceExists":false}],"currentVisitService":{"id":191015,"eventTime":"10:33","serviceId":4,"serviceInternalName":"Хирург","serviceExternalName":"Хирург","visitDeliveredServices":[],"visitOutcome":null,"outcomeExists":false,"deliveredServiceExists":false},"servedVisitServices":[],"visitMarks":[],"customerIds":[],"waitingTime":43,"totalWaitingTime":0,"timeSinceCalled":0,"recycleAllowed":false,"noshowAllowed":false,"recallAllowed":false,"parameterMap":{"startQueueOrigId":98,"branchName":"Chat_Bot_Demo","totWaitTime":0},"appointmentId":null,"appointmentTime":null,"branchCurrentTime":"10:34:29"},"workProfileId":7,"workProfileName":"Универсал","servicePointDeviceTypes":["POSITIONAL","SW_SERVICE_POINT","Spotlight"]}
23 апр 2026;10:34:29.146 [SimpleAsyncTaskExecutor-1] INFO  c.q.m.d.s.i.DefaultVisitAssignmentExecutor - Assign workflow transfer step visit=182055 sourceQueue=98 targetQueue=10 doctor=1 servicePoint=120000000006 trigger=USER_SESSION_READY transferOnly=false
23 апр 2026;10:34:29.146 [SimpleAsyncTaskExecutor-1] INFO  c.q.m.a.g.i.ConfigurableVisitWorkflowGateway - Transfer visit request branchId=6 visitId=182055 sourceQueueId=98 targetQueueId=10 sourceEntryPointId=1 path=/rest/entrypoint/branches/6/queues/10/visits/ payload={visitId=182055, fromBranchId=6, fromId=1}
23 апр 2026;10:34:29.146 [SimpleAsyncTaskExecutor-1] WARN  c.q.m.a.g.i.ConfigurableVisitWorkflowGateway - Experimental transfer-visit adapter assumes fromId=1 is source entry point for branch 6. Validate this against штатный Orchestra UI trace.
23 апр 2026;10:34:29.146 [SimpleAsyncTaskExecutor-1] DEBUG c.q.m.a.o.OrchestraSessionCookieStore - Mutation cookie replay is disabled for method PUT. Stored mutation cookies will not be sent.
23 апр 2026;10:34:29.146 [SimpleAsyncTaskExecutor-1] DEBUG c.q.m.a.o.OrchestraRestConfiguration - Cookie replay disabled for mutating request PUT http://192.168.0.77:8080/rest/entrypoint/branches/6/queues/10/visits/
23 апр 2026;10:34:29.841 [SimpleAsyncTaskExecutor-1] INFO  c.q.m.a.g.i.ConfigurableVisitWorkflowGateway - Transfer visit response branchId=6 visitId=182055 targetQueueId=10 sourceEntryPointId=1 status=204 bodyReadMode=exchange-byte-array responseBody=<empty>
23 апр 2026;10:34:29.866 [SimpleAsyncTaskExecutor-1] INFO  c.q.m.d.s.AutonomousMedicalExamAssignmentService - Visit 182055 matchFound=true selectedService=4 targetQueue=10 success=true reason=service-id-fallback
23 апр 2026;10:34:29.908 [SimpleAsyncTaskExecutor-1] INFO  c.q.m.d.s.i.DefaultVisitAssignmentExecutor - Assign workflow start visit=182056 currentQueue=98 currentService=72 selectedService=4 targetQueue=10 doctor=1 servicePoint=120000000006 workProfile=7 trigger=USER_SESSION_READY
23 апр 2026;10:34:29.908 [SimpleAsyncTaskExecutor-1] INFO  c.q.m.a.g.i.ConfigurableVisitWorkflowGateway - Assign service request branchId=6 visitId=182056 serviceId=4 staffId=1 servicePointId=120000000006 path=/rest/entrypoint/branches/6/visits/182056/services/4/ payload=<empty>
23 апр 2026;10:34:29.908 [SimpleAsyncTaskExecutor-1] WARN  c.q.m.a.g.i.ConfigurableVisitWorkflowGateway - Experimental assign-service adapter does not include staffId/servicePointId in payload yet. Context is logged for incident analysis.
23 апр 2026;10:34:29.908 [SimpleAsyncTaskExecutor-1] DEBUG c.q.m.a.o.OrchestraSessionCookieStore - Mutation cookie replay is disabled for method PUT. Stored mutation cookies will not be sent.
23 апр 2026;10:34:29.908 [SimpleAsyncTaskExecutor-1] DEBUG c.q.m.a.o.OrchestraRestConfiguration - Cookie replay disabled for mutating request PUT http://192.168.0.77:8080/rest/entrypoint/branches/6/visits/182056/services/4/
23 апр 2026;10:34:30.446 [SimpleAsyncTaskExecutor-1] INFO  c.q.m.a.g.i.ConfigurableVisitWorkflowGateway - Assign service response branchId=6 visitId=182056 serviceId=4 status=200 responseBody={"branchId":6,"userState":"INACTIVE","visitState":"OK","servicePointId":1,"servicePointName":"Кабинет 13","servicePointState":"OPEN","visit":{"id":182056,"checksum":"828018825","ticketId":"A2205","unservedVisitServices":[{"id":191021,"eventTime":"10:33","serviceId":7,"serviceInternalName":"Оккулист","serviceExternalName":"Оккулист","visitDeliveredServices":[],"visitOutcome":null,"outcomeExists":false,"deliveredServiceExists":false},{"id":191022,"eventTime":"10:33","serviceId":6,"serviceInternalName":"Стоматолог","serviceExternalName":"Стоматолог","visitDeliveredServices":[],"visitOutcome":null,"outcomeExists":false,"deliveredServiceExists":false},{"id":191023,"eventTime":"10:33","serviceId":5,"serviceInternalName":"Терапевт","serviceExternalName":"Терапевт","visitDeliveredServices":[],"visitOutcome":null,"outcomeExists":false,"deliveredServiceExists":false},{"id":191024,"eventTime":"10:33","serviceId":4,"serviceInternalName":"Хирург","serviceExternalName":"Хирург","visitDeliveredServices":[],"visitOutcome":null,"outcomeExists":false,"deliveredServiceExists":false}],"currentVisitService":{"id":191020,"eventTime":"10:33","serviceId":4,"serviceInternalName":"Хирург","serviceExternalName":"Хирург","visitDeliveredServices":[],"visitOutcome":null,"outcomeExists":false,"deliveredServiceExists":false},"servedVisitServices":[],"visitMarks":[],"customerIds":[],"waitingTime":44,"totalWaitingTime":0,"timeSinceCalled":0,"recycleAllowed":false,"noshowAllowed":false,"recallAllowed":false,"parameterMap":{"startQueueOrigId":98,"branchName":"Chat_Bot_Demo","totWaitTime":0},"appointmentId":null,"appointmentTime":null,"branchCurrentTime":"10:34:30"},"workProfileId":7,"workProfileName":"Универсал","servicePointDeviceTypes":["POSITIONAL","SW_SERVICE_POINT","Spotlight"]}
23 апр 2026;10:34:30.446 [SimpleAsyncTaskExecutor-1] WARN  c.q.m.a.g.i.ConfigurableVisitWorkflowGateway - Assign service returned userState=INACTIVE for visit 182056 in branch 6, but currentVisitService.serviceId=4 already matches requested serviceId=4. Treating assign as effectively successful and continuing with transfer. ResponseBody={"branchId":6,"userState":"INACTIVE","visitState":"OK","servicePointId":1,"servicePointName":"Кабинет 13","servicePointState":"OPEN","visit":{"id":182056,"checksum":"828018825","ticketId":"A2205","unservedVisitServices":[{"id":191021,"eventTime":"10:33","serviceId":7,"serviceInternalName":"Оккулист","serviceExternalName":"Оккулист","visitDeliveredServices":[],"visitOutcome":null,"outcomeExists":false,"deliveredServiceExists":false},{"id":191022,"eventTime":"10:33","serviceId":6,"serviceInternalName":"Стоматолог","serviceExternalName":"Стоматолог","visitDeliveredServices":[],"visitOutcome":null,"outcomeExists":false,"deliveredServiceExists":false},{"id":191023,"eventTime":"10:33","serviceId":5,"serviceInternalName":"Терапевт","serviceExternalName":"Терапевт","visitDeliveredServices":[],"visitOutcome":null,"outcomeExists":false,"deliveredServiceExists":false},{"id":191024,"eventTime":"10:33","serviceId":4,"serviceInternalName":"Хирург","serviceExternalName":"Хирург","visitDeliveredServices":[],"visitOutcome":null,"outcomeExists":false,"deliveredServiceExists":false}],"currentVisitService":{"id":191020,"eventTime":"10:33","serviceId":4,"serviceInternalName":"Хирург","serviceExternalName":"Хирург","visitDeliveredServices":[],"visitOutcome":null,"outcomeExists":false,"deliveredServiceExists":false},"servedVisitServices":[],"visitMarks":[],"customerIds":[],"waitingTime":44,"totalWaitingTime":0,"timeSinceCalled":0,"recycleAllowed":false,"noshowAllowed":false,"recallAllowed":false,"parameterMap":{"startQueueOrigId":98,"branchName":"Chat_Bot_Demo","totWaitTime":0},"appointmentId":null,"appointmentTime":null,"branchCurrentTime":"10:34:30"},"workProfileId":7,"workProfileName":"Универсал","servicePointDeviceTypes":["POSITIONAL","SW_SERVICE_POINT","Spotlight"]}
23 апр 2026;10:34:30.447 [SimpleAsyncTaskExecutor-1] INFO  c.q.m.d.s.i.DefaultVisitAssignmentExecutor - Assign workflow transfer step visit=182056 sourceQueue=98 targetQueue=10 doctor=1 servicePoint=120000000006 trigger=USER_SESSION_READY transferOnly=false
23 апр 2026;10:34:30.447 [SimpleAsyncTaskExecutor-1] INFO  c.q.m.a.g.i.ConfigurableVisitWorkflowGateway - Transfer visit request branchId=6 visitId=182056 sourceQueueId=98 targetQueueId=10 sourceEntryPointId=1 path=/rest/entrypoint/branches/6/queues/10/visits/ payload={visitId=182056, fromBranchId=6, fromId=1}
23 апр 2026;10:34:30.447 [SimpleAsyncTaskExecutor-1] WARN  c.q.m.a.g.i.ConfigurableVisitWorkflowGateway - Experimental transfer-visit adapter assumes fromId=1 is source entry point for branch 6. Validate this against штатный Orchestra UI trace.
23 апр 2026;10:34:30.447 [SimpleAsyncTaskExecutor-1] DEBUG c.q.m.a.o.OrchestraSessionCookieStore - Mutation cookie replay is disabled for method PUT. Stored mutation cookies will not be sent.
23 апр 2026;10:34:30.447 [SimpleAsyncTaskExecutor-1] DEBUG c.q.m.a.o.OrchestraRestConfiguration - Cookie replay disabled for mutating request PUT http://192.168.0.77:8080/rest/entrypoint/branches/6/queues/10/visits/
23 апр 2026;10:34:31.210 [SimpleAsyncTaskExecutor-1] INFO  c.q.m.a.g.i.ConfigurableVisitWorkflowGateway - Transfer visit response branchId=6 visitId=182056 targetQueueId=10 sourceEntryPointId=1 status=204 bodyReadMode=exchange-byte-array responseBody=<empty>
23 апр 2026;10:34:31.259 [SimpleAsyncTaskExecutor-1] INFO  c.q.m.d.s.AutonomousMedicalExamAssignmentService - Visit 182056 matchFound=true selectedService=4 targetQueue=10 success=true reason=service-id-fallback
23 апр 2026;10:34:35.301 [SimpleAsyncTaskExecutor-1] INFO  c.q.m.d.s.i.DefaultVisitAssignmentExecutor - Assign workflow start visit=182057 currentQueue=98 currentService=72 selectedService=4 targetQueue=10 doctor=1 servicePoint=120000000006 workProfile=7 trigger=USER_SESSION_READY
23 апр 2026;10:34:35.302 [SimpleAsyncTaskExecutor-1] INFO  c.q.m.a.g.i.ConfigurableVisitWorkflowGateway - Assign service request branchId=6 visitId=182057 serviceId=4 staffId=1 servicePointId=120000000006 path=/rest/entrypoint/branches/6/visits/182057/services/4/ payload=<empty>
23 апр 2026;10:34:35.302 [SimpleAsyncTaskExecutor-1] WARN  c.q.m.a.g.i.ConfigurableVisitWorkflowGateway - Experimental assign-service adapter does not include staffId/servicePointId in payload yet. Context is logged for incident analysis.
23 апр 2026;10:34:35.302 [SimpleAsyncTaskExecutor-1] DEBUG c.q.m.a.o.OrchestraSessionCookieStore - Mutation cookie replay is disabled for method PUT. Stored mutation cookies will not be sent.
23 апр 2026;10:34:35.302 [SimpleAsyncTaskExecutor-1] DEBUG c.q.m.a.o.OrchestraRestConfiguration - Cookie replay disabled for mutating request PUT http://192.168.0.77:8080/rest/entrypoint/branches/6/visits/182057/services/4/
23 апр 2026;10:34:36.067 [SimpleAsyncTaskExecutor-1] INFO  c.q.m.a.g.i.ConfigurableVisitWorkflowGateway - Assign service response branchId=6 visitId=182057 serviceId=4 status=200 responseBody={"branchId":6,"userState":"INACTIVE","visitState":"OK","servicePointId":1,"servicePointName":"Кабинет 13","servicePointState":"OPEN","visit":{"id":182057,"checksum":"1419594066","ticketId":"A2206","unservedVisitServices":[{"id":191026,"eventTime":"10:33","serviceId":7,"serviceInternalName":"Оккулист","serviceExternalName":"Оккулист","visitDeliveredServices":[],"visitOutcome":null,"outcomeExists":false,"deliveredServiceExists":false},{"id":191027,"eventTime":"10:33","serviceId":6,"serviceInternalName":"Стоматолог","serviceExternalName":"Стоматолог","visitDeliveredServices":[],"visitOutcome":null,"outcomeExists":false,"deliveredServiceExists":false},{"id":191028,"eventTime":"10:33","serviceId":5,"serviceInternalName":"Терапевт","serviceExternalName":"Терапевт","visitDeliveredServices":[],"visitOutcome":null,"outcomeExists":false,"deliveredServiceExists":false},{"id":191029,"eventTime":"10:33","serviceId":4,"serviceInternalName":"Хирург","serviceExternalName":"Хирург","visitDeliveredServices":[],"visitOutcome":null,"outcomeExists":false,"deliveredServiceExists":false}],"currentVisitService":{"id":191025,"eventTime":"10:33","serviceId":4,"serviceInternalName":"Хирург","serviceExternalName":"Хирург","visitDeliveredServices":[],"visitOutcome":null,"outcomeExists":false,"deliveredServiceExists":false},"servedVisitServices":[],"visitMarks":[],"customerIds":[],"waitingTime":45,"totalWaitingTime":0,"timeSinceCalled":0,"recycleAllowed":false,"noshowAllowed":false,"recallAllowed":false,"parameterMap":{"startQueueOrigId":98,"branchName":"Chat_Bot_Demo","totWaitTime":0},"appointmentId":null,"appointmentTime":null,"branchCurrentTime":"10:34:35"},"workProfileId":7,"workProfileName":"Универсал","servicePointDeviceTypes":["POSITIONAL","SW_SERVICE_POINT","Spotlight"]}
23 апр 2026;10:34:36.067 [SimpleAsyncTaskExecutor-1] WARN  c.q.m.a.g.i.ConfigurableVisitWorkflowGateway - Assign service returned userState=INACTIVE for visit 182057 in branch 6, but currentVisitService.serviceId=4 already matches requested serviceId=4. Treating assign as effectively successful and continuing with transfer. ResponseBody={"branchId":6,"userState":"INACTIVE","visitState":"OK","servicePointId":1,"servicePointName":"Кабинет 13","servicePointState":"OPEN","visit":{"id":182057,"checksum":"1419594066","ticketId":"A2206","unservedVisitServices":[{"id":191026,"eventTime":"10:33","serviceId":7,"serviceInternalName":"Оккулист","serviceExternalName":"Оккулист","visitDeliveredServices":[],"visitOutcome":null,"outcomeExists":false,"deliveredServiceExists":false},{"id":191027,"eventTime":"10:33","serviceId":6,"serviceInternalName":"Стоматолог","serviceExternalName":"Стоматолог","visitDeliveredServices":[],"visitOutcome":null,"outcomeExists":false,"deliveredServiceExists":false},{"id":191028,"eventTime":"10:33","serviceId":5,"serviceInternalName":"Терапевт","serviceExternalName":"Терапевт","visitDeliveredServices":[],"visitOutcome":null,"outcomeExists":false,"deliveredServiceExists":false},{"id":191029,"eventTime":"10:33","serviceId":4,"serviceInternalName":"Хирург","serviceExternalName":"Хирург","visitDeliveredServices":[],"visitOutcome":null,"outcomeExists":false,"deliveredServiceExists":false}],"currentVisitService":{"id":191025,"eventTime":"10:33","serviceId":4,"serviceInternalName":"Хирург","serviceExternalName":"Хирург","visitDeliveredServices":[],"visitOutcome":null,"outcomeExists":false,"deliveredServiceExists":false},"servedVisitServices":[],"visitMarks":[],"customerIds":[],"waitingTime":45,"totalWaitingTime":0,"timeSinceCalled":0,"recycleAllowed":false,"noshowAllowed":false,"recallAllowed":false,"parameterMap":{"startQueueOrigId":98,"branchName":"Chat_Bot_Demo","totWaitTime":0},"appointmentId":null,"appointmentTime":null,"branchCurrentTime":"10:34:35"},"workProfileId":7,"workProfileName":"Универсал","servicePointDeviceTypes":["POSITIONAL","SW_SERVICE_POINT","Spotlight"]}
23 апр 2026;10:34:36.067 [SimpleAsyncTaskExecutor-1] INFO  c.q.m.d.s.i.DefaultVisitAssignmentExecutor - Assign workflow transfer step visit=182057 sourceQueue=98 targetQueue=10 doctor=1 servicePoint=120000000006 trigger=USER_SESSION_READY transferOnly=false
23 апр 2026;10:34:36.067 [SimpleAsyncTaskExecutor-1] INFO  c.q.m.a.g.i.ConfigurableVisitWorkflowGateway - Transfer visit request branchId=6 visitId=182057 sourceQueueId=98 targetQueueId=10 sourceEntryPointId=1 path=/rest/entrypoint/branches/6/queues/10/visits/ payload={visitId=182057, fromBranchId=6, fromId=1}
23 апр 2026;10:34:36.067 [SimpleAsyncTaskExecutor-1] WARN  c.q.m.a.g.i.ConfigurableVisitWorkflowGateway - Experimental transfer-visit adapter assumes fromId=1 is source entry point for branch 6. Validate this against штатный Orchestra UI trace.
23 апр 2026;10:34:36.068 [SimpleAsyncTaskExecutor-1] DEBUG c.q.m.a.o.OrchestraSessionCookieStore - Mutation cookie replay is disabled for method PUT. Stored mutation cookies will not be sent.
23 апр 2026;10:34:36.068 [SimpleAsyncTaskExecutor-1] DEBUG c.q.m.a.o.OrchestraRestConfiguration - Cookie replay disabled for mutating request PUT http://192.168.0.77:8080/rest/entrypoint/branches/6/queues/10/visits/
23 апр 2026;10:34:36.796 [SimpleAsyncTaskExecutor-1] INFO  c.q.m.a.g.i.ConfigurableVisitWorkflowGateway - Transfer visit response branchId=6 visitId=182057 targetQueueId=10 sourceEntryPointId=1 status=204 bodyReadMode=exchange-byte-array responseBody=<empty>
23 апр 2026;10:34:36.832 [SimpleAsyncTaskExecutor-1] INFO  c.q.m.d.s.AutonomousMedicalExamAssignmentService - Visit 182057 matchFound=true selectedService=4 targetQueue=10 success=true reason=service-id-fallback
23 апр 2026;10:34:37.905 [SimpleAsyncTaskExecutor-1] INFO  c.q.m.d.s.i.DefaultVisitAssignmentExecutor - Assign workflow start visit=182058 currentQueue=98 currentService=72 selectedService=4 targetQueue=10 doctor=1 servicePoint=120000000006 workProfile=7 trigger=USER_SESSION_READY
23 апр 2026;10:34:37.905 [SimpleAsyncTaskExecutor-1] INFO  c.q.m.a.g.i.ConfigurableVisitWorkflowGateway - Assign service request branchId=6 visitId=182058 serviceId=4 staffId=1 servicePointId=120000000006 path=/rest/entrypoint/branches/6/visits/182058/services/4/ payload=<empty>
23 апр 2026;10:34:37.905 [SimpleAsyncTaskExecutor-1] WARN  c.q.m.a.g.i.ConfigurableVisitWorkflowGateway - Experimental assign-service adapter does not include staffId/servicePointId in payload yet. Context is logged for incident analysis.
23 апр 2026;10:34:37.905 [SimpleAsyncTaskExecutor-1] DEBUG c.q.m.a.o.OrchestraSessionCookieStore - Mutation cookie replay is disabled for method PUT. Stored mutation cookies will not be sent.
23 апр 2026;10:34:37.905 [SimpleAsyncTaskExecutor-1] DEBUG c.q.m.a.o.OrchestraRestConfiguration - Cookie replay disabled for mutating request PUT http://192.168.0.77:8080/rest/entrypoint/branches/6/visits/182058/services/4/
23 апр 2026;10:34:38.364 [SimpleAsyncTaskExecutor-1] INFO  c.q.m.a.g.i.ConfigurableVisitWorkflowGateway - Assign service response branchId=6 visitId=182058 serviceId=4 status=200 responseBody={"branchId":6,"userState":"INACTIVE","visitState":"OK","servicePointId":1,"servicePointName":"Кабинет 13","servicePointState":"OPEN","visit":{"id":182058,"checksum":"722344279","ticketId":"A2207","unservedVisitServices":[{"id":191031,"eventTime":"10:33","serviceId":7,"serviceInternalName":"Оккулист","serviceExternalName":"Оккулист","visitDeliveredServices":[],"visitOutcome":null,"outcomeExists":false,"deliveredServiceExists":false},{"id":191032,"eventTime":"10:33","serviceId":6,"serviceInternalName":"Стоматолог","serviceExternalName":"Стоматолог","visitDeliveredServices":[],"visitOutcome":null,"outcomeExists":false,"deliveredServiceExists":false},{"id":191033,"eventTime":"10:33","serviceId":5,"serviceInternalName":"Терапевт","serviceExternalName":"Терапевт","visitDeliveredServices":[],"visitOutcome":null,"outcomeExists":false,"deliveredServiceExists":false},{"id":191034,"eventTime":"10:33","serviceId":4,"serviceInternalName":"Хирург","serviceExternalName":"Хирург","visitDeliveredServices":[],"visitOutcome":null,"outcomeExists":false,"deliveredServiceExists":false}],"currentVisitService":{"id":191030,"eventTime":"10:33","serviceId":4,"serviceInternalName":"Хирург","serviceExternalName":"Хирург","visitDeliveredServices":[],"visitOutcome":null,"outcomeExists":false,"deliveredServiceExists":false},"servedVisitServices":[],"visitMarks":[],"customerIds":[],"waitingTime":50,"totalWaitingTime":0,"timeSinceCalled":0,"recycleAllowed":false,"noshowAllowed":false,"recallAllowed":false,"parameterMap":{"startQueueOrigId":98,"branchName":"Chat_Bot_Demo","totWaitTime":0},"appointmentId":null,"appointmentTime":null,"branchCurrentTime":"10:34:38"},"workProfileId":7,"workProfileName":"Универсал","servicePointDeviceTypes":["POSITIONAL","SW_SERVICE_POINT","Spotlight"]}
23 апр 2026;10:34:38.365 [SimpleAsyncTaskExecutor-1] WARN  c.q.m.a.g.i.ConfigurableVisitWorkflowGateway - Assign service returned userState=INACTIVE for visit 182058 in branch 6, but currentVisitService.serviceId=4 already matches requested serviceId=4. Treating assign as effectively successful and continuing with transfer. ResponseBody={"branchId":6,"userState":"INACTIVE","visitState":"OK","servicePointId":1,"servicePointName":"Кабинет 13","servicePointState":"OPEN","visit":{"id":182058,"checksum":"722344279","ticketId":"A2207","unservedVisitServices":[{"id":191031,"eventTime":"10:33","serviceId":7,"serviceInternalName":"Оккулист","serviceExternalName":"Оккулист","visitDeliveredServices":[],"visitOutcome":null,"outcomeExists":false,"deliveredServiceExists":false},{"id":191032,"eventTime":"10:33","serviceId":6,"serviceInternalName":"Стоматолог","serviceExternalName":"Стоматолог","visitDeliveredServices":[],"visitOutcome":null,"outcomeExists":false,"deliveredServiceExists":false},{"id":191033,"eventTime":"10:33","serviceId":5,"serviceInternalName":"Терапевт","serviceExternalName":"Терапевт","visitDeliveredServices":[],"visitOutcome":null,"outcomeExists":false,"deliveredServiceExists":false},{"id":191034,"eventTime":"10:33","serviceId":4,"serviceInternalName":"Хирург","serviceExternalName":"Хирург","visitDeliveredServices":[],"visitOutcome":null,"outcomeExists":false,"deliveredServiceExists":false}],"currentVisitService":{"id":191030,"eventTime":"10:33","serviceId":4,"serviceInternalName":"Хирург","serviceExternalName":"Хирург","visitDeliveredServices":[],"visitOutcome":null,"outcomeExists":false,"deliveredServiceExists":false},"servedVisitServices":[],"visitMarks":[],"customerIds":[],"waitingTime":50,"totalWaitingTime":0,"timeSinceCalled":0,"recycleAllowed":false,"noshowAllowed":false,"recallAllowed":false,"parameterMap":{"startQueueOrigId":98,"branchName":"Chat_Bot_Demo","totWaitTime":0},"appointmentId":null,"appointmentTime":null,"branchCurrentTime":"10:34:38"},"workProfileId":7,"workProfileName":"Универсал","servicePointDeviceTypes":["POSITIONAL","SW_SERVICE_POINT","Spotlight"]}
23 апр 2026;10:34:38.365 [SimpleAsyncTaskExecutor-1] INFO  c.q.m.d.s.i.DefaultVisitAssignmentExecutor - Assign workflow transfer step visit=182058 sourceQueue=98 targetQueue=10 doctor=1 servicePoint=120000000006 trigger=USER_SESSION_READY transferOnly=false
23 апр 2026;10:34:38.365 [SimpleAsyncTaskExecutor-1] INFO  c.q.m.a.g.i.ConfigurableVisitWorkflowGateway - Transfer visit request branchId=6 visitId=182058 sourceQueueId=98 targetQueueId=10 sourceEntryPointId=1 path=/rest/entrypoint/branches/6/queues/10/visits/ payload={visitId=182058, fromBranchId=6, fromId=1}
23 апр 2026;10:34:38.365 [SimpleAsyncTaskExecutor-1] WARN  c.q.m.a.g.i.ConfigurableVisitWorkflowGateway - Experimental transfer-visit adapter assumes fromId=1 is source entry point for branch 6. Validate this against штатный Orchestra UI trace.
23 апр 2026;10:34:38.365 [SimpleAsyncTaskExecutor-1] DEBUG c.q.m.a.o.OrchestraSessionCookieStore - Mutation cookie replay is disabled for method PUT. Stored mutation cookies will not be sent.
23 апр 2026;10:34:38.366 [SimpleAsyncTaskExecutor-1] DEBUG c.q.m.a.o.OrchestraRestConfiguration - Cookie replay disabled for mutating request PUT http://192.168.0.77:8080/rest/entrypoint/branches/6/queues/10/visits/
23 апр 2026;10:34:39.103 [SimpleAsyncTaskExecutor-1] INFO  c.q.m.a.g.i.ConfigurableVisitWorkflowGateway - Transfer visit response branchId=6 visitId=182058 targetQueueId=10 sourceEntryPointId=1 status=204 bodyReadMode=exchange-byte-array responseBody=<empty>
23 апр 2026;10:34:39.136 [SimpleAsyncTaskExecutor-1] INFO  c.q.m.d.s.AutonomousMedicalExamAssignmentService - Visit 182058 matchFound=true selectedService=4 targetQueue=10 success=true reason=service-id-fallback
23 апр 2026;10:34:39.198 [SimpleAsyncTaskExecutor-1] INFO  c.q.m.d.s.i.DefaultVisitAssignmentExecutor - Assign workflow start visit=182059 currentQueue=98 currentService=72 selectedService=4 targetQueue=10 doctor=1 servicePoint=120000000006 workProfile=7 trigger=USER_SESSION_READY
23 апр 2026;10:34:39.198 [SimpleAsyncTaskExecutor-1] INFO  c.q.m.a.g.i.ConfigurableVisitWorkflowGateway - Assign service request branchId=6 visitId=182059 serviceId=4 staffId=1 servicePointId=120000000006 path=/rest/entrypoint/branches/6/visits/182059/services/4/ payload=<empty>
23 апр 2026;10:34:39.198 [SimpleAsyncTaskExecutor-1] WARN  c.q.m.a.g.i.ConfigurableVisitWorkflowGateway - Experimental assign-service adapter does not include staffId/servicePointId in payload yet. Context is logged for incident analysis.
23 апр 2026;10:34:39.198 [SimpleAsyncTaskExecutor-1] DEBUG c.q.m.a.o.OrchestraSessionCookieStore - Mutation cookie replay is disabled for method PUT. Stored mutation cookies will not be sent.
23 апр 2026;10:34:39.198 [SimpleAsyncTaskExecutor-1] DEBUG c.q.m.a.o.OrchestraRestConfiguration - Cookie replay disabled for mutating request PUT http://192.168.0.77:8080/rest/entrypoint/branches/6/visits/182059/services/4/
23 апр 2026;10:34:39.697 [SimpleAsyncTaskExecutor-1] INFO  c.q.m.a.g.i.ConfigurableVisitWorkflowGateway - Assign service response branchId=6 visitId=182059 serviceId=4 status=200 responseBody={"branchId":6,"userState":"INACTIVE","visitState":"OK","servicePointId":1,"servicePointName":"Кабинет 13","servicePointState":"OPEN","visit":{"id":182059,"checksum":"1237375067","ticketId":"A2208","unservedVisitServices":[{"id":191036,"eventTime":"10:33","serviceId":7,"serviceInternalName":"Оккулист","serviceExternalName":"Оккулист","visitDeliveredServices":[],"visitOutcome":null,"outcomeExists":false,"deliveredServiceExists":false},{"id":191037,"eventTime":"10:33","serviceId":6,"serviceInternalName":"Стоматолог","serviceExternalName":"Стоматолог","visitDeliveredServices":[],"visitOutcome":null,"outcomeExists":false,"deliveredServiceExists":false},{"id":191038,"eventTime":"10:33","serviceId":5,"serviceInternalName":"Терапевт","serviceExternalName":"Терапевт","visitDeliveredServices":[],"visitOutcome":null,"outcomeExists":false,"deliveredServiceExists":false},{"id":191039,"eventTime":"10:33","serviceId":4,"serviceInternalName":"Хирург","serviceExternalName":"Хирург","visitDeliveredServices":[],"visitOutcome":null,"outcomeExists":false,"deliveredServiceExists":false}],"currentVisitService":{"id":191035,"eventTime":"10:33","serviceId":4,"serviceInternalName":"Хирург","serviceExternalName":"Хирург","visitDeliveredServices":[],"visitOutcome":null,"outcomeExists":false,"deliveredServiceExists":false},"servedVisitServices":[],"visitMarks":[],"customerIds":[],"waitingTime":52,"totalWaitingTime":0,"timeSinceCalled":0,"recycleAllowed":false,"noshowAllowed":false,"recallAllowed":false,"parameterMap":{"startQueueOrigId":98,"branchName":"Chat_Bot_Demo","totWaitTime":0},"appointmentId":null,"appointmentTime":null,"branchCurrentTime":"10:34:39"},"workProfileId":7,"workProfileName":"Универсал","servicePointDeviceTypes":["POSITIONAL","SW_SERVICE_POINT","Spotlight"]}
23 апр 2026;10:34:39.698 [SimpleAsyncTaskExecutor-1] WARN  c.q.m.a.g.i.ConfigurableVisitWorkflowGateway - Assign service returned userState=INACTIVE for visit 182059 in branch 6, but currentVisitService.serviceId=4 already matches requested serviceId=4. Treating assign as effectively successful and continuing with transfer. ResponseBody={"branchId":6,"userState":"INACTIVE","visitState":"OK","servicePointId":1,"servicePointName":"Кабинет 13","servicePointState":"OPEN","visit":{"id":182059,"checksum":"1237375067","ticketId":"A2208","unservedVisitServices":[{"id":191036,"eventTime":"10:33","serviceId":7,"serviceInternalName":"Оккулист","serviceExternalName":"Оккулист","visitDeliveredServices":[],"visitOutcome":null,"outcomeExists":false,"deliveredServiceExists":false},{"id":191037,"eventTime":"10:33","serviceId":6,"serviceInternalName":"Стоматолог","serviceExternalName":"Стоматолог","visitDeliveredServices":[],"visitOutcome":null,"outcomeExists":false,"deliveredServiceExists":false},{"id":191038,"eventTime":"10:33","serviceId":5,"serviceInternalName":"Терапевт","serviceExternalName":"Терапевт","visitDeliveredServices":[],"visitOutcome":null,"outcomeExists":false,"deliveredServiceExists":false},{"id":191039,"eventTime":"10:33","serviceId":4,"serviceInternalName":"Хирург","serviceExternalName":"Хирург","visitDeliveredServices":[],"visitOutcome":null,"outcomeExists":false,"deliveredServiceExists":false}],"currentVisitService":{"id":191035,"eventTime":"10:33","serviceId":4,"serviceInternalName":"Хирург","serviceExternalName":"Хирург","visitDeliveredServices":[],"visitOutcome":null,"outcomeExists":false,"deliveredServiceExists":false},"servedVisitServices":[],"visitMarks":[],"customerIds":[],"waitingTime":52,"totalWaitingTime":0,"timeSinceCalled":0,"recycleAllowed":false,"noshowAllowed":false,"recallAllowed":false,"parameterMap":{"startQueueOrigId":98,"branchName":"Chat_Bot_Demo","totWaitTime":0},"appointmentId":null,"appointmentTime":null,"branchCurrentTime":"10:34:39"},"workProfileId":7,"workProfileName":"Универсал","servicePointDeviceTypes":["POSITIONAL","SW_SERVICE_POINT","Spotlight"]}
23 апр 2026;10:34:39.698 [SimpleAsyncTaskExecutor-1] INFO  c.q.m.d.s.i.DefaultVisitAssignmentExecutor - Assign workflow transfer step visit=182059 sourceQueue=98 targetQueue=10 doctor=1 servicePoint=120000000006 trigger=USER_SESSION_READY transferOnly=false
23 апр 2026;10:34:39.698 [SimpleAsyncTaskExecutor-1] INFO  c.q.m.a.g.i.ConfigurableVisitWorkflowGateway - Transfer visit request branchId=6 visitId=182059 sourceQueueId=98 targetQueueId=10 sourceEntryPointId=1 path=/rest/entrypoint/branches/6/queues/10/visits/ payload={visitId=182059, fromBranchId=6, fromId=1}
23 апр 2026;10:34:39.698 [SimpleAsyncTaskExecutor-1] WARN  c.q.m.a.g.i.ConfigurableVisitWorkflowGateway - Experimental transfer-visit adapter assumes fromId=1 is source entry point for branch 6. Validate this against штатный Orchestra UI trace.
23 апр 2026;10:34:39.698 [SimpleAsyncTaskExecutor-1] DEBUG c.q.m.a.o.OrchestraSessionCookieStore - Mutation cookie replay is disabled for method PUT. Stored mutation cookies will not be sent.
23 апр 2026;10:34:39.698 [SimpleAsyncTaskExecutor-1] DEBUG c.q.m.a.o.OrchestraRestConfiguration - Cookie replay disabled for mutating request PUT http://192.168.0.77:8080/rest/entrypoint/branches/6/queues/10/visits/
23 апр 2026;10:34:40.381 [SimpleAsyncTaskExecutor-1] INFO  c.q.m.a.g.i.ConfigurableVisitWorkflowGateway - Transfer visit response branchId=6 visitId=182059 targetQueueId=10 sourceEntryPointId=1 status=204 bodyReadMode=exchange-byte-array responseBody=<empty>
23 апр 2026;10:34:40.408 [SimpleAsyncTaskExecutor-1] INFO  c.q.m.d.s.AutonomousMedicalExamAssignmentService - Visit 182059 matchFound=true selectedService=4 targetQueue=10 success=true reason=service-id-fallback
23 апр 2026;10:34:40.408 [SimpleAsyncTaskExecutor-1] INFO  c.q.m.d.s.AutonomousMedicalExamAssignmentService - Finish assignment cycle source=USER_SESSION_READY branchId=6 processed=24
23 апр 2026;10:35:00.393 [scheduled-executor-thread-1] INFO  c.q.m.s.PollingReconciliationJob - Polling reconciliation for branch=6 servicePoint=120000000006 staff=1 workProfile=7
23 апр 2026;10:35:00.394 [scheduled-executor-thread-1] INFO  c.q.m.d.s.AutonomousMedicalExamAssignmentService - Start assignment cycle source=POLLING branchId=6 servicePointId=120000000006 staffId=1 workProfileId=7 sources={branchId=polling.runtime-cache, servicePointId=polling.runtime-cache, staffId=polling.runtime-cache, workProfileId=polling.runtime-cache}
23 апр 2026;10:35:00.394 [scheduled-executor-thread-1] INFO  c.q.m.d.s.AutonomousMedicalExamAssignmentService - Doctor 1 available services=[4, 5, 6, 7]
23 апр 2026;10:35:00.521 [scheduled-executor-thread-1] INFO  c.q.m.d.s.AutonomousMedicalExamAssignmentService - Visits in unknown-doctor queue 98 count=0
23 апр 2026;10:35:00.521 [scheduled-executor-thread-1] INFO  c.q.m.d.s.AutonomousMedicalExamAssignmentService - Finish assignment cycle source=POLLING branchId=6 processed=0
23 апр 2026;10:40:00.002 [scheduled-executor-thread-1] INFO  c.q.m.cache.BranchCacheUpdater - Start cache refresh for branch 6
23 апр 2026;10:40:00.242 [scheduled-executor-thread-1] INFO  c.q.m.cache.BranchCacheUpdater - Finish cache refresh for branch 6: services=5, queues=5, workProfiles=3, servicePoints=2, unknownDoctorQueueId=98, tookMs=240
23 апр 2026;10:40:00.243 [scheduled-executor-thread-1] INFO  c.q.m.s.PollingReconciliationJob - Polling reconciliation for branch=6 servicePoint=120000000006 staff=1 workProfile=7
23 апр 2026;10:40:00.243 [scheduled-executor-thread-1] INFO  c.q.m.d.s.AutonomousMedicalExamAssignmentService - Start assignment cycle source=POLLING branchId=6 servicePointId=120000000006 staffId=1 workProfileId=7 sources={branchId=polling.runtime-cache, servicePointId=polling.runtime-cache, staffId=polling.runtime-cache, workProfileId=polling.runtime-cache}
23 апр 2026;10:40:00.243 [scheduled-executor-thread-1] INFO  c.q.m.d.s.AutonomousMedicalExamAssignmentService - Doctor 1 available services=[4, 5, 6, 7]
23 апр 2026;10:40:00.263 [scheduled-executor-thread-1] INFO  c.q.m.d.s.AutonomousMedicalExamAssignmentService - Visits in unknown-doctor queue 98 count=0
23 апр 2026;10:40:00.263 [scheduled-executor-thread-1] INFO  c.q.m.d.s.AutonomousMedicalExamAssignmentService - Finish assignment cycle source=POLLING branchId=6 processed=0
23 апр 2026;10:45:00.012 [scheduled-executor-thread-1] INFO  c.q.m.s.PollingReconciliationJob - Polling reconciliation for branch=6 servicePoint=120000000006 staff=1 workProfile=7
23 апр 2026;10:45:00.012 [scheduled-executor-thread-1] INFO  c.q.m.d.s.AutonomousMedicalExamAssignmentService - Start assignment cycle source=POLLING branchId=6 servicePointId=120000000006 staffId=1 workProfileId=7 sources={branchId=polling.runtime-cache, servicePointId=polling.runtime-cache, staffId=polling.runtime-cache, workProfileId=polling.runtime-cache}
23 апр 2026;10:45:00.013 [scheduled-executor-thread-1] INFO  c.q.m.d.s.AutonomousMedicalExamAssignmentService - Doctor 1 available services=[4, 5, 6, 7]
23 апр 2026;10:45:00.035 [scheduled-executor-thread-1] INFO  c.q.m.d.s.AutonomousMedicalExamAssignmentService - Visits in unknown-doctor queue 98 count=0
23 апр 2026;10:45:00.035 [scheduled-executor-thread-1] INFO  c.q.m.d.s.AutonomousMedicalExamAssignmentService - Finish assignment cycle source=POLLING branchId=6 processed=0
23 апр 2026;10:50:00.001 [scheduled-executor-thread-2] INFO  c.q.m.cache.BranchCacheUpdater - Start cache refresh for branch 6
23 апр 2026;10:50:00.246 [scheduled-executor-thread-2] INFO  c.q.m.cache.BranchCacheUpdater - Finish cache refresh for branch 6: services=5, queues=5, workProfiles=3, servicePoints=2, unknownDoctorQueueId=98, tookMs=245
23 апр 2026;10:50:00.246 [scheduled-executor-thread-2] INFO  c.q.m.s.PollingReconciliationJob - Polling reconciliation for branch=6 servicePoint=120000000006 staff=1 workProfile=7
23 апр 2026;10:50:00.246 [scheduled-executor-thread-2] INFO  c.q.m.d.s.AutonomousMedicalExamAssignmentService - Start assignment cycle source=POLLING branchId=6 servicePointId=120000000006 staffId=1 workProfileId=7 sources={branchId=polling.runtime-cache, servicePointId=polling.runtime-cache, staffId=polling.runtime-cache, workProfileId=polling.runtime-cache}
23 апр 2026;10:50:00.246 [scheduled-executor-thread-2] INFO  c.q.m.d.s.AutonomousMedicalExamAssignmentService - Doctor 1 available services=[4, 5, 6, 7]
23 апр 2026;10:50:00.264 [scheduled-executor-thread-2] INFO  c.q.m.d.s.AutonomousMedicalExamAssignmentService - Visits in unknown-doctor queue 98 count=0
23 апр 2026;10:50:00.264 [scheduled-executor-thread-2] INFO  c.q.m.d.s.AutonomousMedicalExamAssignmentService - Finish assignment cycle source=POLLING branchId=6 processed=0
23 апр 2026;10:55:00.009 [scheduled-executor-thread-3] INFO  c.q.m.s.PollingReconciliationJob - Polling reconciliation for branch=6 servicePoint=120000000006 staff=1 workProfile=7
23 апр 2026;10:55:00.010 [scheduled-executor-thread-3] INFO  c.q.m.d.s.AutonomousMedicalExamAssignmentService - Start assignment cycle source=POLLING branchId=6 servicePointId=120000000006 staffId=1 workProfileId=7 sources={branchId=polling.runtime-cache, servicePointId=polling.runtime-cache, staffId=polling.runtime-cache, workProfileId=polling.runtime-cache}
23 апр 2026;10:55:00.011 [scheduled-executor-thread-3] INFO  c.q.m.d.s.AutonomousMedicalExamAssignmentService - Doctor 1 available services=[4, 5, 6, 7]
23 апр 2026;10:55:00.033 [scheduled-executor-thread-3] INFO  c.q.m.d.s.AutonomousMedicalExamAssignmentService - Visits in unknown-doctor queue 98 count=0
23 апр 2026;10:55:00.034 [scheduled-executor-thread-3] INFO  c.q.m.d.s.AutonomousMedicalExamAssignmentService - Finish assignment cycle source=POLLING branchId=6 processed=0
23 апр 2026;11:00:00.014 [scheduled-executor-thread-1] INFO  c.q.m.cache.BranchCacheUpdater - Start cache refresh for branch 6
23 апр 2026;11:00:00.277 [scheduled-executor-thread-1] INFO  c.q.m.cache.BranchCacheUpdater - Finish cache refresh for branch 6: services=5, queues=5, workProfiles=3, servicePoints=2, unknownDoctorQueueId=98, tookMs=263
23 апр 2026;11:00:00.277 [scheduled-executor-thread-1] INFO  c.q.m.s.PollingReconciliationJob - Polling reconciliation for branch=6 servicePoint=120000000006 staff=1 workProfile=7
23 апр 2026;11:00:00.277 [scheduled-executor-thread-1] INFO  c.q.m.d.s.AutonomousMedicalExamAssignmentService - Start assignment cycle source=POLLING branchId=6 servicePointId=120000000006 staffId=1 workProfileId=7 sources={branchId=polling.runtime-cache, servicePointId=polling.runtime-cache, staffId=polling.runtime-cache, workProfileId=polling.runtime-cache}
23 апр 2026;11:00:00.277 [scheduled-executor-thread-1] INFO  c.q.m.d.s.AutonomousMedicalExamAssignmentService - Doctor 1 available services=[4, 5, 6, 7]
23 апр 2026;11:00:00.299 [scheduled-executor-thread-1] INFO  c.q.m.d.s.AutonomousMedicalExamAssignmentService - Visits in unknown-doctor queue 98 count=0
23 апр 2026;11:00:00.299 [scheduled-executor-thread-1] INFO  c.q.m.d.s.AutonomousMedicalExamAssignmentService - Finish assignment cycle source=POLLING branchId=6 processed=0
23 апр 2026;11:05:00.002 [scheduled-executor-thread-4] INFO  c.q.m.s.PollingReconciliationJob - Polling reconciliation for branch=6 servicePoint=120000000006 staff=1 workProfile=7
23 апр 2026;11:05:00.003 [scheduled-executor-thread-4] INFO  c.q.m.d.s.AutonomousMedicalExamAssignmentService - Start assignment cycle source=POLLING branchId=6 servicePointId=120000000006 staffId=1 workProfileId=7 sources={branchId=polling.runtime-cache, servicePointId=polling.runtime-cache, staffId=polling.runtime-cache, workProfileId=polling.runtime-cache}
23 апр 2026;11:05:00.003 [scheduled-executor-thread-4] INFO  c.q.m.d.s.AutonomousMedicalExamAssignmentService - Doctor 1 available services=[4, 5, 6, 7]
23 апр 2026;11:05:02.743 [scheduled-executor-thread-4] INFO  c.q.m.d.s.AutonomousMedicalExamAssignmentService - Visits in unknown-doctor queue 98 count=0
23 апр 2026;11:05:07.859 [scheduled-executor-thread-4] INFO  c.q.m.d.s.AutonomousMedicalExamAssignmentService - Finish assignment cycle source=POLLING branchId=6 processed=0
