23 апр 2026;10:33:08.306 [default-nioEventLoopGroup-1-1] DEBUG i.m.h.client.netty.DefaultHttpClient - Sending HTTP GET to http://192.168.0.77:8080/rest/servicepoint/branches/6/services
23 апр 2026;10:33:08.307 [default-nioEventLoopGroup-1-1] TRACE i.m.h.client.netty.DefaultHttpClient - Authorization: Basic c3VwZXJhZG1pbjp1bGFu
23 апр 2026;10:33:08.307 [default-nioEventLoopGroup-1-1] TRACE i.m.h.client.netty.DefaultHttpClient - host: 192.168.0.77:8080
23 апр 2026;10:33:08.307 [default-nioEventLoopGroup-1-1] TRACE i.m.h.client.netty.DefaultHttpClient - connection: close
23 апр 2026;10:33:08.798 [default-nioEventLoopGroup-1-1] DEBUG i.m.h.client.netty.DefaultHttpClient - Received response 200 from http://192.168.0.77:8080/rest/servicepoint/branches/6/services
23 апр 2026;10:33:08.799 [default-nioEventLoopGroup-1-1] TRACE i.m.h.client.netty.DefaultHttpClient - HTTP Client Response Received (200 OK) for Request: GET http://192.168.0.77:8080/rest/servicepoint/branches/6/services
23 апр 2026;10:33:08.799 [default-nioEventLoopGroup-1-1] TRACE i.m.h.client.netty.DefaultHttpClient - Cache-Control: no-store, no-cache, max-age=0, must-revalidate
23 апр 2026;10:33:08.799 [default-nioEventLoopGroup-1-1] TRACE i.m.h.client.netty.DefaultHttpClient - X-Powered-By: Undertow/1
23 апр 2026;10:33:08.800 [default-nioEventLoopGroup-1-1] TRACE i.m.h.client.netty.DefaultHttpClient - Set-Cookie: SSOcookie=57b46714-2f27-46b7-9921-8d8de8bba70d; Path=/; HttpOnly
23 апр 2026;10:33:08.800 [default-nioEventLoopGroup-1-1] TRACE i.m.h.client.netty.DefaultHttpClient - Set-Cookie: rememberMe=deleteMe; Path=/; Max-Age=0; Expires=Wed, 22-Apr-2026 07:33:08 GMT
23 апр 2026;10:33:08.800 [default-nioEventLoopGroup-1-1] TRACE i.m.h.client.netty.DefaultHttpClient - Server: WildFly/8
23 апр 2026;10:33:08.800 [default-nioEventLoopGroup-1-1] TRACE i.m.h.client.netty.DefaultHttpClient - X-XSS-Protection: 1
23 апр 2026;10:33:08.800 [default-nioEventLoopGroup-1-1] TRACE i.m.h.client.netty.DefaultHttpClient - X-Frame-Options: SAMEORIGIN
23 апр 2026;10:33:08.800 [default-nioEventLoopGroup-1-1] TRACE i.m.h.client.netty.DefaultHttpClient - Content-Security-Policy: default-src *; style-src * 'unsafe-inline'; script-src * 'unsafe-inline' 'unsafe-eval'; img-src * data: 'unsafe-inline'; connect-src * 'unsafe-inline'; frame-src *;
23 апр 2026;10:33:08.800 [default-nioEventLoopGroup-1-1] TRACE i.m.h.client.netty.DefaultHttpClient - Date: Thu, 23 Apr 2026 07:33:08 GMT
23 апр 2026;10:33:08.800 [default-nioEventLoopGroup-1-1] TRACE i.m.h.client.netty.DefaultHttpClient - Connection: close
23 апр 2026;10:33:08.800 [default-nioEventLoopGroup-1-1] TRACE i.m.h.client.netty.DefaultHttpClient - X-Content-Type-Options: nosniff
23 апр 2026;10:33:08.800 [default-nioEventLoopGroup-1-1] TRACE i.m.h.client.netty.DefaultHttpClient - Strict-Transport-Security: max-age=31536000; includeSubDomains
23 апр 2026;10:33:08.800 [default-nioEventLoopGroup-1-1] TRACE i.m.h.client.netty.DefaultHttpClient - Content-Type: application/json
23 апр 2026;10:33:08.800 [default-nioEventLoopGroup-1-1] TRACE i.m.h.client.netty.DefaultHttpClient - content-length: 819
23 апр 2026;10:33:08.801 [default-nioEventLoopGroup-1-1] TRACE i.m.h.client.netty.DefaultHttpClient - Response Body
23 апр 2026;10:33:08.801 [default-nioEventLoopGroup-1-1] TRACE i.m.h.client.netty.DefaultHttpClient - ----
23 апр 2026;10:33:08.801 [default-nioEventLoopGroup-1-1] TRACE i.m.h.client.netty.DefaultHttpClient - [{"id":5,"internalName":"Терапевт","externalName":"Терапевт","internalDescription":null,"externalDescription":null,"targetTransactionTime":0},{"id":4,"internalName":"Хирург","externalName":"Хирург","internalDescription":null,"externalDescription":null,"targetTransactionTime":300},{"id":7,"internalName":"Оккулист","externalName":"Оккулист","internalDescription":null,"externalDescription":null,"targetTransactionTime":0},{"id":6,"internalName":"Стоматолог","externalName":"Стоматолог","internalDescription":null,"externalDescription":null,"targetTransactionTime":300},{"id":72,"internalName":"Врач не назначен","externalName":"Врач не назначен","internalDescription":null,"externalDescription":null,"targetTransactionTime":0}]
23 апр 2026;10:33:08.801 [default-nioEventLoopGroup-1-1] TRACE i.m.h.client.netty.DefaultHttpClient - ----
23 апр 2026;10:33:08.926 [default-nioEventLoopGroup-1-2] DEBUG i.m.h.client.netty.DefaultHttpClient - Sending HTTP GET to http://192.168.0.77:8080/rest/entrypoint/branches/6/services/5/queue
23 апр 2026;10:33:08.927 [default-nioEventLoopGroup-1-2] TRACE i.m.h.client.netty.DefaultHttpClient - Authorization: Basic c3VwZXJhZG1pbjp1bGFu
23 апр 2026;10:33:08.927 [default-nioEventLoopGroup-1-2] TRACE i.m.h.client.netty.DefaultHttpClient - Cookie: SSOcookie=57b46714-2f27-46b7-9921-8d8de8bba70d
23 апр 2026;10:33:08.927 [default-nioEventLoopGroup-1-2] TRACE i.m.h.client.netty.DefaultHttpClient - host: 192.168.0.77:8080
23 апр 2026;10:33:08.927 [default-nioEventLoopGroup-1-2] TRACE i.m.h.client.netty.DefaultHttpClient - connection: close
23 апр 2026;10:33:08.941 [default-nioEventLoopGroup-1-2] DEBUG i.m.h.client.netty.DefaultHttpClient - Received response 200 from http://192.168.0.77:8080/rest/entrypoint/branches/6/services/5/queue
23 апр 2026;10:33:08.941 [default-nioEventLoopGroup-1-2] TRACE i.m.h.client.netty.DefaultHttpClient - HTTP Client Response Received (200 OK) for Request: GET http://192.168.0.77:8080/rest/entrypoint/branches/6/services/5/queue
23 апр 2026;10:33:08.941 [default-nioEventLoopGroup-1-2] TRACE i.m.h.client.netty.DefaultHttpClient - Cache-Control: no-store, no-cache, max-age=0, must-revalidate
23 апр 2026;10:33:08.941 [default-nioEventLoopGroup-1-2] TRACE i.m.h.client.netty.DefaultHttpClient - X-Powered-By: Undertow/1
23 апр 2026;10:33:08.941 [default-nioEventLoopGroup-1-2] TRACE i.m.h.client.netty.DefaultHttpClient - Server: WildFly/8
23 апр 2026;10:33:08.941 [default-nioEventLoopGroup-1-2] TRACE i.m.h.client.netty.DefaultHttpClient - X-XSS-Protection: 1
23 апр 2026;10:33:08.941 [default-nioEventLoopGroup-1-2] TRACE i.m.h.client.netty.DefaultHttpClient - X-Frame-Options: SAMEORIGIN
23 апр 2026;10:33:08.941 [default-nioEventLoopGroup-1-2] TRACE i.m.h.client.netty.DefaultHttpClient - Content-Security-Policy: default-src *; style-src * 'unsafe-inline'; script-src * 'unsafe-inline' 'unsafe-eval'; img-src * data: 'unsafe-inline'; connect-src * 'unsafe-inline'; frame-src *;
23 апр 2026;10:33:08.941 [default-nioEventLoopGroup-1-2] TRACE i.m.h.client.netty.DefaultHttpClient - Date: Thu, 23 Apr 2026 07:33:08 GMT
23 апр 2026;10:33:08.942 [default-nioEventLoopGroup-1-2] TRACE i.m.h.client.netty.DefaultHttpClient - Connection: close
23 апр 2026;10:33:08.942 [default-nioEventLoopGroup-1-2] TRACE i.m.h.client.netty.DefaultHttpClient - X-Content-Type-Options: nosniff
23 апр 2026;10:33:08.942 [default-nioEventLoopGroup-1-2] TRACE i.m.h.client.netty.DefaultHttpClient - Strict-Transport-Security: max-age=31536000; includeSubDomains
23 апр 2026;10:33:08.942 [default-nioEventLoopGroup-1-2] TRACE i.m.h.client.netty.DefaultHttpClient - Content-Type: application/json
23 апр 2026;10:33:08.942 [default-nioEventLoopGroup-1-2] TRACE i.m.h.client.netty.DefaultHttpClient - content-length: 135
23 апр 2026;10:33:08.942 [default-nioEventLoopGroup-1-2] TRACE i.m.h.client.netty.DefaultHttpClient - Response Body
23 апр 2026;10:33:08.942 [default-nioEventLoopGroup-1-2] TRACE i.m.h.client.netty.DefaultHttpClient - ----
23 апр 2026;10:33:08.942 [default-nioEventLoopGroup-1-2] TRACE i.m.h.client.netty.DefaultHttpClient - {"id":9,"name":"Очередь по умолчанию","queueType":"QUEUE","customersWaiting":9,"waitingTime":684899,"serviceLevel":5}
23 апр 2026;10:33:08.942 [default-nioEventLoopGroup-1-2] TRACE i.m.h.client.netty.DefaultHttpClient - ----
23 апр 2026;10:33:08.951 [default-nioEventLoopGroup-1-3] DEBUG i.m.h.client.netty.DefaultHttpClient - Sending HTTP GET to http://192.168.0.77:8080/rest/entrypoint/branches/6/services/4/queue
23 апр 2026;10:33:08.951 [default-nioEventLoopGroup-1-3] TRACE i.m.h.client.netty.DefaultHttpClient - Authorization: Basic c3VwZXJhZG1pbjp1bGFu
23 апр 2026;10:33:08.952 [default-nioEventLoopGroup-1-3] TRACE i.m.h.client.netty.DefaultHttpClient - Cookie: SSOcookie=57b46714-2f27-46b7-9921-8d8de8bba70d
23 апр 2026;10:33:08.952 [default-nioEventLoopGroup-1-3] TRACE i.m.h.client.netty.DefaultHttpClient - host: 192.168.0.77:8080
23 апр 2026;10:33:08.952 [default-nioEventLoopGroup-1-3] TRACE i.m.h.client.netty.DefaultHttpClient - connection: close
23 апр 2026;10:33:08.963 [default-nioEventLoopGroup-1-3] DEBUG i.m.h.client.netty.DefaultHttpClient - Received response 200 from http://192.168.0.77:8080/rest/entrypoint/branches/6/services/4/queue
23 апр 2026;10:33:08.963 [default-nioEventLoopGroup-1-3] TRACE i.m.h.client.netty.DefaultHttpClient - HTTP Client Response Received (200 OK) for Request: GET http://192.168.0.77:8080/rest/entrypoint/branches/6/services/4/queue
23 апр 2026;10:33:08.964 [default-nioEventLoopGroup-1-3] TRACE i.m.h.client.netty.DefaultHttpClient - Cache-Control: no-store, no-cache, max-age=0, must-revalidate
23 апр 2026;10:33:08.964 [default-nioEventLoopGroup-1-3] TRACE i.m.h.client.netty.DefaultHttpClient - X-Powered-By: Undertow/1
23 апр 2026;10:33:08.964 [default-nioEventLoopGroup-1-3] TRACE i.m.h.client.netty.DefaultHttpClient - Server: WildFly/8
23 апр 2026;10:33:08.964 [default-nioEventLoopGroup-1-3] TRACE i.m.h.client.netty.DefaultHttpClient - X-XSS-Protection: 1
23 апр 2026;10:33:08.964 [default-nioEventLoopGroup-1-3] TRACE i.m.h.client.netty.DefaultHttpClient - X-Frame-Options: SAMEORIGIN
23 апр 2026;10:33:08.964 [default-nioEventLoopGroup-1-3] TRACE i.m.h.client.netty.DefaultHttpClient - Content-Security-Policy: default-src *; style-src * 'unsafe-inline'; script-src * 'unsafe-inline' 'unsafe-eval'; img-src * data: 'unsafe-inline'; connect-src * 'unsafe-inline'; frame-src *;
23 апр 2026;10:33:08.964 [default-nioEventLoopGroup-1-3] TRACE i.m.h.client.netty.DefaultHttpClient - Date: Thu, 23 Apr 2026 07:33:08 GMT
23 апр 2026;10:33:08.964 [default-nioEventLoopGroup-1-3] TRACE i.m.h.client.netty.DefaultHttpClient - Connection: close
23 апр 2026;10:33:08.964 [default-nioEventLoopGroup-1-3] TRACE i.m.h.client.netty.DefaultHttpClient - X-Content-Type-Options: nosniff
23 апр 2026;10:33:08.964 [default-nioEventLoopGroup-1-3] TRACE i.m.h.client.netty.DefaultHttpClient - Strict-Transport-Security: max-age=31536000; includeSubDomains
23 апр 2026;10:33:08.964 [default-nioEventLoopGroup-1-3] TRACE i.m.h.client.netty.DefaultHttpClient - Content-Type: application/json
23 апр 2026;10:33:08.965 [default-nioEventLoopGroup-1-3] TRACE i.m.h.client.netty.DefaultHttpClient - content-length: 140
23 апр 2026;10:33:08.965 [default-nioEventLoopGroup-1-3] TRACE i.m.h.client.netty.DefaultHttpClient - Response Body
23 апр 2026;10:33:08.965 [default-nioEventLoopGroup-1-3] TRACE i.m.h.client.netty.DefaultHttpClient - ----
23 апр 2026;10:33:08.965 [default-nioEventLoopGroup-1-3] TRACE i.m.h.client.netty.DefaultHttpClient - {"id":10,"name":"Очередь по умолчанию 2","queueType":"QUEUE","customersWaiting":183,"waitingTime":684975,"serviceLevel":5}
23 апр 2026;10:33:08.965 [default-nioEventLoopGroup-1-3] TRACE i.m.h.client.netty.DefaultHttpClient - ----
23 апр 2026;10:33:08.971 [default-nioEventLoopGroup-1-4] DEBUG i.m.h.client.netty.DefaultHttpClient - Sending HTTP GET to http://192.168.0.77:8080/rest/entrypoint/branches/6/services/7/queue
23 апр 2026;10:33:08.971 [default-nioEventLoopGroup-1-4] TRACE i.m.h.client.netty.DefaultHttpClient - Authorization: Basic c3VwZXJhZG1pbjp1bGFu
23 апр 2026;10:33:08.971 [default-nioEventLoopGroup-1-4] TRACE i.m.h.client.netty.DefaultHttpClient - Cookie: SSOcookie=57b46714-2f27-46b7-9921-8d8de8bba70d
23 апр 2026;10:33:08.971 [default-nioEventLoopGroup-1-4] TRACE i.m.h.client.netty.DefaultHttpClient - host: 192.168.0.77:8080
23 апр 2026;10:33:08.971 [default-nioEventLoopGroup-1-4] TRACE i.m.h.client.netty.DefaultHttpClient - connection: close
23 апр 2026;10:33:08.982 [default-nioEventLoopGroup-1-4] DEBUG i.m.h.client.netty.DefaultHttpClient - Received response 200 from http://192.168.0.77:8080/rest/entrypoint/branches/6/services/7/queue
23 апр 2026;10:33:08.982 [default-nioEventLoopGroup-1-4] TRACE i.m.h.client.netty.DefaultHttpClient - HTTP Client Response Received (200 OK) for Request: GET http://192.168.0.77:8080/rest/entrypoint/branches/6/services/7/queue
23 апр 2026;10:33:08.982 [default-nioEventLoopGroup-1-4] TRACE i.m.h.client.netty.DefaultHttpClient - Cache-Control: no-store, no-cache, max-age=0, must-revalidate
23 апр 2026;10:33:08.982 [default-nioEventLoopGroup-1-4] TRACE i.m.h.client.netty.DefaultHttpClient - X-Powered-By: Undertow/1
23 апр 2026;10:33:08.982 [default-nioEventLoopGroup-1-4] TRACE i.m.h.client.netty.DefaultHttpClient - Server: WildFly/8
23 апр 2026;10:33:08.982 [default-nioEventLoopGroup-1-4] TRACE i.m.h.client.netty.DefaultHttpClient - X-XSS-Protection: 1
23 апр 2026;10:33:08.982 [default-nioEventLoopGroup-1-4] TRACE i.m.h.client.netty.DefaultHttpClient - X-Frame-Options: SAMEORIGIN
23 апр 2026;10:33:08.982 [default-nioEventLoopGroup-1-4] TRACE i.m.h.client.netty.DefaultHttpClient - Content-Security-Policy: default-src *; style-src * 'unsafe-inline'; script-src * 'unsafe-inline' 'unsafe-eval'; img-src * data: 'unsafe-inline'; connect-src * 'unsafe-inline'; frame-src *;
23 апр 2026;10:33:08.983 [default-nioEventLoopGroup-1-4] TRACE i.m.h.client.netty.DefaultHttpClient - Date: Thu, 23 Apr 2026 07:33:08 GMT
23 апр 2026;10:33:08.983 [default-nioEventLoopGroup-1-4] TRACE i.m.h.client.netty.DefaultHttpClient - Connection: close
23 апр 2026;10:33:08.983 [default-nioEventLoopGroup-1-4] TRACE i.m.h.client.netty.DefaultHttpClient - X-Content-Type-Options: nosniff
23 апр 2026;10:33:08.983 [default-nioEventLoopGroup-1-4] TRACE i.m.h.client.netty.DefaultHttpClient - Strict-Transport-Security: max-age=31536000; includeSubDomains
23 апр 2026;10:33:08.983 [default-nioEventLoopGroup-1-4] TRACE i.m.h.client.netty.DefaultHttpClient - Content-Type: application/json
23 апр 2026;10:33:08.983 [default-nioEventLoopGroup-1-4] TRACE i.m.h.client.netty.DefaultHttpClient - content-length: 133
23 апр 2026;10:33:08.983 [default-nioEventLoopGroup-1-4] TRACE i.m.h.client.netty.DefaultHttpClient - Response Body
23 апр 2026;10:33:08.983 [default-nioEventLoopGroup-1-4] TRACE i.m.h.client.netty.DefaultHttpClient - ----
23 апр 2026;10:33:08.983 [default-nioEventLoopGroup-1-4] TRACE i.m.h.client.netty.DefaultHttpClient - {"id":11,"name":"Очередь по умолчанию 3","queueType":"QUEUE","customersWaiting":0,"waitingTime":0,"serviceLevel":5}
23 апр 2026;10:33:08.983 [default-nioEventLoopGroup-1-4] TRACE i.m.h.client.netty.DefaultHttpClient - ----
23 апр 2026;10:33:08.989 [default-nioEventLoopGroup-1-5] DEBUG i.m.h.client.netty.DefaultHttpClient - Sending HTTP GET to http://192.168.0.77:8080/rest/entrypoint/branches/6/services/6/queue
23 апр 2026;10:33:08.990 [default-nioEventLoopGroup-1-5] TRACE i.m.h.client.netty.DefaultHttpClient - Authorization: Basic c3VwZXJhZG1pbjp1bGFu
23 апр 2026;10:33:08.990 [default-nioEventLoopGroup-1-5] TRACE i.m.h.client.netty.DefaultHttpClient - Cookie: SSOcookie=57b46714-2f27-46b7-9921-8d8de8bba70d
23 апр 2026;10:33:08.990 [default-nioEventLoopGroup-1-5] TRACE i.m.h.client.netty.DefaultHttpClient - host: 192.168.0.77:8080
23 апр 2026;10:33:08.990 [default-nioEventLoopGroup-1-5] TRACE i.m.h.client.netty.DefaultHttpClient - connection: close
23 апр 2026;10:33:09.002 [default-nioEventLoopGroup-1-5] DEBUG i.m.h.client.netty.DefaultHttpClient - Received response 200 from http://192.168.0.77:8080/rest/entrypoint/branches/6/services/6/queue
23 апр 2026;10:33:09.002 [default-nioEventLoopGroup-1-5] TRACE i.m.h.client.netty.DefaultHttpClient - HTTP Client Response Received (200 OK) for Request: GET http://192.168.0.77:8080/rest/entrypoint/branches/6/services/6/queue
23 апр 2026;10:33:09.002 [default-nioEventLoopGroup-1-5] TRACE i.m.h.client.netty.DefaultHttpClient - Cache-Control: no-store, no-cache, max-age=0, must-revalidate
23 апр 2026;10:33:09.002 [default-nioEventLoopGroup-1-5] TRACE i.m.h.client.netty.DefaultHttpClient - X-Powered-By: Undertow/1
23 апр 2026;10:33:09.002 [default-nioEventLoopGroup-1-5] TRACE i.m.h.client.netty.DefaultHttpClient - Server: WildFly/8
23 апр 2026;10:33:09.002 [default-nioEventLoopGroup-1-5] TRACE i.m.h.client.netty.DefaultHttpClient - X-XSS-Protection: 1
23 апр 2026;10:33:09.002 [default-nioEventLoopGroup-1-5] TRACE i.m.h.client.netty.DefaultHttpClient - X-Frame-Options: SAMEORIGIN
23 апр 2026;10:33:09.002 [default-nioEventLoopGroup-1-5] TRACE i.m.h.client.netty.DefaultHttpClient - Content-Security-Policy: default-src *; style-src * 'unsafe-inline'; script-src * 'unsafe-inline' 'unsafe-eval'; img-src * data: 'unsafe-inline'; connect-src * 'unsafe-inline'; frame-src *;
23 апр 2026;10:33:09.003 [default-nioEventLoopGroup-1-5] TRACE i.m.h.client.netty.DefaultHttpClient - Date: Thu, 23 Apr 2026 07:33:08 GMT
23 апр 2026;10:33:09.003 [default-nioEventLoopGroup-1-5] TRACE i.m.h.client.netty.DefaultHttpClient - Connection: close
23 апр 2026;10:33:09.003 [default-nioEventLoopGroup-1-5] TRACE i.m.h.client.netty.DefaultHttpClient - X-Content-Type-Options: nosniff
23 апр 2026;10:33:09.003 [default-nioEventLoopGroup-1-5] TRACE i.m.h.client.netty.DefaultHttpClient - Strict-Transport-Security: max-age=31536000; includeSubDomains
23 апр 2026;10:33:09.003 [default-nioEventLoopGroup-1-5] TRACE i.m.h.client.netty.DefaultHttpClient - Content-Type: application/json
23 апр 2026;10:33:09.003 [default-nioEventLoopGroup-1-5] TRACE i.m.h.client.netty.DefaultHttpClient - content-length: 133
23 апр 2026;10:33:09.003 [default-nioEventLoopGroup-1-5] TRACE i.m.h.client.netty.DefaultHttpClient - Response Body
23 апр 2026;10:33:09.003 [default-nioEventLoopGroup-1-5] TRACE i.m.h.client.netty.DefaultHttpClient - ----
23 апр 2026;10:33:09.003 [default-nioEventLoopGroup-1-5] TRACE i.m.h.client.netty.DefaultHttpClient - {"id":12,"name":"Очередь по умолчанию 4","queueType":"QUEUE","customersWaiting":0,"waitingTime":0,"serviceLevel":5}
23 апр 2026;10:33:09.003 [default-nioEventLoopGroup-1-5] TRACE i.m.h.client.netty.DefaultHttpClient - ----
23 апр 2026;10:33:09.009 [default-nioEventLoopGroup-1-6] DEBUG i.m.h.client.netty.DefaultHttpClient - Sending HTTP GET to http://192.168.0.77:8080/rest/entrypoint/branches/6/services/72/queue
23 апр 2026;10:33:09.009 [default-nioEventLoopGroup-1-6] TRACE i.m.h.client.netty.DefaultHttpClient - Authorization: Basic c3VwZXJhZG1pbjp1bGFu
23 апр 2026;10:33:09.010 [default-nioEventLoopGroup-1-6] TRACE i.m.h.client.netty.DefaultHttpClient - Cookie: SSOcookie=57b46714-2f27-46b7-9921-8d8de8bba70d
23 апр 2026;10:33:09.010 [default-nioEventLoopGroup-1-6] TRACE i.m.h.client.netty.DefaultHttpClient - host: 192.168.0.77:8080
23 апр 2026;10:33:09.010 [default-nioEventLoopGroup-1-6] TRACE i.m.h.client.netty.DefaultHttpClient - connection: close
23 апр 2026;10:33:09.021 [default-nioEventLoopGroup-1-6] DEBUG i.m.h.client.netty.DefaultHttpClient - Received response 200 from http://192.168.0.77:8080/rest/entrypoint/branches/6/services/72/queue
23 апр 2026;10:33:09.021 [default-nioEventLoopGroup-1-6] TRACE i.m.h.client.netty.DefaultHttpClient - HTTP Client Response Received (200 OK) for Request: GET http://192.168.0.77:8080/rest/entrypoint/branches/6/services/72/queue
23 апр 2026;10:33:09.021 [default-nioEventLoopGroup-1-6] TRACE i.m.h.client.netty.DefaultHttpClient - Cache-Control: no-store, no-cache, max-age=0, must-revalidate
23 апр 2026;10:33:09.021 [default-nioEventLoopGroup-1-6] TRACE i.m.h.client.netty.DefaultHttpClient - X-Powered-By: Undertow/1
23 апр 2026;10:33:09.021 [default-nioEventLoopGroup-1-6] TRACE i.m.h.client.netty.DefaultHttpClient - Server: WildFly/8
23 апр 2026;10:33:09.021 [default-nioEventLoopGroup-1-6] TRACE i.m.h.client.netty.DefaultHttpClient - X-XSS-Protection: 1
23 апр 2026;10:33:09.021 [default-nioEventLoopGroup-1-6] TRACE i.m.h.client.netty.DefaultHttpClient - X-Frame-Options: SAMEORIGIN
23 апр 2026;10:33:09.021 [default-nioEventLoopGroup-1-6] TRACE i.m.h.client.netty.DefaultHttpClient - Content-Security-Policy: default-src *; style-src * 'unsafe-inline'; script-src * 'unsafe-inline' 'unsafe-eval'; img-src * data: 'unsafe-inline'; connect-src * 'unsafe-inline'; frame-src *;
23 апр 2026;10:33:09.021 [default-nioEventLoopGroup-1-6] TRACE i.m.h.client.netty.DefaultHttpClient - Date: Thu, 23 Apr 2026 07:33:08 GMT
23 апр 2026;10:33:09.022 [default-nioEventLoopGroup-1-6] TRACE i.m.h.client.netty.DefaultHttpClient - Connection: close
23 апр 2026;10:33:09.022 [default-nioEventLoopGroup-1-6] TRACE i.m.h.client.netty.DefaultHttpClient - X-Content-Type-Options: nosniff
23 апр 2026;10:33:09.022 [default-nioEventLoopGroup-1-6] TRACE i.m.h.client.netty.DefaultHttpClient - Strict-Transport-Security: max-age=31536000; includeSubDomains
23 апр 2026;10:33:09.022 [default-nioEventLoopGroup-1-6] TRACE i.m.h.client.netty.DefaultHttpClient - Content-Type: application/json
23 апр 2026;10:33:09.022 [default-nioEventLoopGroup-1-6] TRACE i.m.h.client.netty.DefaultHttpClient - content-length: 123
23 апр 2026;10:33:09.022 [default-nioEventLoopGroup-1-6] TRACE i.m.h.client.netty.DefaultHttpClient - Response Body
23 апр 2026;10:33:09.022 [default-nioEventLoopGroup-1-6] TRACE i.m.h.client.netty.DefaultHttpClient - ----
23 апр 2026;10:33:09.022 [default-nioEventLoopGroup-1-6] TRACE i.m.h.client.netty.DefaultHttpClient - {"id":98,"name":"Врач не назначен","queueType":"QUEUE","customersWaiting":0,"waitingTime":0,"serviceLevel":5}
23 апр 2026;10:33:09.022 [default-nioEventLoopGroup-1-6] TRACE i.m.h.client.netty.DefaultHttpClient - ----
23 апр 2026;10:33:09.040 [default-nioEventLoopGroup-1-7] DEBUG i.m.h.client.netty.DefaultHttpClient - Sending HTTP GET to http://192.168.0.77:8080/rest/servicepoint/branches/6/workProfiles
23 апр 2026;10:33:09.041 [default-nioEventLoopGroup-1-7] TRACE i.m.h.client.netty.DefaultHttpClient - Authorization: Basic c3VwZXJhZG1pbjp1bGFu
23 апр 2026;10:33:09.041 [default-nioEventLoopGroup-1-7] TRACE i.m.h.client.netty.DefaultHttpClient - Cookie: SSOcookie=57b46714-2f27-46b7-9921-8d8de8bba70d
23 апр 2026;10:33:09.041 [default-nioEventLoopGroup-1-7] TRACE i.m.h.client.netty.DefaultHttpClient - host: 192.168.0.77:8080
23 апр 2026;10:33:09.041 [default-nioEventLoopGroup-1-7] TRACE i.m.h.client.netty.DefaultHttpClient - connection: close
23 апр 2026;10:33:09.053 [default-nioEventLoopGroup-1-7] DEBUG i.m.h.client.netty.DefaultHttpClient - Received response 200 from http://192.168.0.77:8080/rest/servicepoint/branches/6/workProfiles
23 апр 2026;10:33:09.053 [default-nioEventLoopGroup-1-7] TRACE i.m.h.client.netty.DefaultHttpClient - HTTP Client Response Received (200 OK) for Request: GET http://192.168.0.77:8080/rest/servicepoint/branches/6/workProfiles
23 апр 2026;10:33:09.053 [default-nioEventLoopGroup-1-7] TRACE i.m.h.client.netty.DefaultHttpClient - Cache-Control: no-store, no-cache, max-age=0, must-revalidate
23 апр 2026;10:33:09.053 [default-nioEventLoopGroup-1-7] TRACE i.m.h.client.netty.DefaultHttpClient - X-Powered-By: Undertow/1
23 апр 2026;10:33:09.053 [default-nioEventLoopGroup-1-7] TRACE i.m.h.client.netty.DefaultHttpClient - Server: WildFly/8
23 апр 2026;10:33:09.053 [default-nioEventLoopGroup-1-7] TRACE i.m.h.client.netty.DefaultHttpClient - X-XSS-Protection: 1
23 апр 2026;10:33:09.053 [default-nioEventLoopGroup-1-7] TRACE i.m.h.client.netty.DefaultHttpClient - X-Frame-Options: SAMEORIGIN
23 апр 2026;10:33:09.053 [default-nioEventLoopGroup-1-7] TRACE i.m.h.client.netty.DefaultHttpClient - Content-Security-Policy: default-src *; style-src * 'unsafe-inline'; script-src * 'unsafe-inline' 'unsafe-eval'; img-src * data: 'unsafe-inline'; connect-src * 'unsafe-inline'; frame-src *;
23 апр 2026;10:33:09.054 [default-nioEventLoopGroup-1-7] TRACE i.m.h.client.netty.DefaultHttpClient - Date: Thu, 23 Apr 2026 07:33:08 GMT
23 апр 2026;10:33:09.054 [default-nioEventLoopGroup-1-7] TRACE i.m.h.client.netty.DefaultHttpClient - Connection: close
23 апр 2026;10:33:09.054 [default-nioEventLoopGroup-1-7] TRACE i.m.h.client.netty.DefaultHttpClient - X-Content-Type-Options: nosniff
23 апр 2026;10:33:09.054 [default-nioEventLoopGroup-1-7] TRACE i.m.h.client.netty.DefaultHttpClient - Strict-Transport-Security: max-age=31536000; includeSubDomains
23 апр 2026;10:33:09.054 [default-nioEventLoopGroup-1-7] TRACE i.m.h.client.netty.DefaultHttpClient - Content-Type: application/json
23 апр 2026;10:33:09.054 [default-nioEventLoopGroup-1-7] TRACE i.m.h.client.netty.DefaultHttpClient - content-length: 87
23 апр 2026;10:33:09.054 [default-nioEventLoopGroup-1-7] TRACE i.m.h.client.netty.DefaultHttpClient - Response Body
23 апр 2026;10:33:09.054 [default-nioEventLoopGroup-1-7] TRACE i.m.h.client.netty.DefaultHttpClient - ----
23 апр 2026;10:33:09.054 [default-nioEventLoopGroup-1-7] TRACE i.m.h.client.netty.DefaultHttpClient - [{"id":8,"name":"Ser1"},{"id":14,"name":"test05"},{"id":7,"name":"Универсал"}]
23 апр 2026;10:33:09.054 [default-nioEventLoopGroup-1-7] TRACE i.m.h.client.netty.DefaultHttpClient - ----
23 апр 2026;10:33:09.072 [default-nioEventLoopGroup-1-8] DEBUG i.m.h.client.netty.DefaultHttpClient - Sending HTTP GET to http://192.168.0.77:8080/rest/servicepoint/branches/6/workProfiles/8/queues
23 апр 2026;10:33:09.072 [default-nioEventLoopGroup-1-8] TRACE i.m.h.client.netty.DefaultHttpClient - Authorization: Basic c3VwZXJhZG1pbjp1bGFu
23 апр 2026;10:33:09.072 [default-nioEventLoopGroup-1-8] TRACE i.m.h.client.netty.DefaultHttpClient - Cookie: SSOcookie=57b46714-2f27-46b7-9921-8d8de8bba70d
23 апр 2026;10:33:09.072 [default-nioEventLoopGroup-1-8] TRACE i.m.h.client.netty.DefaultHttpClient - host: 192.168.0.77:8080
23 апр 2026;10:33:09.072 [default-nioEventLoopGroup-1-8] TRACE i.m.h.client.netty.DefaultHttpClient - connection: close
23 апр 2026;10:33:09.084 [default-nioEventLoopGroup-1-8] DEBUG i.m.h.client.netty.DefaultHttpClient - Received response 200 from http://192.168.0.77:8080/rest/servicepoint/branches/6/workProfiles/8/queues
23 апр 2026;10:33:09.084 [default-nioEventLoopGroup-1-8] TRACE i.m.h.client.netty.DefaultHttpClient - HTTP Client Response Received (200 OK) for Request: GET http://192.168.0.77:8080/rest/servicepoint/branches/6/workProfiles/8/queues
23 апр 2026;10:33:09.084 [default-nioEventLoopGroup-1-8] TRACE i.m.h.client.netty.DefaultHttpClient - Cache-Control: no-store, no-cache, max-age=0, must-revalidate
23 апр 2026;10:33:09.084 [default-nioEventLoopGroup-1-8] TRACE i.m.h.client.netty.DefaultHttpClient - X-Powered-By: Undertow/1
23 апр 2026;10:33:09.084 [default-nioEventLoopGroup-1-8] TRACE i.m.h.client.netty.DefaultHttpClient - Server: WildFly/8
23 апр 2026;10:33:09.084 [default-nioEventLoopGroup-1-8] TRACE i.m.h.client.netty.DefaultHttpClient - X-XSS-Protection: 1
23 апр 2026;10:33:09.084 [default-nioEventLoopGroup-1-8] TRACE i.m.h.client.netty.DefaultHttpClient - X-Frame-Options: SAMEORIGIN
23 апр 2026;10:33:09.085 [default-nioEventLoopGroup-1-8] TRACE i.m.h.client.netty.DefaultHttpClient - Content-Security-Policy: default-src *; style-src * 'unsafe-inline'; script-src * 'unsafe-inline' 'unsafe-eval'; img-src * data: 'unsafe-inline'; connect-src * 'unsafe-inline'; frame-src *;
23 апр 2026;10:33:09.085 [default-nioEventLoopGroup-1-8] TRACE i.m.h.client.netty.DefaultHttpClient - Date: Thu, 23 Apr 2026 07:33:08 GMT
23 апр 2026;10:33:09.085 [default-nioEventLoopGroup-1-8] TRACE i.m.h.client.netty.DefaultHttpClient - Connection: close
23 апр 2026;10:33:09.085 [default-nioEventLoopGroup-1-8] TRACE i.m.h.client.netty.DefaultHttpClient - X-Content-Type-Options: nosniff
23 апр 2026;10:33:09.085 [default-nioEventLoopGroup-1-8] TRACE i.m.h.client.netty.DefaultHttpClient - Strict-Transport-Security: max-age=31536000; includeSubDomains
23 апр 2026;10:33:09.085 [default-nioEventLoopGroup-1-8] TRACE i.m.h.client.netty.DefaultHttpClient - Content-Type: application/json
23 апр 2026;10:33:09.085 [default-nioEventLoopGroup-1-8] TRACE i.m.h.client.netty.DefaultHttpClient - content-length: 137
23 апр 2026;10:33:09.085 [default-nioEventLoopGroup-1-8] TRACE i.m.h.client.netty.DefaultHttpClient - Response Body
23 апр 2026;10:33:09.085 [default-nioEventLoopGroup-1-8] TRACE i.m.h.client.netty.DefaultHttpClient - ----
23 апр 2026;10:33:09.085 [default-nioEventLoopGroup-1-8] TRACE i.m.h.client.netty.DefaultHttpClient - [{"id":9,"name":"Очередь по умолчанию","queueType":"QUEUE","customersWaiting":9,"waitingTime":684899,"serviceLevel":5}]
23 апр 2026;10:33:09.085 [default-nioEventLoopGroup-1-8] TRACE i.m.h.client.netty.DefaultHttpClient - ----
23 апр 2026;10:33:09.098 [default-nioEventLoopGroup-1-9] DEBUG i.m.h.client.netty.DefaultHttpClient - Sending HTTP GET to http://192.168.0.77:8080/rest/servicepoint/branches/6/workProfiles/14/queues
23 апр 2026;10:33:09.098 [default-nioEventLoopGroup-1-9] TRACE i.m.h.client.netty.DefaultHttpClient - Authorization: Basic c3VwZXJhZG1pbjp1bGFu
23 апр 2026;10:33:09.098 [default-nioEventLoopGroup-1-9] TRACE i.m.h.client.netty.DefaultHttpClient - Cookie: SSOcookie=57b46714-2f27-46b7-9921-8d8de8bba70d
23 апр 2026;10:33:09.098 [default-nioEventLoopGroup-1-9] TRACE i.m.h.client.netty.DefaultHttpClient - host: 192.168.0.77:8080
23 апр 2026;10:33:09.098 [default-nioEventLoopGroup-1-9] TRACE i.m.h.client.netty.DefaultHttpClient - connection: close
23 апр 2026;10:33:09.111 [default-nioEventLoopGroup-1-9] DEBUG i.m.h.client.netty.DefaultHttpClient - Received response 200 from http://192.168.0.77:8080/rest/servicepoint/branches/6/workProfiles/14/queues
23 апр 2026;10:33:09.111 [default-nioEventLoopGroup-1-9] TRACE i.m.h.client.netty.DefaultHttpClient - HTTP Client Response Received (200 OK) for Request: GET http://192.168.0.77:8080/rest/servicepoint/branches/6/workProfiles/14/queues
23 апр 2026;10:33:09.111 [default-nioEventLoopGroup-1-9] TRACE i.m.h.client.netty.DefaultHttpClient - Cache-Control: no-store, no-cache, max-age=0, must-revalidate
23 апр 2026;10:33:09.111 [default-nioEventLoopGroup-1-9] TRACE i.m.h.client.netty.DefaultHttpClient - X-Powered-By: Undertow/1
23 апр 2026;10:33:09.111 [default-nioEventLoopGroup-1-9] TRACE i.m.h.client.netty.DefaultHttpClient - Server: WildFly/8
23 апр 2026;10:33:09.111 [default-nioEventLoopGroup-1-9] TRACE i.m.h.client.netty.DefaultHttpClient - X-XSS-Protection: 1
23 апр 2026;10:33:09.111 [default-nioEventLoopGroup-1-9] TRACE i.m.h.client.netty.DefaultHttpClient - X-Frame-Options: SAMEORIGIN
23 апр 2026;10:33:09.111 [default-nioEventLoopGroup-1-9] TRACE i.m.h.client.netty.DefaultHttpClient - Content-Security-Policy: default-src *; style-src * 'unsafe-inline'; script-src * 'unsafe-inline' 'unsafe-eval'; img-src * data: 'unsafe-inline'; connect-src * 'unsafe-inline'; frame-src *;
23 апр 2026;10:33:09.111 [default-nioEventLoopGroup-1-9] TRACE i.m.h.client.netty.DefaultHttpClient - Date: Thu, 23 Apr 2026 07:33:09 GMT
23 апр 2026;10:33:09.111 [default-nioEventLoopGroup-1-9] TRACE i.m.h.client.netty.DefaultHttpClient - Connection: close
23 апр 2026;10:33:09.112 [default-nioEventLoopGroup-1-9] TRACE i.m.h.client.netty.DefaultHttpClient - X-Content-Type-Options: nosniff
23 апр 2026;10:33:09.112 [default-nioEventLoopGroup-1-9] TRACE i.m.h.client.netty.DefaultHttpClient - Strict-Transport-Security: max-age=31536000; includeSubDomains
23 апр 2026;10:33:09.112 [default-nioEventLoopGroup-1-9] TRACE i.m.h.client.netty.DefaultHttpClient - Content-Type: application/json
23 апр 2026;10:33:09.112 [default-nioEventLoopGroup-1-9] TRACE i.m.h.client.netty.DefaultHttpClient - content-length: 278
23 апр 2026;10:33:09.112 [default-nioEventLoopGroup-1-9] TRACE i.m.h.client.netty.DefaultHttpClient - Response Body
23 апр 2026;10:33:09.112 [default-nioEventLoopGroup-1-9] TRACE i.m.h.client.netty.DefaultHttpClient - ----
23 апр 2026;10:33:09.112 [default-nioEventLoopGroup-1-9] TRACE i.m.h.client.netty.DefaultHttpClient - [{"id":9,"name":"Очередь по умолчанию","queueType":"QUEUE","customersWaiting":9,"waitingTime":684899,"serviceLevel":5},{"id":10,"name":"Очередь по умолчанию 2","queueType":"QUEUE","customersWaiting":183,"waitingTime":684975,"serviceLevel":5}]
23 апр 2026;10:33:09.112 [default-nioEventLoopGroup-1-9] TRACE i.m.h.client.netty.DefaultHttpClient - ----
23 апр 2026;10:33:09.120 [default-nioEventLoopGroup-1-10] DEBUG i.m.h.client.netty.DefaultHttpClient - Sending HTTP GET to http://192.168.0.77:8080/rest/servicepoint/branches/6/workProfiles/7/queues
23 апр 2026;10:33:09.120 [default-nioEventLoopGroup-1-10] TRACE i.m.h.client.netty.DefaultHttpClient - Authorization: Basic c3VwZXJhZG1pbjp1bGFu
23 апр 2026;10:33:09.120 [default-nioEventLoopGroup-1-10] TRACE i.m.h.client.netty.DefaultHttpClient - Cookie: SSOcookie=57b46714-2f27-46b7-9921-8d8de8bba70d
23 апр 2026;10:33:09.120 [default-nioEventLoopGroup-1-10] TRACE i.m.h.client.netty.DefaultHttpClient - host: 192.168.0.77:8080
23 апр 2026;10:33:09.120 [default-nioEventLoopGroup-1-10] TRACE i.m.h.client.netty.DefaultHttpClient - connection: close
23 апр 2026;10:33:09.131 [default-nioEventLoopGroup-1-10] DEBUG i.m.h.client.netty.DefaultHttpClient - Received response 200 from http://192.168.0.77:8080/rest/servicepoint/branches/6/workProfiles/7/queues
23 апр 2026;10:33:09.131 [default-nioEventLoopGroup-1-10] TRACE i.m.h.client.netty.DefaultHttpClient - HTTP Client Response Received (200 OK) for Request: GET http://192.168.0.77:8080/rest/servicepoint/branches/6/workProfiles/7/queues
23 апр 2026;10:33:09.131 [default-nioEventLoopGroup-1-10] TRACE i.m.h.client.netty.DefaultHttpClient - Cache-Control: no-store, no-cache, max-age=0, must-revalidate
23 апр 2026;10:33:09.131 [default-nioEventLoopGroup-1-10] TRACE i.m.h.client.netty.DefaultHttpClient - X-Powered-By: Undertow/1
23 апр 2026;10:33:09.131 [default-nioEventLoopGroup-1-10] TRACE i.m.h.client.netty.DefaultHttpClient - Server: WildFly/8
23 апр 2026;10:33:09.131 [default-nioEventLoopGroup-1-10] TRACE i.m.h.client.netty.DefaultHttpClient - X-XSS-Protection: 1
23 апр 2026;10:33:09.131 [default-nioEventLoopGroup-1-10] TRACE i.m.h.client.netty.DefaultHttpClient - X-Frame-Options: SAMEORIGIN
23 апр 2026;10:33:09.132 [default-nioEventLoopGroup-1-10] TRACE i.m.h.client.netty.DefaultHttpClient - Content-Security-Policy: default-src *; style-src * 'unsafe-inline'; script-src * 'unsafe-inline' 'unsafe-eval'; img-src * data: 'unsafe-inline'; connect-src * 'unsafe-inline'; frame-src *;
23 апр 2026;10:33:09.132 [default-nioEventLoopGroup-1-10] TRACE i.m.h.client.netty.DefaultHttpClient - Date: Thu, 23 Apr 2026 07:33:09 GMT
23 апр 2026;10:33:09.132 [default-nioEventLoopGroup-1-10] TRACE i.m.h.client.netty.DefaultHttpClient - Connection: close
23 апр 2026;10:33:09.132 [default-nioEventLoopGroup-1-10] TRACE i.m.h.client.netty.DefaultHttpClient - X-Content-Type-Options: nosniff
23 апр 2026;10:33:09.132 [default-nioEventLoopGroup-1-10] TRACE i.m.h.client.netty.DefaultHttpClient - Strict-Transport-Security: max-age=31536000; includeSubDomains
23 апр 2026;10:33:09.132 [default-nioEventLoopGroup-1-10] TRACE i.m.h.client.netty.DefaultHttpClient - Content-Type: application/json
23 апр 2026;10:33:09.132 [default-nioEventLoopGroup-1-10] TRACE i.m.h.client.netty.DefaultHttpClient - content-length: 546
23 апр 2026;10:33:09.132 [default-nioEventLoopGroup-1-10] TRACE i.m.h.client.netty.DefaultHttpClient - Response Body
23 апр 2026;10:33:09.132 [default-nioEventLoopGroup-1-10] TRACE i.m.h.client.netty.DefaultHttpClient - ----
23 апр 2026;10:33:09.132 [default-nioEventLoopGroup-1-10] TRACE i.m.h.client.netty.DefaultHttpClient - [{"id":11,"name":"Очередь по умолчанию 3","queueType":"QUEUE","customersWaiting":0,"waitingTime":0,"serviceLevel":5},{"id":12,"name":"Очередь по умолчанию 4","queueType":"QUEUE","customersWaiting":0,"waitingTime":0,"serviceLevel":5},{"id":9,"name":"Очередь по умолчанию","queueType":"QUEUE","customersWaiting":9,"waitingTime":684900,"serviceLevel":5},{"id":10,"name":"Очередь по умолчанию 2","queueType":"QUEUE","customersWaiting":183,"waitingTime":684976,"serviceLevel":5}]
23 апр 2026;10:33:09.132 [default-nioEventLoopGroup-1-10] TRACE i.m.h.client.netty.DefaultHttpClient - ----
23 апр 2026;10:33:09.141 [default-nioEventLoopGroup-1-11] DEBUG i.m.h.client.netty.DefaultHttpClient - Sending HTTP GET to http://192.168.0.77:8080/rest/servicepoint/branches/6/queues/
23 апр 2026;10:33:09.141 [default-nioEventLoopGroup-1-11] TRACE i.m.h.client.netty.DefaultHttpClient - Authorization: Basic c3VwZXJhZG1pbjp1bGFu
23 апр 2026;10:33:09.141 [default-nioEventLoopGroup-1-11] TRACE i.m.h.client.netty.DefaultHttpClient - Cookie: SSOcookie=57b46714-2f27-46b7-9921-8d8de8bba70d
23 апр 2026;10:33:09.141 [default-nioEventLoopGroup-1-11] TRACE i.m.h.client.netty.DefaultHttpClient - host: 192.168.0.77:8080
23 апр 2026;10:33:09.141 [default-nioEventLoopGroup-1-11] TRACE i.m.h.client.netty.DefaultHttpClient - connection: close
23 апр 2026;10:33:09.152 [default-nioEventLoopGroup-1-11] DEBUG i.m.h.client.netty.DefaultHttpClient - Received response 200 from http://192.168.0.77:8080/rest/servicepoint/branches/6/queues/
23 апр 2026;10:33:09.152 [default-nioEventLoopGroup-1-11] TRACE i.m.h.client.netty.DefaultHttpClient - HTTP Client Response Received (200 OK) for Request: GET http://192.168.0.77:8080/rest/servicepoint/branches/6/queues/
23 апр 2026;10:33:09.152 [default-nioEventLoopGroup-1-11] TRACE i.m.h.client.netty.DefaultHttpClient - Cache-Control: no-store, no-cache, max-age=0, must-revalidate
23 апр 2026;10:33:09.152 [default-nioEventLoopGroup-1-11] TRACE i.m.h.client.netty.DefaultHttpClient - X-Powered-By: Undertow/1
23 апр 2026;10:33:09.152 [default-nioEventLoopGroup-1-11] TRACE i.m.h.client.netty.DefaultHttpClient - Server: WildFly/8
23 апр 2026;10:33:09.152 [default-nioEventLoopGroup-1-11] TRACE i.m.h.client.netty.DefaultHttpClient - X-XSS-Protection: 1
23 апр 2026;10:33:09.152 [default-nioEventLoopGroup-1-11] TRACE i.m.h.client.netty.DefaultHttpClient - X-Frame-Options: SAMEORIGIN
23 апр 2026;10:33:09.153 [default-nioEventLoopGroup-1-11] TRACE i.m.h.client.netty.DefaultHttpClient - Content-Security-Policy: default-src *; style-src * 'unsafe-inline'; script-src * 'unsafe-inline' 'unsafe-eval'; img-src * data: 'unsafe-inline'; connect-src * 'unsafe-inline'; frame-src *;
23 апр 2026;10:33:09.153 [default-nioEventLoopGroup-1-11] TRACE i.m.h.client.netty.DefaultHttpClient - Date: Thu, 23 Apr 2026 07:33:09 GMT
23 апр 2026;10:33:09.153 [default-nioEventLoopGroup-1-11] TRACE i.m.h.client.netty.DefaultHttpClient - Connection: close
23 апр 2026;10:33:09.153 [default-nioEventLoopGroup-1-11] TRACE i.m.h.client.netty.DefaultHttpClient - X-Content-Type-Options: nosniff
23 апр 2026;10:33:09.153 [default-nioEventLoopGroup-1-11] TRACE i.m.h.client.netty.DefaultHttpClient - Strict-Transport-Security: max-age=31536000; includeSubDomains
23 апр 2026;10:33:09.153 [default-nioEventLoopGroup-1-11] TRACE i.m.h.client.netty.DefaultHttpClient - Content-Type: application/json
23 апр 2026;10:33:09.153 [default-nioEventLoopGroup-1-11] TRACE i.m.h.client.netty.DefaultHttpClient - content-length: 670
23 апр 2026;10:33:09.153 [default-nioEventLoopGroup-1-11] TRACE i.m.h.client.netty.DefaultHttpClient - Response Body
23 апр 2026;10:33:09.153 [default-nioEventLoopGroup-1-11] TRACE i.m.h.client.netty.DefaultHttpClient - ----
23 апр 2026;10:33:09.153 [default-nioEventLoopGroup-1-11] TRACE i.m.h.client.netty.DefaultHttpClient - [{"id":12,"name":"Очередь по умолчанию 4","queueType":"QUEUE","customersWaiting":0,"waitingTime":0,"serviceLevel":5},{"id":9,"name":"Очередь по умолчанию","queueType":"QUEUE","customersWaiting":9,"waitingTime":684900,"serviceLevel":5},{"id":10,"name":"Очередь по умолчанию 2","queueType":"QUEUE","customersWaiting":183,"waitingTime":684976,"serviceLevel":5},{"id":11,"name":"Очередь по умолчанию 3","queueType":"QUEUE","customersWaiting":0,"waitingTime":0,"serviceLevel":5},{"id":98,"name":"Врач не назначен","queueType":"QUEUE","customersWaiting":0,"waitingTime":0,"serviceLevel":5}]
23 апр 2026;10:33:09.153 [default-nioEventLoopGroup-1-11] TRACE i.m.h.client.netty.DefaultHttpClient - ----
23 апр 2026;10:33:09.163 [default-nioEventLoopGroup-1-12] DEBUG i.m.h.client.netty.DefaultHttpClient - Sending HTTP GET to http://192.168.0.77:8080/rest/managementinformation/v2/branches/6/servicePoints
23 апр 2026;10:33:09.164 [default-nioEventLoopGroup-1-12] TRACE i.m.h.client.netty.DefaultHttpClient - Authorization: Basic c3VwZXJhZG1pbjp1bGFu
23 апр 2026;10:33:09.164 [default-nioEventLoopGroup-1-12] TRACE i.m.h.client.netty.DefaultHttpClient - Cookie: SSOcookie=57b46714-2f27-46b7-9921-8d8de8bba70d
23 апр 2026;10:33:09.164 [default-nioEventLoopGroup-1-12] TRACE i.m.h.client.netty.DefaultHttpClient - host: 192.168.0.77:8080
23 апр 2026;10:33:09.164 [default-nioEventLoopGroup-1-12] TRACE i.m.h.client.netty.DefaultHttpClient - connection: close
23 апр 2026;10:33:09.188 [default-nioEventLoopGroup-1-12] DEBUG i.m.h.client.netty.DefaultHttpClient - Received response 200 from http://192.168.0.77:8080/rest/managementinformation/v2/branches/6/servicePoints
23 апр 2026;10:33:09.188 [default-nioEventLoopGroup-1-12] TRACE i.m.h.client.netty.DefaultHttpClient - HTTP Client Response Received (200 OK) for Request: GET http://192.168.0.77:8080/rest/managementinformation/v2/branches/6/servicePoints
23 апр 2026;10:33:09.188 [default-nioEventLoopGroup-1-12] TRACE i.m.h.client.netty.DefaultHttpClient - Cache-Control: no-store, no-cache, max-age=0, must-revalidate
23 апр 2026;10:33:09.188 [default-nioEventLoopGroup-1-12] TRACE i.m.h.client.netty.DefaultHttpClient - X-Powered-By: Undertow/1
23 апр 2026;10:33:09.188 [default-nioEventLoopGroup-1-12] TRACE i.m.h.client.netty.DefaultHttpClient - Server: WildFly/8
23 апр 2026;10:33:09.188 [default-nioEventLoopGroup-1-12] TRACE i.m.h.client.netty.DefaultHttpClient - X-XSS-Protection: 1
23 апр 2026;10:33:09.188 [default-nioEventLoopGroup-1-12] TRACE i.m.h.client.netty.DefaultHttpClient - X-Frame-Options: SAMEORIGIN
23 апр 2026;10:33:09.188 [default-nioEventLoopGroup-1-12] TRACE i.m.h.client.netty.DefaultHttpClient - Content-Security-Policy: default-src *; style-src * 'unsafe-inline'; script-src * 'unsafe-inline' 'unsafe-eval'; img-src * data: 'unsafe-inline'; connect-src * 'unsafe-inline'; frame-src *;
23 апр 2026;10:33:09.189 [default-nioEventLoopGroup-1-12] TRACE i.m.h.client.netty.DefaultHttpClient - Date: Thu, 23 Apr 2026 07:33:09 GMT
23 апр 2026;10:33:09.189 [default-nioEventLoopGroup-1-12] TRACE i.m.h.client.netty.DefaultHttpClient - Connection: close
23 апр 2026;10:33:09.189 [default-nioEventLoopGroup-1-12] TRACE i.m.h.client.netty.DefaultHttpClient - X-Content-Type-Options: nosniff
23 апр 2026;10:33:09.189 [default-nioEventLoopGroup-1-12] TRACE i.m.h.client.netty.DefaultHttpClient - Strict-Transport-Security: max-age=31536000; includeSubDomains
23 апр 2026;10:33:09.189 [default-nioEventLoopGroup-1-12] TRACE i.m.h.client.netty.DefaultHttpClient - Content-Type: application/json
23 апр 2026;10:33:09.189 [default-nioEventLoopGroup-1-12] TRACE i.m.h.client.netty.DefaultHttpClient - content-length: 853
23 апр 2026;10:33:09.189 [default-nioEventLoopGroup-1-12] TRACE i.m.h.client.netty.DefaultHttpClient - Response Body
23 апр 2026;10:33:09.189 [default-nioEventLoopGroup-1-12] TRACE i.m.h.client.netty.DefaultHttpClient - ----
23 апр 2026;10:33:09.189 [default-nioEventLoopGroup-1-12] TRACE i.m.h.client.netty.DefaultHttpClient - [{"id":120000000006,"name":"Кабинет 13","branchId":6,"branchName":"Chat_Bot_Demo","staffId":1,"staffName":"superadmin","staffFullName":"Super Administrator","workProfileId":7,"workProfileName":"Универсал","currentServiceName":"","currentCustomerName":"","currentTicketNumber":"","currentVisitId":null,"status":"OPEN","currentTransactionTime":0,"customersServed":0,"currentServiceCurrentTransactionTime":0,"serviceTargetTransTime":null},{"id":110000000006,"name":null,"branchId":6,"branchName":"Chat_Bot_Demo","staffId":null,"staffName":null,"staffFullName":null,"workProfileId":null,"workProfileName":null,"currentServiceName":"","currentCustomerName":"","currentTicketNumber":"","currentVisitId":null,"status":"OPEN","currentTransactionTime":0,"customersServed":0,"currentServiceCurrentTransactionTime":0,"serviceTargetTransTime":null}]
23 апр 2026;10:33:09.189 [default-nioEventLoopGroup-1-12] TRACE i.m.h.client.netty.DefaultHttpClient - ----
23 апр 2026;10:33:09.419 [main] TRACE i.m.h.server.netty.NettyHttpServer - Binding server to *:8085
23 апр 2026;10:34:00.017 [default-nioEventLoopGroup-1-14] DEBUG i.m.h.client.netty.DefaultHttpClient - Sending HTTP GET to http://192.168.0.77:8080/rest/entrypoint/branches/6/queues/98/visits/full/
23 апр 2026;10:34:00.017 [default-nioEventLoopGroup-1-14] TRACE i.m.h.client.netty.DefaultHttpClient - Authorization: Basic c3VwZXJhZG1pbjp1bGFu
23 апр 2026;10:34:00.018 [default-nioEventLoopGroup-1-14] TRACE i.m.h.client.netty.DefaultHttpClient - Cookie: SSOcookie=57b46714-2f27-46b7-9921-8d8de8bba70d
23 апр 2026;10:34:00.018 [default-nioEventLoopGroup-1-14] TRACE i.m.h.client.netty.DefaultHttpClient - host: 192.168.0.77:8080
23 апр 2026;10:34:00.018 [default-nioEventLoopGroup-1-14] TRACE i.m.h.client.netty.DefaultHttpClient - connection: close
23 апр 2026;10:34:00.095 [default-nioEventLoopGroup-1-14] DEBUG i.m.h.client.netty.DefaultHttpClient - Received response 200 from http://192.168.0.77:8080/rest/entrypoint/branches/6/queues/98/visits/full/
23 апр 2026;10:34:00.095 [default-nioEventLoopGroup-1-14] TRACE i.m.h.client.netty.DefaultHttpClient - HTTP Client Response Received (200 OK) for Request: GET http://192.168.0.77:8080/rest/entrypoint/branches/6/queues/98/visits/full/
23 апр 2026;10:34:00.095 [default-nioEventLoopGroup-1-14] TRACE i.m.h.client.netty.DefaultHttpClient - Cache-Control: no-store, no-cache, max-age=0, must-revalidate
23 апр 2026;10:34:00.095 [default-nioEventLoopGroup-1-14] TRACE i.m.h.client.netty.DefaultHttpClient - X-Powered-By: Undertow/1
23 апр 2026;10:34:00.095 [default-nioEventLoopGroup-1-14] TRACE i.m.h.client.netty.DefaultHttpClient - Server: WildFly/8
23 апр 2026;10:34:00.096 [default-nioEventLoopGroup-1-14] TRACE i.m.h.client.netty.DefaultHttpClient - X-XSS-Protection: 1
23 апр 2026;10:34:00.096 [default-nioEventLoopGroup-1-14] TRACE i.m.h.client.netty.DefaultHttpClient - X-Frame-Options: SAMEORIGIN
23 апр 2026;10:34:00.096 [default-nioEventLoopGroup-1-14] TRACE i.m.h.client.netty.DefaultHttpClient - Content-Security-Policy: default-src *; style-src * 'unsafe-inline'; script-src * 'unsafe-inline' 'unsafe-eval'; img-src * data: 'unsafe-inline'; connect-src * 'unsafe-inline'; frame-src *;
23 апр 2026;10:34:00.096 [default-nioEventLoopGroup-1-14] TRACE i.m.h.client.netty.DefaultHttpClient - Date: Thu, 23 Apr 2026 07:33:59 GMT
23 апр 2026;10:34:00.096 [default-nioEventLoopGroup-1-14] TRACE i.m.h.client.netty.DefaultHttpClient - Connection: close
23 апр 2026;10:34:00.096 [default-nioEventLoopGroup-1-14] TRACE i.m.h.client.netty.DefaultHttpClient - X-Content-Type-Options: nosniff
23 апр 2026;10:34:00.096 [default-nioEventLoopGroup-1-14] TRACE i.m.h.client.netty.DefaultHttpClient - Strict-Transport-Security: max-age=31536000; includeSubDomains
23 апр 2026;10:34:00.096 [default-nioEventLoopGroup-1-14] TRACE i.m.h.client.netty.DefaultHttpClient - Content-Type: application/json
23 апр 2026;10:34:00.096 [default-nioEventLoopGroup-1-14] TRACE i.m.h.client.netty.DefaultHttpClient - content-length: 39136
23 апр 2026;10:34:00.096 [default-nioEventLoopGroup-1-14] TRACE i.m.h.client.netty.DefaultHttpClient - Response Body
23 апр 2026;10:34:00.096 [default-nioEventLoopGroup-1-14] TRACE i.m.h.client.netty.DefaultHttpClient - ----
23 апр 2026;10:34:00.096 [default-nioEventLoopGroup-1-14] TRACE i.m.h.client.netty.DefaultHttpClient - [{"id":182036,"checksum":"1467028006","ticketId":"A2185","unservedVisitServices":[{"id":190921,"eventTime":"10:33","serviceId":7,"serviceInternalName":"Оккулист","serviceExternalName":"Оккулист","visitDeliveredServices":[],"visitOutcome":null,"outcomeExists":false,"deliveredServiceExists":false},{"id":190922,"eventTime":"10:33","serviceId":6,"serviceInternalName":"Стоматолог","serviceExternalName":"Стоматолог","visitDeliveredServices":[],"visitOutcome":null,"outcomeExists":false,"deliveredServiceExists":false},{"id":190923,"eventTime":"10:33","serviceId":5,"serviceInternalName":"Терапевт","serviceExternalName":"Терапевт","visitDeliveredServices":[],"visitOutcome":null,"outcomeExists":false,"deliveredServiceExists":false},{"id":190924,"eventTime":"10:33","serviceId":4,"serviceInternalName":"Хирург","serviceExternalName":"Хирург","visitDeliveredServices":[],"visitOutcome":null,"outcomeExists":false,"deliveredServiceExists":false}],"currentVisitService":{"id":190920,"eventTime":"10:33","serviceId":72,"serviceInternalName":"Врач не назначен","serviceExternalName":"Врач не назначен","visitDeliveredServices":[],"visitOutcome":null,"outcomeExists":false,"deliveredServiceExists":false},"servedVisitServices":[],"visitMarks":[],"customerIds":[],"waitingTime":18,"totalWaitingTime":0,"timeSinceCalled":0,"recycleAllowed":false,"noshowAllowed":false,"recallAllowed":false,"parameterMap":{"startQueueOrigId":98,"branchName":"Chat_Bot_Demo","totWaitTime":0},"appointmentId":null,"appointmentTime":null,"branchCurrentTime":"10:33:59"},{"id":182037,"checksum":"584321852","ticketId":"A2186","unservedVisitServices":[{"id":190926,"eventTime":"10:33","serviceId":7,"serviceInternalName":"Оккулист","serviceExternalName":"Оккулист","visitDeliveredServices":[],"visitOutcome":null,"outcomeExists":false,"deliveredServiceExists":false},{"id":190927,"eventTime":"10:33","serviceId":6,"serviceInternalName":"Стоматолог","serviceExternalName":"Стоматолог","visitDeliveredServices":[],"visitOutcome":null,"outcomeExists":false,"deliveredServiceExists":false},{"id":190928,"eventTime":"10:33","serviceId":5,"serviceInternalName":"Терапевт","serviceExternalName":"Терапевт","visitDeliveredServices":[],"visitOutcome":null,"outcomeExists":false,"deliveredServiceExists":false},{"id":190929,"eventTime":"10:33","serviceId":4,"serviceInternalName":"Хирург","serviceExternalName":"Хирург","visitDeliveredServices":[],"visitOutcome":null,"outcomeExists":false,"deliveredServiceExists":false}],"currentVisitService":{"id":190925,"eventTime":"10:33","serviceId":72,"serviceInternalName":"Врач не назначен","serviceExternalName":"Врач не назначен","visitDeliveredServices":[],"visitOutcome":null,"outcomeExists":false,"deliveredServiceExists":false},"servedVisitServices":[],"visitMarks":[],"customerIds":[],"waitingTime":18,"totalWaitingTime":0,"timeSinceCalled":0,"recycleAllowed":false,"noshowAllowed":false,"recallAllowed":false,"parameterMap":{"branchName":"Chat_Bot_Demo","startQueueOrigId":98,"totWaitTime":0},"appointmentId":null,"appointmentTime":null,"branchCurrentTime":"10:33:59"},{"id":182038,"checksum":"624687332","ticketId":"A2187","unservedVisitServices":[{"id":190931,"eventTime":"10:33","serviceId":7,"serviceInternalName":"Оккулист","serviceExternalName":"Оккулист","visitDeliveredServices":[],"visitOutcome":null,"outcomeExists":false,"deliveredServiceExists":false},{"id":190932,"eventTime":"10:33","serviceId":6,"serviceInternalName":"Стоматолог","serviceExternalName":"Стоматолог","visitDeliveredServices":[],"visitOutcome":null,"outcomeExists":false,"deliveredServiceExists":false},{"id":190933,"eventTime":"10:33","serviceId":5,"serviceInternalName":"Терапевт","serviceExternalName":"Терапевт","visitDeliveredServices":[],"visitOutcome":null,"outcomeExists":false,"deliveredServiceExists":false},{"id":190934,"eventTime":"10:33","serviceId":4,"serviceInternalName":"Хирург","serviceExternalName":"Хирург","visitDeliveredServices":[],"visitOutcome":null,"outcomeExists":false,"deliveredServiceExists":false}],"currentVisitService":{"id":190930,"eventTime":"10:33","serviceId":72,"serviceInternalName":"Врач не назначен","serviceExternalName":"Врач не назначен","visitDeliveredServices":[],"visitOutcome":null,"outcomeExists":false,"deliveredServiceExists":false},"servedVisitServices":[],"visitMarks":[],"customerIds":[],"waitingTime":18,"totalWaitingTime":0,"timeSinceCalled":0,"recycleAllowed":false,"noshowAllowed":false,"recallAllowed":false,"parameterMap":{"startQueueOrigId":98,"branchName":"Chat_Bot_Demo","totWaitTime":0},"appointmentId":null,"appointmentTime":null,"branchCurrentTime":"10:33:59"},{"id":182039,"checksum":"135615355","ticketId":"A2188","unservedVisitServices":[{"id":190936,"eventTime":"10:33","serviceId":7,"serviceInternalName":"Оккулист","serviceExternalName":"Оккулист","visitDeliveredServices":[],"visitOutcome":null,"outcomeExists":false,"deliveredServiceExists":false},{"id":190937,"eventTime":"10:33","serviceId":6,"serviceInternalName":"Стоматолог","serviceExternalName":"Стоматолог","visitDeliveredServices":[],"visitOutcome":null,"outcomeExists":false,"deliveredServiceExists":false},{"id":190938,"eventTime":"10:33","serviceId":5,"serviceInternalName":"Терапевт","serviceExternalName":"Терапевт","visitDeliveredServices":[],"visitOutcome":null,"outcomeExists":false,"deliveredServiceExists":false},{"id":190939,"eventTime":"10:33","serviceId":4,"serviceInternalName":"Хирург","serviceExternalName":"Хирург","visitDeliveredServices":[],"visitOutcome":null,"outcomeExists":false,"deliveredServiceExists":false}],"currentVisitService":{"id":190935,"eventTime":"10:33","serviceId":72,"serviceInternalName":"Врач не назначен","serviceExternalName":"Врач не назначен","visitDeliveredServices":[],"visitOutcome":null,"outcomeExists":false,"deliveredServiceExists":false},"servedVisitServices":[],"visitMarks":[],"customerIds":[],"waitingTime":18,"totalWaitingTime":0,"timeSinceCalled":0,"recycleAllowed":false,"noshowAllowed":false,"recallAllowed":false,"parameterMap":{"branchName":"Chat_Bot_Demo","startQueueOrigId":98,"totWaitTime":0},"appointmentId":null,"appointmentTime":null,"branchCurrentTime":"10:33:59"},{"id":182040,"checksum":"1085092036","ticketId":"A2189","unservedVisitServices":[{"id":190941,"eventTime":"10:33","serviceId":7,"serviceInternalName":"Оккулист","serviceExternalName":"Оккулист","visitDeliveredServices":[],"visitOutcome":null,"outcomeExists":false,"deliveredServiceExists":false},{"id":190942,"eventTime":"10:33","serviceId":6,"serviceInternalName":"Стоматолог","serviceExternalName":"Стоматолог","visitDeliveredServices":[],"visitOutcome":null,"outcomeExists":false,"deliveredServiceExists":false},{"id":190943,"eventTime":"10:33","serviceId":5,"serviceInternalName":"Терапевт","serviceExternalName":"Терапевт","visitDeliveredServices":[],"visitOutcome":null,"outcomeExists":false,"deliveredServiceExists":false},{"id":190944,"eventTime":"10:33","serviceId":4,"serviceInternalName":"Хирург","serviceExternalName":"Хирург","visitDeliveredServices":[],"visitOutcome":null,"outcomeExists":false,"deliveredServiceExists":false}],"currentVisitService":{"id":190940,"eventTime":"10:33","serviceId":72,"serviceInternalName":"Врач не назначен","serviceExternalName":"Врач не назначен","visitDeliveredServices":[],"visitOutcome":null,"outcomeExists":false,"deliveredServiceExists":false},"servedVisitServices":[],"visitMarks":[],"customerIds":[],"waitingTime":18,"totalWaitingTime":0,"timeSinceCalled":0,"recycleAllowed":false,"noshowAllowed":false,"recallAllowed":false,"parameterMap":{"startQueueOrigId":98,"branchName":"Chat_Bot_Demo","totWaitTime":0},"appointmentId":null,"appointmentTime":null,"branchCurrentTime":"10:33:59"},{"id":182041,"checksum":"529450983","ticketId":"A2190","unservedVisitServices":[{"id":190946,"eventTime":"10:33","serviceId":7,"serviceInternalName":"Оккулист","serviceExternalName":"Оккулист","visitDeliveredServices":[],"visitOutcome":null,"outcomeExists":false,"deliveredServiceExists":false},{"id":190947,"eventTime":"10:33","serviceId":6,"serviceInternalName":"Стоматолог","serviceExternalName":"Стоматолог","visitDeliveredServices":[],"visitOutcome":null,"outcomeExists":false,"deliveredServiceExists":false},{"id":190948,"eventTime":"10:33","serviceId":5,"serviceInternalName":"Терапевт","serviceExternalName":"Терапевт","visitDeliveredServices":[],"visitOutcome":null,"outcomeExists":false,"deliveredServiceExists":false},{"id":190949,"eventTime":"10:33","serviceId":4,"serviceInternalName":"Хирург","serviceExternalName":"Хирург","visitDeliveredServices":[],"visitOutcome":null,"outcomeExists":false,"deliveredServiceExists":false}],"currentVisitService":{"id":190945,"eventTime":"10:33","serviceId":72,"serviceInternalName":"Врач не назначен","serviceExternalName":"Врач не назначен","visitDeliveredServices":[],"visitOutcome":null,"outcomeExists":false,"deliveredServiceExists":false},"servedVisitServices":[],"visitMarks":[],"customerIds":[],"waitingTime":18,"totalWaitingTime":0,"timeSinceCalled":0,"recycleAllowed":false,"noshowAllowed":false,"recallAllowed":false,"parameterMap":{"branchName":"Chat_Bot_Demo","startQueueOrigId":98,"totWaitTime":0},"appointmentId":null,"appointmentTime":null,"branchCurrentTime":"10:33:59"},{"id":182042,"checksum":"1704417119","ticketId":"A2191","unservedVisitServices":[{"id":190951,"eventTime":"10:33","serviceId":7,"serviceInternalName":"Оккулист","serviceExternalName":"Оккулист","visitDeliveredServices":[],"visitOutcome":null,"outcomeExists":false,"deliveredServiceExists":false},{"id":190952,"eventTime":"10:33","serviceId":6,"serviceInternalName":"Стоматолог","serviceExternalName":"Стоматолог","visitDeliveredServices":[],"visitOutcome":null,"outcomeExists":false,"deliveredServiceExists":false},{"id":190953,"eventTime":"10:33","serviceId":5,"serviceInternalName":"Терапевт","serviceExternalName":"Терапевт","visitDeliveredServices":[],"visitOutcome":null,"outcomeExists":false,"deliveredServiceExists":false},{"id":190954,"eventTime":"10:33","serviceId":4,"serviceInternalName":"Хирург","serviceExternalName":"Хирург","visitDeliveredServices":[],"visitOutcome":null,"outcomeExists":false,"deliveredServiceExists":false}],"currentVisitService":{"id":190950,"eventTime":"10:33","serviceId":72,"serviceInternalName":"Врач не назначен","serviceExternalName":"Врач не назначен","visitDeliveredServices":[],"visitOutcome":null,"outcomeExists":false,"deliveredServiceExists":false},"servedVisitServices":[],"visitMarks":[],"customerIds":[],"waitingTime":17,"totalWaitingTime":0,"timeSinceCalled":0,"recycleAllowed":false,"noshowAllowed":false,"recallAllowed":false,"parameterMap":{"startQueueOrigId":98,"branchName":"Chat_Bot_Demo","totWaitTime":0},"appointmentId":null,"appointmentTime":null,"branchCurrentTime":"10:33:59"},{"id":182043,"checksum":"671551189","ticketId":"A2192","unservedVisitServices":[{"id":190956,"eventTime":"10:33","serviceId":7,"serviceInternalName":"Оккулист","serviceExternalName":"Оккулист","visitDeliveredServices":[],"visitOutcome":null,"outcomeExists":false,"deliveredServiceExists":false},{"id":190957,"eventTime":"10:33","serviceId":6,"serviceInternalName":"Стоматолог","serviceExternalName":"Стоматолог","visitDeliveredServices":[],"visitOutcome":null,"outcomeExists":false,"deliveredServiceExists":false},{"id":190958,"eventTime":"10:33","serviceId":5,"serviceInternalName":"Терапевт","serviceExternalName":"Терапевт","visitDeliveredServices":[],"visitOutcome":null,"outcomeExists":false,"deliveredServiceExists":false},{"id":190959,"eventTime":"10:33","serviceId":4,"serviceInternalName":"Хирург","serviceExternalName":"Хирург","visitDeliveredServices":[],"visitOutcome":null,"outcomeExists":false,"deliveredServiceExists":false}],"currentVisitService":{"id":190955,"eventTime":"10:33","serviceId":72,"serviceInternalName":"Врач не назначен","serviceExternalName":"Врач не назначен","visitDeliveredServices":[],"visitOutcome":null,"outcomeExists":false,"deliveredServiceExists":false},"servedVisitServices":[],"visitMarks":[],"customerIds":[],"waitingTime":17,"totalWaitingTime":0,"timeSinceCalled":0,"recycleAllowed":false,"noshowAllowed":false,"recallAllowed":false,"parameterMap":{"branchName":"Chat_Bot_Demo","startQueueOrigId":98,"totWaitTime":0},"appointmentId":null,"appointmentTime":null,"branchCurrentTime":"10:33:59"},{"id":182044,"checksum":"958266763","ticketId":"A2193","unservedVisitServices":[{"id":190961,"eventTime":"10:33","serviceId":7,"serviceInternalName":"Оккулист","serviceExternalName":"Оккулист","visitDeliveredServices":[],"visitOutcome":null,"outcomeExists":false,"deliveredServiceExists":false},{"id":190962,"eventTime":"10:33","serviceId":6,"serviceInternalName":"Стоматолог","serviceExternalName":"Стоматолог","visitDeliveredServices":[],"visitOutcome":null,"outcomeExists":false,"deliveredServiceExists":false},{"id":190963,"eventTime":"10:33","serviceId":5,"serviceInternalName":"Терапевт","serviceExternalName":"Терапевт","visitDeliveredServices":[],"visitOutcome":null,"outcomeExists":false,"deliveredServiceExists":false},{"id":190964,"eventTime":"10:33","serviceId":4,"serviceInternalName":"Хирург","serviceExternalName":"Хирург","visitDeliveredServices":[],"visitOutcome":null,"outcomeExists":false,"deliveredServiceExists":false}],"currentVisitService":{"id":190960,"eventTime":"10:33","serviceId":72,"serviceInternalName":"Врач не назначен","serviceExternalName":"Врач не назначен","visitDeliveredServices":[],"visitOutcome":null,"outcomeExists":false,"deliveredServiceExists":false},"servedVisitServices":[],"visitMarks":[],"customerIds":[],"waitingTime":17,"totalWaitingTime":0,"timeSinceCalled":0,"recycleAllowed":false,"noshowAllowed":false,"recallAllowed":false,"parameterMap":{"startQueueOrigId":98,"branchName":"Chat_Bot_Demo","totWaitTime":0},"appointmentId":null,"appointmentTime":null,"branchCurrentTime":"10:33:59"},{"id":182045,"checksum":"1531865840","ticketId":"A2194","unservedVisitServices":[{"id":190966,"eventTime":"10:33","serviceId":7,"serviceInternalName":"Оккулист","serviceExternalName":"Оккулист","visitDeliveredServices":[],"visitOutcome":null,"outcomeExists":false,"deliveredServiceExists":false},{"id":190967,"eventTime":"10:33","serviceId":6,"serviceInternalName":"Стоматолог","serviceExternalName":"Стоматолог","visitDeliveredServices":[],"visitOutcome":null,"outcomeExists":false,"deliveredServiceExists":false},{"id":190968,"eventTime":"10:33","serviceId":5,"serviceInternalName":"Терапевт","serviceExternalName":"Терапевт","visitDeliveredServices":[],"visitOutcome":null,"outcomeExists":false,"deliveredServiceExists":false},{"id":190969,"eventTime":"10:33","serviceId":4,"serviceInternalName":"Хирург","serviceExternalName":"Хирург","visitDeliveredServices":[],"visitOutcome":null,"outcomeExists":false,"deliveredServiceExists":false}],"currentVisitService":{"id":190965,"eventTime":"10:33","serviceId":72,"serviceInternalName":"Врач не назначен","serviceExternalName":"Врач не назначен","visitDeliveredServices":[],"visitOutcome":null,"outcomeExists":false,"deliveredServiceExists":false},"servedVisitServices":[],"visitMarks":[],"customerIds":[],"waitingTime":17,"totalWaitingTime":0,"timeSinceCalled":0,"recycleAllowed":false,"noshowAllowed":false,"recallAllowed":false,"parameterMap":{"branchName":"Chat_Bot_Demo","startQueueOrigId":98,"totWaitTime":0},"appointmentId":null,"appointmentTime":null,"branchCurrentTime":"10:33:59"},{"id":182046,"checksum":"1968446263","ticketId":"A2195","unservedVisitServices":[{"id":190971,"eventTime":"10:33","serviceId":7,"serviceInternalName":"Оккулист","serviceExternalName":"Оккулист","visitDeliveredServices":[],"visitOutcome":null,"outcomeExists":false,"deliveredServiceExists":false},{"id":190972,"eventTime":"10:33","serviceId":6,"serviceInternalName":"Стоматолог","serviceExternalName":"Стоматолог","visitDeliveredServices":[],"visitOutcome":null,"outcomeExists":false,"deliveredServiceExists":false},{"id":190973,"eventTime":"10:33","serviceId":5,"serviceInternalName":"Терапевт","serviceExternalName":"Терапевт","visitDeliveredServices":[],"visitOutcome":null,"outcomeExists":false,"deliveredServiceExists":false},{"id":190974,"eventTime":"10:33","serviceId":4,"serviceInternalName":"Хирург","serviceExternalName":"Хирург","visitDeliveredServices":[],"visitOutcome":null,"outcomeExists":false,"deliveredServiceExists":false}],"currentVisitService":{"id":190970,"eventTime":"10:33","serviceId":72,"serviceInternalName":"Врач не назначен","serviceExternalName":"Врач не назначен","visitDeliveredServices":[],"visitOutcome":null,"outcomeExists":false,"deliveredServiceExists":false},"servedVisitServices":[],"visitMarks":[],"customerIds":[],"waitingTime":17,"totalWaitingTime":0,"timeSinceCalled":0,"recycleAllowed":false,"noshowAllowed":false,"recallAllowed":false,"parameterMap":{"startQueueOrigId":98,"branchName":"Chat_Bot_Demo","totWaitTime":0},"appointmentId":null,"appointmentTime":null,"branchCurrentTime":"10:33:59"},{"id":182047,"checksum":"199993651","ticketId":"A2196","unservedVisitServices":[{"id":190976,"eventTime":"10:33","serviceId":7,"serviceInternalName":"Оккулист","serviceExternalName":"Оккулист","visitDeliveredServices":[],"visitOutcome":null,"outcomeExists":false,"deliveredServiceExists":false},{"id":190977,"eventTime":"10:33","serviceId":6,"serviceInternalName":"Стоматолог","serviceExternalName":"Стоматолог","visitDeliveredServices":[],"visitOutcome":null,"outcomeExists":false,"deliveredServiceExists":false},{"id":190978,"eventTime":"10:33","serviceId":5,"serviceInternalName":"Терапевт","serviceExternalName":"Терапевт","visitDeliveredServices":[],"visitOutcome":null,"outcomeExists":false,"deliveredServiceExists":false},{"id":190979,"eventTime":"10:33","serviceId":4,"serviceInternalName":"Хирург","serviceExternalName":"Хирург","visitDeliveredServices":[],"visitOutcome":null,"outcomeExists":false,"deliveredServiceExists":false}],"currentVisitService":{"id":190975,"eventTime":"10:33","serviceId":72,"serviceInternalName":"Врач не назначен","serviceExternalName":"Врач не назначен","visitDeliveredServices":[],"visitOutcome":null,"outcomeExists":false,"deliveredServiceExists":false},"servedVisitServices":[],"visitMarks":[],"customerIds":[],"waitingTime":17,"totalWaitingTime":0,"timeSinceCalled":0,"recycleAllowed":false,"noshowAllowed":false,"recallAllowed":false,"parameterMap":{"branchName":"Chat_Bot_Demo","startQueueOrigId":98,"totWaitTime":0},"appointmentId":null,"appointmentTime":null,"branchCurrentTime":"10:33:59"},{"id":182048,"checksum":"1837050162","ticketId":"A2197","unservedVisitServices":[{"id":190981,"eventTime":"10:33","serviceId":7,"serviceInternalName":"Оккулист","serviceExternalName":"Оккулист","visitDeliveredServices":[],"visitOutcome":null,"outcomeExists":false,"deliveredServiceExists":false},{"id":190982,"eventTime":"10:33","serviceId":6,"serviceInternalName":"Стоматолог","serviceExternalName":"Стоматолог","visitDeliveredServices":[],"visitOutcome":null,"outcomeExists":false,"deliveredServiceExists":false},{"id":190983,"eventTime":"10:33","serviceId":5,"serviceInternalName":"Терапевт","serviceExternalName":"Терапевт","visitDeliveredServices":[],"visitOutcome":null,"outcomeExists":false,"deliveredServiceExists":false},{"id":190984,"eventTime":"10:33","serviceId":4,"serviceInternalName":"Хирург","serviceExternalName":"Хирург","visitDeliveredServices":[],"visitOutcome":null,"outcomeExists":false,"deliveredServiceExists":false}],"currentVisitService":{"id":190980,"eventTime":"10:33","serviceId":72,"serviceInternalName":"Врач не назначен","serviceExternalName":"Врач не назначен","visitDeliveredServices":[],"visitOutcome":null,"outcomeExists":false,"deliveredServiceExists":false},"servedVisitServices":[],"visitMarks":[],"customerIds":[],"waitingTime":16,"totalWaitingTime":0,"timeSinceCalled":0,"recycleAllowed":false,"noshowAllowed":false,"recallAllowed":false,"parameterMap":{"startQueueOrigId":98,"branchName":"Chat_Bot_Demo","totWaitTime":0},"appointmentId":null,"appointmentTime":null,"branchCurrentTime":"10:33:59"},{"id":182049,"checksum":"2130215569","ticketId":"A2198","unservedVisitServices":[{"id":190986,"eventTime":"10:33","serviceId":7,"serviceInternalName":"Оккулист","serviceExternalName":"Оккулист","visitDeliveredServices":[],"visitOutcome":null,"outcomeExists":false,"deliveredServiceExists":false},{"id":190987,"eventTime":"10:33","serviceId":6,"serviceInternalName":"Стоматолог","serviceExternalName":"Стоматолог","visitDeliveredServices":[],"visitOutcome":null,"outcomeExists":false,"deliveredServiceExists":false},{"id":190988,"eventTime":"10:33","serviceId":5,"serviceInternalName":"Терапевт","serviceExternalName":"Терапевт","visitDeliveredServices":[],"visitOutcome":null,"outcomeExists":false,"deliveredServiceExists":false},{"id":190989,"eventTime":"10:33","serviceId":4,"serviceInternalName":"Хирург","serviceExternalName":"Хирург","visitDeliveredServices":[],"visitOutcome":null,"outcomeExists":false,"deliveredServiceExists":false}],"currentVisitService":{"id":190985,"eventTime":"10:33","serviceId":72,"serviceInternalName":"Врач не назначен","serviceExternalName":"Врач не назначен","visitDeliveredServices":[],"visitOutcome":null,"outcomeExists":false,"deliveredServiceExists":false},"servedVisitServices":[],"visitMarks":[],"customerIds":[],"waitingTime":16,"totalWaitingTime":0,"timeSinceCalled":0,"recycleAllowed":false,"noshowAllowed":false,"recallAllowed":false,"parameterMap":{"branchName":"Chat_Bot_Demo","startQueueOrigId":98,"totWaitTime":0},"appointmentId":null,"appointmentTime":null,"branchCurrentTime":"10:33:59"},{"id":182050,"checksum":"1648891059","ticketId":"A2199","unservedVisitServices":[{"id":190991,"eventTime":"10:33","serviceId":7,"serviceInternalName":"Оккулист","serviceExternalName":"Оккулист","visitDeliveredServices":[],"visitOutcome":null,"outcomeExists":false,"deliveredServiceExists":false},{"id":190992,"eventTime":"10:33","serviceId":6,"serviceInternalName":"Стоматолог","serviceExternalName":"Стоматолог","visitDeliveredServices":[],"visitOutcome":null,"outcomeExists":false,"deliveredServiceExists":false},{"id":190993,"eventTime":"10:33","serviceId":5,"serviceInternalName":"Терапевт","serviceExternalName":"Терапевт","visitDeliveredServices":[],"visitOutcome":null,"outcomeExists":false,"deliveredServiceExists":false},{"id":190994,"eventTime":"10:33","serviceId":4,"serviceInternalName":"Хирург","serviceExternalName":"Хирург","visitDeliveredServices":[],"visitOutcome":null,"outcomeExists":false,"deliveredServiceExists":false}],"currentVisitService":{"id":190990,"eventTime":"10:33","serviceId":72,"serviceInternalName":"Врач не назначен","serviceExternalName":"Врач не назначен","visitDeliveredServices":[],"visitOutcome":null,"outcomeExists":false,"deliveredServiceExists":false},"servedVisitServices":[],"visitMarks":[],"customerIds":[],"waitingTime":16,"totalWaitingTime":0,"timeSinceCalled":0,"recycleAllowed":false,"noshowAllowed":false,"recallAllowed":false,"parameterMap":{"startQueueOrigId":98,"branchName":"Chat_Bot_Demo","totWaitTime":0},"appointmentId":null,"appointmentTime":null,"branchCurrentTime":"10:33:59"},{"id":182051,"checksum":"1531427744","ticketId":"A2200","unservedVisitServices":[{"id":190996,"eventTime":"10:33","serviceId":7,"serviceInternalName":"Оккулист","serviceExternalName":"Оккулист","visitDeliveredServices":[],"visitOutcome":null,"outcomeExists":false,"deliveredServiceExists":false},{"id":190997,"eventTime":"10:33","serviceId":6,"serviceInternalName":"Стоматолог","serviceExternalName":"Стоматолог","visitDeliveredServices":[],"visitOutcome":null,"outcomeExists":false,"deliveredServiceExists":false},{"id":190998,"eventTime":"10:33","serviceId":5,"serviceInternalName":"Терапевт","serviceExternalName":"Терапевт","visitDeliveredServices":[],"visitOutcome":null,"outcomeExists":false,"deliveredServiceExists":false},{"id":190999,"eventTime":"10:33","serviceId":4,"serviceInternalName":"Хирург","serviceExternalName":"Хирург","visitDeliveredServices":[],"visitOutcome":null,"outcomeExists":false,"deliveredServiceExists":false}],"currentVisitService":{"id":190995,"eventTime":"10:33","serviceId":72,"serviceInternalName":"Врач не назначен","serviceExternalName":"Врач не назначен","visitDeliveredServices":[],"visitOutcome":null,"outcomeExists":false,"deliveredServiceExists":false},"servedVisitServices":[],"visitMarks":[],"customerIds":[],"waitingTime":16,"totalWaitingTime":0,"timeSinceCalled":0,"recycleAllowed":false,"noshowAllowed":false,"recallAllowed":false,"parameterMap":{"branchName":"Chat_Bot_Demo","startQueueOrigId":98,"totWaitTime":0},"appointmentId":null,"appointmentTime":null,"branchCurrentTime":"10:33:59"},{"id":182052,"checksum":"1710023559","ticketId":"A2201","unservedVisitServices":[{"id":191001,"eventTime":"10:33","serviceId":7,"serviceInternalName":"Оккулист","serviceExternalName":"Оккулист","visitDeliveredServices":[],"visitOutcome":null,"outcomeExists":false,"deliveredServiceExists":false},{"id":191002,"eventTime":"10:33","serviceId":6,"serviceInternalName":"Стоматолог","serviceExternalName":"Стоматолог","visitDeliveredServices":[],"visitOutcome":null,"outcomeExists":false,"deliveredServiceExists":false},{"id":191003,"eventTime":"10:33","serviceId":5,"serviceInternalName":"Терапевт","serviceExternalName":"Терапевт","visitDeliveredServices":[],"visitOutcome":null,"outcomeExists":false,"deliveredServiceExists":false},{"id":191004,"eventTime":"10:33","serviceId":4,"serviceInternalName":"Хирург","serviceExternalName":"Хирург","visitDeliveredServices":[],"visitOutcome":null,"outcomeExists":false,"deliveredServiceExists":false}],"currentVisitService":{"id":191000,"eventTime":"10:33","serviceId":72,"serviceInternalName":"Врач не назначен","serviceExternalName":"Врач не назначен","visitDeliveredServices":[],"visitOutcome":null,"outcomeExists":false,"deliveredServiceExists":false},"servedVisitServices":[],"visitMarks":[],"customerIds":[],"waitingTime":16,"totalWaitingTime":0,"timeSinceCalled":0,"recycleAllowed":false,"noshowAllowed":false,"recallAllowed":false,"parameterMap":{"startQueueOrigId":98,"branchName":"Chat_Bot_Demo","totWaitTime":0},"appointmentId":null,"appointmentTime":null,"branchCurrentTime":"10:33:59"},{"id":182053,"checksum":"1375681766","ticketId":"A2202","unservedVisitServices":[{"id":191006,"eventTime":"10:33","serviceId":7,"serviceInternalName":"Оккулист","serviceExternalName":"Оккулист","visitDeliveredServices":[],"visitOutcome":null,"outcomeExists":false,"deliveredServiceExists":false},{"id":191007,"eventTime":"10:33","serviceId":6,"serviceInternalName":"Стоматолог","serviceExternalName":"Стоматолог","visitDeliveredServices":[],"visitOutcome":null,"outcomeExists":false,"deliveredServiceExists":false},{"id":191008,"eventTime":"10:33","serviceId":5,"serviceInternalName":"Терапевт","serviceExternalName":"Терапевт","visitDeliveredServices":[],"visitOutcome":null,"outcomeExists":false,"deliveredServiceExists":false},{"id":191009,"eventTime":"10:33","serviceId":4,"serviceInternalName":"Хирург","serviceExternalName":"Хирург","visitDeliveredServices":[],"visitOutcome":null,"outcomeExists":false,"deliveredServiceExists":false}],"currentVisitService":{"id":191005,"eventTime":"10:33","serviceId":72,"serviceInternalName":"Врач не назначен","serviceExternalName":"Врач не назначен","visitDeliveredServices":[],"visitOutcome":null,"outcomeExists":false,"deliveredServiceExists":false},"servedVisitServices":[],"visitMarks":[],"customerIds":[],"waitingTime":15,"totalWaitingTime":0,"timeSinceCalled":0,"recycleAllowed":false,"noshowAllowed":false,"recallAllowed":false,"parameterMap":{"branchName":"Chat_Bot_Demo","startQueueOrigId":98,"totWaitTime":0},"appointmentId":null,"appointmentTime":null,"branchCurrentTime":"10:33:59"},{"id":182054,"checksum":"1456519473","ticketId":"A2203","unservedVisitServices":[{"id":191011,"eventTime":"10:33","serviceId":7,"serviceInternalName":"Оккулист","serviceExternalName":"Оккулист","visitDeliveredServices":[],"visitOutcome":null,"outcomeExists":false,"deliveredServiceExists":false},{"id":191012,"eventTime":"10:33","serviceId":6,"serviceInternalName":"Стоматолог","serviceExternalName":"Стоматолог","visitDeliveredServices":[],"visitOutcome":null,"outcomeExists":false,"deliveredServiceExists":false},{"id":191013,"eventTime":"10:33","serviceId":5,"serviceInternalName":"Терапевт","serviceExternalName":"Терапевт","visitDeliveredServices":[],"visitOutcome":null,"outcomeExists":false,"deliveredServiceExists":false},{"id":191014,"eventTime":"10:33","serviceId":4,"serviceInternalName":"Хирург","serviceExternalName":"Хирург","visitDeliveredServices":[],"visitOutcome":null,"outcomeExists":false,"deliveredServiceExists":false}],"currentVisitService":{"id":191010,"eventTime":"10:33","serviceId":72,"serviceInternalName":"Врач не назначен","serviceExternalName":"Врач не назначен","visitDeliveredServices":[],"visitOutcome":null,"outcomeExists":false,"deliveredServiceExists":false},"servedVisitServices":[],"visitMarks":[],"customerIds":[],"waitingTime":15,"totalWaitingTime":0,"timeSinceCalled":0,"recycleAllowed":false,"noshowAllowed":false,"recallAllowed":false,"parameterMap":{"startQueueOrigId":98,"branchName":"Chat_Bot_Demo","totWaitTime":0},"appointmentId":null,"appointmentTime":null,"branchCurrentTime":"10:33:59"},{"id":182055,"checksum":"1935974579","ticketId":"A2204","unservedVisitServices":[{"id":191016,"eventTime":"10:33","serviceId":7,"serviceInternalName":"Оккулист","serviceExternalName":"Оккулист","visitDeliveredServices":[],"visitOutcome":null,"outcomeExists":false,"deliveredServiceExists":false},{"id":191017,"eventTime":"10:33","serviceId":6,"serviceInternalName":"Стоматолог","serviceExternalName":"Стоматолог","visitDeliveredServices":[],"visitOutcome":null,"outcomeExists":false,"deliveredServiceExists":false},{"id":191018,"eventTime":"10:33","serviceId":5,"serviceInternalName":"Терапевт","serviceExternalName":"Терапевт","visitDeliveredServices":[],"visitOutcome":null,"outcomeExists":false,"deliveredServiceExists":false},{"id":191019,"eventTime":"10:33","serviceId":4,"serviceInternalName":"Хирург","serviceExternalName":"Хирург","visitDeliveredServices":[],"visitOutcome":null,"outcomeExists":false,"deliveredServiceExists":false}],"currentVisitService":{"id":191015,"eventTime":"10:33","serviceId":72,"serviceInternalName":"Врач не назначен","serviceExternalName":"Врач не назначен","visitDeliveredServices":[],"visitOutcome":null,"outcomeExists":false,"deliveredServiceExists":false},"servedVisitServices":[],"visitMarks":[],"customerIds":[],"waitingTime":15,"totalWaitingTime":0,"timeSinceCalled":0,"recycleAllowed":false,"noshowAllowed":false,"recallAllowed":false,"parameterMap":{"branchName":"Chat_Bot_Demo","startQueueOrigId":98,"totWaitTime":0},"appointmentId":null,"appointmentTime":null,"branchCurrentTime":"10:33:59"},{"id":182056,"checksum":"828018825","ticketId":"A2205","unservedVisitServices":[{"id":191021,"eventTime":"10:33","serviceId":7,"serviceInternalName":"Оккулист","serviceExternalName":"Оккулист","visitDeliveredServices":[],"visitOutcome":null,"outcomeExists":false,"deliveredServiceExists":false},{"id":191022,"eventTime":"10:33","serviceId":6,"serviceInternalName":"Стоматолог","serviceExternalName":"Стоматолог","visitDeliveredServices":[],"visitOutcome":null,"outcomeExists":false,"deliveredServiceExists":false},{"id":191023,"eventTime":"10:33","serviceId":5,"serviceInternalName":"Терапевт","serviceExternalName":"Терапевт","visitDeliveredServices":[],"visitOutcome":null,"outcomeExists":false,"deliveredServiceExists":false},{"id":191024,"eventTime":"10:33","serviceId":4,"serviceInternalName":"Хирург","serviceExternalName":"Хирург","visitDeliveredServices":[],"visitOutcome":null,"outcomeExists":false,"deliveredServiceExists":false}],"currentVisitService":{"id":191020,"eventTime":"10:33","serviceId":72,"serviceInternalName":"Врач не назначен","serviceExternalName":"Врач не назначен","visitDeliveredServices":[],"visitOutcome":null,"outcomeExists":false,"deliveredServiceExists":false},"servedVisitServices":[],"visitMarks":[],"customerIds":[],"waitingTime":14,"totalWaitingTime":0,"timeSinceCalled":0,"recycleAllowed":false,"noshowAllowed":false,"recallAllowed":false,"parameterMap":{"startQueueOrigId":98,"branchName":"Chat_Bot_Demo","totWaitTime":0},"appointmentId":null,"appointmentTime":null,"branchCurrentTime":"10:33:59"},{"id":182057,"checksum":"1419594066","ticketId":"A2206","unservedVisitServices":[{"id":191026,"eventTime":"10:33","serviceId":7,"serviceInternalName":"Оккулист","serviceExternalName":"Оккулист","visitDeliveredServices":[],"visitOutcome":null,"outcomeExists":false,"deliveredServiceExists":false},{"id":191027,"eventTime":"10:33","serviceId":6,"serviceInternalName":"Стоматолог","serviceExternalName":"Стоматолог","visitDeliveredServices":[],"visitOutcome":null,"outcomeExists":false,"deliveredServiceExists":false},{"id":191028,"eventTime":"10:33","serviceId":5,"serviceInternalName":"Терапевт","serviceExternalName":"Терапевт","visitDeliveredServices":[],"visitOutcome":null,"outcomeExists":false,"deliveredServiceExists":false},{"id":191029,"eventTime":"10:33","serviceId":4,"serviceInternalName":"Хирург","serviceExternalName":"Хирург","visitDeliveredServices":[],"visitOutcome":null,"outcomeExists":false,"deliveredServiceExists":false}],"currentVisitService":{"id":191025,"eventTime":"10:33","serviceId":72,"serviceInternalName":"Врач не назначен","serviceExternalName":"Врач не назначен","visitDeliveredServices":[],"visitOutcome":null,"outcomeExists":false,"deliveredServiceExists":false},"servedVisitServices":[],"visitMarks":[],"customerIds":[],"waitingTime":14,"totalWaitingTime":0,"timeSinceCalled":0,"recycleAllowed":false,"noshowAllowed":false,"recallAllowed":false,"parameterMap":{"branchName":"Chat_Bot_Demo","startQueueOrigId":98,"totWaitTime":0},"appointmentId":null,"appointmentTime":null,"branchCurrentTime":"10:33:59"},{"id":182058,"checksum":"722344279","ticketId":"A2207","unservedVisitServices":[{"id":191031,"eventTime":"10:33","serviceId":7,"serviceInternalName":"Оккулист","serviceExternalName":"Оккулист","visitDeliveredServices":[],"visitOutcome":null,"outcomeExists":false,"deliveredServiceExists":false},{"id":191032,"eventTime":"10:33","serviceId":6,"serviceInternalName":"Стоматолог","serviceExternalName":"Стоматолог","visitDeliveredServices":[],"visitOutcome":null,"outcomeExists":false,"deliveredServiceExists":false},{"id":191033,"eventTime":"10:33","serviceId":5,"serviceInternalName":"Терапевт","serviceExternalName":"Терапевт","visitDeliveredServices":[],"visitOutcome":null,"outcomeExists":false,"deliveredServiceExists":false},{"id":191034,"eventTime":"10:33","serviceId":4,"serviceInternalName":"Хирург","serviceExternalName":"Хирург","visitDeliveredServices":[],"visitOutcome":null,"outcomeExists":false,"deliveredServiceExists":false}],"currentVisitService":{"id":191030,"eventTime":"10:33","serviceId":72,"serviceInternalName":"Врач не назначен","serviceExternalName":"Врач не назначен","visitDeliveredServices":[],"visitOutcome":null,"outcomeExists":false,"deliveredServiceExists":false},"servedVisitServices":[],"visitMarks":[],"customerIds":[],"waitingTime":14,"totalWaitingTime":0,"timeSinceCalled":0,"recycleAllowed":false,"noshowAllowed":false,"recallAllowed":false,"parameterMap":{"startQueueOrigId":98,"branchName":"Chat_Bot_Demo","totWaitTime":0},"appointmentId":null,"appointmentTime":null,"branchCurrentTime":"10:33:59"},{"id":182059,"checksum":"1237375067","ticketId":"A2208","unservedVisitServices":[{"id":191036,"eventTime":"10:33","serviceId":7,"serviceInternalName":"Оккулист","serviceExternalName":"Оккулист","visitDeliveredServices":[],"visitOutcome":null,"outcomeExists":false,"deliveredServiceExists":false},{"id":191037,"eventTime":"10:33","serviceId":6,"serviceInternalName":"Стоматолог","serviceExternalName":"Стоматолог","visitDeliveredServices":[],"visitOutcome":null,"outcomeExists":false,"deliveredServiceExists":false},{"id":191038,"eventTime":"10:33","serviceId":5,"serviceInternalName":"Терапевт","serviceExternalName":"Терапевт","visitDeliveredServices":[],"visitOutcome":null,"outcomeExists":false,"deliveredServiceExists":false},{"id":191039,"eventTime":"10:33","serviceId":4,"serviceInternalName":"Хирург","serviceExternalName":"Хирург","visitDeliveredServices":[],"visitOutcome":null,"outcomeExists":false,"deliveredServiceExists":false}],"currentVisitService":{"id":191035,"eventTime":"10:33","serviceId":72,"serviceInternalName":"Врач не назначен","serviceExternalName":"Врач не назначен","visitDeliveredServices":[],"visitOutcome":null,"outcomeExists":false,"deliveredServiceExists":false},"servedVisitServices":[],"visitMarks":[],"customerIds":[],"waitingTime":13,"totalWaitingTime":0,"timeSinceCalled":0,"recycleAllowed":false,"noshowAllowed":false,"recallAllowed":false,"parameterMap":{"branchName":"Chat_Bot_Demo","startQueueOrigId":98,"totWaitTime":0},"appointmentId":null,"appointmentTime":null,"branchCurrentTime":"10:33:59"}]
23 апр 2026;10:34:00.097 [default-nioEventLoopGroup-1-14] TRACE i.m.h.client.netty.DefaultHttpClient - ----
23 апр 2026;10:34:00.117 [default-nioEventLoopGroup-1-15] DEBUG i.m.h.client.netty.DefaultHttpClient - Sending HTTP GET to http://192.168.0.77:8080/rest/entrypoint/branches/6/visits/182036/
23 апр 2026;10:34:00.117 [default-nioEventLoopGroup-1-15] TRACE i.m.h.client.netty.DefaultHttpClient - Authorization: Basic c3VwZXJhZG1pbjp1bGFu
23 апр 2026;10:34:00.117 [default-nioEventLoopGroup-1-15] TRACE i.m.h.client.netty.DefaultHttpClient - Cookie: SSOcookie=57b46714-2f27-46b7-9921-8d8de8bba70d
23 апр 2026;10:34:00.117 [default-nioEventLoopGroup-1-15] TRACE i.m.h.client.netty.DefaultHttpClient - host: 192.168.0.77:8080
23 апр 2026;10:34:00.117 [default-nioEventLoopGroup-1-15] TRACE i.m.h.client.netty.DefaultHttpClient - connection: close
23 апр 2026;10:34:00.219 [default-nioEventLoopGroup-1-15] DEBUG i.m.h.client.netty.DefaultHttpClient - Received response 200 from http://192.168.0.77:8080/rest/entrypoint/branches/6/visits/182036/
23 апр 2026;10:34:00.219 [default-nioEventLoopGroup-1-15] TRACE i.m.h.client.netty.DefaultHttpClient - HTTP Client Response Received (200 OK) for Request: GET http://192.168.0.77:8080/rest/entrypoint/branches/6/visits/182036/
23 апр 2026;10:34:00.219 [default-nioEventLoopGroup-1-15] TRACE i.m.h.client.netty.DefaultHttpClient - Cache-Control: no-store, no-cache, max-age=0, must-revalidate
23 апр 2026;10:34:00.219 [default-nioEventLoopGroup-1-15] TRACE i.m.h.client.netty.DefaultHttpClient - X-Powered-By: Undertow/1
23 апр 2026;10:34:00.219 [default-nioEventLoopGroup-1-15] TRACE i.m.h.client.netty.DefaultHttpClient - Server: WildFly/8
23 апр 2026;10:34:00.219 [default-nioEventLoopGroup-1-15] TRACE i.m.h.client.netty.DefaultHttpClient - X-XSS-Protection: 1
23 апр 2026;10:34:00.219 [default-nioEventLoopGroup-1-15] TRACE i.m.h.client.netty.DefaultHttpClient - X-Frame-Options: SAMEORIGIN
23 апр 2026;10:34:00.220 [default-nioEventLoopGroup-1-15] TRACE i.m.h.client.netty.DefaultHttpClient - Content-Security-Policy: default-src *; style-src * 'unsafe-inline'; script-src * 'unsafe-inline' 'unsafe-eval'; img-src * data: 'unsafe-inline'; connect-src * 'unsafe-inline'; frame-src *;
23 апр 2026;10:34:00.220 [default-nioEventLoopGroup-1-15] TRACE i.m.h.client.netty.DefaultHttpClient - Date: Thu, 23 Apr 2026 07:34:00 GMT
23 апр 2026;10:34:00.220 [default-nioEventLoopGroup-1-15] TRACE i.m.h.client.netty.DefaultHttpClient - Connection: close
23 апр 2026;10:34:00.220 [default-nioEventLoopGroup-1-15] TRACE i.m.h.client.netty.DefaultHttpClient - X-Content-Type-Options: nosniff
23 апр 2026;10:34:00.220 [default-nioEventLoopGroup-1-15] TRACE i.m.h.client.netty.DefaultHttpClient - Strict-Transport-Security: max-age=31536000; includeSubDomains
23 апр 2026;10:34:00.220 [default-nioEventLoopGroup-1-15] TRACE i.m.h.client.netty.DefaultHttpClient - Content-Type: application/json
23 апр 2026;10:34:00.220 [default-nioEventLoopGroup-1-15] TRACE i.m.h.client.netty.DefaultHttpClient - content-length: 1654
23 апр 2026;10:34:00.220 [default-nioEventLoopGroup-1-15] TRACE i.m.h.client.netty.DefaultHttpClient - Response Body
23 апр 2026;10:34:00.220 [default-nioEventLoopGroup-1-15] TRACE i.m.h.client.netty.DefaultHttpClient - ----
23 апр 2026;10:34:00.220 [default-nioEventLoopGroup-1-15] TRACE i.m.h.client.netty.DefaultHttpClient - {"id":182036,"checksum":"1467028006","ticketId":"A2185","unservedVisitServices":[{"id":190921,"eventTime":"10:33","serviceId":7,"serviceInternalName":"Оккулист","serviceExternalName":"Оккулист","visitDeliveredServices":[],"visitOutcome":null,"outcomeExists":false,"deliveredServiceExists":false},{"id":190922,"eventTime":"10:33","serviceId":6,"serviceInternalName":"Стоматолог","serviceExternalName":"Стоматолог","visitDeliveredServices":[],"visitOutcome":null,"outcomeExists":false,"deliveredServiceExists":false},{"id":190923,"eventTime":"10:33","serviceId":5,"serviceInternalName":"Терапевт","serviceExternalName":"Терапевт","visitDeliveredServices":[],"visitOutcome":null,"outcomeExists":false,"deliveredServiceExists":false},{"id":190924,"eventTime":"10:33","serviceId":4,"serviceInternalName":"Хирург","serviceExternalName":"Хирург","visitDeliveredServices":[],"visitOutcome":null,"outcomeExists":false,"deliveredServiceExists":false}],"currentVisitService":{"id":190920,"eventTime":"10:33","serviceId":72,"serviceInternalName":"Врач не назначен","serviceExternalName":"Врач не назначен","visitDeliveredServices":[],"visitOutcome":null,"outcomeExists":false,"deliveredServiceExists":false},"servedVisitServices":[],"visitMarks":[],"customerIds":[],"waitingTime":19,"totalWaitingTime":0,"timeSinceCalled":0,"recycleAllowed":false,"noshowAllowed":false,"recallAllowed":false,"parameterMap":{"currentQueueOrigId":98,"startQueueOrigId":98,"branchName":"Chat_Bot_Demo","totWaitTime":0},"appointmentId":null,"appointmentTime":null,"branchCurrentTime":"10:34:00"}
23 апр 2026;10:34:00.220 [default-nioEventLoopGroup-1-15] TRACE i.m.h.client.netty.DefaultHttpClient - ----
23 апр 2026;10:34:00.238 [default-nioEventLoopGroup-1-16] DEBUG i.m.h.client.netty.DefaultHttpClient - Sending HTTP GET to http://192.168.0.77:8080/rest/entrypoint/branches/6/visits/182036/
23 апр 2026;10:34:00.238 [default-nioEventLoopGroup-1-16] TRACE i.m.h.client.netty.DefaultHttpClient - Authorization: Basic c3VwZXJhZG1pbjp1bGFu
23 апр 2026;10:34:00.239 [default-nioEventLoopGroup-1-16] TRACE i.m.h.client.netty.DefaultHttpClient - Cookie: SSOcookie=57b46714-2f27-46b7-9921-8d8de8bba70d
23 апр 2026;10:34:00.239 [default-nioEventLoopGroup-1-16] TRACE i.m.h.client.netty.DefaultHttpClient - host: 192.168.0.77:8080
23 апр 2026;10:34:00.239 [default-nioEventLoopGroup-1-16] TRACE i.m.h.client.netty.DefaultHttpClient - connection: close
23 апр 2026;10:34:00.279 [default-nioEventLoopGroup-1-16] DEBUG i.m.h.client.netty.DefaultHttpClient - Received response 200 from http://192.168.0.77:8080/rest/entrypoint/branches/6/visits/182036/
23 апр 2026;10:34:00.279 [default-nioEventLoopGroup-1-16] TRACE i.m.h.client.netty.DefaultHttpClient - HTTP Client Response Received (200 OK) for Request: GET http://192.168.0.77:8080/rest/entrypoint/branches/6/visits/182036/
23 апр 2026;10:34:00.279 [default-nioEventLoopGroup-1-16] TRACE i.m.h.client.netty.DefaultHttpClient - Cache-Control: no-store, no-cache, max-age=0, must-revalidate
23 апр 2026;10:34:00.279 [default-nioEventLoopGroup-1-16] TRACE i.m.h.client.netty.DefaultHttpClient - X-Powered-By: Undertow/1
23 апр 2026;10:34:00.279 [default-nioEventLoopGroup-1-16] TRACE i.m.h.client.netty.DefaultHttpClient - Server: WildFly/8
23 апр 2026;10:34:00.279 [default-nioEventLoopGroup-1-16] TRACE i.m.h.client.netty.DefaultHttpClient - X-XSS-Protection: 1
23 апр 2026;10:34:00.279 [default-nioEventLoopGroup-1-16] TRACE i.m.h.client.netty.DefaultHttpClient - X-Frame-Options: SAMEORIGIN
23 апр 2026;10:34:00.279 [default-nioEventLoopGroup-1-16] TRACE i.m.h.client.netty.DefaultHttpClient - Content-Security-Policy: default-src *; style-src * 'unsafe-inline'; script-src * 'unsafe-inline' 'unsafe-eval'; img-src * data: 'unsafe-inline'; connect-src * 'unsafe-inline'; frame-src *;
23 апр 2026;10:34:00.279 [default-nioEventLoopGroup-1-16] TRACE i.m.h.client.netty.DefaultHttpClient - Date: Thu, 23 Apr 2026 07:34:00 GMT
23 апр 2026;10:34:00.279 [default-nioEventLoopGroup-1-16] TRACE i.m.h.client.netty.DefaultHttpClient - Connection: close
23 апр 2026;10:34:00.279 [default-nioEventLoopGroup-1-16] TRACE i.m.h.client.netty.DefaultHttpClient - X-Content-Type-Options: nosniff
23 апр 2026;10:34:00.279 [default-nioEventLoopGroup-1-16] TRACE i.m.h.client.netty.DefaultHttpClient - Strict-Transport-Security: max-age=31536000; includeSubDomains
23 апр 2026;10:34:00.279 [default-nioEventLoopGroup-1-16] TRACE i.m.h.client.netty.DefaultHttpClient - Content-Type: application/json
23 апр 2026;10:34:00.279 [default-nioEventLoopGroup-1-16] TRACE i.m.h.client.netty.DefaultHttpClient - content-length: 1654
23 апр 2026;10:34:00.279 [default-nioEventLoopGroup-1-16] TRACE i.m.h.client.netty.DefaultHttpClient - Response Body
23 апр 2026;10:34:00.279 [default-nioEventLoopGroup-1-16] TRACE i.m.h.client.netty.DefaultHttpClient - ----
23 апр 2026;10:34:00.279 [default-nioEventLoopGroup-1-16] TRACE i.m.h.client.netty.DefaultHttpClient - {"id":182036,"checksum":"1467028006","ticketId":"A2185","unservedVisitServices":[{"id":190921,"eventTime":"10:33","serviceId":7,"serviceInternalName":"Оккулист","serviceExternalName":"Оккулист","visitDeliveredServices":[],"visitOutcome":null,"outcomeExists":false,"deliveredServiceExists":false},{"id":190922,"eventTime":"10:33","serviceId":6,"serviceInternalName":"Стоматолог","serviceExternalName":"Стоматолог","visitDeliveredServices":[],"visitOutcome":null,"outcomeExists":false,"deliveredServiceExists":false},{"id":190923,"eventTime":"10:33","serviceId":5,"serviceInternalName":"Терапевт","serviceExternalName":"Терапевт","visitDeliveredServices":[],"visitOutcome":null,"outcomeExists":false,"deliveredServiceExists":false},{"id":190924,"eventTime":"10:33","serviceId":4,"serviceInternalName":"Хирург","serviceExternalName":"Хирург","visitDeliveredServices":[],"visitOutcome":null,"outcomeExists":false,"deliveredServiceExists":false}],"currentVisitService":{"id":190920,"eventTime":"10:33","serviceId":72,"serviceInternalName":"Врач не назначен","serviceExternalName":"Врач не назначен","visitDeliveredServices":[],"visitOutcome":null,"outcomeExists":false,"deliveredServiceExists":false},"servedVisitServices":[],"visitMarks":[],"customerIds":[],"waitingTime":19,"totalWaitingTime":0,"timeSinceCalled":0,"recycleAllowed":false,"noshowAllowed":false,"recallAllowed":false,"parameterMap":{"currentQueueOrigId":98,"startQueueOrigId":98,"branchName":"Chat_Bot_Demo","totWaitTime":0},"appointmentId":null,"appointmentTime":null,"branchCurrentTime":"10:34:00"}
23 апр 2026;10:34:00.280 [default-nioEventLoopGroup-1-16] TRACE i.m.h.client.netty.DefaultHttpClient - ----
23 апр 2026;10:34:00.289 [default-nioEventLoopGroup-1-17] DEBUG i.m.h.client.netty.DefaultHttpClient - Sending HTTP PUT to http://192.168.0.77:8080/rest/entrypoint/branches/6/visits/182036/services/4/
23 апр 2026;10:34:00.289 [default-nioEventLoopGroup-1-17] TRACE i.m.h.client.netty.DefaultHttpClient - Authorization: Basic c3VwZXJhZG1pbjp1bGFu
23 апр 2026;10:34:00.289 [default-nioEventLoopGroup-1-17] TRACE i.m.h.client.netty.DefaultHttpClient - Content-Type: application/json
23 апр 2026;10:34:00.289 [default-nioEventLoopGroup-1-17] TRACE i.m.h.client.netty.DefaultHttpClient - Accept: application/json
23 апр 2026;10:34:00.289 [default-nioEventLoopGroup-1-17] TRACE i.m.h.client.netty.DefaultHttpClient - host: 192.168.0.77:8080
23 апр 2026;10:34:00.289 [default-nioEventLoopGroup-1-17] TRACE i.m.h.client.netty.DefaultHttpClient - connection: close
23 апр 2026;10:34:00.289 [default-nioEventLoopGroup-1-17] TRACE i.m.h.client.netty.DefaultHttpClient - content-length: 0
23 апр 2026;10:34:00.289 [default-nioEventLoopGroup-1-17] TRACE i.m.h.client.netty.DefaultHttpClient - Request Body
23 апр 2026;10:34:00.289 [default-nioEventLoopGroup-1-17] TRACE i.m.h.client.netty.DefaultHttpClient - ----
23 апр 2026;10:34:00.289 [default-nioEventLoopGroup-1-17] TRACE i.m.h.client.netty.DefaultHttpClient - 
23 апр 2026;10:34:00.289 [default-nioEventLoopGroup-1-17] TRACE i.m.h.client.netty.DefaultHttpClient - ----
23 апр 2026;10:34:00.909 [default-nioEventLoopGroup-1-17] DEBUG i.m.h.client.netty.DefaultHttpClient - Received response 200 from http://192.168.0.77:8080/rest/entrypoint/branches/6/visits/182036/services/4/
23 апр 2026;10:34:00.909 [default-nioEventLoopGroup-1-17] TRACE i.m.h.client.netty.DefaultHttpClient - HTTP Client Response Received (200 OK) for Request: PUT http://192.168.0.77:8080/rest/entrypoint/branches/6/visits/182036/services/4/
23 апр 2026;10:34:00.909 [default-nioEventLoopGroup-1-17] TRACE i.m.h.client.netty.DefaultHttpClient - X-Powered-By: Undertow/1
23 апр 2026;10:34:00.909 [default-nioEventLoopGroup-1-17] TRACE i.m.h.client.netty.DefaultHttpClient - Set-Cookie: SSOcookie=b064fd59-e371-47de-9efb-2c2b6b41c1f7; Path=/; HttpOnly
23 апр 2026;10:34:00.909 [default-nioEventLoopGroup-1-17] TRACE i.m.h.client.netty.DefaultHttpClient - Set-Cookie: rememberMe=deleteMe; Path=/; Max-Age=0; Expires=Wed, 22-Apr-2026 07:34:00 GMT
23 апр 2026;10:34:00.909 [default-nioEventLoopGroup-1-17] TRACE i.m.h.client.netty.DefaultHttpClient - Server: WildFly/8
23 апр 2026;10:34:00.909 [default-nioEventLoopGroup-1-17] TRACE i.m.h.client.netty.DefaultHttpClient - X-XSS-Protection: 1
23 апр 2026;10:34:00.909 [default-nioEventLoopGroup-1-17] TRACE i.m.h.client.netty.DefaultHttpClient - X-Frame-Options: SAMEORIGIN
23 апр 2026;10:34:00.909 [default-nioEventLoopGroup-1-17] TRACE i.m.h.client.netty.DefaultHttpClient - Content-Security-Policy: default-src *; style-src * 'unsafe-inline'; script-src * 'unsafe-inline' 'unsafe-eval'; img-src * data: 'unsafe-inline'; connect-src * 'unsafe-inline'; frame-src *;
23 апр 2026;10:34:00.909 [default-nioEventLoopGroup-1-17] TRACE i.m.h.client.netty.DefaultHttpClient - Date: Thu, 23 Apr 2026 07:34:00 GMT
23 апр 2026;10:34:00.910 [default-nioEventLoopGroup-1-17] TRACE i.m.h.client.netty.DefaultHttpClient - Connection: close
23 апр 2026;10:34:00.910 [default-nioEventLoopGroup-1-17] TRACE i.m.h.client.netty.DefaultHttpClient - X-Content-Type-Options: nosniff
23 апр 2026;10:34:00.910 [default-nioEventLoopGroup-1-17] TRACE i.m.h.client.netty.DefaultHttpClient - Strict-Transport-Security: max-age=31536000; includeSubDomains
23 апр 2026;10:34:00.910 [default-nioEventLoopGroup-1-17] TRACE i.m.h.client.netty.DefaultHttpClient - Content-Type: application/json
23 апр 2026;10:34:00.910 [default-nioEventLoopGroup-1-17] TRACE i.m.h.client.netty.DefaultHttpClient - content-length: 1870
23 апр 2026;10:34:00.910 [default-nioEventLoopGroup-1-17] TRACE i.m.h.client.netty.DefaultHttpClient - Response Body
23 апр 2026;10:34:00.910 [default-nioEventLoopGroup-1-17] TRACE i.m.h.client.netty.DefaultHttpClient - ----
23 апр 2026;10:34:00.910 [default-nioEventLoopGroup-1-17] TRACE i.m.h.client.netty.DefaultHttpClient - {"branchId":6,"userState":"INACTIVE","visitState":"OK","servicePointId":1,"servicePointName":"Кабинет 13","servicePointState":"OPEN","visit":{"id":182036,"checksum":"1467028006","ticketId":"A2185","unservedVisitServices":[{"id":190921,"eventTime":"10:33","serviceId":7,"serviceInternalName":"Оккулист","serviceExternalName":"Оккулист","visitDeliveredServices":[],"visitOutcome":null,"outcomeExists":false,"deliveredServiceExists":false},{"id":190922,"eventTime":"10:33","serviceId":6,"serviceInternalName":"Стоматолог","serviceExternalName":"Стоматолог","visitDeliveredServices":[],"visitOutcome":null,"outcomeExists":false,"deliveredServiceExists":false},{"id":190923,"eventTime":"10:33","serviceId":5,"serviceInternalName":"Терапевт","serviceExternalName":"Терапевт","visitDeliveredServices":[],"visitOutcome":null,"outcomeExists":false,"deliveredServiceExists":false},{"id":190924,"eventTime":"10:33","serviceId":4,"serviceInternalName":"Хирург","serviceExternalName":"Хирург","visitDeliveredServices":[],"visitOutcome":null,"outcomeExists":false,"deliveredServiceExists":false}],"currentVisitService":{"id":190920,"eventTime":"10:33","serviceId":4,"serviceInternalName":"Хирург","serviceExternalName":"Хирург","visitDeliveredServices":[],"visitOutcome":null,"outcomeExists":false,"deliveredServiceExists":false},"servedVisitServices":[],"visitMarks":[],"customerIds":[],"waitingTime":5,"totalWaitingTime":0,"timeSinceCalled":0,"recycleAllowed":false,"noshowAllowed":false,"recallAllowed":false,"parameterMap":{"startQueueOrigId":98,"branchName":"Chat_Bot_Demo","totWaitTime":0},"appointmentId":null,"appointmentTime":null,"branchCurrentTime":"10:34:00"},"workProfileId":7,"workProfileName":"Универсал","servicePointDeviceTypes":["POSITIONAL","SW_SERVICE_POINT","Spotlight"]}
23 апр 2026;10:34:00.910 [default-nioEventLoopGroup-1-17] TRACE i.m.h.client.netty.DefaultHttpClient - ----
23 апр 2026;10:34:00.929 [default-nioEventLoopGroup-1-1] DEBUG i.m.h.client.netty.DefaultHttpClient - Sending HTTP PUT to http://192.168.0.77:8080/rest/entrypoint/branches/6/queues/10/visits/
23 апр 2026;10:34:00.929 [default-nioEventLoopGroup-1-1] TRACE i.m.h.client.netty.DefaultHttpClient - Authorization: Basic c3VwZXJhZG1pbjp1bGFu
23 апр 2026;10:34:00.929 [default-nioEventLoopGroup-1-1] TRACE i.m.h.client.netty.DefaultHttpClient - Content-Type: application/json
23 апр 2026;10:34:00.929 [default-nioEventLoopGroup-1-1] TRACE i.m.h.client.netty.DefaultHttpClient - Accept: application/json
23 апр 2026;10:34:00.929 [default-nioEventLoopGroup-1-1] TRACE i.m.h.client.netty.DefaultHttpClient - host: 192.168.0.77:8080
23 апр 2026;10:34:00.929 [default-nioEventLoopGroup-1-1] TRACE i.m.h.client.netty.DefaultHttpClient - connection: close
23 апр 2026;10:34:00.929 [default-nioEventLoopGroup-1-1] TRACE i.m.h.client.netty.DefaultHttpClient - content-length: 46
23 апр 2026;10:34:00.929 [default-nioEventLoopGroup-1-1] TRACE i.m.h.client.netty.DefaultHttpClient - Request Body
23 апр 2026;10:34:00.929 [default-nioEventLoopGroup-1-1] TRACE i.m.h.client.netty.DefaultHttpClient - ----
23 апр 2026;10:34:00.929 [default-nioEventLoopGroup-1-1] TRACE i.m.h.client.netty.DefaultHttpClient - {"visitId":182036,"fromBranchId":6,"fromId":1}
23 апр 2026;10:34:00.929 [default-nioEventLoopGroup-1-1] TRACE i.m.h.client.netty.DefaultHttpClient - ----
23 апр 2026;10:34:01.950 [default-nioEventLoopGroup-1-1] DEBUG i.m.h.client.netty.DefaultHttpClient - Received response 204 from http://192.168.0.77:8080/rest/entrypoint/branches/6/queues/10/visits/
23 апр 2026;10:34:01.950 [default-nioEventLoopGroup-1-1] TRACE i.m.h.client.netty.DefaultHttpClient - HTTP Client Response Received (204 No Content) for Request: PUT http://192.168.0.77:8080/rest/entrypoint/branches/6/queues/10/visits/
23 апр 2026;10:34:01.950 [default-nioEventLoopGroup-1-1] TRACE i.m.h.client.netty.DefaultHttpClient - X-Powered-By: Undertow/1
23 апр 2026;10:34:01.950 [default-nioEventLoopGroup-1-1] TRACE i.m.h.client.netty.DefaultHttpClient - Set-Cookie: SSOcookie=e5ffa4f0-a43e-4cdf-a73b-4f0495bb2318; Path=/; HttpOnly
23 апр 2026;10:34:01.950 [default-nioEventLoopGroup-1-1] TRACE i.m.h.client.netty.DefaultHttpClient - Set-Cookie: rememberMe=deleteMe; Path=/; Max-Age=0; Expires=Wed, 22-Apr-2026 07:34:01 GMT
23 апр 2026;10:34:01.950 [default-nioEventLoopGroup-1-1] TRACE i.m.h.client.netty.DefaultHttpClient - Server: WildFly/8
23 апр 2026;10:34:01.950 [default-nioEventLoopGroup-1-1] TRACE i.m.h.client.netty.DefaultHttpClient - X-XSS-Protection: 1
23 апр 2026;10:34:01.950 [default-nioEventLoopGroup-1-1] TRACE i.m.h.client.netty.DefaultHttpClient - X-Frame-Options: SAMEORIGIN
23 апр 2026;10:34:01.950 [default-nioEventLoopGroup-1-1] TRACE i.m.h.client.netty.DefaultHttpClient - Content-Security-Policy: default-src *; style-src * 'unsafe-inline'; script-src * 'unsafe-inline' 'unsafe-eval'; img-src * data: 'unsafe-inline'; connect-src * 'unsafe-inline'; frame-src *;
23 апр 2026;10:34:01.950 [default-nioEventLoopGroup-1-1] TRACE i.m.h.client.netty.DefaultHttpClient - Date: Thu, 23 Apr 2026 07:34:01 GMT
23 апр 2026;10:34:01.950 [default-nioEventLoopGroup-1-1] TRACE i.m.h.client.netty.DefaultHttpClient - X-Content-Type-Options: nosniff
23 апр 2026;10:34:01.950 [default-nioEventLoopGroup-1-1] TRACE i.m.h.client.netty.DefaultHttpClient - Strict-Transport-Security: max-age=31536000; includeSubDomains
23 апр 2026;10:34:01.951 [default-nioEventLoopGroup-1-1] TRACE i.m.h.client.netty.DefaultHttpClient - Response Body
23 апр 2026;10:34:01.951 [default-nioEventLoopGroup-1-1] TRACE i.m.h.client.netty.DefaultHttpClient - ----
23 апр 2026;10:34:01.951 [default-nioEventLoopGroup-1-1] TRACE i.m.h.client.netty.DefaultHttpClient - 
23 апр 2026;10:34:01.951 [default-nioEventLoopGroup-1-1] TRACE i.m.h.client.netty.DefaultHttpClient - ----
23 апр 2026;10:34:01.951 [default-nioEventLoopGroup-1-1] TRACE i.m.h.client.netty.DefaultHttpClient - Full HTTP response received an empty body
23 апр 2026;10:34:01.952 [default-nioEventLoopGroup-1-1] TRACE i.m.h.client.netty.DefaultHttpClient - Unable to convert response body to target type class [B
23 апр 2026;10:34:01.954 [SimpleAsyncTaskExecutor-1] TRACE i.m.h.client.netty.DefaultHttpClient - Unable to convert response body to target type class [B
23 апр 2026;10:34:01.963 [default-nioEventLoopGroup-1-2] DEBUG i.m.h.client.netty.DefaultHttpClient - Sending HTTP GET to http://192.168.0.77:8080/rest/entrypoint/branches/6/visits/182036/
23 апр 2026;10:34:01.963 [default-nioEventLoopGroup-1-2] TRACE i.m.h.client.netty.DefaultHttpClient - Authorization: Basic c3VwZXJhZG1pbjp1bGFu
23 апр 2026;10:34:01.964 [default-nioEventLoopGroup-1-2] TRACE i.m.h.client.netty.DefaultHttpClient - Cookie: SSOcookie=57b46714-2f27-46b7-9921-8d8de8bba70d
23 апр 2026;10:34:01.965 [default-nioEventLoopGroup-1-2] TRACE i.m.h.client.netty.DefaultHttpClient - host: 192.168.0.77:8080
23 апр 2026;10:34:01.965 [default-nioEventLoopGroup-1-2] TRACE i.m.h.client.netty.DefaultHttpClient - connection: close
23 апр 2026;10:34:02.009 [default-nioEventLoopGroup-1-2] DEBUG i.m.h.client.netty.DefaultHttpClient - Received response 200 from http://192.168.0.77:8080/rest/entrypoint/branches/6/visits/182036/
23 апр 2026;10:34:02.009 [default-nioEventLoopGroup-1-2] TRACE i.m.h.client.netty.DefaultHttpClient - HTTP Client Response Received (200 OK) for Request: GET http://192.168.0.77:8080/rest/entrypoint/branches/6/visits/182036/
23 апр 2026;10:34:02.009 [default-nioEventLoopGroup-1-2] TRACE i.m.h.client.netty.DefaultHttpClient - Cache-Control: no-store, no-cache, max-age=0, must-revalidate
23 апр 2026;10:34:02.010 [default-nioEventLoopGroup-1-2] TRACE i.m.h.client.netty.DefaultHttpClient - X-Powered-By: Undertow/1
23 апр 2026;10:34:02.010 [default-nioEventLoopGroup-1-2] TRACE i.m.h.client.netty.DefaultHttpClient - Server: WildFly/8
23 апр 2026;10:34:02.011 [default-nioEventLoopGroup-1-2] TRACE i.m.h.client.netty.DefaultHttpClient - X-XSS-Protection: 1
23 апр 2026;10:34:02.011 [default-nioEventLoopGroup-1-2] TRACE i.m.h.client.netty.DefaultHttpClient - X-Frame-Options: SAMEORIGIN
23 апр 2026;10:34:02.011 [default-nioEventLoopGroup-1-2] TRACE i.m.h.client.netty.DefaultHttpClient - Content-Security-Policy: default-src *; style-src * 'unsafe-inline'; script-src * 'unsafe-inline' 'unsafe-eval'; img-src * data: 'unsafe-inline'; connect-src * 'unsafe-inline'; frame-src *;
23 апр 2026;10:34:02.011 [default-nioEventLoopGroup-1-2] TRACE i.m.h.client.netty.DefaultHttpClient - Date: Thu, 23 Apr 2026 07:34:01 GMT
23 апр 2026;10:34:02.011 [default-nioEventLoopGroup-1-2] TRACE i.m.h.client.netty.DefaultHttpClient - Connection: close
23 апр 2026;10:34:02.011 [default-nioEventLoopGroup-1-2] TRACE i.m.h.client.netty.DefaultHttpClient - X-Content-Type-Options: nosniff
23 апр 2026;10:34:02.011 [default-nioEventLoopGroup-1-2] TRACE i.m.h.client.netty.DefaultHttpClient - Strict-Transport-Security: max-age=31536000; includeSubDomains
23 апр 2026;10:34:02.011 [default-nioEventLoopGroup-1-2] TRACE i.m.h.client.netty.DefaultHttpClient - Content-Type: application/json
23 апр 2026;10:34:02.011 [default-nioEventLoopGroup-1-2] TRACE i.m.h.client.netty.DefaultHttpClient - content-length: 1617
23 апр 2026;10:34:02.012 [default-nioEventLoopGroup-1-2] TRACE i.m.h.client.netty.DefaultHttpClient - Response Body
23 апр 2026;10:34:02.012 [default-nioEventLoopGroup-1-2] TRACE i.m.h.client.netty.DefaultHttpClient - ----
23 апр 2026;10:34:02.012 [default-nioEventLoopGroup-1-2] TRACE i.m.h.client.netty.DefaultHttpClient - {"id":182036,"checksum":"1467028006","ticketId":"A2185","unservedVisitServices":[{"id":190921,"eventTime":"10:33","serviceId":7,"serviceInternalName":"Оккулист","serviceExternalName":"Оккулист","visitDeliveredServices":[],"visitOutcome":null,"outcomeExists":false,"deliveredServiceExists":false},{"id":190922,"eventTime":"10:33","serviceId":6,"serviceInternalName":"Стоматолог","serviceExternalName":"Стоматолог","visitDeliveredServices":[],"visitOutcome":null,"outcomeExists":false,"deliveredServiceExists":false},{"id":190923,"eventTime":"10:33","serviceId":5,"serviceInternalName":"Терапевт","serviceExternalName":"Терапевт","visitDeliveredServices":[],"visitOutcome":null,"outcomeExists":false,"deliveredServiceExists":false},{"id":190924,"eventTime":"10:33","serviceId":4,"serviceInternalName":"Хирург","serviceExternalName":"Хирург","visitDeliveredServices":[],"visitOutcome":null,"outcomeExists":false,"deliveredServiceExists":false}],"currentVisitService":{"id":190920,"eventTime":"10:33","serviceId":4,"serviceInternalName":"Хирург","serviceExternalName":"Хирург","visitDeliveredServices":[],"visitOutcome":null,"outcomeExists":false,"deliveredServiceExists":false},"servedVisitServices":[],"visitMarks":[],"customerIds":[],"waitingTime":20,"totalWaitingTime":0,"timeSinceCalled":0,"recycleAllowed":false,"noshowAllowed":false,"recallAllowed":false,"parameterMap":{"currentQueueOrigId":10,"branchName":"Chat_Bot_Demo","startQueueOrigId":98,"totWaitTime":0},"appointmentId":null,"appointmentTime":null,"branchCurrentTime":"10:34:01"}
23 апр 2026;10:34:02.012 [default-nioEventLoopGroup-1-2] TRACE i.m.h.client.netty.DefaultHttpClient - ----
23 апр 2026;10:34:02.064 [default-nioEventLoopGroup-1-3] DEBUG i.m.h.client.netty.DefaultHttpClient - Sending HTTP GET to http://192.168.0.77:8080/rest/entrypoint/branches/6/visits/182037/
23 апр 2026;10:34:02.064 [default-nioEventLoopGroup-1-3] TRACE i.m.h.client.netty.DefaultHttpClient - Authorization: Basic c3VwZXJhZG1pbjp1bGFu
23 апр 2026;10:34:02.064 [default-nioEventLoopGroup-1-3] TRACE i.m.h.client.netty.DefaultHttpClient - Cookie: SSOcookie=57b46714-2f27-46b7-9921-8d8de8bba70d
23 апр 2026;10:34:02.065 [default-nioEventLoopGroup-1-3] TRACE i.m.h.client.netty.DefaultHttpClient - host: 192.168.0.77:8080
23 апр 2026;10:34:02.065 [default-nioEventLoopGroup-1-3] TRACE i.m.h.client.netty.DefaultHttpClient - connection: close
23 апр 2026;10:34:02.088 [default-nioEventLoopGroup-1-3] DEBUG i.m.h.client.netty.DefaultHttpClient - Received response 200 from http://192.168.0.77:8080/rest/entrypoint/branches/6/visits/182037/
23 апр 2026;10:34:02.089 [default-nioEventLoopGroup-1-3] TRACE i.m.h.client.netty.DefaultHttpClient - HTTP Client Response Received (200 OK) for Request: GET http://192.168.0.77:8080/rest/entrypoint/branches/6/visits/182037/
23 апр 2026;10:34:02.089 [default-nioEventLoopGroup-1-3] TRACE i.m.h.client.netty.DefaultHttpClient - Cache-Control: no-store, no-cache, max-age=0, must-revalidate
23 апр 2026;10:34:02.090 [default-nioEventLoopGroup-1-3] TRACE i.m.h.client.netty.DefaultHttpClient - X-Powered-By: Undertow/1
23 апр 2026;10:34:02.090 [default-nioEventLoopGroup-1-3] TRACE i.m.h.client.netty.DefaultHttpClient - Server: WildFly/8
23 апр 2026;10:34:02.091 [default-nioEventLoopGroup-1-3] TRACE i.m.h.client.netty.DefaultHttpClient - X-XSS-Protection: 1
23 апр 2026;10:34:02.091 [default-nioEventLoopGroup-1-3] TRACE i.m.h.client.netty.DefaultHttpClient - X-Frame-Options: SAMEORIGIN
23 апр 2026;10:34:02.091 [default-nioEventLoopGroup-1-3] TRACE i.m.h.client.netty.DefaultHttpClient - Content-Security-Policy: default-src *; style-src * 'unsafe-inline'; script-src * 'unsafe-inline' 'unsafe-eval'; img-src * data: 'unsafe-inline'; connect-src * 'unsafe-inline'; frame-src *;
23 апр 2026;10:34:02.091 [default-nioEventLoopGroup-1-3] TRACE i.m.h.client.netty.DefaultHttpClient - Date: Thu, 23 Apr 2026 07:34:01 GMT
23 апр 2026;10:34:02.091 [default-nioEventLoopGroup-1-3] TRACE i.m.h.client.netty.DefaultHttpClient - Connection: close
23 апр 2026;10:34:02.091 [default-nioEventLoopGroup-1-3] TRACE i.m.h.client.netty.DefaultHttpClient - X-Content-Type-Options: nosniff
23 апр 2026;10:34:02.091 [default-nioEventLoopGroup-1-3] TRACE i.m.h.client.netty.DefaultHttpClient - Strict-Transport-Security: max-age=31536000; includeSubDomains
23 апр 2026;10:34:02.091 [default-nioEventLoopGroup-1-3] TRACE i.m.h.client.netty.DefaultHttpClient - Content-Type: application/json
23 апр 2026;10:34:02.091 [default-nioEventLoopGroup-1-3] TRACE i.m.h.client.netty.DefaultHttpClient - content-length: 1653
23 апр 2026;10:34:02.091 [default-nioEventLoopGroup-1-3] TRACE i.m.h.client.netty.DefaultHttpClient - Response Body
23 апр 2026;10:34:02.091 [default-nioEventLoopGroup-1-3] TRACE i.m.h.client.netty.DefaultHttpClient - ----
23 апр 2026;10:34:02.093 [default-nioEventLoopGroup-1-3] TRACE i.m.h.client.netty.DefaultHttpClient - {"id":182037,"checksum":"584321852","ticketId":"A2186","unservedVisitServices":[{"id":190926,"eventTime":"10:33","serviceId":7,"serviceInternalName":"Оккулист","serviceExternalName":"Оккулист","visitDeliveredServices":[],"visitOutcome":null,"outcomeExists":false,"deliveredServiceExists":false},{"id":190927,"eventTime":"10:33","serviceId":6,"serviceInternalName":"Стоматолог","serviceExternalName":"Стоматолог","visitDeliveredServices":[],"visitOutcome":null,"outcomeExists":false,"deliveredServiceExists":false},{"id":190928,"eventTime":"10:33","serviceId":5,"serviceInternalName":"Терапевт","serviceExternalName":"Терапевт","visitDeliveredServices":[],"visitOutcome":null,"outcomeExists":false,"deliveredServiceExists":false},{"id":190929,"eventTime":"10:33","serviceId":4,"serviceInternalName":"Хирург","serviceExternalName":"Хирург","visitDeliveredServices":[],"visitOutcome":null,"outcomeExists":false,"deliveredServiceExists":false}],"currentVisitService":{"id":190925,"eventTime":"10:33","serviceId":72,"serviceInternalName":"Врач не назначен","serviceExternalName":"Врач не назначен","visitDeliveredServices":[],"visitOutcome":null,"outcomeExists":false,"deliveredServiceExists":false},"servedVisitServices":[],"visitMarks":[],"customerIds":[],"waitingTime":20,"totalWaitingTime":0,"timeSinceCalled":0,"recycleAllowed":false,"noshowAllowed":false,"recallAllowed":false,"parameterMap":{"currentQueueOrigId":98,"startQueueOrigId":98,"branchName":"Chat_Bot_Demo","totWaitTime":0},"appointmentId":null,"appointmentTime":null,"branchCurrentTime":"10:34:01"}
23 апр 2026;10:34:02.093 [default-nioEventLoopGroup-1-3] TRACE i.m.h.client.netty.DefaultHttpClient - ----
23 апр 2026;10:34:02.109 [default-nioEventLoopGroup-1-4] DEBUG i.m.h.client.netty.DefaultHttpClient - Sending HTTP GET to http://192.168.0.77:8080/rest/entrypoint/branches/6/visits/182037/
23 апр 2026;10:34:02.109 [default-nioEventLoopGroup-1-4] TRACE i.m.h.client.netty.DefaultHttpClient - Authorization: Basic c3VwZXJhZG1pbjp1bGFu
23 апр 2026;10:34:02.109 [default-nioEventLoopGroup-1-4] TRACE i.m.h.client.netty.DefaultHttpClient - Cookie: SSOcookie=57b46714-2f27-46b7-9921-8d8de8bba70d
23 апр 2026;10:34:02.109 [default-nioEventLoopGroup-1-4] TRACE i.m.h.client.netty.DefaultHttpClient - host: 192.168.0.77:8080
23 апр 2026;10:34:02.109 [default-nioEventLoopGroup-1-4] TRACE i.m.h.client.netty.DefaultHttpClient - connection: close
23 апр 2026;10:34:02.136 [default-nioEventLoopGroup-1-4] DEBUG i.m.h.client.netty.DefaultHttpClient - Received response 200 from http://192.168.0.77:8080/rest/entrypoint/branches/6/visits/182037/
23 апр 2026;10:34:02.136 [default-nioEventLoopGroup-1-4] TRACE i.m.h.client.netty.DefaultHttpClient - HTTP Client Response Received (200 OK) for Request: GET http://192.168.0.77:8080/rest/entrypoint/branches/6/visits/182037/
23 апр 2026;10:34:02.136 [default-nioEventLoopGroup-1-4] TRACE i.m.h.client.netty.DefaultHttpClient - Cache-Control: no-store, no-cache, max-age=0, must-revalidate
23 апр 2026;10:34:02.136 [default-nioEventLoopGroup-1-4] TRACE i.m.h.client.netty.DefaultHttpClient - X-Powered-By: Undertow/1
23 апр 2026;10:34:02.136 [default-nioEventLoopGroup-1-4] TRACE i.m.h.client.netty.DefaultHttpClient - Server: WildFly/8
23 апр 2026;10:34:02.136 [default-nioEventLoopGroup-1-4] TRACE i.m.h.client.netty.DefaultHttpClient - X-XSS-Protection: 1
23 апр 2026;10:34:02.136 [default-nioEventLoopGroup-1-4] TRACE i.m.h.client.netty.DefaultHttpClient - X-Frame-Options: SAMEORIGIN
23 апр 2026;10:34:02.136 [default-nioEventLoopGroup-1-4] TRACE i.m.h.client.netty.DefaultHttpClient - Content-Security-Policy: default-src *; style-src * 'unsafe-inline'; script-src * 'unsafe-inline' 'unsafe-eval'; img-src * data: 'unsafe-inline'; connect-src * 'unsafe-inline'; frame-src *;
23 апр 2026;10:34:02.136 [default-nioEventLoopGroup-1-4] TRACE i.m.h.client.netty.DefaultHttpClient - Date: Thu, 23 Apr 2026 07:34:02 GMT
23 апр 2026;10:34:02.136 [default-nioEventLoopGroup-1-4] TRACE i.m.h.client.netty.DefaultHttpClient - Connection: close
23 апр 2026;10:34:02.136 [default-nioEventLoopGroup-1-4] TRACE i.m.h.client.netty.DefaultHttpClient - X-Content-Type-Options: nosniff
23 апр 2026;10:34:02.136 [default-nioEventLoopGroup-1-4] TRACE i.m.h.client.netty.DefaultHttpClient - Strict-Transport-Security: max-age=31536000; includeSubDomains
23 апр 2026;10:34:02.136 [default-nioEventLoopGroup-1-4] TRACE i.m.h.client.netty.DefaultHttpClient - Content-Type: application/json
23 апр 2026;10:34:02.136 [default-nioEventLoopGroup-1-4] TRACE i.m.h.client.netty.DefaultHttpClient - content-length: 1653
23 апр 2026;10:34:02.136 [default-nioEventLoopGroup-1-4] TRACE i.m.h.client.netty.DefaultHttpClient - Response Body
23 апр 2026;10:34:02.137 [default-nioEventLoopGroup-1-4] TRACE i.m.h.client.netty.DefaultHttpClient - ----
23 апр 2026;10:34:02.137 [default-nioEventLoopGroup-1-4] TRACE i.m.h.client.netty.DefaultHttpClient - {"id":182037,"checksum":"584321852","ticketId":"A2186","unservedVisitServices":[{"id":190926,"eventTime":"10:33","serviceId":7,"serviceInternalName":"Оккулист","serviceExternalName":"Оккулист","visitDeliveredServices":[],"visitOutcome":null,"outcomeExists":false,"deliveredServiceExists":false},{"id":190927,"eventTime":"10:33","serviceId":6,"serviceInternalName":"Стоматолог","serviceExternalName":"Стоматолог","visitDeliveredServices":[],"visitOutcome":null,"outcomeExists":false,"deliveredServiceExists":false},{"id":190928,"eventTime":"10:33","serviceId":5,"serviceInternalName":"Терапевт","serviceExternalName":"Терапевт","visitDeliveredServices":[],"visitOutcome":null,"outcomeExists":false,"deliveredServiceExists":false},{"id":190929,"eventTime":"10:33","serviceId":4,"serviceInternalName":"Хирург","serviceExternalName":"Хирург","visitDeliveredServices":[],"visitOutcome":null,"outcomeExists":false,"deliveredServiceExists":false}],"currentVisitService":{"id":190925,"eventTime":"10:33","serviceId":72,"serviceInternalName":"Врач не назначен","serviceExternalName":"Врач не назначен","visitDeliveredServices":[],"visitOutcome":null,"outcomeExists":false,"deliveredServiceExists":false},"servedVisitServices":[],"visitMarks":[],"customerIds":[],"waitingTime":20,"totalWaitingTime":0,"timeSinceCalled":0,"recycleAllowed":false,"noshowAllowed":false,"recallAllowed":false,"parameterMap":{"currentQueueOrigId":98,"startQueueOrigId":98,"branchName":"Chat_Bot_Demo","totWaitTime":0},"appointmentId":null,"appointmentTime":null,"branchCurrentTime":"10:34:02"}
23 апр 2026;10:34:02.137 [default-nioEventLoopGroup-1-4] TRACE i.m.h.client.netty.DefaultHttpClient - ----
23 апр 2026;10:34:02.198 [default-nioEventLoopGroup-1-5] DEBUG i.m.h.client.netty.DefaultHttpClient - Sending HTTP PUT to http://192.168.0.77:8080/rest/entrypoint/branches/6/visits/182037/services/4/
23 апр 2026;10:34:02.199 [default-nioEventLoopGroup-1-5] TRACE i.m.h.client.netty.DefaultHttpClient - Authorization: Basic c3VwZXJhZG1pbjp1bGFu
23 апр 2026;10:34:02.199 [default-nioEventLoopGroup-1-5] TRACE i.m.h.client.netty.DefaultHttpClient - Content-Type: application/json
23 апр 2026;10:34:02.199 [default-nioEventLoopGroup-1-5] TRACE i.m.h.client.netty.DefaultHttpClient - Accept: application/json
23 апр 2026;10:34:02.199 [default-nioEventLoopGroup-1-5] TRACE i.m.h.client.netty.DefaultHttpClient - host: 192.168.0.77:8080
23 апр 2026;10:34:02.199 [default-nioEventLoopGroup-1-5] TRACE i.m.h.client.netty.DefaultHttpClient - connection: close
23 апр 2026;10:34:02.199 [default-nioEventLoopGroup-1-5] TRACE i.m.h.client.netty.DefaultHttpClient - content-length: 0
23 апр 2026;10:34:02.199 [default-nioEventLoopGroup-1-5] TRACE i.m.h.client.netty.DefaultHttpClient - Request Body
23 апр 2026;10:34:02.199 [default-nioEventLoopGroup-1-5] TRACE i.m.h.client.netty.DefaultHttpClient - ----
23 апр 2026;10:34:02.199 [default-nioEventLoopGroup-1-5] TRACE i.m.h.client.netty.DefaultHttpClient - 
23 апр 2026;10:34:02.199 [default-nioEventLoopGroup-1-5] TRACE i.m.h.client.netty.DefaultHttpClient - ----
23 апр 2026;10:34:02.692 [default-nioEventLoopGroup-1-5] DEBUG i.m.h.client.netty.DefaultHttpClient - Received response 200 from http://192.168.0.77:8080/rest/entrypoint/branches/6/visits/182037/services/4/
23 апр 2026;10:34:02.692 [default-nioEventLoopGroup-1-5] TRACE i.m.h.client.netty.DefaultHttpClient - HTTP Client Response Received (200 OK) for Request: PUT http://192.168.0.77:8080/rest/entrypoint/branches/6/visits/182037/services/4/
23 апр 2026;10:34:02.692 [default-nioEventLoopGroup-1-5] TRACE i.m.h.client.netty.DefaultHttpClient - X-Powered-By: Undertow/1
23 апр 2026;10:34:02.692 [default-nioEventLoopGroup-1-5] TRACE i.m.h.client.netty.DefaultHttpClient - Set-Cookie: SSOcookie=d651e470-3ae2-460f-b437-1bdb7237b13c; Path=/; HttpOnly
23 апр 2026;10:34:02.692 [default-nioEventLoopGroup-1-5] TRACE i.m.h.client.netty.DefaultHttpClient - Set-Cookie: rememberMe=deleteMe; Path=/; Max-Age=0; Expires=Wed, 22-Apr-2026 07:34:02 GMT
23 апр 2026;10:34:02.692 [default-nioEventLoopGroup-1-5] TRACE i.m.h.client.netty.DefaultHttpClient - Server: WildFly/8
23 апр 2026;10:34:02.692 [default-nioEventLoopGroup-1-5] TRACE i.m.h.client.netty.DefaultHttpClient - X-XSS-Protection: 1
23 апр 2026;10:34:02.692 [default-nioEventLoopGroup-1-5] TRACE i.m.h.client.netty.DefaultHttpClient - X-Frame-Options: SAMEORIGIN
23 апр 2026;10:34:02.692 [default-nioEventLoopGroup-1-5] TRACE i.m.h.client.netty.DefaultHttpClient - Content-Security-Policy: default-src *; style-src * 'unsafe-inline'; script-src * 'unsafe-inline' 'unsafe-eval'; img-src * data: 'unsafe-inline'; connect-src * 'unsafe-inline'; frame-src *;
23 апр 2026;10:34:02.692 [default-nioEventLoopGroup-1-5] TRACE i.m.h.client.netty.DefaultHttpClient - Date: Thu, 23 Apr 2026 07:34:02 GMT
23 апр 2026;10:34:02.692 [default-nioEventLoopGroup-1-5] TRACE i.m.h.client.netty.DefaultHttpClient - Connection: close
23 апр 2026;10:34:02.692 [default-nioEventLoopGroup-1-5] TRACE i.m.h.client.netty.DefaultHttpClient - X-Content-Type-Options: nosniff
23 апр 2026;10:34:02.692 [default-nioEventLoopGroup-1-5] TRACE i.m.h.client.netty.DefaultHttpClient - Strict-Transport-Security: max-age=31536000; includeSubDomains
23 апр 2026;10:34:02.692 [default-nioEventLoopGroup-1-5] TRACE i.m.h.client.netty.DefaultHttpClient - Content-Type: application/json
23 апр 2026;10:34:02.692 [default-nioEventLoopGroup-1-5] TRACE i.m.h.client.netty.DefaultHttpClient - content-length: 1870
23 апр 2026;10:34:02.692 [default-nioEventLoopGroup-1-5] TRACE i.m.h.client.netty.DefaultHttpClient - Response Body
23 апр 2026;10:34:02.692 [default-nioEventLoopGroup-1-5] TRACE i.m.h.client.netty.DefaultHttpClient - ----
23 апр 2026;10:34:02.692 [default-nioEventLoopGroup-1-5] TRACE i.m.h.client.netty.DefaultHttpClient - {"branchId":6,"userState":"INACTIVE","visitState":"OK","servicePointId":1,"servicePointName":"Кабинет 13","servicePointState":"OPEN","visit":{"id":182037,"checksum":"584321852","ticketId":"A2186","unservedVisitServices":[{"id":190926,"eventTime":"10:33","serviceId":7,"serviceInternalName":"Оккулист","serviceExternalName":"Оккулист","visitDeliveredServices":[],"visitOutcome":null,"outcomeExists":false,"deliveredServiceExists":false},{"id":190927,"eventTime":"10:33","serviceId":6,"serviceInternalName":"Стоматолог","serviceExternalName":"Стоматолог","visitDeliveredServices":[],"visitOutcome":null,"outcomeExists":false,"deliveredServiceExists":false},{"id":190928,"eventTime":"10:33","serviceId":5,"serviceInternalName":"Терапевт","serviceExternalName":"Терапевт","visitDeliveredServices":[],"visitOutcome":null,"outcomeExists":false,"deliveredServiceExists":false},{"id":190929,"eventTime":"10:33","serviceId":4,"serviceInternalName":"Хирург","serviceExternalName":"Хирург","visitDeliveredServices":[],"visitOutcome":null,"outcomeExists":false,"deliveredServiceExists":false}],"currentVisitService":{"id":190925,"eventTime":"10:33","serviceId":4,"serviceInternalName":"Хирург","serviceExternalName":"Хирург","visitDeliveredServices":[],"visitOutcome":null,"outcomeExists":false,"deliveredServiceExists":false},"servedVisitServices":[],"visitMarks":[],"customerIds":[],"waitingTime":20,"totalWaitingTime":0,"timeSinceCalled":0,"recycleAllowed":false,"noshowAllowed":false,"recallAllowed":false,"parameterMap":{"startQueueOrigId":98,"branchName":"Chat_Bot_Demo","totWaitTime":0},"appointmentId":null,"appointmentTime":null,"branchCurrentTime":"10:34:02"},"workProfileId":7,"workProfileName":"Универсал","servicePointDeviceTypes":["POSITIONAL","SW_SERVICE_POINT","Spotlight"]}
23 апр 2026;10:34:02.692 [default-nioEventLoopGroup-1-5] TRACE i.m.h.client.netty.DefaultHttpClient - ----
23 апр 2026;10:34:02.698 [default-nioEventLoopGroup-1-6] DEBUG i.m.h.client.netty.DefaultHttpClient - Sending HTTP PUT to http://192.168.0.77:8080/rest/entrypoint/branches/6/queues/10/visits/
23 апр 2026;10:34:02.698 [default-nioEventLoopGroup-1-6] TRACE i.m.h.client.netty.DefaultHttpClient - Authorization: Basic c3VwZXJhZG1pbjp1bGFu
23 апр 2026;10:34:02.698 [default-nioEventLoopGroup-1-6] TRACE i.m.h.client.netty.DefaultHttpClient - Content-Type: application/json
23 апр 2026;10:34:02.698 [default-nioEventLoopGroup-1-6] TRACE i.m.h.client.netty.DefaultHttpClient - Accept: application/json
23 апр 2026;10:34:02.698 [default-nioEventLoopGroup-1-6] TRACE i.m.h.client.netty.DefaultHttpClient - host: 192.168.0.77:8080
23 апр 2026;10:34:02.698 [default-nioEventLoopGroup-1-6] TRACE i.m.h.client.netty.DefaultHttpClient - connection: close
23 апр 2026;10:34:02.698 [default-nioEventLoopGroup-1-6] TRACE i.m.h.client.netty.DefaultHttpClient - content-length: 46
23 апр 2026;10:34:02.698 [default-nioEventLoopGroup-1-6] TRACE i.m.h.client.netty.DefaultHttpClient - Request Body
23 апр 2026;10:34:02.698 [default-nioEventLoopGroup-1-6] TRACE i.m.h.client.netty.DefaultHttpClient - ----
23 апр 2026;10:34:02.698 [default-nioEventLoopGroup-1-6] TRACE i.m.h.client.netty.DefaultHttpClient - {"visitId":182037,"fromBranchId":6,"fromId":1}
23 апр 2026;10:34:02.698 [default-nioEventLoopGroup-1-6] TRACE i.m.h.client.netty.DefaultHttpClient - ----
23 апр 2026;10:34:03.449 [default-nioEventLoopGroup-1-6] DEBUG i.m.h.client.netty.DefaultHttpClient - Received response 204 from http://192.168.0.77:8080/rest/entrypoint/branches/6/queues/10/visits/
23 апр 2026;10:34:03.449 [default-nioEventLoopGroup-1-6] TRACE i.m.h.client.netty.DefaultHttpClient - HTTP Client Response Received (204 No Content) for Request: PUT http://192.168.0.77:8080/rest/entrypoint/branches/6/queues/10/visits/
23 апр 2026;10:34:03.449 [default-nioEventLoopGroup-1-6] TRACE i.m.h.client.netty.DefaultHttpClient - X-Powered-By: Undertow/1
23 апр 2026;10:34:03.449 [default-nioEventLoopGroup-1-6] TRACE i.m.h.client.netty.DefaultHttpClient - Set-Cookie: SSOcookie=bf854593-875d-49b2-83cc-5cb1fbf60282; Path=/; HttpOnly
23 апр 2026;10:34:03.449 [default-nioEventLoopGroup-1-6] TRACE i.m.h.client.netty.DefaultHttpClient - Set-Cookie: rememberMe=deleteMe; Path=/; Max-Age=0; Expires=Wed, 22-Apr-2026 07:34:03 GMT
23 апр 2026;10:34:03.449 [default-nioEventLoopGroup-1-6] TRACE i.m.h.client.netty.DefaultHttpClient - Server: WildFly/8
23 апр 2026;10:34:03.449 [default-nioEventLoopGroup-1-6] TRACE i.m.h.client.netty.DefaultHttpClient - X-XSS-Protection: 1
23 апр 2026;10:34:03.449 [default-nioEventLoopGroup-1-6] TRACE i.m.h.client.netty.DefaultHttpClient - X-Frame-Options: SAMEORIGIN
23 апр 2026;10:34:03.450 [default-nioEventLoopGroup-1-6] TRACE i.m.h.client.netty.DefaultHttpClient - Content-Security-Policy: default-src *; style-src * 'unsafe-inline'; script-src * 'unsafe-inline' 'unsafe-eval'; img-src * data: 'unsafe-inline'; connect-src * 'unsafe-inline'; frame-src *;
23 апр 2026;10:34:03.450 [default-nioEventLoopGroup-1-6] TRACE i.m.h.client.netty.DefaultHttpClient - Date: Thu, 23 Apr 2026 07:34:03 GMT
23 апр 2026;10:34:03.450 [default-nioEventLoopGroup-1-6] TRACE i.m.h.client.netty.DefaultHttpClient - X-Content-Type-Options: nosniff
23 апр 2026;10:34:03.450 [default-nioEventLoopGroup-1-6] TRACE i.m.h.client.netty.DefaultHttpClient - Strict-Transport-Security: max-age=31536000; includeSubDomains
23 апр 2026;10:34:03.450 [default-nioEventLoopGroup-1-6] TRACE i.m.h.client.netty.DefaultHttpClient - Response Body
23 апр 2026;10:34:03.450 [default-nioEventLoopGroup-1-6] TRACE i.m.h.client.netty.DefaultHttpClient - ----
23 апр 2026;10:34:03.450 [default-nioEventLoopGroup-1-6] TRACE i.m.h.client.netty.DefaultHttpClient - 
23 апр 2026;10:34:03.450 [default-nioEventLoopGroup-1-6] TRACE i.m.h.client.netty.DefaultHttpClient - ----
23 апр 2026;10:34:03.450 [default-nioEventLoopGroup-1-6] TRACE i.m.h.client.netty.DefaultHttpClient - Full HTTP response received an empty body
23 апр 2026;10:34:03.450 [default-nioEventLoopGroup-1-6] TRACE i.m.h.client.netty.DefaultHttpClient - Unable to convert response body to target type class [B
23 апр 2026;10:34:03.450 [SimpleAsyncTaskExecutor-1] TRACE i.m.h.client.netty.DefaultHttpClient - Unable to convert response body to target type class [B
23 апр 2026;10:34:03.454 [default-nioEventLoopGroup-1-7] DEBUG i.m.h.client.netty.DefaultHttpClient - Sending HTTP GET to http://192.168.0.77:8080/rest/entrypoint/branches/6/visits/182037/
23 апр 2026;10:34:03.454 [default-nioEventLoopGroup-1-7] TRACE i.m.h.client.netty.DefaultHttpClient - Authorization: Basic c3VwZXJhZG1pbjp1bGFu
23 апр 2026;10:34:03.454 [default-nioEventLoopGroup-1-7] TRACE i.m.h.client.netty.DefaultHttpClient - Cookie: SSOcookie=57b46714-2f27-46b7-9921-8d8de8bba70d
23 апр 2026;10:34:03.454 [default-nioEventLoopGroup-1-7] TRACE i.m.h.client.netty.DefaultHttpClient - host: 192.168.0.77:8080
23 апр 2026;10:34:03.454 [default-nioEventLoopGroup-1-7] TRACE i.m.h.client.netty.DefaultHttpClient - connection: close
23 апр 2026;10:34:03.473 [default-nioEventLoopGroup-1-7] DEBUG i.m.h.client.netty.DefaultHttpClient - Received response 200 from http://192.168.0.77:8080/rest/entrypoint/branches/6/visits/182037/
23 апр 2026;10:34:03.473 [default-nioEventLoopGroup-1-7] TRACE i.m.h.client.netty.DefaultHttpClient - HTTP Client Response Received (200 OK) for Request: GET http://192.168.0.77:8080/rest/entrypoint/branches/6/visits/182037/
23 апр 2026;10:34:03.473 [default-nioEventLoopGroup-1-7] TRACE i.m.h.client.netty.DefaultHttpClient - Cache-Control: no-store, no-cache, max-age=0, must-revalidate
23 апр 2026;10:34:03.474 [default-nioEventLoopGroup-1-7] TRACE i.m.h.client.netty.DefaultHttpClient - X-Powered-By: Undertow/1
23 апр 2026;10:34:03.474 [default-nioEventLoopGroup-1-7] TRACE i.m.h.client.netty.DefaultHttpClient - Server: WildFly/8
23 апр 2026;10:34:03.474 [default-nioEventLoopGroup-1-7] TRACE i.m.h.client.netty.DefaultHttpClient - X-XSS-Protection: 1
23 апр 2026;10:34:03.474 [default-nioEventLoopGroup-1-7] TRACE i.m.h.client.netty.DefaultHttpClient - X-Frame-Options: SAMEORIGIN
23 апр 2026;10:34:03.474 [default-nioEventLoopGroup-1-7] TRACE i.m.h.client.netty.DefaultHttpClient - Content-Security-Policy: default-src *; style-src * 'unsafe-inline'; script-src * 'unsafe-inline' 'unsafe-eval'; img-src * data: 'unsafe-inline'; connect-src * 'unsafe-inline'; frame-src *;
23 апр 2026;10:34:03.474 [default-nioEventLoopGroup-1-7] TRACE i.m.h.client.netty.DefaultHttpClient - Date: Thu, 23 Apr 2026 07:34:03 GMT
23 апр 2026;10:34:03.474 [default-nioEventLoopGroup-1-7] TRACE i.m.h.client.netty.DefaultHttpClient - Connection: close
23 апр 2026;10:34:03.474 [default-nioEventLoopGroup-1-7] TRACE i.m.h.client.netty.DefaultHttpClient - X-Content-Type-Options: nosniff
23 апр 2026;10:34:03.474 [default-nioEventLoopGroup-1-7] TRACE i.m.h.client.netty.DefaultHttpClient - Strict-Transport-Security: max-age=31536000; includeSubDomains
23 апр 2026;10:34:03.474 [default-nioEventLoopGroup-1-7] TRACE i.m.h.client.netty.DefaultHttpClient - Content-Type: application/json
23 апр 2026;10:34:03.474 [default-nioEventLoopGroup-1-7] TRACE i.m.h.client.netty.DefaultHttpClient - content-length: 1616
23 апр 2026;10:34:03.474 [default-nioEventLoopGroup-1-7] TRACE i.m.h.client.netty.DefaultHttpClient - Response Body
23 апр 2026;10:34:03.474 [default-nioEventLoopGroup-1-7] TRACE i.m.h.client.netty.DefaultHttpClient - ----
23 апр 2026;10:34:03.474 [default-nioEventLoopGroup-1-7] TRACE i.m.h.client.netty.DefaultHttpClient - {"id":182037,"checksum":"584321852","ticketId":"A2186","unservedVisitServices":[{"id":190926,"eventTime":"10:33","serviceId":7,"serviceInternalName":"Оккулист","serviceExternalName":"Оккулист","visitDeliveredServices":[],"visitOutcome":null,"outcomeExists":false,"deliveredServiceExists":false},{"id":190927,"eventTime":"10:33","serviceId":6,"serviceInternalName":"Стоматолог","serviceExternalName":"Стоматолог","visitDeliveredServices":[],"visitOutcome":null,"outcomeExists":false,"deliveredServiceExists":false},{"id":190928,"eventTime":"10:33","serviceId":5,"serviceInternalName":"Терапевт","serviceExternalName":"Терапевт","visitDeliveredServices":[],"visitOutcome":null,"outcomeExists":false,"deliveredServiceExists":false},{"id":190929,"eventTime":"10:33","serviceId":4,"serviceInternalName":"Хирург","serviceExternalName":"Хирург","visitDeliveredServices":[],"visitOutcome":null,"outcomeExists":false,"deliveredServiceExists":false}],"currentVisitService":{"id":190925,"eventTime":"10:33","serviceId":4,"serviceInternalName":"Хирург","serviceExternalName":"Хирург","visitDeliveredServices":[],"visitOutcome":null,"outcomeExists":false,"deliveredServiceExists":false},"servedVisitServices":[],"visitMarks":[],"customerIds":[],"waitingTime":22,"totalWaitingTime":0,"timeSinceCalled":0,"recycleAllowed":false,"noshowAllowed":false,"recallAllowed":false,"parameterMap":{"currentQueueOrigId":10,"branchName":"Chat_Bot_Demo","startQueueOrigId":98,"totWaitTime":0},"appointmentId":null,"appointmentTime":null,"branchCurrentTime":"10:34:03"}
23 апр 2026;10:34:03.474 [default-nioEventLoopGroup-1-7] TRACE i.m.h.client.netty.DefaultHttpClient - ----
23 апр 2026;10:34:03.479 [default-nioEventLoopGroup-1-8] DEBUG i.m.h.client.netty.DefaultHttpClient - Sending HTTP GET to http://192.168.0.77:8080/rest/entrypoint/branches/6/visits/182038/
23 апр 2026;10:34:03.480 [default-nioEventLoopGroup-1-8] TRACE i.m.h.client.netty.DefaultHttpClient - Authorization: Basic c3VwZXJhZG1pbjp1bGFu
23 апр 2026;10:34:03.480 [default-nioEventLoopGroup-1-8] TRACE i.m.h.client.netty.DefaultHttpClient - Cookie: SSOcookie=57b46714-2f27-46b7-9921-8d8de8bba70d
23 апр 2026;10:34:03.480 [default-nioEventLoopGroup-1-8] TRACE i.m.h.client.netty.DefaultHttpClient - host: 192.168.0.77:8080
23 апр 2026;10:34:03.480 [default-nioEventLoopGroup-1-8] TRACE i.m.h.client.netty.DefaultHttpClient - connection: close
23 апр 2026;10:34:03.498 [default-nioEventLoopGroup-1-8] DEBUG i.m.h.client.netty.DefaultHttpClient - Received response 200 from http://192.168.0.77:8080/rest/entrypoint/branches/6/visits/182038/
23 апр 2026;10:34:03.498 [default-nioEventLoopGroup-1-8] TRACE i.m.h.client.netty.DefaultHttpClient - HTTP Client Response Received (200 OK) for Request: GET http://192.168.0.77:8080/rest/entrypoint/branches/6/visits/182038/
23 апр 2026;10:34:03.498 [default-nioEventLoopGroup-1-8] TRACE i.m.h.client.netty.DefaultHttpClient - Cache-Control: no-store, no-cache, max-age=0, must-revalidate
23 апр 2026;10:34:03.498 [default-nioEventLoopGroup-1-8] TRACE i.m.h.client.netty.DefaultHttpClient - X-Powered-By: Undertow/1
23 апр 2026;10:34:03.498 [default-nioEventLoopGroup-1-8] TRACE i.m.h.client.netty.DefaultHttpClient - Server: WildFly/8
23 апр 2026;10:34:03.498 [default-nioEventLoopGroup-1-8] TRACE i.m.h.client.netty.DefaultHttpClient - X-XSS-Protection: 1
23 апр 2026;10:34:03.498 [default-nioEventLoopGroup-1-8] TRACE i.m.h.client.netty.DefaultHttpClient - X-Frame-Options: SAMEORIGIN
23 апр 2026;10:34:03.498 [default-nioEventLoopGroup-1-8] TRACE i.m.h.client.netty.DefaultHttpClient - Content-Security-Policy: default-src *; style-src * 'unsafe-inline'; script-src * 'unsafe-inline' 'unsafe-eval'; img-src * data: 'unsafe-inline'; connect-src * 'unsafe-inline'; frame-src *;
23 апр 2026;10:34:03.498 [default-nioEventLoopGroup-1-8] TRACE i.m.h.client.netty.DefaultHttpClient - Date: Thu, 23 Apr 2026 07:34:03 GMT
23 апр 2026;10:34:03.498 [default-nioEventLoopGroup-1-8] TRACE i.m.h.client.netty.DefaultHttpClient - Connection: close
23 апр 2026;10:34:03.498 [default-nioEventLoopGroup-1-8] TRACE i.m.h.client.netty.DefaultHttpClient - X-Content-Type-Options: nosniff
23 апр 2026;10:34:03.498 [default-nioEventLoopGroup-1-8] TRACE i.m.h.client.netty.DefaultHttpClient - Strict-Transport-Security: max-age=31536000; includeSubDomains
23 апр 2026;10:34:03.498 [default-nioEventLoopGroup-1-8] TRACE i.m.h.client.netty.DefaultHttpClient - Content-Type: application/json
23 апр 2026;10:34:03.498 [default-nioEventLoopGroup-1-8] TRACE i.m.h.client.netty.DefaultHttpClient - content-length: 1653
23 апр 2026;10:34:03.498 [default-nioEventLoopGroup-1-8] TRACE i.m.h.client.netty.DefaultHttpClient - Response Body
23 апр 2026;10:34:03.498 [default-nioEventLoopGroup-1-8] TRACE i.m.h.client.netty.DefaultHttpClient - ----
23 апр 2026;10:34:03.498 [default-nioEventLoopGroup-1-8] TRACE i.m.h.client.netty.DefaultHttpClient - {"id":182038,"checksum":"624687332","ticketId":"A2187","unservedVisitServices":[{"id":190931,"eventTime":"10:33","serviceId":7,"serviceInternalName":"Оккулист","serviceExternalName":"Оккулист","visitDeliveredServices":[],"visitOutcome":null,"outcomeExists":false,"deliveredServiceExists":false},{"id":190932,"eventTime":"10:33","serviceId":6,"serviceInternalName":"Стоматолог","serviceExternalName":"Стоматолог","visitDeliveredServices":[],"visitOutcome":null,"outcomeExists":false,"deliveredServiceExists":false},{"id":190933,"eventTime":"10:33","serviceId":5,"serviceInternalName":"Терапевт","serviceExternalName":"Терапевт","visitDeliveredServices":[],"visitOutcome":null,"outcomeExists":false,"deliveredServiceExists":false},{"id":190934,"eventTime":"10:33","serviceId":4,"serviceInternalName":"Хирург","serviceExternalName":"Хирург","visitDeliveredServices":[],"visitOutcome":null,"outcomeExists":false,"deliveredServiceExists":false}],"currentVisitService":{"id":190930,"eventTime":"10:33","serviceId":72,"serviceInternalName":"Врач не назначен","serviceExternalName":"Врач не назначен","visitDeliveredServices":[],"visitOutcome":null,"outcomeExists":false,"deliveredServiceExists":false},"servedVisitServices":[],"visitMarks":[],"customerIds":[],"waitingTime":22,"totalWaitingTime":0,"timeSinceCalled":0,"recycleAllowed":false,"noshowAllowed":false,"recallAllowed":false,"parameterMap":{"currentQueueOrigId":98,"startQueueOrigId":98,"branchName":"Chat_Bot_Demo","totWaitTime":0},"appointmentId":null,"appointmentTime":null,"branchCurrentTime":"10:34:03"}
23 апр 2026;10:34:03.498 [default-nioEventLoopGroup-1-8] TRACE i.m.h.client.netty.DefaultHttpClient - ----
23 апр 2026;10:34:03.506 [default-nioEventLoopGroup-1-9] DEBUG i.m.h.client.netty.DefaultHttpClient - Sending HTTP GET to http://192.168.0.77:8080/rest/entrypoint/branches/6/visits/182038/
23 апр 2026;10:34:03.507 [default-nioEventLoopGroup-1-9] TRACE i.m.h.client.netty.DefaultHttpClient - Authorization: Basic c3VwZXJhZG1pbjp1bGFu
23 апр 2026;10:34:03.507 [default-nioEventLoopGroup-1-9] TRACE i.m.h.client.netty.DefaultHttpClient - Cookie: SSOcookie=57b46714-2f27-46b7-9921-8d8de8bba70d
23 апр 2026;10:34:03.507 [default-nioEventLoopGroup-1-9] TRACE i.m.h.client.netty.DefaultHttpClient - host: 192.168.0.77:8080
23 апр 2026;10:34:03.507 [default-nioEventLoopGroup-1-9] TRACE i.m.h.client.netty.DefaultHttpClient - connection: close
23 апр 2026;10:34:03.526 [default-nioEventLoopGroup-1-9] DEBUG i.m.h.client.netty.DefaultHttpClient - Received response 200 from http://192.168.0.77:8080/rest/entrypoint/branches/6/visits/182038/
23 апр 2026;10:34:03.526 [default-nioEventLoopGroup-1-9] TRACE i.m.h.client.netty.DefaultHttpClient - HTTP Client Response Received (200 OK) for Request: GET http://192.168.0.77:8080/rest/entrypoint/branches/6/visits/182038/
23 апр 2026;10:34:03.526 [default-nioEventLoopGroup-1-9] TRACE i.m.h.client.netty.DefaultHttpClient - Cache-Control: no-store, no-cache, max-age=0, must-revalidate
23 апр 2026;10:34:03.526 [default-nioEventLoopGroup-1-9] TRACE i.m.h.client.netty.DefaultHttpClient - X-Powered-By: Undertow/1
23 апр 2026;10:34:03.526 [default-nioEventLoopGroup-1-9] TRACE i.m.h.client.netty.DefaultHttpClient - Server: WildFly/8
23 апр 2026;10:34:03.526 [default-nioEventLoopGroup-1-9] TRACE i.m.h.client.netty.DefaultHttpClient - X-XSS-Protection: 1
23 апр 2026;10:34:03.526 [default-nioEventLoopGroup-1-9] TRACE i.m.h.client.netty.DefaultHttpClient - X-Frame-Options: SAMEORIGIN
23 апр 2026;10:34:03.526 [default-nioEventLoopGroup-1-9] TRACE i.m.h.client.netty.DefaultHttpClient - Content-Security-Policy: default-src *; style-src * 'unsafe-inline'; script-src * 'unsafe-inline' 'unsafe-eval'; img-src * data: 'unsafe-inline'; connect-src * 'unsafe-inline'; frame-src *;
23 апр 2026;10:34:03.526 [default-nioEventLoopGroup-1-9] TRACE i.m.h.client.netty.DefaultHttpClient - Date: Thu, 23 Apr 2026 07:34:03 GMT
23 апр 2026;10:34:03.526 [default-nioEventLoopGroup-1-9] TRACE i.m.h.client.netty.DefaultHttpClient - Connection: close
23 апр 2026;10:34:03.526 [default-nioEventLoopGroup-1-9] TRACE i.m.h.client.netty.DefaultHttpClient - X-Content-Type-Options: nosniff
23 апр 2026;10:34:03.526 [default-nioEventLoopGroup-1-9] TRACE i.m.h.client.netty.DefaultHttpClient - Strict-Transport-Security: max-age=31536000; includeSubDomains
23 апр 2026;10:34:03.526 [default-nioEventLoopGroup-1-9] TRACE i.m.h.client.netty.DefaultHttpClient - Content-Type: application/json
23 апр 2026;10:34:03.526 [default-nioEventLoopGroup-1-9] TRACE i.m.h.client.netty.DefaultHttpClient - content-length: 1653
23 апр 2026;10:34:03.526 [default-nioEventLoopGroup-1-9] TRACE i.m.h.client.netty.DefaultHttpClient - Response Body
23 апр 2026;10:34:03.526 [default-nioEventLoopGroup-1-9] TRACE i.m.h.client.netty.DefaultHttpClient - ----
23 апр 2026;10:34:03.526 [default-nioEventLoopGroup-1-9] TRACE i.m.h.client.netty.DefaultHttpClient - {"id":182038,"checksum":"624687332","ticketId":"A2187","unservedVisitServices":[{"id":190931,"eventTime":"10:33","serviceId":7,"serviceInternalName":"Оккулист","serviceExternalName":"Оккулист","visitDeliveredServices":[],"visitOutcome":null,"outcomeExists":false,"deliveredServiceExists":false},{"id":190932,"eventTime":"10:33","serviceId":6,"serviceInternalName":"Стоматолог","serviceExternalName":"Стоматолог","visitDeliveredServices":[],"visitOutcome":null,"outcomeExists":false,"deliveredServiceExists":false},{"id":190933,"eventTime":"10:33","serviceId":5,"serviceInternalName":"Терапевт","serviceExternalName":"Терапевт","visitDeliveredServices":[],"visitOutcome":null,"outcomeExists":false,"deliveredServiceExists":false},{"id":190934,"eventTime":"10:33","serviceId":4,"serviceInternalName":"Хирург","serviceExternalName":"Хирург","visitDeliveredServices":[],"visitOutcome":null,"outcomeExists":false,"deliveredServiceExists":false}],"currentVisitService":{"id":190930,"eventTime":"10:33","serviceId":72,"serviceInternalName":"Врач не назначен","serviceExternalName":"Врач не назначен","visitDeliveredServices":[],"visitOutcome":null,"outcomeExists":false,"deliveredServiceExists":false},"servedVisitServices":[],"visitMarks":[],"customerIds":[],"waitingTime":22,"totalWaitingTime":0,"timeSinceCalled":0,"recycleAllowed":false,"noshowAllowed":false,"recallAllowed":false,"parameterMap":{"currentQueueOrigId":98,"startQueueOrigId":98,"branchName":"Chat_Bot_Demo","totWaitTime":0},"appointmentId":null,"appointmentTime":null,"branchCurrentTime":"10:34:03"}
23 апр 2026;10:34:03.526 [default-nioEventLoopGroup-1-9] TRACE i.m.h.client.netty.DefaultHttpClient - ----
23 апр 2026;10:34:03.531 [default-nioEventLoopGroup-1-10] DEBUG i.m.h.client.netty.DefaultHttpClient - Sending HTTP PUT to http://192.168.0.77:8080/rest/entrypoint/branches/6/visits/182038/services/4/
23 апр 2026;10:34:03.531 [default-nioEventLoopGroup-1-10] TRACE i.m.h.client.netty.DefaultHttpClient - Authorization: Basic c3VwZXJhZG1pbjp1bGFu
23 апр 2026;10:34:03.531 [default-nioEventLoopGroup-1-10] TRACE i.m.h.client.netty.DefaultHttpClient - Content-Type: application/json
23 апр 2026;10:34:03.532 [default-nioEventLoopGroup-1-10] TRACE i.m.h.client.netty.DefaultHttpClient - Accept: application/json
23 апр 2026;10:34:03.532 [default-nioEventLoopGroup-1-10] TRACE i.m.h.client.netty.DefaultHttpClient - host: 192.168.0.77:8080
23 апр 2026;10:34:03.532 [default-nioEventLoopGroup-1-10] TRACE i.m.h.client.netty.DefaultHttpClient - connection: close
23 апр 2026;10:34:03.532 [default-nioEventLoopGroup-1-10] TRACE i.m.h.client.netty.DefaultHttpClient - content-length: 0
23 апр 2026;10:34:03.532 [default-nioEventLoopGroup-1-10] TRACE i.m.h.client.netty.DefaultHttpClient - Request Body
23 апр 2026;10:34:03.532 [default-nioEventLoopGroup-1-10] TRACE i.m.h.client.netty.DefaultHttpClient - ----
23 апр 2026;10:34:03.532 [default-nioEventLoopGroup-1-10] TRACE i.m.h.client.netty.DefaultHttpClient - 
23 апр 2026;10:34:03.532 [default-nioEventLoopGroup-1-10] TRACE i.m.h.client.netty.DefaultHttpClient - ----
23 апр 2026;10:34:04.059 [default-nioEventLoopGroup-1-10] DEBUG i.m.h.client.netty.DefaultHttpClient - Received response 200 from http://192.168.0.77:8080/rest/entrypoint/branches/6/visits/182038/services/4/
23 апр 2026;10:34:04.059 [default-nioEventLoopGroup-1-10] TRACE i.m.h.client.netty.DefaultHttpClient - HTTP Client Response Received (200 OK) for Request: PUT http://192.168.0.77:8080/rest/entrypoint/branches/6/visits/182038/services/4/
23 апр 2026;10:34:04.059 [default-nioEventLoopGroup-1-10] TRACE i.m.h.client.netty.DefaultHttpClient - X-Powered-By: Undertow/1
23 апр 2026;10:34:04.059 [default-nioEventLoopGroup-1-10] TRACE i.m.h.client.netty.DefaultHttpClient - Set-Cookie: SSOcookie=7edd3f52-906f-451b-9cb4-43eeb3900e26; Path=/; HttpOnly
23 апр 2026;10:34:04.059 [default-nioEventLoopGroup-1-10] TRACE i.m.h.client.netty.DefaultHttpClient - Set-Cookie: rememberMe=deleteMe; Path=/; Max-Age=0; Expires=Wed, 22-Apr-2026 07:34:03 GMT
23 апр 2026;10:34:04.059 [default-nioEventLoopGroup-1-10] TRACE i.m.h.client.netty.DefaultHttpClient - Server: WildFly/8
23 апр 2026;10:34:04.059 [default-nioEventLoopGroup-1-10] TRACE i.m.h.client.netty.DefaultHttpClient - X-XSS-Protection: 1
23 апр 2026;10:34:04.059 [default-nioEventLoopGroup-1-10] TRACE i.m.h.client.netty.DefaultHttpClient - X-Frame-Options: SAMEORIGIN
23 апр 2026;10:34:04.059 [default-nioEventLoopGroup-1-10] TRACE i.m.h.client.netty.DefaultHttpClient - Content-Security-Policy: default-src *; style-src * 'unsafe-inline'; script-src * 'unsafe-inline' 'unsafe-eval'; img-src * data: 'unsafe-inline'; connect-src * 'unsafe-inline'; frame-src *;
23 апр 2026;10:34:04.059 [default-nioEventLoopGroup-1-10] TRACE i.m.h.client.netty.DefaultHttpClient - Date: Thu, 23 Apr 2026 07:34:03 GMT
23 апр 2026;10:34:04.059 [default-nioEventLoopGroup-1-10] TRACE i.m.h.client.netty.DefaultHttpClient - Connection: close
23 апр 2026;10:34:04.059 [default-nioEventLoopGroup-1-10] TRACE i.m.h.client.netty.DefaultHttpClient - X-Content-Type-Options: nosniff
23 апр 2026;10:34:04.059 [default-nioEventLoopGroup-1-10] TRACE i.m.h.client.netty.DefaultHttpClient - Strict-Transport-Security: max-age=31536000; includeSubDomains
23 апр 2026;10:34:04.059 [default-nioEventLoopGroup-1-10] TRACE i.m.h.client.netty.DefaultHttpClient - Content-Type: application/json
23 апр 2026;10:34:04.059 [default-nioEventLoopGroup-1-10] TRACE i.m.h.client.netty.DefaultHttpClient - content-length: 1870
23 апр 2026;10:34:04.059 [default-nioEventLoopGroup-1-10] TRACE i.m.h.client.netty.DefaultHttpClient - Response Body
23 апр 2026;10:34:04.059 [default-nioEventLoopGroup-1-10] TRACE i.m.h.client.netty.DefaultHttpClient - ----
23 апр 2026;10:34:04.059 [default-nioEventLoopGroup-1-10] TRACE i.m.h.client.netty.DefaultHttpClient - {"branchId":6,"userState":"INACTIVE","visitState":"OK","servicePointId":1,"servicePointName":"Кабинет 13","servicePointState":"OPEN","visit":{"id":182038,"checksum":"624687332","ticketId":"A2187","unservedVisitServices":[{"id":190931,"eventTime":"10:33","serviceId":7,"serviceInternalName":"Оккулист","serviceExternalName":"Оккулист","visitDeliveredServices":[],"visitOutcome":null,"outcomeExists":false,"deliveredServiceExists":false},{"id":190932,"eventTime":"10:33","serviceId":6,"serviceInternalName":"Стоматолог","serviceExternalName":"Стоматолог","visitDeliveredServices":[],"visitOutcome":null,"outcomeExists":false,"deliveredServiceExists":false},{"id":190933,"eventTime":"10:33","serviceId":5,"serviceInternalName":"Терапевт","serviceExternalName":"Терапевт","visitDeliveredServices":[],"visitOutcome":null,"outcomeExists":false,"deliveredServiceExists":false},{"id":190934,"eventTime":"10:33","serviceId":4,"serviceInternalName":"Хирург","serviceExternalName":"Хирург","visitDeliveredServices":[],"visitOutcome":null,"outcomeExists":false,"deliveredServiceExists":false}],"currentVisitService":{"id":190930,"eventTime":"10:33","serviceId":4,"serviceInternalName":"Хирург","serviceExternalName":"Хирург","visitDeliveredServices":[],"visitOutcome":null,"outcomeExists":false,"deliveredServiceExists":false},"servedVisitServices":[],"visitMarks":[],"customerIds":[],"waitingTime":21,"totalWaitingTime":0,"timeSinceCalled":0,"recycleAllowed":false,"noshowAllowed":false,"recallAllowed":false,"parameterMap":{"startQueueOrigId":98,"branchName":"Chat_Bot_Demo","totWaitTime":0},"appointmentId":null,"appointmentTime":null,"branchCurrentTime":"10:34:03"},"workProfileId":7,"workProfileName":"Универсал","servicePointDeviceTypes":["POSITIONAL","SW_SERVICE_POINT","Spotlight"]}
23 апр 2026;10:34:04.059 [default-nioEventLoopGroup-1-10] TRACE i.m.h.client.netty.DefaultHttpClient - ----
23 апр 2026;10:34:04.064 [default-nioEventLoopGroup-1-11] DEBUG i.m.h.client.netty.DefaultHttpClient - Sending HTTP PUT to http://192.168.0.77:8080/rest/entrypoint/branches/6/queues/10/visits/
23 апр 2026;10:34:04.064 [default-nioEventLoopGroup-1-11] TRACE i.m.h.client.netty.DefaultHttpClient - Authorization: Basic c3VwZXJhZG1pbjp1bGFu
23 апр 2026;10:34:04.064 [default-nioEventLoopGroup-1-11] TRACE i.m.h.client.netty.DefaultHttpClient - Content-Type: application/json
23 апр 2026;10:34:04.064 [default-nioEventLoopGroup-1-11] TRACE i.m.h.client.netty.DefaultHttpClient - Accept: application/json
23 апр 2026;10:34:04.064 [default-nioEventLoopGroup-1-11] TRACE i.m.h.client.netty.DefaultHttpClient - host: 192.168.0.77:8080
23 апр 2026;10:34:04.064 [default-nioEventLoopGroup-1-11] TRACE i.m.h.client.netty.DefaultHttpClient - connection: close
23 апр 2026;10:34:04.064 [default-nioEventLoopGroup-1-11] TRACE i.m.h.client.netty.DefaultHttpClient - content-length: 46
23 апр 2026;10:34:04.064 [default-nioEventLoopGroup-1-11] TRACE i.m.h.client.netty.DefaultHttpClient - Request Body
23 апр 2026;10:34:04.064 [default-nioEventLoopGroup-1-11] TRACE i.m.h.client.netty.DefaultHttpClient - ----
23 апр 2026;10:34:04.064 [default-nioEventLoopGroup-1-11] TRACE i.m.h.client.netty.DefaultHttpClient - {"visitId":182038,"fromBranchId":6,"fromId":1}
23 апр 2026;10:34:04.064 [default-nioEventLoopGroup-1-11] TRACE i.m.h.client.netty.DefaultHttpClient - ----
23 апр 2026;10:34:04.810 [default-nioEventLoopGroup-1-11] DEBUG i.m.h.client.netty.DefaultHttpClient - Received response 204 from http://192.168.0.77:8080/rest/entrypoint/branches/6/queues/10/visits/
23 апр 2026;10:34:04.810 [default-nioEventLoopGroup-1-11] TRACE i.m.h.client.netty.DefaultHttpClient - HTTP Client Response Received (204 No Content) for Request: PUT http://192.168.0.77:8080/rest/entrypoint/branches/6/queues/10/visits/
23 апр 2026;10:34:04.810 [default-nioEventLoopGroup-1-11] TRACE i.m.h.client.netty.DefaultHttpClient - X-Powered-By: Undertow/1
23 апр 2026;10:34:04.810 [default-nioEventLoopGroup-1-11] TRACE i.m.h.client.netty.DefaultHttpClient - Set-Cookie: SSOcookie=769ee7bb-12f2-42b7-9080-9ccb1aef708b; Path=/; HttpOnly
23 апр 2026;10:34:04.810 [default-nioEventLoopGroup-1-11] TRACE i.m.h.client.netty.DefaultHttpClient - Set-Cookie: rememberMe=deleteMe; Path=/; Max-Age=0; Expires=Wed, 22-Apr-2026 07:34:04 GMT
23 апр 2026;10:34:04.810 [default-nioEventLoopGroup-1-11] TRACE i.m.h.client.netty.DefaultHttpClient - Server: WildFly/8
23 апр 2026;10:34:04.810 [default-nioEventLoopGroup-1-11] TRACE i.m.h.client.netty.DefaultHttpClient - X-XSS-Protection: 1
23 апр 2026;10:34:04.810 [default-nioEventLoopGroup-1-11] TRACE i.m.h.client.netty.DefaultHttpClient - X-Frame-Options: SAMEORIGIN
23 апр 2026;10:34:04.810 [default-nioEventLoopGroup-1-11] TRACE i.m.h.client.netty.DefaultHttpClient - Content-Security-Policy: default-src *; style-src * 'unsafe-inline'; script-src * 'unsafe-inline' 'unsafe-eval'; img-src * data: 'unsafe-inline'; connect-src * 'unsafe-inline'; frame-src *;
23 апр 2026;10:34:04.810 [default-nioEventLoopGroup-1-11] TRACE i.m.h.client.netty.DefaultHttpClient - Date: Thu, 23 Apr 2026 07:34:04 GMT
23 апр 2026;10:34:04.810 [default-nioEventLoopGroup-1-11] TRACE i.m.h.client.netty.DefaultHttpClient - X-Content-Type-Options: nosniff
23 апр 2026;10:34:04.810 [default-nioEventLoopGroup-1-11] TRACE i.m.h.client.netty.DefaultHttpClient - Strict-Transport-Security: max-age=31536000; includeSubDomains
23 апр 2026;10:34:04.810 [default-nioEventLoopGroup-1-11] TRACE i.m.h.client.netty.DefaultHttpClient - Response Body
23 апр 2026;10:34:04.810 [default-nioEventLoopGroup-1-11] TRACE i.m.h.client.netty.DefaultHttpClient - ----
23 апр 2026;10:34:04.810 [default-nioEventLoopGroup-1-11] TRACE i.m.h.client.netty.DefaultHttpClient - 
23 апр 2026;10:34:04.810 [default-nioEventLoopGroup-1-11] TRACE i.m.h.client.netty.DefaultHttpClient - ----
23 апр 2026;10:34:04.811 [default-nioEventLoopGroup-1-11] TRACE i.m.h.client.netty.DefaultHttpClient - Full HTTP response received an empty body
23 апр 2026;10:34:04.811 [default-nioEventLoopGroup-1-11] TRACE i.m.h.client.netty.DefaultHttpClient - Unable to convert response body to target type class [B
23 апр 2026;10:34:04.811 [SimpleAsyncTaskExecutor-1] TRACE i.m.h.client.netty.DefaultHttpClient - Unable to convert response body to target type class [B
23 апр 2026;10:34:05.828 [default-nioEventLoopGroup-1-12] DEBUG i.m.h.client.netty.DefaultHttpClient - Sending HTTP GET to http://192.168.0.77:8080/rest/entrypoint/branches/6/visits/182038/
23 апр 2026;10:34:05.828 [default-nioEventLoopGroup-1-12] TRACE i.m.h.client.netty.DefaultHttpClient - Authorization: Basic c3VwZXJhZG1pbjp1bGFu
23 апр 2026;10:34:05.829 [default-nioEventLoopGroup-1-12] TRACE i.m.h.client.netty.DefaultHttpClient - Cookie: SSOcookie=57b46714-2f27-46b7-9921-8d8de8bba70d
23 апр 2026;10:34:05.829 [default-nioEventLoopGroup-1-12] TRACE i.m.h.client.netty.DefaultHttpClient - host: 192.168.0.77:8080
23 апр 2026;10:34:05.829 [default-nioEventLoopGroup-1-12] TRACE i.m.h.client.netty.DefaultHttpClient - connection: close
23 апр 2026;10:34:05.859 [default-nioEventLoopGroup-1-12] DEBUG i.m.h.client.netty.DefaultHttpClient - Received response 200 from http://192.168.0.77:8080/rest/entrypoint/branches/6/visits/182038/
23 апр 2026;10:34:05.859 [default-nioEventLoopGroup-1-12] TRACE i.m.h.client.netty.DefaultHttpClient - HTTP Client Response Received (200 OK) for Request: GET http://192.168.0.77:8080/rest/entrypoint/branches/6/visits/182038/
23 апр 2026;10:34:05.859 [default-nioEventLoopGroup-1-12] TRACE i.m.h.client.netty.DefaultHttpClient - Cache-Control: no-store, no-cache, max-age=0, must-revalidate
23 апр 2026;10:34:05.859 [default-nioEventLoopGroup-1-12] TRACE i.m.h.client.netty.DefaultHttpClient - X-Powered-By: Undertow/1
23 апр 2026;10:34:05.859 [default-nioEventLoopGroup-1-12] TRACE i.m.h.client.netty.DefaultHttpClient - Server: WildFly/8
23 апр 2026;10:34:05.859 [default-nioEventLoopGroup-1-12] TRACE i.m.h.client.netty.DefaultHttpClient - X-XSS-Protection: 1
23 апр 2026;10:34:05.859 [default-nioEventLoopGroup-1-12] TRACE i.m.h.client.netty.DefaultHttpClient - X-Frame-Options: SAMEORIGIN
23 апр 2026;10:34:05.859 [default-nioEventLoopGroup-1-12] TRACE i.m.h.client.netty.DefaultHttpClient - Content-Security-Policy: default-src *; style-src * 'unsafe-inline'; script-src * 'unsafe-inline' 'unsafe-eval'; img-src * data: 'unsafe-inline'; connect-src * 'unsafe-inline'; frame-src *;
23 апр 2026;10:34:05.859 [default-nioEventLoopGroup-1-12] TRACE i.m.h.client.netty.DefaultHttpClient - Date: Thu, 23 Apr 2026 07:34:05 GMT
23 апр 2026;10:34:05.859 [default-nioEventLoopGroup-1-12] TRACE i.m.h.client.netty.DefaultHttpClient - Connection: close
23 апр 2026;10:34:05.859 [default-nioEventLoopGroup-1-12] TRACE i.m.h.client.netty.DefaultHttpClient - X-Content-Type-Options: nosniff
23 апр 2026;10:34:05.859 [default-nioEventLoopGroup-1-12] TRACE i.m.h.client.netty.DefaultHttpClient - Strict-Transport-Security: max-age=31536000; includeSubDomains
23 апр 2026;10:34:05.859 [default-nioEventLoopGroup-1-12] TRACE i.m.h.client.netty.DefaultHttpClient - Content-Type: application/json
23 апр 2026;10:34:05.859 [default-nioEventLoopGroup-1-12] TRACE i.m.h.client.netty.DefaultHttpClient - content-length: 1616
23 апр 2026;10:34:05.859 [default-nioEventLoopGroup-1-12] TRACE i.m.h.client.netty.DefaultHttpClient - Response Body
23 апр 2026;10:34:05.859 [default-nioEventLoopGroup-1-12] TRACE i.m.h.client.netty.DefaultHttpClient - ----
23 апр 2026;10:34:05.859 [default-nioEventLoopGroup-1-12] TRACE i.m.h.client.netty.DefaultHttpClient - {"id":182038,"checksum":"624687332","ticketId":"A2187","unservedVisitServices":[{"id":190931,"eventTime":"10:33","serviceId":7,"serviceInternalName":"Оккулист","serviceExternalName":"Оккулист","visitDeliveredServices":[],"visitOutcome":null,"outcomeExists":false,"deliveredServiceExists":false},{"id":190932,"eventTime":"10:33","serviceId":6,"serviceInternalName":"Стоматолог","serviceExternalName":"Стоматолог","visitDeliveredServices":[],"visitOutcome":null,"outcomeExists":false,"deliveredServiceExists":false},{"id":190933,"eventTime":"10:33","serviceId":5,"serviceInternalName":"Терапевт","serviceExternalName":"Терапевт","visitDeliveredServices":[],"visitOutcome":null,"outcomeExists":false,"deliveredServiceExists":false},{"id":190934,"eventTime":"10:33","serviceId":4,"serviceInternalName":"Хирург","serviceExternalName":"Хирург","visitDeliveredServices":[],"visitOutcome":null,"outcomeExists":false,"deliveredServiceExists":false}],"currentVisitService":{"id":190930,"eventTime":"10:33","serviceId":4,"serviceInternalName":"Хирург","serviceExternalName":"Хирург","visitDeliveredServices":[],"visitOutcome":null,"outcomeExists":false,"deliveredServiceExists":false},"servedVisitServices":[],"visitMarks":[],"customerIds":[],"waitingTime":24,"totalWaitingTime":0,"timeSinceCalled":0,"recycleAllowed":false,"noshowAllowed":false,"recallAllowed":false,"parameterMap":{"currentQueueOrigId":10,"branchName":"Chat_Bot_Demo","startQueueOrigId":98,"totWaitTime":0},"appointmentId":null,"appointmentTime":null,"branchCurrentTime":"10:34:05"}
23 апр 2026;10:34:05.859 [default-nioEventLoopGroup-1-12] TRACE i.m.h.client.netty.DefaultHttpClient - ----
23 апр 2026;10:34:05.864 [default-nioEventLoopGroup-1-14] DEBUG i.m.h.client.netty.DefaultHttpClient - Sending HTTP GET to http://192.168.0.77:8080/rest/entrypoint/branches/6/visits/182039/
23 апр 2026;10:34:05.864 [default-nioEventLoopGroup-1-14] TRACE i.m.h.client.netty.DefaultHttpClient - Authorization: Basic c3VwZXJhZG1pbjp1bGFu
23 апр 2026;10:34:05.864 [default-nioEventLoopGroup-1-14] TRACE i.m.h.client.netty.DefaultHttpClient - Cookie: SSOcookie=57b46714-2f27-46b7-9921-8d8de8bba70d
23 апр 2026;10:34:05.864 [default-nioEventLoopGroup-1-14] TRACE i.m.h.client.netty.DefaultHttpClient - host: 192.168.0.77:8080
23 апр 2026;10:34:05.864 [default-nioEventLoopGroup-1-14] TRACE i.m.h.client.netty.DefaultHttpClient - connection: close
23 апр 2026;10:34:05.881 [default-nioEventLoopGroup-1-14] DEBUG i.m.h.client.netty.DefaultHttpClient - Received response 200 from http://192.168.0.77:8080/rest/entrypoint/branches/6/visits/182039/
23 апр 2026;10:34:05.881 [default-nioEventLoopGroup-1-14] TRACE i.m.h.client.netty.DefaultHttpClient - HTTP Client Response Received (200 OK) for Request: GET http://192.168.0.77:8080/rest/entrypoint/branches/6/visits/182039/
23 апр 2026;10:34:05.881 [default-nioEventLoopGroup-1-14] TRACE i.m.h.client.netty.DefaultHttpClient - Cache-Control: no-store, no-cache, max-age=0, must-revalidate
23 апр 2026;10:34:05.881 [default-nioEventLoopGroup-1-14] TRACE i.m.h.client.netty.DefaultHttpClient - X-Powered-By: Undertow/1
23 апр 2026;10:34:05.881 [default-nioEventLoopGroup-1-14] TRACE i.m.h.client.netty.DefaultHttpClient - Server: WildFly/8
23 апр 2026;10:34:05.881 [default-nioEventLoopGroup-1-14] TRACE i.m.h.client.netty.DefaultHttpClient - X-XSS-Protection: 1
23 апр 2026;10:34:05.881 [default-nioEventLoopGroup-1-14] TRACE i.m.h.client.netty.DefaultHttpClient - X-Frame-Options: SAMEORIGIN
23 апр 2026;10:34:05.881 [default-nioEventLoopGroup-1-14] TRACE i.m.h.client.netty.DefaultHttpClient - Content-Security-Policy: default-src *; style-src * 'unsafe-inline'; script-src * 'unsafe-inline' 'unsafe-eval'; img-src * data: 'unsafe-inline'; connect-src * 'unsafe-inline'; frame-src *;
23 апр 2026;10:34:05.881 [default-nioEventLoopGroup-1-14] TRACE i.m.h.client.netty.DefaultHttpClient - Date: Thu, 23 Apr 2026 07:34:05 GMT
23 апр 2026;10:34:05.881 [default-nioEventLoopGroup-1-14] TRACE i.m.h.client.netty.DefaultHttpClient - Connection: close
23 апр 2026;10:34:05.881 [default-nioEventLoopGroup-1-14] TRACE i.m.h.client.netty.DefaultHttpClient - X-Content-Type-Options: nosniff
23 апр 2026;10:34:05.882 [default-nioEventLoopGroup-1-14] TRACE i.m.h.client.netty.DefaultHttpClient - Strict-Transport-Security: max-age=31536000; includeSubDomains
23 апр 2026;10:34:05.882 [default-nioEventLoopGroup-1-14] TRACE i.m.h.client.netty.DefaultHttpClient - Content-Type: application/json
23 апр 2026;10:34:05.882 [default-nioEventLoopGroup-1-14] TRACE i.m.h.client.netty.DefaultHttpClient - content-length: 1653
23 апр 2026;10:34:05.882 [default-nioEventLoopGroup-1-14] TRACE i.m.h.client.netty.DefaultHttpClient - Response Body
23 апр 2026;10:34:05.882 [default-nioEventLoopGroup-1-14] TRACE i.m.h.client.netty.DefaultHttpClient - ----
23 апр 2026;10:34:05.882 [default-nioEventLoopGroup-1-14] TRACE i.m.h.client.netty.DefaultHttpClient - {"id":182039,"checksum":"135615355","ticketId":"A2188","unservedVisitServices":[{"id":190936,"eventTime":"10:33","serviceId":7,"serviceInternalName":"Оккулист","serviceExternalName":"Оккулист","visitDeliveredServices":[],"visitOutcome":null,"outcomeExists":false,"deliveredServiceExists":false},{"id":190937,"eventTime":"10:33","serviceId":6,"serviceInternalName":"Стоматолог","serviceExternalName":"Стоматолог","visitDeliveredServices":[],"visitOutcome":null,"outcomeExists":false,"deliveredServiceExists":false},{"id":190938,"eventTime":"10:33","serviceId":5,"serviceInternalName":"Терапевт","serviceExternalName":"Терапевт","visitDeliveredServices":[],"visitOutcome":null,"outcomeExists":false,"deliveredServiceExists":false},{"id":190939,"eventTime":"10:33","serviceId":4,"serviceInternalName":"Хирург","serviceExternalName":"Хирург","visitDeliveredServices":[],"visitOutcome":null,"outcomeExists":false,"deliveredServiceExists":false}],"currentVisitService":{"id":190935,"eventTime":"10:33","serviceId":72,"serviceInternalName":"Врач не назначен","serviceExternalName":"Врач не назначен","visitDeliveredServices":[],"visitOutcome":null,"outcomeExists":false,"deliveredServiceExists":false},"servedVisitServices":[],"visitMarks":[],"customerIds":[],"waitingTime":24,"totalWaitingTime":0,"timeSinceCalled":0,"recycleAllowed":false,"noshowAllowed":false,"recallAllowed":false,"parameterMap":{"currentQueueOrigId":98,"startQueueOrigId":98,"branchName":"Chat_Bot_Demo","totWaitTime":0},"appointmentId":null,"appointmentTime":null,"branchCurrentTime":"10:34:05"}
23 апр 2026;10:34:05.882 [default-nioEventLoopGroup-1-14] TRACE i.m.h.client.netty.DefaultHttpClient - ----
23 апр 2026;10:34:05.887 [default-nioEventLoopGroup-1-15] DEBUG i.m.h.client.netty.DefaultHttpClient - Sending HTTP GET to http://192.168.0.77:8080/rest/entrypoint/branches/6/visits/182039/
23 апр 2026;10:34:05.887 [default-nioEventLoopGroup-1-15] TRACE i.m.h.client.netty.DefaultHttpClient - Authorization: Basic c3VwZXJhZG1pbjp1bGFu
23 апр 2026;10:34:05.887 [default-nioEventLoopGroup-1-15] TRACE i.m.h.client.netty.DefaultHttpClient - Cookie: SSOcookie=57b46714-2f27-46b7-9921-8d8de8bba70d
23 апр 2026;10:34:05.887 [default-nioEventLoopGroup-1-15] TRACE i.m.h.client.netty.DefaultHttpClient - host: 192.168.0.77:8080
23 апр 2026;10:34:05.887 [default-nioEventLoopGroup-1-15] TRACE i.m.h.client.netty.DefaultHttpClient - connection: close
23 апр 2026;10:34:05.906 [default-nioEventLoopGroup-1-15] DEBUG i.m.h.client.netty.DefaultHttpClient - Received response 200 from http://192.168.0.77:8080/rest/entrypoint/branches/6/visits/182039/
23 апр 2026;10:34:05.906 [default-nioEventLoopGroup-1-15] TRACE i.m.h.client.netty.DefaultHttpClient - HTTP Client Response Received (200 OK) for Request: GET http://192.168.0.77:8080/rest/entrypoint/branches/6/visits/182039/
23 апр 2026;10:34:05.907 [default-nioEventLoopGroup-1-15] TRACE i.m.h.client.netty.DefaultHttpClient - Cache-Control: no-store, no-cache, max-age=0, must-revalidate
23 апр 2026;10:34:05.907 [default-nioEventLoopGroup-1-15] TRACE i.m.h.client.netty.DefaultHttpClient - X-Powered-By: Undertow/1
23 апр 2026;10:34:05.907 [default-nioEventLoopGroup-1-15] TRACE i.m.h.client.netty.DefaultHttpClient - Server: WildFly/8
23 апр 2026;10:34:05.907 [default-nioEventLoopGroup-1-15] TRACE i.m.h.client.netty.DefaultHttpClient - X-XSS-Protection: 1
23 апр 2026;10:34:05.907 [default-nioEventLoopGroup-1-15] TRACE i.m.h.client.netty.DefaultHttpClient - X-Frame-Options: SAMEORIGIN
23 апр 2026;10:34:05.907 [default-nioEventLoopGroup-1-15] TRACE i.m.h.client.netty.DefaultHttpClient - Content-Security-Policy: default-src *; style-src * 'unsafe-inline'; script-src * 'unsafe-inline' 'unsafe-eval'; img-src * data: 'unsafe-inline'; connect-src * 'unsafe-inline'; frame-src *;
23 апр 2026;10:34:05.907 [default-nioEventLoopGroup-1-15] TRACE i.m.h.client.netty.DefaultHttpClient - Date: Thu, 23 Apr 2026 07:34:05 GMT
23 апр 2026;10:34:05.907 [default-nioEventLoopGroup-1-15] TRACE i.m.h.client.netty.DefaultHttpClient - Connection: close
23 апр 2026;10:34:05.907 [default-nioEventLoopGroup-1-15] TRACE i.m.h.client.netty.DefaultHttpClient - X-Content-Type-Options: nosniff
23 апр 2026;10:34:05.907 [default-nioEventLoopGroup-1-15] TRACE i.m.h.client.netty.DefaultHttpClient - Strict-Transport-Security: max-age=31536000; includeSubDomains
23 апр 2026;10:34:05.907 [default-nioEventLoopGroup-1-15] TRACE i.m.h.client.netty.DefaultHttpClient - Content-Type: application/json
23 апр 2026;10:34:05.907 [default-nioEventLoopGroup-1-15] TRACE i.m.h.client.netty.DefaultHttpClient - content-length: 1653
23 апр 2026;10:34:05.907 [default-nioEventLoopGroup-1-15] TRACE i.m.h.client.netty.DefaultHttpClient - Response Body
23 апр 2026;10:34:05.907 [default-nioEventLoopGroup-1-15] TRACE i.m.h.client.netty.DefaultHttpClient - ----
23 апр 2026;10:34:05.907 [default-nioEventLoopGroup-1-15] TRACE i.m.h.client.netty.DefaultHttpClient - {"id":182039,"checksum":"135615355","ticketId":"A2188","unservedVisitServices":[{"id":190936,"eventTime":"10:33","serviceId":7,"serviceInternalName":"Оккулист","serviceExternalName":"Оккулист","visitDeliveredServices":[],"visitOutcome":null,"outcomeExists":false,"deliveredServiceExists":false},{"id":190937,"eventTime":"10:33","serviceId":6,"serviceInternalName":"Стоматолог","serviceExternalName":"Стоматолог","visitDeliveredServices":[],"visitOutcome":null,"outcomeExists":false,"deliveredServiceExists":false},{"id":190938,"eventTime":"10:33","serviceId":5,"serviceInternalName":"Терапевт","serviceExternalName":"Терапевт","visitDeliveredServices":[],"visitOutcome":null,"outcomeExists":false,"deliveredServiceExists":false},{"id":190939,"eventTime":"10:33","serviceId":4,"serviceInternalName":"Хирург","serviceExternalName":"Хирург","visitDeliveredServices":[],"visitOutcome":null,"outcomeExists":false,"deliveredServiceExists":false}],"currentVisitService":{"id":190935,"eventTime":"10:33","serviceId":72,"serviceInternalName":"Врач не назначен","serviceExternalName":"Врач не назначен","visitDeliveredServices":[],"visitOutcome":null,"outcomeExists":false,"deliveredServiceExists":false},"servedVisitServices":[],"visitMarks":[],"customerIds":[],"waitingTime":24,"totalWaitingTime":0,"timeSinceCalled":0,"recycleAllowed":false,"noshowAllowed":false,"recallAllowed":false,"parameterMap":{"currentQueueOrigId":98,"startQueueOrigId":98,"branchName":"Chat_Bot_Demo","totWaitTime":0},"appointmentId":null,"appointmentTime":null,"branchCurrentTime":"10:34:05"}
23 апр 2026;10:34:05.907 [default-nioEventLoopGroup-1-15] TRACE i.m.h.client.netty.DefaultHttpClient - ----
23 апр 2026;10:34:05.912 [default-nioEventLoopGroup-1-16] DEBUG i.m.h.client.netty.DefaultHttpClient - Sending HTTP PUT to http://192.168.0.77:8080/rest/entrypoint/branches/6/visits/182039/services/4/
23 апр 2026;10:34:05.912 [default-nioEventLoopGroup-1-16] TRACE i.m.h.client.netty.DefaultHttpClient - Authorization: Basic c3VwZXJhZG1pbjp1bGFu
23 апр 2026;10:34:05.912 [default-nioEventLoopGroup-1-16] TRACE i.m.h.client.netty.DefaultHttpClient - Content-Type: application/json
23 апр 2026;10:34:05.912 [default-nioEventLoopGroup-1-16] TRACE i.m.h.client.netty.DefaultHttpClient - Accept: application/json
23 апр 2026;10:34:05.912 [default-nioEventLoopGroup-1-16] TRACE i.m.h.client.netty.DefaultHttpClient - host: 192.168.0.77:8080
23 апр 2026;10:34:05.912 [default-nioEventLoopGroup-1-16] TRACE i.m.h.client.netty.DefaultHttpClient - connection: close
23 апр 2026;10:34:05.912 [default-nioEventLoopGroup-1-16] TRACE i.m.h.client.netty.DefaultHttpClient - content-length: 0
23 апр 2026;10:34:05.912 [default-nioEventLoopGroup-1-16] TRACE i.m.h.client.netty.DefaultHttpClient - Request Body
23 апр 2026;10:34:05.912 [default-nioEventLoopGroup-1-16] TRACE i.m.h.client.netty.DefaultHttpClient - ----
23 апр 2026;10:34:05.912 [default-nioEventLoopGroup-1-16] TRACE i.m.h.client.netty.DefaultHttpClient - 
23 апр 2026;10:34:05.912 [default-nioEventLoopGroup-1-16] TRACE i.m.h.client.netty.DefaultHttpClient - ----
23 апр 2026;10:34:06.396 [default-nioEventLoopGroup-1-16] DEBUG i.m.h.client.netty.DefaultHttpClient - Received response 200 from http://192.168.0.77:8080/rest/entrypoint/branches/6/visits/182039/services/4/
23 апр 2026;10:34:06.396 [default-nioEventLoopGroup-1-16] TRACE i.m.h.client.netty.DefaultHttpClient - HTTP Client Response Received (200 OK) for Request: PUT http://192.168.0.77:8080/rest/entrypoint/branches/6/visits/182039/services/4/
23 апр 2026;10:34:06.397 [default-nioEventLoopGroup-1-16] TRACE i.m.h.client.netty.DefaultHttpClient - X-Powered-By: Undertow/1
23 апр 2026;10:34:06.397 [default-nioEventLoopGroup-1-16] TRACE i.m.h.client.netty.DefaultHttpClient - Set-Cookie: SSOcookie=aeb32448-3820-4e70-94a7-be5b4b87642f; Path=/; HttpOnly
23 апр 2026;10:34:06.397 [default-nioEventLoopGroup-1-16] TRACE i.m.h.client.netty.DefaultHttpClient - Set-Cookie: rememberMe=deleteMe; Path=/; Max-Age=0; Expires=Wed, 22-Apr-2026 07:34:06 GMT
23 апр 2026;10:34:06.397 [default-nioEventLoopGroup-1-16] TRACE i.m.h.client.netty.DefaultHttpClient - Server: WildFly/8
23 апр 2026;10:34:06.397 [default-nioEventLoopGroup-1-16] TRACE i.m.h.client.netty.DefaultHttpClient - X-XSS-Protection: 1
23 апр 2026;10:34:06.398 [default-nioEventLoopGroup-1-16] TRACE i.m.h.client.netty.DefaultHttpClient - X-Frame-Options: SAMEORIGIN
23 апр 2026;10:34:06.398 [default-nioEventLoopGroup-1-16] TRACE i.m.h.client.netty.DefaultHttpClient - Content-Security-Policy: default-src *; style-src * 'unsafe-inline'; script-src * 'unsafe-inline' 'unsafe-eval'; img-src * data: 'unsafe-inline'; connect-src * 'unsafe-inline'; frame-src *;
23 апр 2026;10:34:06.398 [default-nioEventLoopGroup-1-16] TRACE i.m.h.client.netty.DefaultHttpClient - Date: Thu, 23 Apr 2026 07:34:06 GMT
23 апр 2026;10:34:06.398 [default-nioEventLoopGroup-1-16] TRACE i.m.h.client.netty.DefaultHttpClient - Connection: close
23 апр 2026;10:34:06.399 [default-nioEventLoopGroup-1-16] TRACE i.m.h.client.netty.DefaultHttpClient - X-Content-Type-Options: nosniff
23 апр 2026;10:34:06.399 [default-nioEventLoopGroup-1-16] TRACE i.m.h.client.netty.DefaultHttpClient - Strict-Transport-Security: max-age=31536000; includeSubDomains
23 апр 2026;10:34:06.399 [default-nioEventLoopGroup-1-16] TRACE i.m.h.client.netty.DefaultHttpClient - Content-Type: application/json
23 апр 2026;10:34:06.399 [default-nioEventLoopGroup-1-16] TRACE i.m.h.client.netty.DefaultHttpClient - content-length: 1870
23 апр 2026;10:34:06.399 [default-nioEventLoopGroup-1-16] TRACE i.m.h.client.netty.DefaultHttpClient - Response Body
23 апр 2026;10:34:06.399 [default-nioEventLoopGroup-1-16] TRACE i.m.h.client.netty.DefaultHttpClient - ----
23 апр 2026;10:34:06.399 [default-nioEventLoopGroup-1-16] TRACE i.m.h.client.netty.DefaultHttpClient - {"branchId":6,"userState":"INACTIVE","visitState":"OK","servicePointId":1,"servicePointName":"Кабинет 13","servicePointState":"OPEN","visit":{"id":182039,"checksum":"135615355","ticketId":"A2188","unservedVisitServices":[{"id":190936,"eventTime":"10:33","serviceId":7,"serviceInternalName":"Оккулист","serviceExternalName":"Оккулист","visitDeliveredServices":[],"visitOutcome":null,"outcomeExists":false,"deliveredServiceExists":false},{"id":190937,"eventTime":"10:33","serviceId":6,"serviceInternalName":"Стоматолог","serviceExternalName":"Стоматолог","visitDeliveredServices":[],"visitOutcome":null,"outcomeExists":false,"deliveredServiceExists":false},{"id":190938,"eventTime":"10:33","serviceId":5,"serviceInternalName":"Терапевт","serviceExternalName":"Терапевт","visitDeliveredServices":[],"visitOutcome":null,"outcomeExists":false,"deliveredServiceExists":false},{"id":190939,"eventTime":"10:33","serviceId":4,"serviceInternalName":"Хирург","serviceExternalName":"Хирург","visitDeliveredServices":[],"visitOutcome":null,"outcomeExists":false,"deliveredServiceExists":false}],"currentVisitService":{"id":190935,"eventTime":"10:33","serviceId":4,"serviceInternalName":"Хирург","serviceExternalName":"Хирург","visitDeliveredServices":[],"visitOutcome":null,"outcomeExists":false,"deliveredServiceExists":false},"servedVisitServices":[],"visitMarks":[],"customerIds":[],"waitingTime":22,"totalWaitingTime":0,"timeSinceCalled":0,"recycleAllowed":false,"noshowAllowed":false,"recallAllowed":false,"parameterMap":{"startQueueOrigId":98,"branchName":"Chat_Bot_Demo","totWaitTime":0},"appointmentId":null,"appointmentTime":null,"branchCurrentTime":"10:34:06"},"workProfileId":7,"workProfileName":"Универсал","servicePointDeviceTypes":["POSITIONAL","SW_SERVICE_POINT","Spotlight"]}
23 апр 2026;10:34:06.400 [default-nioEventLoopGroup-1-16] TRACE i.m.h.client.netty.DefaultHttpClient - ----
23 апр 2026;10:34:06.421 [default-nioEventLoopGroup-1-17] DEBUG i.m.h.client.netty.DefaultHttpClient - Sending HTTP PUT to http://192.168.0.77:8080/rest/entrypoint/branches/6/queues/10/visits/
23 апр 2026;10:34:06.422 [default-nioEventLoopGroup-1-17] TRACE i.m.h.client.netty.DefaultHttpClient - Authorization: Basic c3VwZXJhZG1pbjp1bGFu
23 апр 2026;10:34:06.422 [default-nioEventLoopGroup-1-17] TRACE i.m.h.client.netty.DefaultHttpClient - Content-Type: application/json
23 апр 2026;10:34:06.422 [default-nioEventLoopGroup-1-17] TRACE i.m.h.client.netty.DefaultHttpClient - Accept: application/json
23 апр 2026;10:34:06.423 [default-nioEventLoopGroup-1-17] TRACE i.m.h.client.netty.DefaultHttpClient - host: 192.168.0.77:8080
23 апр 2026;10:34:06.424 [default-nioEventLoopGroup-1-17] TRACE i.m.h.client.netty.DefaultHttpClient - connection: close
23 апр 2026;10:34:06.424 [default-nioEventLoopGroup-1-17] TRACE i.m.h.client.netty.DefaultHttpClient - content-length: 46
23 апр 2026;10:34:06.424 [default-nioEventLoopGroup-1-17] TRACE i.m.h.client.netty.DefaultHttpClient - Request Body
23 апр 2026;10:34:06.424 [default-nioEventLoopGroup-1-17] TRACE i.m.h.client.netty.DefaultHttpClient - ----
23 апр 2026;10:34:06.424 [default-nioEventLoopGroup-1-17] TRACE i.m.h.client.netty.DefaultHttpClient - {"visitId":182039,"fromBranchId":6,"fromId":1}
23 апр 2026;10:34:06.424 [default-nioEventLoopGroup-1-17] TRACE i.m.h.client.netty.DefaultHttpClient - ----
23 апр 2026;10:34:07.267 [default-nioEventLoopGroup-1-17] DEBUG i.m.h.client.netty.DefaultHttpClient - Received response 204 from http://192.168.0.77:8080/rest/entrypoint/branches/6/queues/10/visits/
23 апр 2026;10:34:07.267 [default-nioEventLoopGroup-1-17] TRACE i.m.h.client.netty.DefaultHttpClient - HTTP Client Response Received (204 No Content) for Request: PUT http://192.168.0.77:8080/rest/entrypoint/branches/6/queues/10/visits/
23 апр 2026;10:34:07.267 [default-nioEventLoopGroup-1-17] TRACE i.m.h.client.netty.DefaultHttpClient - X-Powered-By: Undertow/1
23 апр 2026;10:34:07.267 [default-nioEventLoopGroup-1-17] TRACE i.m.h.client.netty.DefaultHttpClient - Set-Cookie: SSOcookie=aafdde25-e11c-48a2-921e-d765f53bd6d8; Path=/; HttpOnly
23 апр 2026;10:34:07.267 [default-nioEventLoopGroup-1-17] TRACE i.m.h.client.netty.DefaultHttpClient - Set-Cookie: rememberMe=deleteMe; Path=/; Max-Age=0; Expires=Wed, 22-Apr-2026 07:34:06 GMT
23 апр 2026;10:34:07.267 [default-nioEventLoopGroup-1-17] TRACE i.m.h.client.netty.DefaultHttpClient - Server: WildFly/8
23 апр 2026;10:34:07.267 [default-nioEventLoopGroup-1-17] TRACE i.m.h.client.netty.DefaultHttpClient - X-XSS-Protection: 1
23 апр 2026;10:34:07.267 [default-nioEventLoopGroup-1-17] TRACE i.m.h.client.netty.DefaultHttpClient - X-Frame-Options: SAMEORIGIN
23 апр 2026;10:34:07.267 [default-nioEventLoopGroup-1-17] TRACE i.m.h.client.netty.DefaultHttpClient - Content-Security-Policy: default-src *; style-src * 'unsafe-inline'; script-src * 'unsafe-inline' 'unsafe-eval'; img-src * data: 'unsafe-inline'; connect-src * 'unsafe-inline'; frame-src *;
23 апр 2026;10:34:07.267 [default-nioEventLoopGroup-1-17] TRACE i.m.h.client.netty.DefaultHttpClient - Date: Thu, 23 Apr 2026 07:34:07 GMT
23 апр 2026;10:34:07.268 [default-nioEventLoopGroup-1-17] TRACE i.m.h.client.netty.DefaultHttpClient - X-Content-Type-Options: nosniff
23 апр 2026;10:34:07.268 [default-nioEventLoopGroup-1-17] TRACE i.m.h.client.netty.DefaultHttpClient - Strict-Transport-Security: max-age=31536000; includeSubDomains
23 апр 2026;10:34:07.268 [default-nioEventLoopGroup-1-17] TRACE i.m.h.client.netty.DefaultHttpClient - Response Body
23 апр 2026;10:34:07.268 [default-nioEventLoopGroup-1-17] TRACE i.m.h.client.netty.DefaultHttpClient - ----
23 апр 2026;10:34:07.268 [default-nioEventLoopGroup-1-17] TRACE i.m.h.client.netty.DefaultHttpClient - 
23 апр 2026;10:34:07.268 [default-nioEventLoopGroup-1-17] TRACE i.m.h.client.netty.DefaultHttpClient - ----
23 апр 2026;10:34:07.268 [default-nioEventLoopGroup-1-17] TRACE i.m.h.client.netty.DefaultHttpClient - Full HTTP response received an empty body
23 апр 2026;10:34:07.268 [default-nioEventLoopGroup-1-17] TRACE i.m.h.client.netty.DefaultHttpClient - Unable to convert response body to target type class [B
23 апр 2026;10:34:07.268 [SimpleAsyncTaskExecutor-1] TRACE i.m.h.client.netty.DefaultHttpClient - Unable to convert response body to target type class [B
23 апр 2026;10:34:07.273 [default-nioEventLoopGroup-1-1] DEBUG i.m.h.client.netty.DefaultHttpClient - Sending HTTP GET to http://192.168.0.77:8080/rest/entrypoint/branches/6/visits/182039/
23 апр 2026;10:34:07.273 [default-nioEventLoopGroup-1-1] TRACE i.m.h.client.netty.DefaultHttpClient - Authorization: Basic c3VwZXJhZG1pbjp1bGFu
23 апр 2026;10:34:07.273 [default-nioEventLoopGroup-1-1] TRACE i.m.h.client.netty.DefaultHttpClient - Cookie: SSOcookie=57b46714-2f27-46b7-9921-8d8de8bba70d
23 апр 2026;10:34:07.273 [default-nioEventLoopGroup-1-1] TRACE i.m.h.client.netty.DefaultHttpClient - host: 192.168.0.77:8080
23 апр 2026;10:34:07.273 [default-nioEventLoopGroup-1-1] TRACE i.m.h.client.netty.DefaultHttpClient - connection: close
23 апр 2026;10:34:07.291 [default-nioEventLoopGroup-1-1] DEBUG i.m.h.client.netty.DefaultHttpClient - Received response 200 from http://192.168.0.77:8080/rest/entrypoint/branches/6/visits/182039/
23 апр 2026;10:34:07.292 [default-nioEventLoopGroup-1-1] TRACE i.m.h.client.netty.DefaultHttpClient - HTTP Client Response Received (200 OK) for Request: GET http://192.168.0.77:8080/rest/entrypoint/branches/6/visits/182039/
23 апр 2026;10:34:07.292 [default-nioEventLoopGroup-1-1] TRACE i.m.h.client.netty.DefaultHttpClient - Cache-Control: no-store, no-cache, max-age=0, must-revalidate
23 апр 2026;10:34:07.292 [default-nioEventLoopGroup-1-1] TRACE i.m.h.client.netty.DefaultHttpClient - X-Powered-By: Undertow/1
23 апр 2026;10:34:07.292 [default-nioEventLoopGroup-1-1] TRACE i.m.h.client.netty.DefaultHttpClient - Server: WildFly/8
23 апр 2026;10:34:07.292 [default-nioEventLoopGroup-1-1] TRACE i.m.h.client.netty.DefaultHttpClient - X-XSS-Protection: 1
23 апр 2026;10:34:07.292 [default-nioEventLoopGroup-1-1] TRACE i.m.h.client.netty.DefaultHttpClient - X-Frame-Options: SAMEORIGIN
23 апр 2026;10:34:07.292 [default-nioEventLoopGroup-1-1] TRACE i.m.h.client.netty.DefaultHttpClient - Content-Security-Policy: default-src *; style-src * 'unsafe-inline'; script-src * 'unsafe-inline' 'unsafe-eval'; img-src * data: 'unsafe-inline'; connect-src * 'unsafe-inline'; frame-src *;
23 апр 2026;10:34:07.292 [default-nioEventLoopGroup-1-1] TRACE i.m.h.client.netty.DefaultHttpClient - Date: Thu, 23 Apr 2026 07:34:07 GMT
23 апр 2026;10:34:07.292 [default-nioEventLoopGroup-1-1] TRACE i.m.h.client.netty.DefaultHttpClient - Connection: close
23 апр 2026;10:34:07.292 [default-nioEventLoopGroup-1-1] TRACE i.m.h.client.netty.DefaultHttpClient - X-Content-Type-Options: nosniff
23 апр 2026;10:34:07.292 [default-nioEventLoopGroup-1-1] TRACE i.m.h.client.netty.DefaultHttpClient - Strict-Transport-Security: max-age=31536000; includeSubDomains
23 апр 2026;10:34:07.292 [default-nioEventLoopGroup-1-1] TRACE i.m.h.client.netty.DefaultHttpClient - Content-Type: application/json
23 апр 2026;10:34:07.292 [default-nioEventLoopGroup-1-1] TRACE i.m.h.client.netty.DefaultHttpClient - content-length: 1616
23 апр 2026;10:34:07.292 [default-nioEventLoopGroup-1-1] TRACE i.m.h.client.netty.DefaultHttpClient - Response Body
23 апр 2026;10:34:07.292 [default-nioEventLoopGroup-1-1] TRACE i.m.h.client.netty.DefaultHttpClient - ----
23 апр 2026;10:34:07.292 [default-nioEventLoopGroup-1-1] TRACE i.m.h.client.netty.DefaultHttpClient - {"id":182039,"checksum":"135615355","ticketId":"A2188","unservedVisitServices":[{"id":190936,"eventTime":"10:33","serviceId":7,"serviceInternalName":"Оккулист","serviceExternalName":"Оккулист","visitDeliveredServices":[],"visitOutcome":null,"outcomeExists":false,"deliveredServiceExists":false},{"id":190937,"eventTime":"10:33","serviceId":6,"serviceInternalName":"Стоматолог","serviceExternalName":"Стоматолог","visitDeliveredServices":[],"visitOutcome":null,"outcomeExists":false,"deliveredServiceExists":false},{"id":190938,"eventTime":"10:33","serviceId":5,"serviceInternalName":"Терапевт","serviceExternalName":"Терапевт","visitDeliveredServices":[],"visitOutcome":null,"outcomeExists":false,"deliveredServiceExists":false},{"id":190939,"eventTime":"10:33","serviceId":4,"serviceInternalName":"Хирург","serviceExternalName":"Хирург","visitDeliveredServices":[],"visitOutcome":null,"outcomeExists":false,"deliveredServiceExists":false}],"currentVisitService":{"id":190935,"eventTime":"10:33","serviceId":4,"serviceInternalName":"Хирург","serviceExternalName":"Хирург","visitDeliveredServices":[],"visitOutcome":null,"outcomeExists":false,"deliveredServiceExists":false},"servedVisitServices":[],"visitMarks":[],"customerIds":[],"waitingTime":25,"totalWaitingTime":0,"timeSinceCalled":0,"recycleAllowed":false,"noshowAllowed":false,"recallAllowed":false,"parameterMap":{"currentQueueOrigId":10,"branchName":"Chat_Bot_Demo","startQueueOrigId":98,"totWaitTime":0},"appointmentId":null,"appointmentTime":null,"branchCurrentTime":"10:34:07"}
23 апр 2026;10:34:07.292 [default-nioEventLoopGroup-1-1] TRACE i.m.h.client.netty.DefaultHttpClient - ----
23 апр 2026;10:34:07.296 [default-nioEventLoopGroup-1-2] DEBUG i.m.h.client.netty.DefaultHttpClient - Sending HTTP GET to http://192.168.0.77:8080/rest/entrypoint/branches/6/visits/182040/
23 апр 2026;10:34:07.296 [default-nioEventLoopGroup-1-2] TRACE i.m.h.client.netty.DefaultHttpClient - Authorization: Basic c3VwZXJhZG1pbjp1bGFu
23 апр 2026;10:34:07.296 [default-nioEventLoopGroup-1-2] TRACE i.m.h.client.netty.DefaultHttpClient - Cookie: SSOcookie=57b46714-2f27-46b7-9921-8d8de8bba70d
23 апр 2026;10:34:07.296 [default-nioEventLoopGroup-1-2] TRACE i.m.h.client.netty.DefaultHttpClient - host: 192.168.0.77:8080
23 апр 2026;10:34:07.296 [default-nioEventLoopGroup-1-2] TRACE i.m.h.client.netty.DefaultHttpClient - connection: close
23 апр 2026;10:34:07.312 [default-nioEventLoopGroup-1-2] DEBUG i.m.h.client.netty.DefaultHttpClient - Received response 200 from http://192.168.0.77:8080/rest/entrypoint/branches/6/visits/182040/
23 апр 2026;10:34:07.312 [default-nioEventLoopGroup-1-2] TRACE i.m.h.client.netty.DefaultHttpClient - HTTP Client Response Received (200 OK) for Request: GET http://192.168.0.77:8080/rest/entrypoint/branches/6/visits/182040/
23 апр 2026;10:34:07.312 [default-nioEventLoopGroup-1-2] TRACE i.m.h.client.netty.DefaultHttpClient - Cache-Control: no-store, no-cache, max-age=0, must-revalidate
23 апр 2026;10:34:07.312 [default-nioEventLoopGroup-1-2] TRACE i.m.h.client.netty.DefaultHttpClient - X-Powered-By: Undertow/1
23 апр 2026;10:34:07.312 [default-nioEventLoopGroup-1-2] TRACE i.m.h.client.netty.DefaultHttpClient - Server: WildFly/8
23 апр 2026;10:34:07.312 [default-nioEventLoopGroup-1-2] TRACE i.m.h.client.netty.DefaultHttpClient - X-XSS-Protection: 1
23 апр 2026;10:34:07.312 [default-nioEventLoopGroup-1-2] TRACE i.m.h.client.netty.DefaultHttpClient - X-Frame-Options: SAMEORIGIN
23 апр 2026;10:34:07.312 [default-nioEventLoopGroup-1-2] TRACE i.m.h.client.netty.DefaultHttpClient - Content-Security-Policy: default-src *; style-src * 'unsafe-inline'; script-src * 'unsafe-inline' 'unsafe-eval'; img-src * data: 'unsafe-inline'; connect-src * 'unsafe-inline'; frame-src *;
23 апр 2026;10:34:07.312 [default-nioEventLoopGroup-1-2] TRACE i.m.h.client.netty.DefaultHttpClient - Date: Thu, 23 Apr 2026 07:34:07 GMT
23 апр 2026;10:34:07.312 [default-nioEventLoopGroup-1-2] TRACE i.m.h.client.netty.DefaultHttpClient - Connection: close
23 апр 2026;10:34:07.313 [default-nioEventLoopGroup-1-2] TRACE i.m.h.client.netty.DefaultHttpClient - X-Content-Type-Options: nosniff
23 апр 2026;10:34:07.313 [default-nioEventLoopGroup-1-2] TRACE i.m.h.client.netty.DefaultHttpClient - Strict-Transport-Security: max-age=31536000; includeSubDomains
23 апр 2026;10:34:07.313 [default-nioEventLoopGroup-1-2] TRACE i.m.h.client.netty.DefaultHttpClient - Content-Type: application/json
23 апр 2026;10:34:07.313 [default-nioEventLoopGroup-1-2] TRACE i.m.h.client.netty.DefaultHttpClient - content-length: 1654
23 апр 2026;10:34:07.313 [default-nioEventLoopGroup-1-2] TRACE i.m.h.client.netty.DefaultHttpClient - Response Body
23 апр 2026;10:34:07.313 [default-nioEventLoopGroup-1-2] TRACE i.m.h.client.netty.DefaultHttpClient - ----
23 апр 2026;10:34:07.313 [default-nioEventLoopGroup-1-2] TRACE i.m.h.client.netty.DefaultHttpClient - {"id":182040,"checksum":"1085092036","ticketId":"A2189","unservedVisitServices":[{"id":190941,"eventTime":"10:33","serviceId":7,"serviceInternalName":"Оккулист","serviceExternalName":"Оккулист","visitDeliveredServices":[],"visitOutcome":null,"outcomeExists":false,"deliveredServiceExists":false},{"id":190942,"eventTime":"10:33","serviceId":6,"serviceInternalName":"Стоматолог","serviceExternalName":"Стоматолог","visitDeliveredServices":[],"visitOutcome":null,"outcomeExists":false,"deliveredServiceExists":false},{"id":190943,"eventTime":"10:33","serviceId":5,"serviceInternalName":"Терапевт","serviceExternalName":"Терапевт","visitDeliveredServices":[],"visitOutcome":null,"outcomeExists":false,"deliveredServiceExists":false},{"id":190944,"eventTime":"10:33","serviceId":4,"serviceInternalName":"Хирург","serviceExternalName":"Хирург","visitDeliveredServices":[],"visitOutcome":null,"outcomeExists":false,"deliveredServiceExists":false}],"currentVisitService":{"id":190940,"eventTime":"10:33","serviceId":72,"serviceInternalName":"Врач не назначен","serviceExternalName":"Врач не назначен","visitDeliveredServices":[],"visitOutcome":null,"outcomeExists":false,"deliveredServiceExists":false},"servedVisitServices":[],"visitMarks":[],"customerIds":[],"waitingTime":25,"totalWaitingTime":0,"timeSinceCalled":0,"recycleAllowed":false,"noshowAllowed":false,"recallAllowed":false,"parameterMap":{"currentQueueOrigId":98,"startQueueOrigId":98,"branchName":"Chat_Bot_Demo","totWaitTime":0},"appointmentId":null,"appointmentTime":null,"branchCurrentTime":"10:34:07"}
23 апр 2026;10:34:07.313 [default-nioEventLoopGroup-1-2] TRACE i.m.h.client.netty.DefaultHttpClient - ----
23 апр 2026;10:34:07.317 [default-nioEventLoopGroup-1-3] DEBUG i.m.h.client.netty.DefaultHttpClient - Sending HTTP GET to http://192.168.0.77:8080/rest/entrypoint/branches/6/visits/182040/
23 апр 2026;10:34:07.317 [default-nioEventLoopGroup-1-3] TRACE i.m.h.client.netty.DefaultHttpClient - Authorization: Basic c3VwZXJhZG1pbjp1bGFu
23 апр 2026;10:34:07.317 [default-nioEventLoopGroup-1-3] TRACE i.m.h.client.netty.DefaultHttpClient - Cookie: SSOcookie=57b46714-2f27-46b7-9921-8d8de8bba70d
23 апр 2026;10:34:07.317 [default-nioEventLoopGroup-1-3] TRACE i.m.h.client.netty.DefaultHttpClient - host: 192.168.0.77:8080
23 апр 2026;10:34:07.317 [default-nioEventLoopGroup-1-3] TRACE i.m.h.client.netty.DefaultHttpClient - connection: close
23 апр 2026;10:34:07.336 [default-nioEventLoopGroup-1-3] DEBUG i.m.h.client.netty.DefaultHttpClient - Received response 200 from http://192.168.0.77:8080/rest/entrypoint/branches/6/visits/182040/
23 апр 2026;10:34:07.336 [default-nioEventLoopGroup-1-3] TRACE i.m.h.client.netty.DefaultHttpClient - HTTP Client Response Received (200 OK) for Request: GET http://192.168.0.77:8080/rest/entrypoint/branches/6/visits/182040/
23 апр 2026;10:34:07.336 [default-nioEventLoopGroup-1-3] TRACE i.m.h.client.netty.DefaultHttpClient - Cache-Control: no-store, no-cache, max-age=0, must-revalidate
23 апр 2026;10:34:07.336 [default-nioEventLoopGroup-1-3] TRACE i.m.h.client.netty.DefaultHttpClient - X-Powered-By: Undertow/1
23 апр 2026;10:34:07.336 [default-nioEventLoopGroup-1-3] TRACE i.m.h.client.netty.DefaultHttpClient - Server: WildFly/8
23 апр 2026;10:34:07.336 [default-nioEventLoopGroup-1-3] TRACE i.m.h.client.netty.DefaultHttpClient - X-XSS-Protection: 1
23 апр 2026;10:34:07.336 [default-nioEventLoopGroup-1-3] TRACE i.m.h.client.netty.DefaultHttpClient - X-Frame-Options: SAMEORIGIN
23 апр 2026;10:34:07.336 [default-nioEventLoopGroup-1-3] TRACE i.m.h.client.netty.DefaultHttpClient - Content-Security-Policy: default-src *; style-src * 'unsafe-inline'; script-src * 'unsafe-inline' 'unsafe-eval'; img-src * data: 'unsafe-inline'; connect-src * 'unsafe-inline'; frame-src *;
23 апр 2026;10:34:07.336 [default-nioEventLoopGroup-1-3] TRACE i.m.h.client.netty.DefaultHttpClient - Date: Thu, 23 Apr 2026 07:34:07 GMT
23 апр 2026;10:34:07.336 [default-nioEventLoopGroup-1-3] TRACE i.m.h.client.netty.DefaultHttpClient - Connection: close
23 апр 2026;10:34:07.336 [default-nioEventLoopGroup-1-3] TRACE i.m.h.client.netty.DefaultHttpClient - X-Content-Type-Options: nosniff
23 апр 2026;10:34:07.336 [default-nioEventLoopGroup-1-3] TRACE i.m.h.client.netty.DefaultHttpClient - Strict-Transport-Security: max-age=31536000; includeSubDomains
23 апр 2026;10:34:07.336 [default-nioEventLoopGroup-1-3] TRACE i.m.h.client.netty.DefaultHttpClient - Content-Type: application/json
23 апр 2026;10:34:07.336 [default-nioEventLoopGroup-1-3] TRACE i.m.h.client.netty.DefaultHttpClient - content-length: 1654
23 апр 2026;10:34:07.336 [default-nioEventLoopGroup-1-3] TRACE i.m.h.client.netty.DefaultHttpClient - Response Body
23 апр 2026;10:34:07.336 [default-nioEventLoopGroup-1-3] TRACE i.m.h.client.netty.DefaultHttpClient - ----
23 апр 2026;10:34:07.336 [default-nioEventLoopGroup-1-3] TRACE i.m.h.client.netty.DefaultHttpClient - {"id":182040,"checksum":"1085092036","ticketId":"A2189","unservedVisitServices":[{"id":190941,"eventTime":"10:33","serviceId":7,"serviceInternalName":"Оккулист","serviceExternalName":"Оккулист","visitDeliveredServices":[],"visitOutcome":null,"outcomeExists":false,"deliveredServiceExists":false},{"id":190942,"eventTime":"10:33","serviceId":6,"serviceInternalName":"Стоматолог","serviceExternalName":"Стоматолог","visitDeliveredServices":[],"visitOutcome":null,"outcomeExists":false,"deliveredServiceExists":false},{"id":190943,"eventTime":"10:33","serviceId":5,"serviceInternalName":"Терапевт","serviceExternalName":"Терапевт","visitDeliveredServices":[],"visitOutcome":null,"outcomeExists":false,"deliveredServiceExists":false},{"id":190944,"eventTime":"10:33","serviceId":4,"serviceInternalName":"Хирург","serviceExternalName":"Хирург","visitDeliveredServices":[],"visitOutcome":null,"outcomeExists":false,"deliveredServiceExists":false}],"currentVisitService":{"id":190940,"eventTime":"10:33","serviceId":72,"serviceInternalName":"Врач не назначен","serviceExternalName":"Врач не назначен","visitDeliveredServices":[],"visitOutcome":null,"outcomeExists":false,"deliveredServiceExists":false},"servedVisitServices":[],"visitMarks":[],"customerIds":[],"waitingTime":25,"totalWaitingTime":0,"timeSinceCalled":0,"recycleAllowed":false,"noshowAllowed":false,"recallAllowed":false,"parameterMap":{"currentQueueOrigId":98,"startQueueOrigId":98,"branchName":"Chat_Bot_Demo","totWaitTime":0},"appointmentId":null,"appointmentTime":null,"branchCurrentTime":"10:34:07"}
23 апр 2026;10:34:07.336 [default-nioEventLoopGroup-1-3] TRACE i.m.h.client.netty.DefaultHttpClient - ----
23 апр 2026;10:34:07.341 [default-nioEventLoopGroup-1-4] DEBUG i.m.h.client.netty.DefaultHttpClient - Sending HTTP PUT to http://192.168.0.77:8080/rest/entrypoint/branches/6/visits/182040/services/4/
23 апр 2026;10:34:07.341 [default-nioEventLoopGroup-1-4] TRACE i.m.h.client.netty.DefaultHttpClient - Authorization: Basic c3VwZXJhZG1pbjp1bGFu
23 апр 2026;10:34:07.341 [default-nioEventLoopGroup-1-4] TRACE i.m.h.client.netty.DefaultHttpClient - Content-Type: application/json
23 апр 2026;10:34:07.341 [default-nioEventLoopGroup-1-4] TRACE i.m.h.client.netty.DefaultHttpClient - Accept: application/json
23 апр 2026;10:34:07.341 [default-nioEventLoopGroup-1-4] TRACE i.m.h.client.netty.DefaultHttpClient - host: 192.168.0.77:8080
23 апр 2026;10:34:07.341 [default-nioEventLoopGroup-1-4] TRACE i.m.h.client.netty.DefaultHttpClient - connection: close
23 апр 2026;10:34:07.341 [default-nioEventLoopGroup-1-4] TRACE i.m.h.client.netty.DefaultHttpClient - content-length: 0
23 апр 2026;10:34:07.341 [default-nioEventLoopGroup-1-4] TRACE i.m.h.client.netty.DefaultHttpClient - Request Body
23 апр 2026;10:34:07.341 [default-nioEventLoopGroup-1-4] TRACE i.m.h.client.netty.DefaultHttpClient - ----
23 апр 2026;10:34:07.341 [default-nioEventLoopGroup-1-4] TRACE i.m.h.client.netty.DefaultHttpClient - 
23 апр 2026;10:34:07.341 [default-nioEventLoopGroup-1-4] TRACE i.m.h.client.netty.DefaultHttpClient - ----
23 апр 2026;10:34:07.816 [default-nioEventLoopGroup-1-4] DEBUG i.m.h.client.netty.DefaultHttpClient - Received response 200 from http://192.168.0.77:8080/rest/entrypoint/branches/6/visits/182040/services/4/
23 апр 2026;10:34:07.816 [default-nioEventLoopGroup-1-4] TRACE i.m.h.client.netty.DefaultHttpClient - HTTP Client Response Received (200 OK) for Request: PUT http://192.168.0.77:8080/rest/entrypoint/branches/6/visits/182040/services/4/
23 апр 2026;10:34:07.816 [default-nioEventLoopGroup-1-4] TRACE i.m.h.client.netty.DefaultHttpClient - X-Powered-By: Undertow/1
23 апр 2026;10:34:07.816 [default-nioEventLoopGroup-1-4] TRACE i.m.h.client.netty.DefaultHttpClient - Set-Cookie: SSOcookie=bfb07c4c-75a6-4008-98e3-c1805c81efcd; Path=/; HttpOnly
23 апр 2026;10:34:07.816 [default-nioEventLoopGroup-1-4] TRACE i.m.h.client.netty.DefaultHttpClient - Set-Cookie: rememberMe=deleteMe; Path=/; Max-Age=0; Expires=Wed, 22-Apr-2026 07:34:07 GMT
23 апр 2026;10:34:07.816 [default-nioEventLoopGroup-1-4] TRACE i.m.h.client.netty.DefaultHttpClient - Server: WildFly/8
23 апр 2026;10:34:07.816 [default-nioEventLoopGroup-1-4] TRACE i.m.h.client.netty.DefaultHttpClient - X-XSS-Protection: 1
23 апр 2026;10:34:07.816 [default-nioEventLoopGroup-1-4] TRACE i.m.h.client.netty.DefaultHttpClient - X-Frame-Options: SAMEORIGIN
23 апр 2026;10:34:07.816 [default-nioEventLoopGroup-1-4] TRACE i.m.h.client.netty.DefaultHttpClient - Content-Security-Policy: default-src *; style-src * 'unsafe-inline'; script-src * 'unsafe-inline' 'unsafe-eval'; img-src * data: 'unsafe-inline'; connect-src * 'unsafe-inline'; frame-src *;
23 апр 2026;10:34:07.816 [default-nioEventLoopGroup-1-4] TRACE i.m.h.client.netty.DefaultHttpClient - Date: Thu, 23 Apr 2026 07:34:07 GMT
23 апр 2026;10:34:07.816 [default-nioEventLoopGroup-1-4] TRACE i.m.h.client.netty.DefaultHttpClient - Connection: close
23 апр 2026;10:34:07.816 [default-nioEventLoopGroup-1-4] TRACE i.m.h.client.netty.DefaultHttpClient - X-Content-Type-Options: nosniff
23 апр 2026;10:34:07.816 [default-nioEventLoopGroup-1-4] TRACE i.m.h.client.netty.DefaultHttpClient - Strict-Transport-Security: max-age=31536000; includeSubDomains
23 апр 2026;10:34:07.816 [default-nioEventLoopGroup-1-4] TRACE i.m.h.client.netty.DefaultHttpClient - Content-Type: application/json
23 апр 2026;10:34:07.816 [default-nioEventLoopGroup-1-4] TRACE i.m.h.client.netty.DefaultHttpClient - content-length: 1871
23 апр 2026;10:34:07.816 [default-nioEventLoopGroup-1-4] TRACE i.m.h.client.netty.DefaultHttpClient - Response Body
23 апр 2026;10:34:07.816 [default-nioEventLoopGroup-1-4] TRACE i.m.h.client.netty.DefaultHttpClient - ----
23 апр 2026;10:34:07.816 [default-nioEventLoopGroup-1-4] TRACE i.m.h.client.netty.DefaultHttpClient - {"branchId":6,"userState":"INACTIVE","visitState":"OK","servicePointId":1,"servicePointName":"Кабинет 13","servicePointState":"OPEN","visit":{"id":182040,"checksum":"1085092036","ticketId":"A2189","unservedVisitServices":[{"id":190941,"eventTime":"10:33","serviceId":7,"serviceInternalName":"Оккулист","serviceExternalName":"Оккулист","visitDeliveredServices":[],"visitOutcome":null,"outcomeExists":false,"deliveredServiceExists":false},{"id":190942,"eventTime":"10:33","serviceId":6,"serviceInternalName":"Стоматолог","serviceExternalName":"Стоматолог","visitDeliveredServices":[],"visitOutcome":null,"outcomeExists":false,"deliveredServiceExists":false},{"id":190943,"eventTime":"10:33","serviceId":5,"serviceInternalName":"Терапевт","serviceExternalName":"Терапевт","visitDeliveredServices":[],"visitOutcome":null,"outcomeExists":false,"deliveredServiceExists":false},{"id":190944,"eventTime":"10:33","serviceId":4,"serviceInternalName":"Хирург","serviceExternalName":"Хирург","visitDeliveredServices":[],"visitOutcome":null,"outcomeExists":false,"deliveredServiceExists":false}],"currentVisitService":{"id":190940,"eventTime":"10:33","serviceId":4,"serviceInternalName":"Хирург","serviceExternalName":"Хирург","visitDeliveredServices":[],"visitOutcome":null,"outcomeExists":false,"deliveredServiceExists":false},"servedVisitServices":[],"visitMarks":[],"customerIds":[],"waitingTime":25,"totalWaitingTime":0,"timeSinceCalled":0,"recycleAllowed":false,"noshowAllowed":false,"recallAllowed":false,"parameterMap":{"startQueueOrigId":98,"branchName":"Chat_Bot_Demo","totWaitTime":0},"appointmentId":null,"appointmentTime":null,"branchCurrentTime":"10:34:07"},"workProfileId":7,"workProfileName":"Универсал","servicePointDeviceTypes":["POSITIONAL","SW_SERVICE_POINT","Spotlight"]}
23 апр 2026;10:34:07.816 [default-nioEventLoopGroup-1-4] TRACE i.m.h.client.netty.DefaultHttpClient - ----
23 апр 2026;10:34:07.821 [default-nioEventLoopGroup-1-5] DEBUG i.m.h.client.netty.DefaultHttpClient - Sending HTTP PUT to http://192.168.0.77:8080/rest/entrypoint/branches/6/queues/10/visits/
23 апр 2026;10:34:07.821 [default-nioEventLoopGroup-1-5] TRACE i.m.h.client.netty.DefaultHttpClient - Authorization: Basic c3VwZXJhZG1pbjp1bGFu
23 апр 2026;10:34:07.821 [default-nioEventLoopGroup-1-5] TRACE i.m.h.client.netty.DefaultHttpClient - Content-Type: application/json
23 апр 2026;10:34:07.821 [default-nioEventLoopGroup-1-5] TRACE i.m.h.client.netty.DefaultHttpClient - Accept: application/json
23 апр 2026;10:34:07.821 [default-nioEventLoopGroup-1-5] TRACE i.m.h.client.netty.DefaultHttpClient - host: 192.168.0.77:8080
23 апр 2026;10:34:07.821 [default-nioEventLoopGroup-1-5] TRACE i.m.h.client.netty.DefaultHttpClient - connection: close
23 апр 2026;10:34:07.821 [default-nioEventLoopGroup-1-5] TRACE i.m.h.client.netty.DefaultHttpClient - content-length: 46
23 апр 2026;10:34:07.821 [default-nioEventLoopGroup-1-5] TRACE i.m.h.client.netty.DefaultHttpClient - Request Body
23 апр 2026;10:34:07.821 [default-nioEventLoopGroup-1-5] TRACE i.m.h.client.netty.DefaultHttpClient - ----
23 апр 2026;10:34:07.821 [default-nioEventLoopGroup-1-5] TRACE i.m.h.client.netty.DefaultHttpClient - {"visitId":182040,"fromBranchId":6,"fromId":1}
23 апр 2026;10:34:07.821 [default-nioEventLoopGroup-1-5] TRACE i.m.h.client.netty.DefaultHttpClient - ----
23 апр 2026;10:34:08.521 [default-nioEventLoopGroup-1-5] DEBUG i.m.h.client.netty.DefaultHttpClient - Received response 204 from http://192.168.0.77:8080/rest/entrypoint/branches/6/queues/10/visits/
23 апр 2026;10:34:08.522 [default-nioEventLoopGroup-1-5] TRACE i.m.h.client.netty.DefaultHttpClient - HTTP Client Response Received (204 No Content) for Request: PUT http://192.168.0.77:8080/rest/entrypoint/branches/6/queues/10/visits/
23 апр 2026;10:34:08.522 [default-nioEventLoopGroup-1-5] TRACE i.m.h.client.netty.DefaultHttpClient - X-Powered-By: Undertow/1
23 апр 2026;10:34:08.522 [default-nioEventLoopGroup-1-5] TRACE i.m.h.client.netty.DefaultHttpClient - Set-Cookie: SSOcookie=4265ff63-ba52-43e5-916a-93971abb032f; Path=/; HttpOnly
23 апр 2026;10:34:08.522 [default-nioEventLoopGroup-1-5] TRACE i.m.h.client.netty.DefaultHttpClient - Set-Cookie: rememberMe=deleteMe; Path=/; Max-Age=0; Expires=Wed, 22-Apr-2026 07:34:08 GMT
23 апр 2026;10:34:08.523 [default-nioEventLoopGroup-1-5] TRACE i.m.h.client.netty.DefaultHttpClient - Server: WildFly/8
23 апр 2026;10:34:08.523 [default-nioEventLoopGroup-1-5] TRACE i.m.h.client.netty.DefaultHttpClient - X-XSS-Protection: 1
23 апр 2026;10:34:08.524 [default-nioEventLoopGroup-1-5] TRACE i.m.h.client.netty.DefaultHttpClient - X-Frame-Options: SAMEORIGIN
23 апр 2026;10:34:08.524 [default-nioEventLoopGroup-1-5] TRACE i.m.h.client.netty.DefaultHttpClient - Content-Security-Policy: default-src *; style-src * 'unsafe-inline'; script-src * 'unsafe-inline' 'unsafe-eval'; img-src * data: 'unsafe-inline'; connect-src * 'unsafe-inline'; frame-src *;
23 апр 2026;10:34:08.524 [default-nioEventLoopGroup-1-5] TRACE i.m.h.client.netty.DefaultHttpClient - Date: Thu, 23 Apr 2026 07:34:08 GMT
23 апр 2026;10:34:08.524 [default-nioEventLoopGroup-1-5] TRACE i.m.h.client.netty.DefaultHttpClient - X-Content-Type-Options: nosniff
23 апр 2026;10:34:08.524 [default-nioEventLoopGroup-1-5] TRACE i.m.h.client.netty.DefaultHttpClient - Strict-Transport-Security: max-age=31536000; includeSubDomains
23 апр 2026;10:34:08.524 [default-nioEventLoopGroup-1-5] TRACE i.m.h.client.netty.DefaultHttpClient - Response Body
23 апр 2026;10:34:08.524 [default-nioEventLoopGroup-1-5] TRACE i.m.h.client.netty.DefaultHttpClient - ----
23 апр 2026;10:34:08.525 [default-nioEventLoopGroup-1-5] TRACE i.m.h.client.netty.DefaultHttpClient - 
23 апр 2026;10:34:08.525 [default-nioEventLoopGroup-1-5] TRACE i.m.h.client.netty.DefaultHttpClient - ----
23 апр 2026;10:34:08.526 [default-nioEventLoopGroup-1-5] TRACE i.m.h.client.netty.DefaultHttpClient - Full HTTP response received an empty body
23 апр 2026;10:34:08.526 [default-nioEventLoopGroup-1-5] TRACE i.m.h.client.netty.DefaultHttpClient - Unable to convert response body to target type class [B
23 апр 2026;10:34:08.527 [SimpleAsyncTaskExecutor-1] TRACE i.m.h.client.netty.DefaultHttpClient - Unable to convert response body to target type class [B
23 апр 2026;10:34:08.540 [default-nioEventLoopGroup-1-6] DEBUG i.m.h.client.netty.DefaultHttpClient - Sending HTTP GET to http://192.168.0.77:8080/rest/entrypoint/branches/6/visits/182040/
23 апр 2026;10:34:08.541 [default-nioEventLoopGroup-1-6] TRACE i.m.h.client.netty.DefaultHttpClient - Authorization: Basic c3VwZXJhZG1pbjp1bGFu
23 апр 2026;10:34:08.541 [default-nioEventLoopGroup-1-6] TRACE i.m.h.client.netty.DefaultHttpClient - Cookie: SSOcookie=57b46714-2f27-46b7-9921-8d8de8bba70d
23 апр 2026;10:34:08.541 [default-nioEventLoopGroup-1-6] TRACE i.m.h.client.netty.DefaultHttpClient - host: 192.168.0.77:8080
23 апр 2026;10:34:08.541 [default-nioEventLoopGroup-1-6] TRACE i.m.h.client.netty.DefaultHttpClient - connection: close
23 апр 2026;10:34:08.563 [default-nioEventLoopGroup-1-6] DEBUG i.m.h.client.netty.DefaultHttpClient - Received response 200 from http://192.168.0.77:8080/rest/entrypoint/branches/6/visits/182040/
23 апр 2026;10:34:08.563 [default-nioEventLoopGroup-1-6] TRACE i.m.h.client.netty.DefaultHttpClient - HTTP Client Response Received (200 OK) for Request: GET http://192.168.0.77:8080/rest/entrypoint/branches/6/visits/182040/
23 апр 2026;10:34:08.563 [default-nioEventLoopGroup-1-6] TRACE i.m.h.client.netty.DefaultHttpClient - Cache-Control: no-store, no-cache, max-age=0, must-revalidate
23 апр 2026;10:34:08.563 [default-nioEventLoopGroup-1-6] TRACE i.m.h.client.netty.DefaultHttpClient - X-Powered-By: Undertow/1
23 апр 2026;10:34:08.564 [default-nioEventLoopGroup-1-6] TRACE i.m.h.client.netty.DefaultHttpClient - Server: WildFly/8
23 апр 2026;10:34:08.564 [default-nioEventLoopGroup-1-6] TRACE i.m.h.client.netty.DefaultHttpClient - X-XSS-Protection: 1
23 апр 2026;10:34:08.564 [default-nioEventLoopGroup-1-6] TRACE i.m.h.client.netty.DefaultHttpClient - X-Frame-Options: SAMEORIGIN
23 апр 2026;10:34:08.564 [default-nioEventLoopGroup-1-6] TRACE i.m.h.client.netty.DefaultHttpClient - Content-Security-Policy: default-src *; style-src * 'unsafe-inline'; script-src * 'unsafe-inline' 'unsafe-eval'; img-src * data: 'unsafe-inline'; connect-src * 'unsafe-inline'; frame-src *;
23 апр 2026;10:34:08.564 [default-nioEventLoopGroup-1-6] TRACE i.m.h.client.netty.DefaultHttpClient - Date: Thu, 23 Apr 2026 07:34:08 GMT
23 апр 2026;10:34:08.564 [default-nioEventLoopGroup-1-6] TRACE i.m.h.client.netty.DefaultHttpClient - Connection: close
23 апр 2026;10:34:08.564 [default-nioEventLoopGroup-1-6] TRACE i.m.h.client.netty.DefaultHttpClient - X-Content-Type-Options: nosniff
23 апр 2026;10:34:08.564 [default-nioEventLoopGroup-1-6] TRACE i.m.h.client.netty.DefaultHttpClient - Strict-Transport-Security: max-age=31536000; includeSubDomains
23 апр 2026;10:34:08.564 [default-nioEventLoopGroup-1-6] TRACE i.m.h.client.netty.DefaultHttpClient - Content-Type: application/json
23 апр 2026;10:34:08.564 [default-nioEventLoopGroup-1-6] TRACE i.m.h.client.netty.DefaultHttpClient - content-length: 1617
23 апр 2026;10:34:08.564 [default-nioEventLoopGroup-1-6] TRACE i.m.h.client.netty.DefaultHttpClient - Response Body
23 апр 2026;10:34:08.564 [default-nioEventLoopGroup-1-6] TRACE i.m.h.client.netty.DefaultHttpClient - ----
23 апр 2026;10:34:08.564 [default-nioEventLoopGroup-1-6] TRACE i.m.h.client.netty.DefaultHttpClient - {"id":182040,"checksum":"1085092036","ticketId":"A2189","unservedVisitServices":[{"id":190941,"eventTime":"10:33","serviceId":7,"serviceInternalName":"Оккулист","serviceExternalName":"Оккулист","visitDeliveredServices":[],"visitOutcome":null,"outcomeExists":false,"deliveredServiceExists":false},{"id":190942,"eventTime":"10:33","serviceId":6,"serviceInternalName":"Стоматолог","serviceExternalName":"Стоматолог","visitDeliveredServices":[],"visitOutcome":null,"outcomeExists":false,"deliveredServiceExists":false},{"id":190943,"eventTime":"10:33","serviceId":5,"serviceInternalName":"Терапевт","serviceExternalName":"Терапевт","visitDeliveredServices":[],"visitOutcome":null,"outcomeExists":false,"deliveredServiceExists":false},{"id":190944,"eventTime":"10:33","serviceId":4,"serviceInternalName":"Хирург","serviceExternalName":"Хирург","visitDeliveredServices":[],"visitOutcome":null,"outcomeExists":false,"deliveredServiceExists":false}],"currentVisitService":{"id":190940,"eventTime":"10:33","serviceId":4,"serviceInternalName":"Хирург","serviceExternalName":"Хирург","visitDeliveredServices":[],"visitOutcome":null,"outcomeExists":false,"deliveredServiceExists":false},"servedVisitServices":[],"visitMarks":[],"customerIds":[],"waitingTime":26,"totalWaitingTime":0,"timeSinceCalled":0,"recycleAllowed":false,"noshowAllowed":false,"recallAllowed":false,"parameterMap":{"currentQueueOrigId":10,"branchName":"Chat_Bot_Demo","startQueueOrigId":98,"totWaitTime":0},"appointmentId":null,"appointmentTime":null,"branchCurrentTime":"10:34:08"}
23 апр 2026;10:34:08.564 [default-nioEventLoopGroup-1-6] TRACE i.m.h.client.netty.DefaultHttpClient - ----
23 апр 2026;10:34:08.572 [default-nioEventLoopGroup-1-7] DEBUG i.m.h.client.netty.DefaultHttpClient - Sending HTTP GET to http://192.168.0.77:8080/rest/entrypoint/branches/6/visits/182041/
23 апр 2026;10:34:08.572 [default-nioEventLoopGroup-1-7] TRACE i.m.h.client.netty.DefaultHttpClient - Authorization: Basic c3VwZXJhZG1pbjp1bGFu
23 апр 2026;10:34:08.572 [default-nioEventLoopGroup-1-7] TRACE i.m.h.client.netty.DefaultHttpClient - Cookie: SSOcookie=57b46714-2f27-46b7-9921-8d8de8bba70d
23 апр 2026;10:34:08.572 [default-nioEventLoopGroup-1-7] TRACE i.m.h.client.netty.DefaultHttpClient - host: 192.168.0.77:8080
23 апр 2026;10:34:08.572 [default-nioEventLoopGroup-1-7] TRACE i.m.h.client.netty.DefaultHttpClient - connection: close
23 апр 2026;10:34:08.591 [default-nioEventLoopGroup-1-7] DEBUG i.m.h.client.netty.DefaultHttpClient - Received response 200 from http://192.168.0.77:8080/rest/entrypoint/branches/6/visits/182041/
23 апр 2026;10:34:08.591 [default-nioEventLoopGroup-1-7] TRACE i.m.h.client.netty.DefaultHttpClient - HTTP Client Response Received (200 OK) for Request: GET http://192.168.0.77:8080/rest/entrypoint/branches/6/visits/182041/
23 апр 2026;10:34:08.591 [default-nioEventLoopGroup-1-7] TRACE i.m.h.client.netty.DefaultHttpClient - Cache-Control: no-store, no-cache, max-age=0, must-revalidate
23 апр 2026;10:34:08.591 [default-nioEventLoopGroup-1-7] TRACE i.m.h.client.netty.DefaultHttpClient - X-Powered-By: Undertow/1
23 апр 2026;10:34:08.591 [default-nioEventLoopGroup-1-7] TRACE i.m.h.client.netty.DefaultHttpClient - Server: WildFly/8
23 апр 2026;10:34:08.591 [default-nioEventLoopGroup-1-7] TRACE i.m.h.client.netty.DefaultHttpClient - X-XSS-Protection: 1
23 апр 2026;10:34:08.591 [default-nioEventLoopGroup-1-7] TRACE i.m.h.client.netty.DefaultHttpClient - X-Frame-Options: SAMEORIGIN
23 апр 2026;10:34:08.591 [default-nioEventLoopGroup-1-7] TRACE i.m.h.client.netty.DefaultHttpClient - Content-Security-Policy: default-src *; style-src * 'unsafe-inline'; script-src * 'unsafe-inline' 'unsafe-eval'; img-src * data: 'unsafe-inline'; connect-src * 'unsafe-inline'; frame-src *;
23 апр 2026;10:34:08.591 [default-nioEventLoopGroup-1-7] TRACE i.m.h.client.netty.DefaultHttpClient - Date: Thu, 23 Apr 2026 07:34:08 GMT
23 апр 2026;10:34:08.591 [default-nioEventLoopGroup-1-7] TRACE i.m.h.client.netty.DefaultHttpClient - Connection: close
23 апр 2026;10:34:08.591 [default-nioEventLoopGroup-1-7] TRACE i.m.h.client.netty.DefaultHttpClient - X-Content-Type-Options: nosniff
23 апр 2026;10:34:08.591 [default-nioEventLoopGroup-1-7] TRACE i.m.h.client.netty.DefaultHttpClient - Strict-Transport-Security: max-age=31536000; includeSubDomains
23 апр 2026;10:34:08.591 [default-nioEventLoopGroup-1-7] TRACE i.m.h.client.netty.DefaultHttpClient - Content-Type: application/json
23 апр 2026;10:34:08.591 [default-nioEventLoopGroup-1-7] TRACE i.m.h.client.netty.DefaultHttpClient - content-length: 1653
23 апр 2026;10:34:08.591 [default-nioEventLoopGroup-1-7] TRACE i.m.h.client.netty.DefaultHttpClient - Response Body
23 апр 2026;10:34:08.591 [default-nioEventLoopGroup-1-7] TRACE i.m.h.client.netty.DefaultHttpClient - ----
23 апр 2026;10:34:08.592 [default-nioEventLoopGroup-1-7] TRACE i.m.h.client.netty.DefaultHttpClient - {"id":182041,"checksum":"529450983","ticketId":"A2190","unservedVisitServices":[{"id":190946,"eventTime":"10:33","serviceId":7,"serviceInternalName":"Оккулист","serviceExternalName":"Оккулист","visitDeliveredServices":[],"visitOutcome":null,"outcomeExists":false,"deliveredServiceExists":false},{"id":190947,"eventTime":"10:33","serviceId":6,"serviceInternalName":"Стоматолог","serviceExternalName":"Стоматолог","visitDeliveredServices":[],"visitOutcome":null,"outcomeExists":false,"deliveredServiceExists":false},{"id":190948,"eventTime":"10:33","serviceId":5,"serviceInternalName":"Терапевт","serviceExternalName":"Терапевт","visitDeliveredServices":[],"visitOutcome":null,"outcomeExists":false,"deliveredServiceExists":false},{"id":190949,"eventTime":"10:33","serviceId":4,"serviceInternalName":"Хирург","serviceExternalName":"Хирург","visitDeliveredServices":[],"visitOutcome":null,"outcomeExists":false,"deliveredServiceExists":false}],"currentVisitService":{"id":190945,"eventTime":"10:33","serviceId":72,"serviceInternalName":"Врач не назначен","serviceExternalName":"Врач не назначен","visitDeliveredServices":[],"visitOutcome":null,"outcomeExists":false,"deliveredServiceExists":false},"servedVisitServices":[],"visitMarks":[],"customerIds":[],"waitingTime":26,"totalWaitingTime":0,"timeSinceCalled":0,"recycleAllowed":false,"noshowAllowed":false,"recallAllowed":false,"parameterMap":{"currentQueueOrigId":98,"startQueueOrigId":98,"branchName":"Chat_Bot_Demo","totWaitTime":0},"appointmentId":null,"appointmentTime":null,"branchCurrentTime":"10:34:08"}
23 апр 2026;10:34:08.592 [default-nioEventLoopGroup-1-7] TRACE i.m.h.client.netty.DefaultHttpClient - ----
23 апр 2026;10:34:08.597 [default-nioEventLoopGroup-1-8] DEBUG i.m.h.client.netty.DefaultHttpClient - Sending HTTP GET to http://192.168.0.77:8080/rest/entrypoint/branches/6/visits/182041/
23 апр 2026;10:34:08.597 [default-nioEventLoopGroup-1-8] TRACE i.m.h.client.netty.DefaultHttpClient - Authorization: Basic c3VwZXJhZG1pbjp1bGFu
23 апр 2026;10:34:08.597 [default-nioEventLoopGroup-1-8] TRACE i.m.h.client.netty.DefaultHttpClient - Cookie: SSOcookie=57b46714-2f27-46b7-9921-8d8de8bba70d
23 апр 2026;10:34:08.597 [default-nioEventLoopGroup-1-8] TRACE i.m.h.client.netty.DefaultHttpClient - host: 192.168.0.77:8080
23 апр 2026;10:34:08.597 [default-nioEventLoopGroup-1-8] TRACE i.m.h.client.netty.DefaultHttpClient - connection: close
23 апр 2026;10:34:08.614 [default-nioEventLoopGroup-1-8] DEBUG i.m.h.client.netty.DefaultHttpClient - Received response 200 from http://192.168.0.77:8080/rest/entrypoint/branches/6/visits/182041/
23 апр 2026;10:34:08.614 [default-nioEventLoopGroup-1-8] TRACE i.m.h.client.netty.DefaultHttpClient - HTTP Client Response Received (200 OK) for Request: GET http://192.168.0.77:8080/rest/entrypoint/branches/6/visits/182041/
23 апр 2026;10:34:08.614 [default-nioEventLoopGroup-1-8] TRACE i.m.h.client.netty.DefaultHttpClient - Cache-Control: no-store, no-cache, max-age=0, must-revalidate
23 апр 2026;10:34:08.614 [default-nioEventLoopGroup-1-8] TRACE i.m.h.client.netty.DefaultHttpClient - X-Powered-By: Undertow/1
23 апр 2026;10:34:08.614 [default-nioEventLoopGroup-1-8] TRACE i.m.h.client.netty.DefaultHttpClient - Server: WildFly/8
23 апр 2026;10:34:08.614 [default-nioEventLoopGroup-1-8] TRACE i.m.h.client.netty.DefaultHttpClient - X-XSS-Protection: 1
23 апр 2026;10:34:08.614 [default-nioEventLoopGroup-1-8] TRACE i.m.h.client.netty.DefaultHttpClient - X-Frame-Options: SAMEORIGIN
23 апр 2026;10:34:08.614 [default-nioEventLoopGroup-1-8] TRACE i.m.h.client.netty.DefaultHttpClient - Content-Security-Policy: default-src *; style-src * 'unsafe-inline'; script-src * 'unsafe-inline' 'unsafe-eval'; img-src * data: 'unsafe-inline'; connect-src * 'unsafe-inline'; frame-src *;
23 апр 2026;10:34:08.614 [default-nioEventLoopGroup-1-8] TRACE i.m.h.client.netty.DefaultHttpClient - Date: Thu, 23 Apr 2026 07:34:08 GMT
23 апр 2026;10:34:08.614 [default-nioEventLoopGroup-1-8] TRACE i.m.h.client.netty.DefaultHttpClient - Connection: close
23 апр 2026;10:34:08.615 [default-nioEventLoopGroup-1-8] TRACE i.m.h.client.netty.DefaultHttpClient - X-Content-Type-Options: nosniff
23 апр 2026;10:34:08.615 [default-nioEventLoopGroup-1-8] TRACE i.m.h.client.netty.DefaultHttpClient - Strict-Transport-Security: max-age=31536000; includeSubDomains
23 апр 2026;10:34:08.615 [default-nioEventLoopGroup-1-8] TRACE i.m.h.client.netty.DefaultHttpClient - Content-Type: application/json
23 апр 2026;10:34:08.615 [default-nioEventLoopGroup-1-8] TRACE i.m.h.client.netty.DefaultHttpClient - content-length: 1653
23 апр 2026;10:34:08.615 [default-nioEventLoopGroup-1-8] TRACE i.m.h.client.netty.DefaultHttpClient - Response Body
23 апр 2026;10:34:08.615 [default-nioEventLoopGroup-1-8] TRACE i.m.h.client.netty.DefaultHttpClient - ----
23 апр 2026;10:34:08.615 [default-nioEventLoopGroup-1-8] TRACE i.m.h.client.netty.DefaultHttpClient - {"id":182041,"checksum":"529450983","ticketId":"A2190","unservedVisitServices":[{"id":190946,"eventTime":"10:33","serviceId":7,"serviceInternalName":"Оккулист","serviceExternalName":"Оккулист","visitDeliveredServices":[],"visitOutcome":null,"outcomeExists":false,"deliveredServiceExists":false},{"id":190947,"eventTime":"10:33","serviceId":6,"serviceInternalName":"Стоматолог","serviceExternalName":"Стоматолог","visitDeliveredServices":[],"visitOutcome":null,"outcomeExists":false,"deliveredServiceExists":false},{"id":190948,"eventTime":"10:33","serviceId":5,"serviceInternalName":"Терапевт","serviceExternalName":"Терапевт","visitDeliveredServices":[],"visitOutcome":null,"outcomeExists":false,"deliveredServiceExists":false},{"id":190949,"eventTime":"10:33","serviceId":4,"serviceInternalName":"Хирург","serviceExternalName":"Хирург","visitDeliveredServices":[],"visitOutcome":null,"outcomeExists":false,"deliveredServiceExists":false}],"currentVisitService":{"id":190945,"eventTime":"10:33","serviceId":72,"serviceInternalName":"Врач не назначен","serviceExternalName":"Врач не назначен","visitDeliveredServices":[],"visitOutcome":null,"outcomeExists":false,"deliveredServiceExists":false},"servedVisitServices":[],"visitMarks":[],"customerIds":[],"waitingTime":26,"totalWaitingTime":0,"timeSinceCalled":0,"recycleAllowed":false,"noshowAllowed":false,"recallAllowed":false,"parameterMap":{"currentQueueOrigId":98,"startQueueOrigId":98,"branchName":"Chat_Bot_Demo","totWaitTime":0},"appointmentId":null,"appointmentTime":null,"branchCurrentTime":"10:34:08"}
23 апр 2026;10:34:08.615 [default-nioEventLoopGroup-1-8] TRACE i.m.h.client.netty.DefaultHttpClient - ----
23 апр 2026;10:34:08.619 [default-nioEventLoopGroup-1-9] DEBUG i.m.h.client.netty.DefaultHttpClient - Sending HTTP PUT to http://192.168.0.77:8080/rest/entrypoint/branches/6/visits/182041/services/4/
23 апр 2026;10:34:08.619 [default-nioEventLoopGroup-1-9] TRACE i.m.h.client.netty.DefaultHttpClient - Authorization: Basic c3VwZXJhZG1pbjp1bGFu
23 апр 2026;10:34:08.619 [default-nioEventLoopGroup-1-9] TRACE i.m.h.client.netty.DefaultHttpClient - Content-Type: application/json
23 апр 2026;10:34:08.619 [default-nioEventLoopGroup-1-9] TRACE i.m.h.client.netty.DefaultHttpClient - Accept: application/json
23 апр 2026;10:34:08.619 [default-nioEventLoopGroup-1-9] TRACE i.m.h.client.netty.DefaultHttpClient - host: 192.168.0.77:8080
23 апр 2026;10:34:08.619 [default-nioEventLoopGroup-1-9] TRACE i.m.h.client.netty.DefaultHttpClient - connection: close
23 апр 2026;10:34:08.619 [default-nioEventLoopGroup-1-9] TRACE i.m.h.client.netty.DefaultHttpClient - content-length: 0
23 апр 2026;10:34:08.619 [default-nioEventLoopGroup-1-9] TRACE i.m.h.client.netty.DefaultHttpClient - Request Body
23 апр 2026;10:34:08.619 [default-nioEventLoopGroup-1-9] TRACE i.m.h.client.netty.DefaultHttpClient - ----
23 апр 2026;10:34:08.619 [default-nioEventLoopGroup-1-9] TRACE i.m.h.client.netty.DefaultHttpClient - 
23 апр 2026;10:34:08.619 [default-nioEventLoopGroup-1-9] TRACE i.m.h.client.netty.DefaultHttpClient - ----
23 апр 2026;10:34:09.124 [default-nioEventLoopGroup-1-9] DEBUG i.m.h.client.netty.DefaultHttpClient - Received response 200 from http://192.168.0.77:8080/rest/entrypoint/branches/6/visits/182041/services/4/
23 апр 2026;10:34:09.124 [default-nioEventLoopGroup-1-9] TRACE i.m.h.client.netty.DefaultHttpClient - HTTP Client Response Received (200 OK) for Request: PUT http://192.168.0.77:8080/rest/entrypoint/branches/6/visits/182041/services/4/
23 апр 2026;10:34:09.124 [default-nioEventLoopGroup-1-9] TRACE i.m.h.client.netty.DefaultHttpClient - X-Powered-By: Undertow/1
23 апр 2026;10:34:09.124 [default-nioEventLoopGroup-1-9] TRACE i.m.h.client.netty.DefaultHttpClient - Set-Cookie: SSOcookie=c1965e35-2269-443e-8889-6d64a58cae37; Path=/; HttpOnly
23 апр 2026;10:34:09.124 [default-nioEventLoopGroup-1-9] TRACE i.m.h.client.netty.DefaultHttpClient - Set-Cookie: rememberMe=deleteMe; Path=/; Max-Age=0; Expires=Wed, 22-Apr-2026 07:34:08 GMT
23 апр 2026;10:34:09.124 [default-nioEventLoopGroup-1-9] TRACE i.m.h.client.netty.DefaultHttpClient - Server: WildFly/8
23 апр 2026;10:34:09.124 [default-nioEventLoopGroup-1-9] TRACE i.m.h.client.netty.DefaultHttpClient - X-XSS-Protection: 1
23 апр 2026;10:34:09.124 [default-nioEventLoopGroup-1-9] TRACE i.m.h.client.netty.DefaultHttpClient - X-Frame-Options: SAMEORIGIN
23 апр 2026;10:34:09.124 [default-nioEventLoopGroup-1-9] TRACE i.m.h.client.netty.DefaultHttpClient - Content-Security-Policy: default-src *; style-src * 'unsafe-inline'; script-src * 'unsafe-inline' 'unsafe-eval'; img-src * data: 'unsafe-inline'; connect-src * 'unsafe-inline'; frame-src *;
23 апр 2026;10:34:09.124 [default-nioEventLoopGroup-1-9] TRACE i.m.h.client.netty.DefaultHttpClient - Date: Thu, 23 Apr 2026 07:34:09 GMT
23 апр 2026;10:34:09.124 [default-nioEventLoopGroup-1-9] TRACE i.m.h.client.netty.DefaultHttpClient - Connection: close
23 апр 2026;10:34:09.124 [default-nioEventLoopGroup-1-9] TRACE i.m.h.client.netty.DefaultHttpClient - X-Content-Type-Options: nosniff
23 апр 2026;10:34:09.124 [default-nioEventLoopGroup-1-9] TRACE i.m.h.client.netty.DefaultHttpClient - Strict-Transport-Security: max-age=31536000; includeSubDomains
23 апр 2026;10:34:09.124 [default-nioEventLoopGroup-1-9] TRACE i.m.h.client.netty.DefaultHttpClient - Content-Type: application/json
23 апр 2026;10:34:09.124 [default-nioEventLoopGroup-1-9] TRACE i.m.h.client.netty.DefaultHttpClient - content-length: 1870
23 апр 2026;10:34:09.124 [default-nioEventLoopGroup-1-9] TRACE i.m.h.client.netty.DefaultHttpClient - Response Body
23 апр 2026;10:34:09.124 [default-nioEventLoopGroup-1-9] TRACE i.m.h.client.netty.DefaultHttpClient - ----
23 апр 2026;10:34:09.124 [default-nioEventLoopGroup-1-9] TRACE i.m.h.client.netty.DefaultHttpClient - {"branchId":6,"userState":"INACTIVE","visitState":"OK","servicePointId":1,"servicePointName":"Кабинет 13","servicePointState":"OPEN","visit":{"id":182041,"checksum":"529450983","ticketId":"A2190","unservedVisitServices":[{"id":190946,"eventTime":"10:33","serviceId":7,"serviceInternalName":"Оккулист","serviceExternalName":"Оккулист","visitDeliveredServices":[],"visitOutcome":null,"outcomeExists":false,"deliveredServiceExists":false},{"id":190947,"eventTime":"10:33","serviceId":6,"serviceInternalName":"Стоматолог","serviceExternalName":"Стоматолог","visitDeliveredServices":[],"visitOutcome":null,"outcomeExists":false,"deliveredServiceExists":false},{"id":190948,"eventTime":"10:33","serviceId":5,"serviceInternalName":"Терапевт","serviceExternalName":"Терапевт","visitDeliveredServices":[],"visitOutcome":null,"outcomeExists":false,"deliveredServiceExists":false},{"id":190949,"eventTime":"10:33","serviceId":4,"serviceInternalName":"Хирург","serviceExternalName":"Хирург","visitDeliveredServices":[],"visitOutcome":null,"outcomeExists":false,"deliveredServiceExists":false}],"currentVisitService":{"id":190945,"eventTime":"10:33","serviceId":4,"serviceInternalName":"Хирург","serviceExternalName":"Хирург","visitDeliveredServices":[],"visitOutcome":null,"outcomeExists":false,"deliveredServiceExists":false},"servedVisitServices":[],"visitMarks":[],"customerIds":[],"waitingTime":26,"totalWaitingTime":0,"timeSinceCalled":0,"recycleAllowed":false,"noshowAllowed":false,"recallAllowed":false,"parameterMap":{"startQueueOrigId":98,"branchName":"Chat_Bot_Demo","totWaitTime":0},"appointmentId":null,"appointmentTime":null,"branchCurrentTime":"10:34:09"},"workProfileId":7,"workProfileName":"Универсал","servicePointDeviceTypes":["POSITIONAL","SW_SERVICE_POINT","Spotlight"]}
23 апр 2026;10:34:09.125 [default-nioEventLoopGroup-1-9] TRACE i.m.h.client.netty.DefaultHttpClient - ----
23 апр 2026;10:34:09.130 [default-nioEventLoopGroup-1-10] DEBUG i.m.h.client.netty.DefaultHttpClient - Sending HTTP PUT to http://192.168.0.77:8080/rest/entrypoint/branches/6/queues/10/visits/
23 апр 2026;10:34:09.130 [default-nioEventLoopGroup-1-10] TRACE i.m.h.client.netty.DefaultHttpClient - Authorization: Basic c3VwZXJhZG1pbjp1bGFu
23 апр 2026;10:34:09.130 [default-nioEventLoopGroup-1-10] TRACE i.m.h.client.netty.DefaultHttpClient - Content-Type: application/json
23 апр 2026;10:34:09.130 [default-nioEventLoopGroup-1-10] TRACE i.m.h.client.netty.DefaultHttpClient - Accept: application/json
23 апр 2026;10:34:09.130 [default-nioEventLoopGroup-1-10] TRACE i.m.h.client.netty.DefaultHttpClient - host: 192.168.0.77:8080
23 апр 2026;10:34:09.130 [default-nioEventLoopGroup-1-10] TRACE i.m.h.client.netty.DefaultHttpClient - connection: close
23 апр 2026;10:34:09.130 [default-nioEventLoopGroup-1-10] TRACE i.m.h.client.netty.DefaultHttpClient - content-length: 46
23 апр 2026;10:34:09.130 [default-nioEventLoopGroup-1-10] TRACE i.m.h.client.netty.DefaultHttpClient - Request Body
23 апр 2026;10:34:09.130 [default-nioEventLoopGroup-1-10] TRACE i.m.h.client.netty.DefaultHttpClient - ----
23 апр 2026;10:34:09.130 [default-nioEventLoopGroup-1-10] TRACE i.m.h.client.netty.DefaultHttpClient - {"visitId":182041,"fromBranchId":6,"fromId":1}
23 апр 2026;10:34:09.130 [default-nioEventLoopGroup-1-10] TRACE i.m.h.client.netty.DefaultHttpClient - ----
23 апр 2026;10:34:09.842 [default-nioEventLoopGroup-1-10] DEBUG i.m.h.client.netty.DefaultHttpClient - Received response 204 from http://192.168.0.77:8080/rest/entrypoint/branches/6/queues/10/visits/
23 апр 2026;10:34:09.842 [default-nioEventLoopGroup-1-10] TRACE i.m.h.client.netty.DefaultHttpClient - HTTP Client Response Received (204 No Content) for Request: PUT http://192.168.0.77:8080/rest/entrypoint/branches/6/queues/10/visits/
23 апр 2026;10:34:09.842 [default-nioEventLoopGroup-1-10] TRACE i.m.h.client.netty.DefaultHttpClient - X-Powered-By: Undertow/1
23 апр 2026;10:34:09.842 [default-nioEventLoopGroup-1-10] TRACE i.m.h.client.netty.DefaultHttpClient - Set-Cookie: SSOcookie=b0ff6b95-f3d9-46dc-b5ff-15be6f30d37d; Path=/; HttpOnly
23 апр 2026;10:34:09.842 [default-nioEventLoopGroup-1-10] TRACE i.m.h.client.netty.DefaultHttpClient - Set-Cookie: rememberMe=deleteMe; Path=/; Max-Age=0; Expires=Wed, 22-Apr-2026 07:34:09 GMT
23 апр 2026;10:34:09.842 [default-nioEventLoopGroup-1-10] TRACE i.m.h.client.netty.DefaultHttpClient - Server: WildFly/8
23 апр 2026;10:34:09.842 [default-nioEventLoopGroup-1-10] TRACE i.m.h.client.netty.DefaultHttpClient - X-XSS-Protection: 1
23 апр 2026;10:34:09.842 [default-nioEventLoopGroup-1-10] TRACE i.m.h.client.netty.DefaultHttpClient - X-Frame-Options: SAMEORIGIN
23 апр 2026;10:34:09.842 [default-nioEventLoopGroup-1-10] TRACE i.m.h.client.netty.DefaultHttpClient - Content-Security-Policy: default-src *; style-src * 'unsafe-inline'; script-src * 'unsafe-inline' 'unsafe-eval'; img-src * data: 'unsafe-inline'; connect-src * 'unsafe-inline'; frame-src *;
23 апр 2026;10:34:09.842 [default-nioEventLoopGroup-1-10] TRACE i.m.h.client.netty.DefaultHttpClient - Date: Thu, 23 Apr 2026 07:34:09 GMT
23 апр 2026;10:34:09.842 [default-nioEventLoopGroup-1-10] TRACE i.m.h.client.netty.DefaultHttpClient - X-Content-Type-Options: nosniff
23 апр 2026;10:34:09.842 [default-nioEventLoopGroup-1-10] TRACE i.m.h.client.netty.DefaultHttpClient - Strict-Transport-Security: max-age=31536000; includeSubDomains
23 апр 2026;10:34:09.842 [default-nioEventLoopGroup-1-10] TRACE i.m.h.client.netty.DefaultHttpClient - Response Body
23 апр 2026;10:34:09.842 [default-nioEventLoopGroup-1-10] TRACE i.m.h.client.netty.DefaultHttpClient - ----
23 апр 2026;10:34:09.842 [default-nioEventLoopGroup-1-10] TRACE i.m.h.client.netty.DefaultHttpClient - 
23 апр 2026;10:34:09.842 [default-nioEventLoopGroup-1-10] TRACE i.m.h.client.netty.DefaultHttpClient - ----
23 апр 2026;10:34:09.843 [default-nioEventLoopGroup-1-10] TRACE i.m.h.client.netty.DefaultHttpClient - Full HTTP response received an empty body
23 апр 2026;10:34:09.843 [default-nioEventLoopGroup-1-10] TRACE i.m.h.client.netty.DefaultHttpClient - Unable to convert response body to target type class [B
23 апр 2026;10:34:09.843 [SimpleAsyncTaskExecutor-1] TRACE i.m.h.client.netty.DefaultHttpClient - Unable to convert response body to target type class [B
23 апр 2026;10:34:09.847 [default-nioEventLoopGroup-1-11] DEBUG i.m.h.client.netty.DefaultHttpClient - Sending HTTP GET to http://192.168.0.77:8080/rest/entrypoint/branches/6/visits/182041/
23 апр 2026;10:34:09.847 [default-nioEventLoopGroup-1-11] TRACE i.m.h.client.netty.DefaultHttpClient - Authorization: Basic c3VwZXJhZG1pbjp1bGFu
23 апр 2026;10:34:09.847 [default-nioEventLoopGroup-1-11] TRACE i.m.h.client.netty.DefaultHttpClient - Cookie: SSOcookie=57b46714-2f27-46b7-9921-8d8de8bba70d
23 апр 2026;10:34:09.847 [default-nioEventLoopGroup-1-11] TRACE i.m.h.client.netty.DefaultHttpClient - host: 192.168.0.77:8080
23 апр 2026;10:34:09.847 [default-nioEventLoopGroup-1-11] TRACE i.m.h.client.netty.DefaultHttpClient - connection: close
23 апр 2026;10:34:09.869 [default-nioEventLoopGroup-1-11] DEBUG i.m.h.client.netty.DefaultHttpClient - Received response 200 from http://192.168.0.77:8080/rest/entrypoint/branches/6/visits/182041/
23 апр 2026;10:34:09.869 [default-nioEventLoopGroup-1-11] TRACE i.m.h.client.netty.DefaultHttpClient - HTTP Client Response Received (200 OK) for Request: GET http://192.168.0.77:8080/rest/entrypoint/branches/6/visits/182041/
23 апр 2026;10:34:09.869 [default-nioEventLoopGroup-1-11] TRACE i.m.h.client.netty.DefaultHttpClient - Cache-Control: no-store, no-cache, max-age=0, must-revalidate
23 апр 2026;10:34:09.869 [default-nioEventLoopGroup-1-11] TRACE i.m.h.client.netty.DefaultHttpClient - X-Powered-By: Undertow/1
23 апр 2026;10:34:09.869 [default-nioEventLoopGroup-1-11] TRACE i.m.h.client.netty.DefaultHttpClient - Server: WildFly/8
23 апр 2026;10:34:09.869 [default-nioEventLoopGroup-1-11] TRACE i.m.h.client.netty.DefaultHttpClient - X-XSS-Protection: 1
23 апр 2026;10:34:09.869 [default-nioEventLoopGroup-1-11] TRACE i.m.h.client.netty.DefaultHttpClient - X-Frame-Options: SAMEORIGIN
23 апр 2026;10:34:09.869 [default-nioEventLoopGroup-1-11] TRACE i.m.h.client.netty.DefaultHttpClient - Content-Security-Policy: default-src *; style-src * 'unsafe-inline'; script-src * 'unsafe-inline' 'unsafe-eval'; img-src * data: 'unsafe-inline'; connect-src * 'unsafe-inline'; frame-src *;
23 апр 2026;10:34:09.869 [default-nioEventLoopGroup-1-11] TRACE i.m.h.client.netty.DefaultHttpClient - Date: Thu, 23 Apr 2026 07:34:09 GMT
23 апр 2026;10:34:09.869 [default-nioEventLoopGroup-1-11] TRACE i.m.h.client.netty.DefaultHttpClient - Connection: close
23 апр 2026;10:34:09.869 [default-nioEventLoopGroup-1-11] TRACE i.m.h.client.netty.DefaultHttpClient - X-Content-Type-Options: nosniff
23 апр 2026;10:34:09.869 [default-nioEventLoopGroup-1-11] TRACE i.m.h.client.netty.DefaultHttpClient - Strict-Transport-Security: max-age=31536000; includeSubDomains
23 апр 2026;10:34:09.869 [default-nioEventLoopGroup-1-11] TRACE i.m.h.client.netty.DefaultHttpClient - Content-Type: application/json
23 апр 2026;10:34:09.869 [default-nioEventLoopGroup-1-11] TRACE i.m.h.client.netty.DefaultHttpClient - content-length: 1616
23 апр 2026;10:34:09.869 [default-nioEventLoopGroup-1-11] TRACE i.m.h.client.netty.DefaultHttpClient - Response Body
23 апр 2026;10:34:09.869 [default-nioEventLoopGroup-1-11] TRACE i.m.h.client.netty.DefaultHttpClient - ----
23 апр 2026;10:34:09.869 [default-nioEventLoopGroup-1-11] TRACE i.m.h.client.netty.DefaultHttpClient - {"id":182041,"checksum":"529450983","ticketId":"A2190","unservedVisitServices":[{"id":190946,"eventTime":"10:33","serviceId":7,"serviceInternalName":"Оккулист","serviceExternalName":"Оккулист","visitDeliveredServices":[],"visitOutcome":null,"outcomeExists":false,"deliveredServiceExists":false},{"id":190947,"eventTime":"10:33","serviceId":6,"serviceInternalName":"Стоматолог","serviceExternalName":"Стоматолог","visitDeliveredServices":[],"visitOutcome":null,"outcomeExists":false,"deliveredServiceExists":false},{"id":190948,"eventTime":"10:33","serviceId":5,"serviceInternalName":"Терапевт","serviceExternalName":"Терапевт","visitDeliveredServices":[],"visitOutcome":null,"outcomeExists":false,"deliveredServiceExists":false},{"id":190949,"eventTime":"10:33","serviceId":4,"serviceInternalName":"Хирург","serviceExternalName":"Хирург","visitDeliveredServices":[],"visitOutcome":null,"outcomeExists":false,"deliveredServiceExists":false}],"currentVisitService":{"id":190945,"eventTime":"10:33","serviceId":4,"serviceInternalName":"Хирург","serviceExternalName":"Хирург","visitDeliveredServices":[],"visitOutcome":null,"outcomeExists":false,"deliveredServiceExists":false},"servedVisitServices":[],"visitMarks":[],"customerIds":[],"waitingTime":27,"totalWaitingTime":0,"timeSinceCalled":0,"recycleAllowed":false,"noshowAllowed":false,"recallAllowed":false,"parameterMap":{"currentQueueOrigId":10,"branchName":"Chat_Bot_Demo","startQueueOrigId":98,"totWaitTime":0},"appointmentId":null,"appointmentTime":null,"branchCurrentTime":"10:34:09"}
23 апр 2026;10:34:09.869 [default-nioEventLoopGroup-1-11] TRACE i.m.h.client.netty.DefaultHttpClient - ----
23 апр 2026;10:34:09.875 [default-nioEventLoopGroup-1-12] DEBUG i.m.h.client.netty.DefaultHttpClient - Sending HTTP GET to http://192.168.0.77:8080/rest/entrypoint/branches/6/visits/182042/
23 апр 2026;10:34:09.876 [default-nioEventLoopGroup-1-12] TRACE i.m.h.client.netty.DefaultHttpClient - Authorization: Basic c3VwZXJhZG1pbjp1bGFu
23 апр 2026;10:34:09.876 [default-nioEventLoopGroup-1-12] TRACE i.m.h.client.netty.DefaultHttpClient - Cookie: SSOcookie=57b46714-2f27-46b7-9921-8d8de8bba70d
23 апр 2026;10:34:09.876 [default-nioEventLoopGroup-1-12] TRACE i.m.h.client.netty.DefaultHttpClient - host: 192.168.0.77:8080
23 апр 2026;10:34:09.876 [default-nioEventLoopGroup-1-12] TRACE i.m.h.client.netty.DefaultHttpClient - connection: close
23 апр 2026;10:34:09.901 [default-nioEventLoopGroup-1-12] DEBUG i.m.h.client.netty.DefaultHttpClient - Received response 200 from http://192.168.0.77:8080/rest/entrypoint/branches/6/visits/182042/
23 апр 2026;10:34:09.901 [default-nioEventLoopGroup-1-12] TRACE i.m.h.client.netty.DefaultHttpClient - HTTP Client Response Received (200 OK) for Request: GET http://192.168.0.77:8080/rest/entrypoint/branches/6/visits/182042/
23 апр 2026;10:34:09.902 [default-nioEventLoopGroup-1-12] TRACE i.m.h.client.netty.DefaultHttpClient - Cache-Control: no-store, no-cache, max-age=0, must-revalidate
23 апр 2026;10:34:09.902 [default-nioEventLoopGroup-1-12] TRACE i.m.h.client.netty.DefaultHttpClient - X-Powered-By: Undertow/1
23 апр 2026;10:34:09.902 [default-nioEventLoopGroup-1-12] TRACE i.m.h.client.netty.DefaultHttpClient - Server: WildFly/8
23 апр 2026;10:34:09.902 [default-nioEventLoopGroup-1-12] TRACE i.m.h.client.netty.DefaultHttpClient - X-XSS-Protection: 1
23 апр 2026;10:34:09.902 [default-nioEventLoopGroup-1-12] TRACE i.m.h.client.netty.DefaultHttpClient - X-Frame-Options: SAMEORIGIN
23 апр 2026;10:34:09.902 [default-nioEventLoopGroup-1-12] TRACE i.m.h.client.netty.DefaultHttpClient - Content-Security-Policy: default-src *; style-src * 'unsafe-inline'; script-src * 'unsafe-inline' 'unsafe-eval'; img-src * data: 'unsafe-inline'; connect-src * 'unsafe-inline'; frame-src *;
23 апр 2026;10:34:09.904 [default-nioEventLoopGroup-1-12] TRACE i.m.h.client.netty.DefaultHttpClient - Date: Thu, 23 Apr 2026 07:34:09 GMT
23 апр 2026;10:34:09.904 [default-nioEventLoopGroup-1-12] TRACE i.m.h.client.netty.DefaultHttpClient - Connection: close
23 апр 2026;10:34:09.904 [default-nioEventLoopGroup-1-12] TRACE i.m.h.client.netty.DefaultHttpClient - X-Content-Type-Options: nosniff
23 апр 2026;10:34:09.904 [default-nioEventLoopGroup-1-12] TRACE i.m.h.client.netty.DefaultHttpClient - Strict-Transport-Security: max-age=31536000; includeSubDomains
23 апр 2026;10:34:09.904 [default-nioEventLoopGroup-1-12] TRACE i.m.h.client.netty.DefaultHttpClient - Content-Type: application/json
23 апр 2026;10:34:09.904 [default-nioEventLoopGroup-1-12] TRACE i.m.h.client.netty.DefaultHttpClient - content-length: 1654
23 апр 2026;10:34:09.904 [default-nioEventLoopGroup-1-12] TRACE i.m.h.client.netty.DefaultHttpClient - Response Body
23 апр 2026;10:34:09.905 [default-nioEventLoopGroup-1-12] TRACE i.m.h.client.netty.DefaultHttpClient - ----
23 апр 2026;10:34:09.905 [default-nioEventLoopGroup-1-12] TRACE i.m.h.client.netty.DefaultHttpClient - {"id":182042,"checksum":"1704417119","ticketId":"A2191","unservedVisitServices":[{"id":190951,"eventTime":"10:33","serviceId":7,"serviceInternalName":"Оккулист","serviceExternalName":"Оккулист","visitDeliveredServices":[],"visitOutcome":null,"outcomeExists":false,"deliveredServiceExists":false},{"id":190952,"eventTime":"10:33","serviceId":6,"serviceInternalName":"Стоматолог","serviceExternalName":"Стоматолог","visitDeliveredServices":[],"visitOutcome":null,"outcomeExists":false,"deliveredServiceExists":false},{"id":190953,"eventTime":"10:33","serviceId":5,"serviceInternalName":"Терапевт","serviceExternalName":"Терапевт","visitDeliveredServices":[],"visitOutcome":null,"outcomeExists":false,"deliveredServiceExists":false},{"id":190954,"eventTime":"10:33","serviceId":4,"serviceInternalName":"Хирург","serviceExternalName":"Хирург","visitDeliveredServices":[],"visitOutcome":null,"outcomeExists":false,"deliveredServiceExists":false}],"currentVisitService":{"id":190950,"eventTime":"10:33","serviceId":72,"serviceInternalName":"Врач не назначен","serviceExternalName":"Врач не назначен","visitDeliveredServices":[],"visitOutcome":null,"outcomeExists":false,"deliveredServiceExists":false},"servedVisitServices":[],"visitMarks":[],"customerIds":[],"waitingTime":27,"totalWaitingTime":0,"timeSinceCalled":0,"recycleAllowed":false,"noshowAllowed":false,"recallAllowed":false,"parameterMap":{"currentQueueOrigId":98,"startQueueOrigId":98,"branchName":"Chat_Bot_Demo","totWaitTime":0},"appointmentId":null,"appointmentTime":null,"branchCurrentTime":"10:34:09"}
23 апр 2026;10:34:09.905 [default-nioEventLoopGroup-1-12] TRACE i.m.h.client.netty.DefaultHttpClient - ----
23 апр 2026;10:34:09.916 [default-nioEventLoopGroup-1-14] DEBUG i.m.h.client.netty.DefaultHttpClient - Sending HTTP GET to http://192.168.0.77:8080/rest/entrypoint/branches/6/visits/182042/
23 апр 2026;10:34:09.917 [default-nioEventLoopGroup-1-14] TRACE i.m.h.client.netty.DefaultHttpClient - Authorization: Basic c3VwZXJhZG1pbjp1bGFu
23 апр 2026;10:34:09.917 [default-nioEventLoopGroup-1-14] TRACE i.m.h.client.netty.DefaultHttpClient - Cookie: SSOcookie=57b46714-2f27-46b7-9921-8d8de8bba70d
23 апр 2026;10:34:09.917 [default-nioEventLoopGroup-1-14] TRACE i.m.h.client.netty.DefaultHttpClient - host: 192.168.0.77:8080
23 апр 2026;10:34:09.917 [default-nioEventLoopGroup-1-14] TRACE i.m.h.client.netty.DefaultHttpClient - connection: close
23 апр 2026;10:34:09.938 [default-nioEventLoopGroup-1-14] DEBUG i.m.h.client.netty.DefaultHttpClient - Received response 200 from http://192.168.0.77:8080/rest/entrypoint/branches/6/visits/182042/
23 апр 2026;10:34:09.939 [default-nioEventLoopGroup-1-14] TRACE i.m.h.client.netty.DefaultHttpClient - HTTP Client Response Received (200 OK) for Request: GET http://192.168.0.77:8080/rest/entrypoint/branches/6/visits/182042/
23 апр 2026;10:34:09.939 [default-nioEventLoopGroup-1-14] TRACE i.m.h.client.netty.DefaultHttpClient - Cache-Control: no-store, no-cache, max-age=0, must-revalidate
23 апр 2026;10:34:09.939 [default-nioEventLoopGroup-1-14] TRACE i.m.h.client.netty.DefaultHttpClient - X-Powered-By: Undertow/1
23 апр 2026;10:34:09.939 [default-nioEventLoopGroup-1-14] TRACE i.m.h.client.netty.DefaultHttpClient - Server: WildFly/8
23 апр 2026;10:34:09.940 [default-nioEventLoopGroup-1-14] TRACE i.m.h.client.netty.DefaultHttpClient - X-XSS-Protection: 1
23 апр 2026;10:34:09.940 [default-nioEventLoopGroup-1-14] TRACE i.m.h.client.netty.DefaultHttpClient - X-Frame-Options: SAMEORIGIN
23 апр 2026;10:34:09.940 [default-nioEventLoopGroup-1-14] TRACE i.m.h.client.netty.DefaultHttpClient - Content-Security-Policy: default-src *; style-src * 'unsafe-inline'; script-src * 'unsafe-inline' 'unsafe-eval'; img-src * data: 'unsafe-inline'; connect-src * 'unsafe-inline'; frame-src *;
23 апр 2026;10:34:09.940 [default-nioEventLoopGroup-1-14] TRACE i.m.h.client.netty.DefaultHttpClient - Date: Thu, 23 Apr 2026 07:34:09 GMT
23 апр 2026;10:34:09.940 [default-nioEventLoopGroup-1-14] TRACE i.m.h.client.netty.DefaultHttpClient - Connection: close
23 апр 2026;10:34:09.940 [default-nioEventLoopGroup-1-14] TRACE i.m.h.client.netty.DefaultHttpClient - X-Content-Type-Options: nosniff
23 апр 2026;10:34:09.941 [default-nioEventLoopGroup-1-14] TRACE i.m.h.client.netty.DefaultHttpClient - Strict-Transport-Security: max-age=31536000; includeSubDomains
23 апр 2026;10:34:09.941 [default-nioEventLoopGroup-1-14] TRACE i.m.h.client.netty.DefaultHttpClient - Content-Type: application/json
23 апр 2026;10:34:09.941 [default-nioEventLoopGroup-1-14] TRACE i.m.h.client.netty.DefaultHttpClient - content-length: 1654
23 апр 2026;10:34:09.941 [default-nioEventLoopGroup-1-14] TRACE i.m.h.client.netty.DefaultHttpClient - Response Body
23 апр 2026;10:34:09.941 [default-nioEventLoopGroup-1-14] TRACE i.m.h.client.netty.DefaultHttpClient - ----
23 апр 2026;10:34:09.941 [default-nioEventLoopGroup-1-14] TRACE i.m.h.client.netty.DefaultHttpClient - {"id":182042,"checksum":"1704417119","ticketId":"A2191","unservedVisitServices":[{"id":190951,"eventTime":"10:33","serviceId":7,"serviceInternalName":"Оккулист","serviceExternalName":"Оккулист","visitDeliveredServices":[],"visitOutcome":null,"outcomeExists":false,"deliveredServiceExists":false},{"id":190952,"eventTime":"10:33","serviceId":6,"serviceInternalName":"Стоматолог","serviceExternalName":"Стоматолог","visitDeliveredServices":[],"visitOutcome":null,"outcomeExists":false,"deliveredServiceExists":false},{"id":190953,"eventTime":"10:33","serviceId":5,"serviceInternalName":"Терапевт","serviceExternalName":"Терапевт","visitDeliveredServices":[],"visitOutcome":null,"outcomeExists":false,"deliveredServiceExists":false},{"id":190954,"eventTime":"10:33","serviceId":4,"serviceInternalName":"Хирург","serviceExternalName":"Хирург","visitDeliveredServices":[],"visitOutcome":null,"outcomeExists":false,"deliveredServiceExists":false}],"currentVisitService":{"id":190950,"eventTime":"10:33","serviceId":72,"serviceInternalName":"Врач не назначен","serviceExternalName":"Врач не назначен","visitDeliveredServices":[],"visitOutcome":null,"outcomeExists":false,"deliveredServiceExists":false},"servedVisitServices":[],"visitMarks":[],"customerIds":[],"waitingTime":27,"totalWaitingTime":0,"timeSinceCalled":0,"recycleAllowed":false,"noshowAllowed":false,"recallAllowed":false,"parameterMap":{"currentQueueOrigId":98,"startQueueOrigId":98,"branchName":"Chat_Bot_Demo","totWaitTime":0},"appointmentId":null,"appointmentTime":null,"branchCurrentTime":"10:34:09"}
23 апр 2026;10:34:09.941 [default-nioEventLoopGroup-1-14] TRACE i.m.h.client.netty.DefaultHttpClient - ----
23 апр 2026;10:34:09.955 [default-nioEventLoopGroup-1-15] DEBUG i.m.h.client.netty.DefaultHttpClient - Sending HTTP PUT to http://192.168.0.77:8080/rest/entrypoint/branches/6/visits/182042/services/4/
23 апр 2026;10:34:09.956 [default-nioEventLoopGroup-1-15] TRACE i.m.h.client.netty.DefaultHttpClient - Authorization: Basic c3VwZXJhZG1pbjp1bGFu
23 апр 2026;10:34:09.956 [default-nioEventLoopGroup-1-15] TRACE i.m.h.client.netty.DefaultHttpClient - Content-Type: application/json
23 апр 2026;10:34:09.956 [default-nioEventLoopGroup-1-15] TRACE i.m.h.client.netty.DefaultHttpClient - Accept: application/json
23 апр 2026;10:34:09.956 [default-nioEventLoopGroup-1-15] TRACE i.m.h.client.netty.DefaultHttpClient - host: 192.168.0.77:8080
23 апр 2026;10:34:09.956 [default-nioEventLoopGroup-1-15] TRACE i.m.h.client.netty.DefaultHttpClient - connection: close
23 апр 2026;10:34:09.956 [default-nioEventLoopGroup-1-15] TRACE i.m.h.client.netty.DefaultHttpClient - content-length: 0
23 апр 2026;10:34:09.957 [default-nioEventLoopGroup-1-15] TRACE i.m.h.client.netty.DefaultHttpClient - Request Body
23 апр 2026;10:34:09.957 [default-nioEventLoopGroup-1-15] TRACE i.m.h.client.netty.DefaultHttpClient - ----
23 апр 2026;10:34:09.957 [default-nioEventLoopGroup-1-15] TRACE i.m.h.client.netty.DefaultHttpClient - 
23 апр 2026;10:34:09.957 [default-nioEventLoopGroup-1-15] TRACE i.m.h.client.netty.DefaultHttpClient - ----
23 апр 2026;10:34:10.428 [default-nioEventLoopGroup-1-15] DEBUG i.m.h.client.netty.DefaultHttpClient - Received response 200 from http://192.168.0.77:8080/rest/entrypoint/branches/6/visits/182042/services/4/
23 апр 2026;10:34:10.428 [default-nioEventLoopGroup-1-15] TRACE i.m.h.client.netty.DefaultHttpClient - HTTP Client Response Received (200 OK) for Request: PUT http://192.168.0.77:8080/rest/entrypoint/branches/6/visits/182042/services/4/
23 апр 2026;10:34:10.428 [default-nioEventLoopGroup-1-15] TRACE i.m.h.client.netty.DefaultHttpClient - X-Powered-By: Undertow/1
23 апр 2026;10:34:10.428 [default-nioEventLoopGroup-1-15] TRACE i.m.h.client.netty.DefaultHttpClient - Set-Cookie: SSOcookie=c9c83691-bca4-4ee9-b1e6-47588f9a5b4b; Path=/; HttpOnly
23 апр 2026;10:34:10.428 [default-nioEventLoopGroup-1-15] TRACE i.m.h.client.netty.DefaultHttpClient - Set-Cookie: rememberMe=deleteMe; Path=/; Max-Age=0; Expires=Wed, 22-Apr-2026 07:34:10 GMT
23 апр 2026;10:34:10.428 [default-nioEventLoopGroup-1-15] TRACE i.m.h.client.netty.DefaultHttpClient - Server: WildFly/8
23 апр 2026;10:34:10.428 [default-nioEventLoopGroup-1-15] TRACE i.m.h.client.netty.DefaultHttpClient - X-XSS-Protection: 1
23 апр 2026;10:34:10.428 [default-nioEventLoopGroup-1-15] TRACE i.m.h.client.netty.DefaultHttpClient - X-Frame-Options: SAMEORIGIN
23 апр 2026;10:34:10.428 [default-nioEventLoopGroup-1-15] TRACE i.m.h.client.netty.DefaultHttpClient - Content-Security-Policy: default-src *; style-src * 'unsafe-inline'; script-src * 'unsafe-inline' 'unsafe-eval'; img-src * data: 'unsafe-inline'; connect-src * 'unsafe-inline'; frame-src *;
23 апр 2026;10:34:10.428 [default-nioEventLoopGroup-1-15] TRACE i.m.h.client.netty.DefaultHttpClient - Date: Thu, 23 Apr 2026 07:34:10 GMT
23 апр 2026;10:34:10.428 [default-nioEventLoopGroup-1-15] TRACE i.m.h.client.netty.DefaultHttpClient - Connection: close
23 апр 2026;10:34:10.428 [default-nioEventLoopGroup-1-15] TRACE i.m.h.client.netty.DefaultHttpClient - X-Content-Type-Options: nosniff
23 апр 2026;10:34:10.428 [default-nioEventLoopGroup-1-15] TRACE i.m.h.client.netty.DefaultHttpClient - Strict-Transport-Security: max-age=31536000; includeSubDomains
23 апр 2026;10:34:10.428 [default-nioEventLoopGroup-1-15] TRACE i.m.h.client.netty.DefaultHttpClient - Content-Type: application/json
23 апр 2026;10:34:10.428 [default-nioEventLoopGroup-1-15] TRACE i.m.h.client.netty.DefaultHttpClient - content-length: 1871
23 апр 2026;10:34:10.428 [default-nioEventLoopGroup-1-15] TRACE i.m.h.client.netty.DefaultHttpClient - Response Body
23 апр 2026;10:34:10.428 [default-nioEventLoopGroup-1-15] TRACE i.m.h.client.netty.DefaultHttpClient - ----
23 апр 2026;10:34:10.428 [default-nioEventLoopGroup-1-15] TRACE i.m.h.client.netty.DefaultHttpClient - {"branchId":6,"userState":"INACTIVE","visitState":"OK","servicePointId":1,"servicePointName":"Кабинет 13","servicePointState":"OPEN","visit":{"id":182042,"checksum":"1704417119","ticketId":"A2191","unservedVisitServices":[{"id":190951,"eventTime":"10:33","serviceId":7,"serviceInternalName":"Оккулист","serviceExternalName":"Оккулист","visitDeliveredServices":[],"visitOutcome":null,"outcomeExists":false,"deliveredServiceExists":false},{"id":190952,"eventTime":"10:33","serviceId":6,"serviceInternalName":"Стоматолог","serviceExternalName":"Стоматолог","visitDeliveredServices":[],"visitOutcome":null,"outcomeExists":false,"deliveredServiceExists":false},{"id":190953,"eventTime":"10:33","serviceId":5,"serviceInternalName":"Терапевт","serviceExternalName":"Терапевт","visitDeliveredServices":[],"visitOutcome":null,"outcomeExists":false,"deliveredServiceExists":false},{"id":190954,"eventTime":"10:33","serviceId":4,"serviceInternalName":"Хирург","serviceExternalName":"Хирург","visitDeliveredServices":[],"visitOutcome":null,"outcomeExists":false,"deliveredServiceExists":false}],"currentVisitService":{"id":190950,"eventTime":"10:33","serviceId":4,"serviceInternalName":"Хирург","serviceExternalName":"Хирург","visitDeliveredServices":[],"visitOutcome":null,"outcomeExists":false,"deliveredServiceExists":false},"servedVisitServices":[],"visitMarks":[],"customerIds":[],"waitingTime":27,"totalWaitingTime":0,"timeSinceCalled":0,"recycleAllowed":false,"noshowAllowed":false,"recallAllowed":false,"parameterMap":{"startQueueOrigId":98,"branchName":"Chat_Bot_Demo","totWaitTime":0},"appointmentId":null,"appointmentTime":null,"branchCurrentTime":"10:34:10"},"workProfileId":7,"workProfileName":"Универсал","servicePointDeviceTypes":["POSITIONAL","SW_SERVICE_POINT","Spotlight"]}
23 апр 2026;10:34:10.428 [default-nioEventLoopGroup-1-15] TRACE i.m.h.client.netty.DefaultHttpClient - ----
23 апр 2026;10:34:10.433 [default-nioEventLoopGroup-1-16] DEBUG i.m.h.client.netty.DefaultHttpClient - Sending HTTP PUT to http://192.168.0.77:8080/rest/entrypoint/branches/6/queues/10/visits/
23 апр 2026;10:34:10.434 [default-nioEventLoopGroup-1-16] TRACE i.m.h.client.netty.DefaultHttpClient - Authorization: Basic c3VwZXJhZG1pbjp1bGFu
23 апр 2026;10:34:10.434 [default-nioEventLoopGroup-1-16] TRACE i.m.h.client.netty.DefaultHttpClient - Content-Type: application/json
23 апр 2026;10:34:10.434 [default-nioEventLoopGroup-1-16] TRACE i.m.h.client.netty.DefaultHttpClient - Accept: application/json
23 апр 2026;10:34:10.434 [default-nioEventLoopGroup-1-16] TRACE i.m.h.client.netty.DefaultHttpClient - host: 192.168.0.77:8080
23 апр 2026;10:34:10.434 [default-nioEventLoopGroup-1-16] TRACE i.m.h.client.netty.DefaultHttpClient - connection: close
23 апр 2026;10:34:10.434 [default-nioEventLoopGroup-1-16] TRACE i.m.h.client.netty.DefaultHttpClient - content-length: 46
23 апр 2026;10:34:10.434 [default-nioEventLoopGroup-1-16] TRACE i.m.h.client.netty.DefaultHttpClient - Request Body
23 апр 2026;10:34:10.434 [default-nioEventLoopGroup-1-16] TRACE i.m.h.client.netty.DefaultHttpClient - ----
23 апр 2026;10:34:10.434 [default-nioEventLoopGroup-1-16] TRACE i.m.h.client.netty.DefaultHttpClient - {"visitId":182042,"fromBranchId":6,"fromId":1}
23 апр 2026;10:34:10.434 [default-nioEventLoopGroup-1-16] TRACE i.m.h.client.netty.DefaultHttpClient - ----
23 апр 2026;10:34:11.172 [default-nioEventLoopGroup-1-16] DEBUG i.m.h.client.netty.DefaultHttpClient - Received response 204 from http://192.168.0.77:8080/rest/entrypoint/branches/6/queues/10/visits/
23 апр 2026;10:34:11.173 [default-nioEventLoopGroup-1-16] TRACE i.m.h.client.netty.DefaultHttpClient - HTTP Client Response Received (204 No Content) for Request: PUT http://192.168.0.77:8080/rest/entrypoint/branches/6/queues/10/visits/
23 апр 2026;10:34:11.173 [default-nioEventLoopGroup-1-16] TRACE i.m.h.client.netty.DefaultHttpClient - X-Powered-By: Undertow/1
23 апр 2026;10:34:11.173 [default-nioEventLoopGroup-1-16] TRACE i.m.h.client.netty.DefaultHttpClient - Set-Cookie: SSOcookie=94ca2903-3713-4cbd-a2f8-a92e1cf2e22a; Path=/; HttpOnly
23 апр 2026;10:34:11.173 [default-nioEventLoopGroup-1-16] TRACE i.m.h.client.netty.DefaultHttpClient - Set-Cookie: rememberMe=deleteMe; Path=/; Max-Age=0; Expires=Wed, 22-Apr-2026 07:34:10 GMT
23 апр 2026;10:34:11.173 [default-nioEventLoopGroup-1-16] TRACE i.m.h.client.netty.DefaultHttpClient - Server: WildFly/8
23 апр 2026;10:34:11.173 [default-nioEventLoopGroup-1-16] TRACE i.m.h.client.netty.DefaultHttpClient - X-XSS-Protection: 1
23 апр 2026;10:34:11.173 [default-nioEventLoopGroup-1-16] TRACE i.m.h.client.netty.DefaultHttpClient - X-Frame-Options: SAMEORIGIN
23 апр 2026;10:34:11.173 [default-nioEventLoopGroup-1-16] TRACE i.m.h.client.netty.DefaultHttpClient - Content-Security-Policy: default-src *; style-src * 'unsafe-inline'; script-src * 'unsafe-inline' 'unsafe-eval'; img-src * data: 'unsafe-inline'; connect-src * 'unsafe-inline'; frame-src *;
23 апр 2026;10:34:11.173 [default-nioEventLoopGroup-1-16] TRACE i.m.h.client.netty.DefaultHttpClient - Date: Thu, 23 Apr 2026 07:34:11 GMT
23 апр 2026;10:34:11.173 [default-nioEventLoopGroup-1-16] TRACE i.m.h.client.netty.DefaultHttpClient - X-Content-Type-Options: nosniff
23 апр 2026;10:34:11.173 [default-nioEventLoopGroup-1-16] TRACE i.m.h.client.netty.DefaultHttpClient - Strict-Transport-Security: max-age=31536000; includeSubDomains
23 апр 2026;10:34:11.173 [default-nioEventLoopGroup-1-16] TRACE i.m.h.client.netty.DefaultHttpClient - Response Body
23 апр 2026;10:34:11.173 [default-nioEventLoopGroup-1-16] TRACE i.m.h.client.netty.DefaultHttpClient - ----
23 апр 2026;10:34:11.173 [default-nioEventLoopGroup-1-16] TRACE i.m.h.client.netty.DefaultHttpClient - 
23 апр 2026;10:34:11.173 [default-nioEventLoopGroup-1-16] TRACE i.m.h.client.netty.DefaultHttpClient - ----
23 апр 2026;10:34:11.173 [default-nioEventLoopGroup-1-16] TRACE i.m.h.client.netty.DefaultHttpClient - Full HTTP response received an empty body
23 апр 2026;10:34:11.173 [default-nioEventLoopGroup-1-16] TRACE i.m.h.client.netty.DefaultHttpClient - Unable to convert response body to target type class [B
23 апр 2026;10:34:11.173 [SimpleAsyncTaskExecutor-1] TRACE i.m.h.client.netty.DefaultHttpClient - Unable to convert response body to target type class [B
23 апр 2026;10:34:11.176 [default-nioEventLoopGroup-1-17] DEBUG i.m.h.client.netty.DefaultHttpClient - Sending HTTP GET to http://192.168.0.77:8080/rest/entrypoint/branches/6/visits/182042/
23 апр 2026;10:34:11.176 [default-nioEventLoopGroup-1-17] TRACE i.m.h.client.netty.DefaultHttpClient - Authorization: Basic c3VwZXJhZG1pbjp1bGFu
23 апр 2026;10:34:11.176 [default-nioEventLoopGroup-1-17] TRACE i.m.h.client.netty.DefaultHttpClient - Cookie: SSOcookie=57b46714-2f27-46b7-9921-8d8de8bba70d
23 апр 2026;10:34:11.176 [default-nioEventLoopGroup-1-17] TRACE i.m.h.client.netty.DefaultHttpClient - host: 192.168.0.77:8080
23 апр 2026;10:34:11.176 [default-nioEventLoopGroup-1-17] TRACE i.m.h.client.netty.DefaultHttpClient - connection: close
23 апр 2026;10:34:11.198 [default-nioEventLoopGroup-1-17] DEBUG i.m.h.client.netty.DefaultHttpClient - Received response 200 from http://192.168.0.77:8080/rest/entrypoint/branches/6/visits/182042/
23 апр 2026;10:34:11.198 [default-nioEventLoopGroup-1-17] TRACE i.m.h.client.netty.DefaultHttpClient - HTTP Client Response Received (200 OK) for Request: GET http://192.168.0.77:8080/rest/entrypoint/branches/6/visits/182042/
23 апр 2026;10:34:11.198 [default-nioEventLoopGroup-1-17] TRACE i.m.h.client.netty.DefaultHttpClient - Cache-Control: no-store, no-cache, max-age=0, must-revalidate
23 апр 2026;10:34:11.198 [default-nioEventLoopGroup-1-17] TRACE i.m.h.client.netty.DefaultHttpClient - X-Powered-By: Undertow/1
23 апр 2026;10:34:11.198 [default-nioEventLoopGroup-1-17] TRACE i.m.h.client.netty.DefaultHttpClient - Server: WildFly/8
23 апр 2026;10:34:11.198 [default-nioEventLoopGroup-1-17] TRACE i.m.h.client.netty.DefaultHttpClient - X-XSS-Protection: 1
23 апр 2026;10:34:11.198 [default-nioEventLoopGroup-1-17] TRACE i.m.h.client.netty.DefaultHttpClient - X-Frame-Options: SAMEORIGIN
23 апр 2026;10:34:11.198 [default-nioEventLoopGroup-1-17] TRACE i.m.h.client.netty.DefaultHttpClient - Content-Security-Policy: default-src *; style-src * 'unsafe-inline'; script-src * 'unsafe-inline' 'unsafe-eval'; img-src * data: 'unsafe-inline'; connect-src * 'unsafe-inline'; frame-src *;
23 апр 2026;10:34:11.198 [default-nioEventLoopGroup-1-17] TRACE i.m.h.client.netty.DefaultHttpClient - Date: Thu, 23 Apr 2026 07:34:11 GMT
23 апр 2026;10:34:11.198 [default-nioEventLoopGroup-1-17] TRACE i.m.h.client.netty.DefaultHttpClient - Connection: close
23 апр 2026;10:34:11.198 [default-nioEventLoopGroup-1-17] TRACE i.m.h.client.netty.DefaultHttpClient - X-Content-Type-Options: nosniff
23 апр 2026;10:34:11.198 [default-nioEventLoopGroup-1-17] TRACE i.m.h.client.netty.DefaultHttpClient - Strict-Transport-Security: max-age=31536000; includeSubDomains
23 апр 2026;10:34:11.198 [default-nioEventLoopGroup-1-17] TRACE i.m.h.client.netty.DefaultHttpClient - Content-Type: application/json
23 апр 2026;10:34:11.198 [default-nioEventLoopGroup-1-17] TRACE i.m.h.client.netty.DefaultHttpClient - content-length: 1617
23 апр 2026;10:34:11.198 [default-nioEventLoopGroup-1-17] TRACE i.m.h.client.netty.DefaultHttpClient - Response Body
23 апр 2026;10:34:11.198 [default-nioEventLoopGroup-1-17] TRACE i.m.h.client.netty.DefaultHttpClient - ----
23 апр 2026;10:34:11.198 [default-nioEventLoopGroup-1-17] TRACE i.m.h.client.netty.DefaultHttpClient - {"id":182042,"checksum":"1704417119","ticketId":"A2191","unservedVisitServices":[{"id":190951,"eventTime":"10:33","serviceId":7,"serviceInternalName":"Оккулист","serviceExternalName":"Оккулист","visitDeliveredServices":[],"visitOutcome":null,"outcomeExists":false,"deliveredServiceExists":false},{"id":190952,"eventTime":"10:33","serviceId":6,"serviceInternalName":"Стоматолог","serviceExternalName":"Стоматолог","visitDeliveredServices":[],"visitOutcome":null,"outcomeExists":false,"deliveredServiceExists":false},{"id":190953,"eventTime":"10:33","serviceId":5,"serviceInternalName":"Терапевт","serviceExternalName":"Терапевт","visitDeliveredServices":[],"visitOutcome":null,"outcomeExists":false,"deliveredServiceExists":false},{"id":190954,"eventTime":"10:33","serviceId":4,"serviceInternalName":"Хирург","serviceExternalName":"Хирург","visitDeliveredServices":[],"visitOutcome":null,"outcomeExists":false,"deliveredServiceExists":false}],"currentVisitService":{"id":190950,"eventTime":"10:33","serviceId":4,"serviceInternalName":"Хирург","serviceExternalName":"Хирург","visitDeliveredServices":[],"visitOutcome":null,"outcomeExists":false,"deliveredServiceExists":false},"servedVisitServices":[],"visitMarks":[],"customerIds":[],"waitingTime":29,"totalWaitingTime":0,"timeSinceCalled":0,"recycleAllowed":false,"noshowAllowed":false,"recallAllowed":false,"parameterMap":{"currentQueueOrigId":10,"branchName":"Chat_Bot_Demo","startQueueOrigId":98,"totWaitTime":0},"appointmentId":null,"appointmentTime":null,"branchCurrentTime":"10:34:11"}
23 апр 2026;10:34:11.198 [default-nioEventLoopGroup-1-17] TRACE i.m.h.client.netty.DefaultHttpClient - ----
23 апр 2026;10:34:11.201 [default-nioEventLoopGroup-1-1] DEBUG i.m.h.client.netty.DefaultHttpClient - Sending HTTP GET to http://192.168.0.77:8080/rest/entrypoint/branches/6/visits/182043/
23 апр 2026;10:34:11.202 [default-nioEventLoopGroup-1-1] TRACE i.m.h.client.netty.DefaultHttpClient - Authorization: Basic c3VwZXJhZG1pbjp1bGFu
23 апр 2026;10:34:11.202 [default-nioEventLoopGroup-1-1] TRACE i.m.h.client.netty.DefaultHttpClient - Cookie: SSOcookie=57b46714-2f27-46b7-9921-8d8de8bba70d
23 апр 2026;10:34:11.202 [default-nioEventLoopGroup-1-1] TRACE i.m.h.client.netty.DefaultHttpClient - host: 192.168.0.77:8080
23 апр 2026;10:34:11.202 [default-nioEventLoopGroup-1-1] TRACE i.m.h.client.netty.DefaultHttpClient - connection: close
23 апр 2026;10:34:11.219 [default-nioEventLoopGroup-1-1] DEBUG i.m.h.client.netty.DefaultHttpClient - Received response 200 from http://192.168.0.77:8080/rest/entrypoint/branches/6/visits/182043/
23 апр 2026;10:34:11.219 [default-nioEventLoopGroup-1-1] TRACE i.m.h.client.netty.DefaultHttpClient - HTTP Client Response Received (200 OK) for Request: GET http://192.168.0.77:8080/rest/entrypoint/branches/6/visits/182043/
23 апр 2026;10:34:11.219 [default-nioEventLoopGroup-1-1] TRACE i.m.h.client.netty.DefaultHttpClient - Cache-Control: no-store, no-cache, max-age=0, must-revalidate
23 апр 2026;10:34:11.219 [default-nioEventLoopGroup-1-1] TRACE i.m.h.client.netty.DefaultHttpClient - X-Powered-By: Undertow/1
23 апр 2026;10:34:11.219 [default-nioEventLoopGroup-1-1] TRACE i.m.h.client.netty.DefaultHttpClient - Server: WildFly/8
23 апр 2026;10:34:11.219 [default-nioEventLoopGroup-1-1] TRACE i.m.h.client.netty.DefaultHttpClient - X-XSS-Protection: 1
23 апр 2026;10:34:11.219 [default-nioEventLoopGroup-1-1] TRACE i.m.h.client.netty.DefaultHttpClient - X-Frame-Options: SAMEORIGIN
23 апр 2026;10:34:11.219 [default-nioEventLoopGroup-1-1] TRACE i.m.h.client.netty.DefaultHttpClient - Content-Security-Policy: default-src *; style-src * 'unsafe-inline'; script-src * 'unsafe-inline' 'unsafe-eval'; img-src * data: 'unsafe-inline'; connect-src * 'unsafe-inline'; frame-src *;
23 апр 2026;10:34:11.219 [default-nioEventLoopGroup-1-1] TRACE i.m.h.client.netty.DefaultHttpClient - Date: Thu, 23 Apr 2026 07:34:11 GMT
23 апр 2026;10:34:11.219 [default-nioEventLoopGroup-1-1] TRACE i.m.h.client.netty.DefaultHttpClient - Connection: close
23 апр 2026;10:34:11.219 [default-nioEventLoopGroup-1-1] TRACE i.m.h.client.netty.DefaultHttpClient - X-Content-Type-Options: nosniff
23 апр 2026;10:34:11.219 [default-nioEventLoopGroup-1-1] TRACE i.m.h.client.netty.DefaultHttpClient - Strict-Transport-Security: max-age=31536000; includeSubDomains
23 апр 2026;10:34:11.219 [default-nioEventLoopGroup-1-1] TRACE i.m.h.client.netty.DefaultHttpClient - Content-Type: application/json
23 апр 2026;10:34:11.219 [default-nioEventLoopGroup-1-1] TRACE i.m.h.client.netty.DefaultHttpClient - content-length: 1653
23 апр 2026;10:34:11.219 [default-nioEventLoopGroup-1-1] TRACE i.m.h.client.netty.DefaultHttpClient - Response Body
23 апр 2026;10:34:11.219 [default-nioEventLoopGroup-1-1] TRACE i.m.h.client.netty.DefaultHttpClient - ----
23 апр 2026;10:34:11.219 [default-nioEventLoopGroup-1-1] TRACE i.m.h.client.netty.DefaultHttpClient - {"id":182043,"checksum":"671551189","ticketId":"A2192","unservedVisitServices":[{"id":190956,"eventTime":"10:33","serviceId":7,"serviceInternalName":"Оккулист","serviceExternalName":"Оккулист","visitDeliveredServices":[],"visitOutcome":null,"outcomeExists":false,"deliveredServiceExists":false},{"id":190957,"eventTime":"10:33","serviceId":6,"serviceInternalName":"Стоматолог","serviceExternalName":"Стоматолог","visitDeliveredServices":[],"visitOutcome":null,"outcomeExists":false,"deliveredServiceExists":false},{"id":190958,"eventTime":"10:33","serviceId":5,"serviceInternalName":"Терапевт","serviceExternalName":"Терапевт","visitDeliveredServices":[],"visitOutcome":null,"outcomeExists":false,"deliveredServiceExists":false},{"id":190959,"eventTime":"10:33","serviceId":4,"serviceInternalName":"Хирург","serviceExternalName":"Хирург","visitDeliveredServices":[],"visitOutcome":null,"outcomeExists":false,"deliveredServiceExists":false}],"currentVisitService":{"id":190955,"eventTime":"10:33","serviceId":72,"serviceInternalName":"Врач не назначен","serviceExternalName":"Врач не назначен","visitDeliveredServices":[],"visitOutcome":null,"outcomeExists":false,"deliveredServiceExists":false},"servedVisitServices":[],"visitMarks":[],"customerIds":[],"waitingTime":28,"totalWaitingTime":0,"timeSinceCalled":0,"recycleAllowed":false,"noshowAllowed":false,"recallAllowed":false,"parameterMap":{"currentQueueOrigId":98,"startQueueOrigId":98,"branchName":"Chat_Bot_Demo","totWaitTime":0},"appointmentId":null,"appointmentTime":null,"branchCurrentTime":"10:34:11"}
23 апр 2026;10:34:11.219 [default-nioEventLoopGroup-1-1] TRACE i.m.h.client.netty.DefaultHttpClient - ----
23 апр 2026;10:34:11.223 [default-nioEventLoopGroup-1-2] DEBUG i.m.h.client.netty.DefaultHttpClient - Sending HTTP GET to http://192.168.0.77:8080/rest/entrypoint/branches/6/visits/182043/
23 апр 2026;10:34:11.223 [default-nioEventLoopGroup-1-2] TRACE i.m.h.client.netty.DefaultHttpClient - Authorization: Basic c3VwZXJhZG1pbjp1bGFu
23 апр 2026;10:34:11.223 [default-nioEventLoopGroup-1-2] TRACE i.m.h.client.netty.DefaultHttpClient - Cookie: SSOcookie=57b46714-2f27-46b7-9921-8d8de8bba70d
23 апр 2026;10:34:11.223 [default-nioEventLoopGroup-1-2] TRACE i.m.h.client.netty.DefaultHttpClient - host: 192.168.0.77:8080
23 апр 2026;10:34:11.223 [default-nioEventLoopGroup-1-2] TRACE i.m.h.client.netty.DefaultHttpClient - connection: close
23 апр 2026;10:34:11.240 [default-nioEventLoopGroup-1-2] DEBUG i.m.h.client.netty.DefaultHttpClient - Received response 200 from http://192.168.0.77:8080/rest/entrypoint/branches/6/visits/182043/
23 апр 2026;10:34:11.240 [default-nioEventLoopGroup-1-2] TRACE i.m.h.client.netty.DefaultHttpClient - HTTP Client Response Received (200 OK) for Request: GET http://192.168.0.77:8080/rest/entrypoint/branches/6/visits/182043/
23 апр 2026;10:34:11.240 [default-nioEventLoopGroup-1-2] TRACE i.m.h.client.netty.DefaultHttpClient - Cache-Control: no-store, no-cache, max-age=0, must-revalidate
23 апр 2026;10:34:11.240 [default-nioEventLoopGroup-1-2] TRACE i.m.h.client.netty.DefaultHttpClient - X-Powered-By: Undertow/1
23 апр 2026;10:34:11.240 [default-nioEventLoopGroup-1-2] TRACE i.m.h.client.netty.DefaultHttpClient - Server: WildFly/8
23 апр 2026;10:34:11.240 [default-nioEventLoopGroup-1-2] TRACE i.m.h.client.netty.DefaultHttpClient - X-XSS-Protection: 1
23 апр 2026;10:34:11.240 [default-nioEventLoopGroup-1-2] TRACE i.m.h.client.netty.DefaultHttpClient - X-Frame-Options: SAMEORIGIN
23 апр 2026;10:34:11.240 [default-nioEventLoopGroup-1-2] TRACE i.m.h.client.netty.DefaultHttpClient - Content-Security-Policy: default-src *; style-src * 'unsafe-inline'; script-src * 'unsafe-inline' 'unsafe-eval'; img-src * data: 'unsafe-inline'; connect-src * 'unsafe-inline'; frame-src *;
23 апр 2026;10:34:11.240 [default-nioEventLoopGroup-1-2] TRACE i.m.h.client.netty.DefaultHttpClient - Date: Thu, 23 Apr 2026 07:34:11 GMT
23 апр 2026;10:34:11.240 [default-nioEventLoopGroup-1-2] TRACE i.m.h.client.netty.DefaultHttpClient - Connection: close
23 апр 2026;10:34:11.240 [default-nioEventLoopGroup-1-2] TRACE i.m.h.client.netty.DefaultHttpClient - X-Content-Type-Options: nosniff
23 апр 2026;10:34:11.240 [default-nioEventLoopGroup-1-2] TRACE i.m.h.client.netty.DefaultHttpClient - Strict-Transport-Security: max-age=31536000; includeSubDomains
23 апр 2026;10:34:11.240 [default-nioEventLoopGroup-1-2] TRACE i.m.h.client.netty.DefaultHttpClient - Content-Type: application/json
23 апр 2026;10:34:11.240 [default-nioEventLoopGroup-1-2] TRACE i.m.h.client.netty.DefaultHttpClient - content-length: 1653
23 апр 2026;10:34:11.240 [default-nioEventLoopGroup-1-2] TRACE i.m.h.client.netty.DefaultHttpClient - Response Body
23 апр 2026;10:34:11.240 [default-nioEventLoopGroup-1-2] TRACE i.m.h.client.netty.DefaultHttpClient - ----
23 апр 2026;10:34:11.240 [default-nioEventLoopGroup-1-2] TRACE i.m.h.client.netty.DefaultHttpClient - {"id":182043,"checksum":"671551189","ticketId":"A2192","unservedVisitServices":[{"id":190956,"eventTime":"10:33","serviceId":7,"serviceInternalName":"Оккулист","serviceExternalName":"Оккулист","visitDeliveredServices":[],"visitOutcome":null,"outcomeExists":false,"deliveredServiceExists":false},{"id":190957,"eventTime":"10:33","serviceId":6,"serviceInternalName":"Стоматолог","serviceExternalName":"Стоматолог","visitDeliveredServices":[],"visitOutcome":null,"outcomeExists":false,"deliveredServiceExists":false},{"id":190958,"eventTime":"10:33","serviceId":5,"serviceInternalName":"Терапевт","serviceExternalName":"Терапевт","visitDeliveredServices":[],"visitOutcome":null,"outcomeExists":false,"deliveredServiceExists":false},{"id":190959,"eventTime":"10:33","serviceId":4,"serviceInternalName":"Хирург","serviceExternalName":"Хирург","visitDeliveredServices":[],"visitOutcome":null,"outcomeExists":false,"deliveredServiceExists":false}],"currentVisitService":{"id":190955,"eventTime":"10:33","serviceId":72,"serviceInternalName":"Врач не назначен","serviceExternalName":"Врач не назначен","visitDeliveredServices":[],"visitOutcome":null,"outcomeExists":false,"deliveredServiceExists":false},"servedVisitServices":[],"visitMarks":[],"customerIds":[],"waitingTime":28,"totalWaitingTime":0,"timeSinceCalled":0,"recycleAllowed":false,"noshowAllowed":false,"recallAllowed":false,"parameterMap":{"currentQueueOrigId":98,"startQueueOrigId":98,"branchName":"Chat_Bot_Demo","totWaitTime":0},"appointmentId":null,"appointmentTime":null,"branchCurrentTime":"10:34:11"}
23 апр 2026;10:34:11.240 [default-nioEventLoopGroup-1-2] TRACE i.m.h.client.netty.DefaultHttpClient - ----
23 апр 2026;10:34:11.245 [default-nioEventLoopGroup-1-3] DEBUG i.m.h.client.netty.DefaultHttpClient - Sending HTTP PUT to http://192.168.0.77:8080/rest/entrypoint/branches/6/visits/182043/services/4/
23 апр 2026;10:34:11.245 [default-nioEventLoopGroup-1-3] TRACE i.m.h.client.netty.DefaultHttpClient - Authorization: Basic c3VwZXJhZG1pbjp1bGFu
23 апр 2026;10:34:11.245 [default-nioEventLoopGroup-1-3] TRACE i.m.h.client.netty.DefaultHttpClient - Content-Type: application/json
23 апр 2026;10:34:11.245 [default-nioEventLoopGroup-1-3] TRACE i.m.h.client.netty.DefaultHttpClient - Accept: application/json
23 апр 2026;10:34:11.245 [default-nioEventLoopGroup-1-3] TRACE i.m.h.client.netty.DefaultHttpClient - host: 192.168.0.77:8080
23 апр 2026;10:34:11.245 [default-nioEventLoopGroup-1-3] TRACE i.m.h.client.netty.DefaultHttpClient - connection: close
23 апр 2026;10:34:11.245 [default-nioEventLoopGroup-1-3] TRACE i.m.h.client.netty.DefaultHttpClient - content-length: 0
23 апр 2026;10:34:11.245 [default-nioEventLoopGroup-1-3] TRACE i.m.h.client.netty.DefaultHttpClient - Request Body
23 апр 2026;10:34:11.245 [default-nioEventLoopGroup-1-3] TRACE i.m.h.client.netty.DefaultHttpClient - ----
23 апр 2026;10:34:11.245 [default-nioEventLoopGroup-1-3] TRACE i.m.h.client.netty.DefaultHttpClient - 
23 апр 2026;10:34:11.245 [default-nioEventLoopGroup-1-3] TRACE i.m.h.client.netty.DefaultHttpClient - ----
23 апр 2026;10:34:12.018 [default-nioEventLoopGroup-1-3] DEBUG i.m.h.client.netty.DefaultHttpClient - Received response 200 from http://192.168.0.77:8080/rest/entrypoint/branches/6/visits/182043/services/4/
23 апр 2026;10:34:12.018 [default-nioEventLoopGroup-1-3] TRACE i.m.h.client.netty.DefaultHttpClient - HTTP Client Response Received (200 OK) for Request: PUT http://192.168.0.77:8080/rest/entrypoint/branches/6/visits/182043/services/4/
23 апр 2026;10:34:12.018 [default-nioEventLoopGroup-1-3] TRACE i.m.h.client.netty.DefaultHttpClient - X-Powered-By: Undertow/1
23 апр 2026;10:34:12.019 [default-nioEventLoopGroup-1-3] TRACE i.m.h.client.netty.DefaultHttpClient - Set-Cookie: SSOcookie=26ad4066-45d9-4866-8164-8c7c9124336f; Path=/; HttpOnly
23 апр 2026;10:34:12.019 [default-nioEventLoopGroup-1-3] TRACE i.m.h.client.netty.DefaultHttpClient - Set-Cookie: rememberMe=deleteMe; Path=/; Max-Age=0; Expires=Wed, 22-Apr-2026 07:34:11 GMT
23 апр 2026;10:34:12.019 [default-nioEventLoopGroup-1-3] TRACE i.m.h.client.netty.DefaultHttpClient - Server: WildFly/8
23 апр 2026;10:34:12.019 [default-nioEventLoopGroup-1-3] TRACE i.m.h.client.netty.DefaultHttpClient - X-XSS-Protection: 1
23 апр 2026;10:34:12.019 [default-nioEventLoopGroup-1-3] TRACE i.m.h.client.netty.DefaultHttpClient - X-Frame-Options: SAMEORIGIN
23 апр 2026;10:34:12.019 [default-nioEventLoopGroup-1-3] TRACE i.m.h.client.netty.DefaultHttpClient - Content-Security-Policy: default-src *; style-src * 'unsafe-inline'; script-src * 'unsafe-inline' 'unsafe-eval'; img-src * data: 'unsafe-inline'; connect-src * 'unsafe-inline'; frame-src *;
23 апр 2026;10:34:12.020 [default-nioEventLoopGroup-1-3] TRACE i.m.h.client.netty.DefaultHttpClient - Date: Thu, 23 Apr 2026 07:34:11 GMT
23 апр 2026;10:34:12.021 [default-nioEventLoopGroup-1-3] TRACE i.m.h.client.netty.DefaultHttpClient - Connection: close
23 апр 2026;10:34:12.021 [default-nioEventLoopGroup-1-3] TRACE i.m.h.client.netty.DefaultHttpClient - X-Content-Type-Options: nosniff
23 апр 2026;10:34:12.021 [default-nioEventLoopGroup-1-3] TRACE i.m.h.client.netty.DefaultHttpClient - Strict-Transport-Security: max-age=31536000; includeSubDomains
23 апр 2026;10:34:12.021 [default-nioEventLoopGroup-1-3] TRACE i.m.h.client.netty.DefaultHttpClient - Content-Type: application/json
23 апр 2026;10:34:12.021 [default-nioEventLoopGroup-1-3] TRACE i.m.h.client.netty.DefaultHttpClient - content-length: 1870
23 апр 2026;10:34:12.021 [default-nioEventLoopGroup-1-3] TRACE i.m.h.client.netty.DefaultHttpClient - Response Body
23 апр 2026;10:34:12.021 [default-nioEventLoopGroup-1-3] TRACE i.m.h.client.netty.DefaultHttpClient - ----
23 апр 2026;10:34:12.022 [default-nioEventLoopGroup-1-3] TRACE i.m.h.client.netty.DefaultHttpClient - {"branchId":6,"userState":"INACTIVE","visitState":"OK","servicePointId":1,"servicePointName":"Кабинет 13","servicePointState":"OPEN","visit":{"id":182043,"checksum":"671551189","ticketId":"A2192","unservedVisitServices":[{"id":190956,"eventTime":"10:33","serviceId":7,"serviceInternalName":"Оккулист","serviceExternalName":"Оккулист","visitDeliveredServices":[],"visitOutcome":null,"outcomeExists":false,"deliveredServiceExists":false},{"id":190957,"eventTime":"10:33","serviceId":6,"serviceInternalName":"Стоматолог","serviceExternalName":"Стоматолог","visitDeliveredServices":[],"visitOutcome":null,"outcomeExists":false,"deliveredServiceExists":false},{"id":190958,"eventTime":"10:33","serviceId":5,"serviceInternalName":"Терапевт","serviceExternalName":"Терапевт","visitDeliveredServices":[],"visitOutcome":null,"outcomeExists":false,"deliveredServiceExists":false},{"id":190959,"eventTime":"10:33","serviceId":4,"serviceInternalName":"Хирург","serviceExternalName":"Хирург","visitDeliveredServices":[],"visitOutcome":null,"outcomeExists":false,"deliveredServiceExists":false}],"currentVisitService":{"id":190955,"eventTime":"10:33","serviceId":4,"serviceInternalName":"Хирург","serviceExternalName":"Хирург","visitDeliveredServices":[],"visitOutcome":null,"outcomeExists":false,"deliveredServiceExists":false},"servedVisitServices":[],"visitMarks":[],"customerIds":[],"waitingTime":28,"totalWaitingTime":0,"timeSinceCalled":0,"recycleAllowed":false,"noshowAllowed":false,"recallAllowed":false,"parameterMap":{"startQueueOrigId":98,"branchName":"Chat_Bot_Demo","totWaitTime":0},"appointmentId":null,"appointmentTime":null,"branchCurrentTime":"10:34:11"},"workProfileId":7,"workProfileName":"Универсал","servicePointDeviceTypes":["POSITIONAL","SW_SERVICE_POINT","Spotlight"]}
23 апр 2026;10:34:12.022 [default-nioEventLoopGroup-1-3] TRACE i.m.h.client.netty.DefaultHttpClient - ----
23 апр 2026;10:34:12.045 [default-nioEventLoopGroup-1-4] DEBUG i.m.h.client.netty.DefaultHttpClient - Sending HTTP PUT to http://192.168.0.77:8080/rest/entrypoint/branches/6/queues/10/visits/
23 апр 2026;10:34:12.045 [default-nioEventLoopGroup-1-4] TRACE i.m.h.client.netty.DefaultHttpClient - Authorization: Basic c3VwZXJhZG1pbjp1bGFu
23 апр 2026;10:34:12.045 [default-nioEventLoopGroup-1-4] TRACE i.m.h.client.netty.DefaultHttpClient - Content-Type: application/json
23 апр 2026;10:34:12.046 [default-nioEventLoopGroup-1-4] TRACE i.m.h.client.netty.DefaultHttpClient - Accept: application/json
23 апр 2026;10:34:12.046 [default-nioEventLoopGroup-1-4] TRACE i.m.h.client.netty.DefaultHttpClient - host: 192.168.0.77:8080
23 апр 2026;10:34:12.046 [default-nioEventLoopGroup-1-4] TRACE i.m.h.client.netty.DefaultHttpClient - connection: close
23 апр 2026;10:34:12.046 [default-nioEventLoopGroup-1-4] TRACE i.m.h.client.netty.DefaultHttpClient - content-length: 46
23 апр 2026;10:34:12.046 [default-nioEventLoopGroup-1-4] TRACE i.m.h.client.netty.DefaultHttpClient - Request Body
23 апр 2026;10:34:12.046 [default-nioEventLoopGroup-1-4] TRACE i.m.h.client.netty.DefaultHttpClient - ----
23 апр 2026;10:34:12.046 [default-nioEventLoopGroup-1-4] TRACE i.m.h.client.netty.DefaultHttpClient - {"visitId":182043,"fromBranchId":6,"fromId":1}
23 апр 2026;10:34:12.047 [default-nioEventLoopGroup-1-4] TRACE i.m.h.client.netty.DefaultHttpClient - ----
23 апр 2026;10:34:12.775 [default-nioEventLoopGroup-1-4] DEBUG i.m.h.client.netty.DefaultHttpClient - Received response 204 from http://192.168.0.77:8080/rest/entrypoint/branches/6/queues/10/visits/
23 апр 2026;10:34:12.775 [default-nioEventLoopGroup-1-4] TRACE i.m.h.client.netty.DefaultHttpClient - HTTP Client Response Received (204 No Content) for Request: PUT http://192.168.0.77:8080/rest/entrypoint/branches/6/queues/10/visits/
23 апр 2026;10:34:12.775 [default-nioEventLoopGroup-1-4] TRACE i.m.h.client.netty.DefaultHttpClient - X-Powered-By: Undertow/1
23 апр 2026;10:34:12.775 [default-nioEventLoopGroup-1-4] TRACE i.m.h.client.netty.DefaultHttpClient - Set-Cookie: SSOcookie=37300d0f-6abd-40a7-bd7d-9e035e960bbd; Path=/; HttpOnly
23 апр 2026;10:34:12.775 [default-nioEventLoopGroup-1-4] TRACE i.m.h.client.netty.DefaultHttpClient - Set-Cookie: rememberMe=deleteMe; Path=/; Max-Age=0; Expires=Wed, 22-Apr-2026 07:34:12 GMT
23 апр 2026;10:34:12.775 [default-nioEventLoopGroup-1-4] TRACE i.m.h.client.netty.DefaultHttpClient - Server: WildFly/8
23 апр 2026;10:34:12.775 [default-nioEventLoopGroup-1-4] TRACE i.m.h.client.netty.DefaultHttpClient - X-XSS-Protection: 1
23 апр 2026;10:34:12.775 [default-nioEventLoopGroup-1-4] TRACE i.m.h.client.netty.DefaultHttpClient - X-Frame-Options: SAMEORIGIN
23 апр 2026;10:34:12.775 [default-nioEventLoopGroup-1-4] TRACE i.m.h.client.netty.DefaultHttpClient - Content-Security-Policy: default-src *; style-src * 'unsafe-inline'; script-src * 'unsafe-inline' 'unsafe-eval'; img-src * data: 'unsafe-inline'; connect-src * 'unsafe-inline'; frame-src *;
23 апр 2026;10:34:12.775 [default-nioEventLoopGroup-1-4] TRACE i.m.h.client.netty.DefaultHttpClient - Date: Thu, 23 Apr 2026 07:34:12 GMT
23 апр 2026;10:34:12.775 [default-nioEventLoopGroup-1-4] TRACE i.m.h.client.netty.DefaultHttpClient - X-Content-Type-Options: nosniff
23 апр 2026;10:34:12.775 [default-nioEventLoopGroup-1-4] TRACE i.m.h.client.netty.DefaultHttpClient - Strict-Transport-Security: max-age=31536000; includeSubDomains
23 апр 2026;10:34:12.775 [default-nioEventLoopGroup-1-4] TRACE i.m.h.client.netty.DefaultHttpClient - Response Body
23 апр 2026;10:34:12.775 [default-nioEventLoopGroup-1-4] TRACE i.m.h.client.netty.DefaultHttpClient - ----
23 апр 2026;10:34:12.775 [default-nioEventLoopGroup-1-4] TRACE i.m.h.client.netty.DefaultHttpClient - 
23 апр 2026;10:34:12.775 [default-nioEventLoopGroup-1-4] TRACE i.m.h.client.netty.DefaultHttpClient - ----
23 апр 2026;10:34:12.775 [default-nioEventLoopGroup-1-4] TRACE i.m.h.client.netty.DefaultHttpClient - Full HTTP response received an empty body
23 апр 2026;10:34:12.775 [default-nioEventLoopGroup-1-4] TRACE i.m.h.client.netty.DefaultHttpClient - Unable to convert response body to target type class [B
23 апр 2026;10:34:12.776 [SimpleAsyncTaskExecutor-1] TRACE i.m.h.client.netty.DefaultHttpClient - Unable to convert response body to target type class [B
23 апр 2026;10:34:12.780 [default-nioEventLoopGroup-1-5] DEBUG i.m.h.client.netty.DefaultHttpClient - Sending HTTP GET to http://192.168.0.77:8080/rest/entrypoint/branches/6/visits/182043/
23 апр 2026;10:34:12.780 [default-nioEventLoopGroup-1-5] TRACE i.m.h.client.netty.DefaultHttpClient - Authorization: Basic c3VwZXJhZG1pbjp1bGFu
23 апр 2026;10:34:12.780 [default-nioEventLoopGroup-1-5] TRACE i.m.h.client.netty.DefaultHttpClient - Cookie: SSOcookie=57b46714-2f27-46b7-9921-8d8de8bba70d
23 апр 2026;10:34:12.780 [default-nioEventLoopGroup-1-5] TRACE i.m.h.client.netty.DefaultHttpClient - host: 192.168.0.77:8080
23 апр 2026;10:34:12.780 [default-nioEventLoopGroup-1-5] TRACE i.m.h.client.netty.DefaultHttpClient - connection: close
23 апр 2026;10:34:12.798 [default-nioEventLoopGroup-1-5] DEBUG i.m.h.client.netty.DefaultHttpClient - Received response 200 from http://192.168.0.77:8080/rest/entrypoint/branches/6/visits/182043/
23 апр 2026;10:34:12.798 [default-nioEventLoopGroup-1-5] TRACE i.m.h.client.netty.DefaultHttpClient - HTTP Client Response Received (200 OK) for Request: GET http://192.168.0.77:8080/rest/entrypoint/branches/6/visits/182043/
23 апр 2026;10:34:12.798 [default-nioEventLoopGroup-1-5] TRACE i.m.h.client.netty.DefaultHttpClient - Cache-Control: no-store, no-cache, max-age=0, must-revalidate
23 апр 2026;10:34:12.798 [default-nioEventLoopGroup-1-5] TRACE i.m.h.client.netty.DefaultHttpClient - X-Powered-By: Undertow/1
23 апр 2026;10:34:12.798 [default-nioEventLoopGroup-1-5] TRACE i.m.h.client.netty.DefaultHttpClient - Server: WildFly/8
23 апр 2026;10:34:12.798 [default-nioEventLoopGroup-1-5] TRACE i.m.h.client.netty.DefaultHttpClient - X-XSS-Protection: 1
23 апр 2026;10:34:12.798 [default-nioEventLoopGroup-1-5] TRACE i.m.h.client.netty.DefaultHttpClient - X-Frame-Options: SAMEORIGIN
23 апр 2026;10:34:12.798 [default-nioEventLoopGroup-1-5] TRACE i.m.h.client.netty.DefaultHttpClient - Content-Security-Policy: default-src *; style-src * 'unsafe-inline'; script-src * 'unsafe-inline' 'unsafe-eval'; img-src * data: 'unsafe-inline'; connect-src * 'unsafe-inline'; frame-src *;
23 апр 2026;10:34:12.798 [default-nioEventLoopGroup-1-5] TRACE i.m.h.client.netty.DefaultHttpClient - Date: Thu, 23 Apr 2026 07:34:12 GMT
23 апр 2026;10:34:12.798 [default-nioEventLoopGroup-1-5] TRACE i.m.h.client.netty.DefaultHttpClient - Connection: close
23 апр 2026;10:34:12.798 [default-nioEventLoopGroup-1-5] TRACE i.m.h.client.netty.DefaultHttpClient - X-Content-Type-Options: nosniff
23 апр 2026;10:34:12.798 [default-nioEventLoopGroup-1-5] TRACE i.m.h.client.netty.DefaultHttpClient - Strict-Transport-Security: max-age=31536000; includeSubDomains
23 апр 2026;10:34:12.798 [default-nioEventLoopGroup-1-5] TRACE i.m.h.client.netty.DefaultHttpClient - Content-Type: application/json
23 апр 2026;10:34:12.798 [default-nioEventLoopGroup-1-5] TRACE i.m.h.client.netty.DefaultHttpClient - content-length: 1616
23 апр 2026;10:34:12.798 [default-nioEventLoopGroup-1-5] TRACE i.m.h.client.netty.DefaultHttpClient - Response Body
23 апр 2026;10:34:12.798 [default-nioEventLoopGroup-1-5] TRACE i.m.h.client.netty.DefaultHttpClient - ----
23 апр 2026;10:34:12.798 [default-nioEventLoopGroup-1-5] TRACE i.m.h.client.netty.DefaultHttpClient - {"id":182043,"checksum":"671551189","ticketId":"A2192","unservedVisitServices":[{"id":190956,"eventTime":"10:33","serviceId":7,"serviceInternalName":"Оккулист","serviceExternalName":"Оккулист","visitDeliveredServices":[],"visitOutcome":null,"outcomeExists":false,"deliveredServiceExists":false},{"id":190957,"eventTime":"10:33","serviceId":6,"serviceInternalName":"Стоматолог","serviceExternalName":"Стоматолог","visitDeliveredServices":[],"visitOutcome":null,"outcomeExists":false,"deliveredServiceExists":false},{"id":190958,"eventTime":"10:33","serviceId":5,"serviceInternalName":"Терапевт","serviceExternalName":"Терапевт","visitDeliveredServices":[],"visitOutcome":null,"outcomeExists":false,"deliveredServiceExists":false},{"id":190959,"eventTime":"10:33","serviceId":4,"serviceInternalName":"Хирург","serviceExternalName":"Хирург","visitDeliveredServices":[],"visitOutcome":null,"outcomeExists":false,"deliveredServiceExists":false}],"currentVisitService":{"id":190955,"eventTime":"10:33","serviceId":4,"serviceInternalName":"Хирург","serviceExternalName":"Хирург","visitDeliveredServices":[],"visitOutcome":null,"outcomeExists":false,"deliveredServiceExists":false},"servedVisitServices":[],"visitMarks":[],"customerIds":[],"waitingTime":30,"totalWaitingTime":0,"timeSinceCalled":0,"recycleAllowed":false,"noshowAllowed":false,"recallAllowed":false,"parameterMap":{"currentQueueOrigId":10,"branchName":"Chat_Bot_Demo","startQueueOrigId":98,"totWaitTime":0},"appointmentId":null,"appointmentTime":null,"branchCurrentTime":"10:34:12"}
23 апр 2026;10:34:12.798 [default-nioEventLoopGroup-1-5] TRACE i.m.h.client.netty.DefaultHttpClient - ----
23 апр 2026;10:34:12.803 [default-nioEventLoopGroup-1-6] DEBUG i.m.h.client.netty.DefaultHttpClient - Sending HTTP GET to http://192.168.0.77:8080/rest/entrypoint/branches/6/visits/182044/
23 апр 2026;10:34:12.803 [default-nioEventLoopGroup-1-6] TRACE i.m.h.client.netty.DefaultHttpClient - Authorization: Basic c3VwZXJhZG1pbjp1bGFu
23 апр 2026;10:34:12.803 [default-nioEventLoopGroup-1-6] TRACE i.m.h.client.netty.DefaultHttpClient - Cookie: SSOcookie=57b46714-2f27-46b7-9921-8d8de8bba70d
23 апр 2026;10:34:12.803 [default-nioEventLoopGroup-1-6] TRACE i.m.h.client.netty.DefaultHttpClient - host: 192.168.0.77:8080
23 апр 2026;10:34:12.803 [default-nioEventLoopGroup-1-6] TRACE i.m.h.client.netty.DefaultHttpClient - connection: close
23 апр 2026;10:34:12.819 [default-nioEventLoopGroup-1-6] DEBUG i.m.h.client.netty.DefaultHttpClient - Received response 200 from http://192.168.0.77:8080/rest/entrypoint/branches/6/visits/182044/
23 апр 2026;10:34:12.819 [default-nioEventLoopGroup-1-6] TRACE i.m.h.client.netty.DefaultHttpClient - HTTP Client Response Received (200 OK) for Request: GET http://192.168.0.77:8080/rest/entrypoint/branches/6/visits/182044/
23 апр 2026;10:34:12.819 [default-nioEventLoopGroup-1-6] TRACE i.m.h.client.netty.DefaultHttpClient - Cache-Control: no-store, no-cache, max-age=0, must-revalidate
23 апр 2026;10:34:12.819 [default-nioEventLoopGroup-1-6] TRACE i.m.h.client.netty.DefaultHttpClient - X-Powered-By: Undertow/1
23 апр 2026;10:34:12.819 [default-nioEventLoopGroup-1-6] TRACE i.m.h.client.netty.DefaultHttpClient - Server: WildFly/8
23 апр 2026;10:34:12.819 [default-nioEventLoopGroup-1-6] TRACE i.m.h.client.netty.DefaultHttpClient - X-XSS-Protection: 1
23 апр 2026;10:34:12.820 [default-nioEventLoopGroup-1-6] TRACE i.m.h.client.netty.DefaultHttpClient - X-Frame-Options: SAMEORIGIN
23 апр 2026;10:34:12.820 [default-nioEventLoopGroup-1-6] TRACE i.m.h.client.netty.DefaultHttpClient - Content-Security-Policy: default-src *; style-src * 'unsafe-inline'; script-src * 'unsafe-inline' 'unsafe-eval'; img-src * data: 'unsafe-inline'; connect-src * 'unsafe-inline'; frame-src *;
23 апр 2026;10:34:12.820 [default-nioEventLoopGroup-1-6] TRACE i.m.h.client.netty.DefaultHttpClient - Date: Thu, 23 Apr 2026 07:34:12 GMT
23 апр 2026;10:34:12.820 [default-nioEventLoopGroup-1-6] TRACE i.m.h.client.netty.DefaultHttpClient - Connection: close
23 апр 2026;10:34:12.820 [default-nioEventLoopGroup-1-6] TRACE i.m.h.client.netty.DefaultHttpClient - X-Content-Type-Options: nosniff
23 апр 2026;10:34:12.820 [default-nioEventLoopGroup-1-6] TRACE i.m.h.client.netty.DefaultHttpClient - Strict-Transport-Security: max-age=31536000; includeSubDomains
23 апр 2026;10:34:12.820 [default-nioEventLoopGroup-1-6] TRACE i.m.h.client.netty.DefaultHttpClient - Content-Type: application/json
23 апр 2026;10:34:12.820 [default-nioEventLoopGroup-1-6] TRACE i.m.h.client.netty.DefaultHttpClient - content-length: 1653
23 апр 2026;10:34:12.820 [default-nioEventLoopGroup-1-6] TRACE i.m.h.client.netty.DefaultHttpClient - Response Body
23 апр 2026;10:34:12.820 [default-nioEventLoopGroup-1-6] TRACE i.m.h.client.netty.DefaultHttpClient - ----
23 апр 2026;10:34:12.820 [default-nioEventLoopGroup-1-6] TRACE i.m.h.client.netty.DefaultHttpClient - {"id":182044,"checksum":"958266763","ticketId":"A2193","unservedVisitServices":[{"id":190961,"eventTime":"10:33","serviceId":7,"serviceInternalName":"Оккулист","serviceExternalName":"Оккулист","visitDeliveredServices":[],"visitOutcome":null,"outcomeExists":false,"deliveredServiceExists":false},{"id":190962,"eventTime":"10:33","serviceId":6,"serviceInternalName":"Стоматолог","serviceExternalName":"Стоматолог","visitDeliveredServices":[],"visitOutcome":null,"outcomeExists":false,"deliveredServiceExists":false},{"id":190963,"eventTime":"10:33","serviceId":5,"serviceInternalName":"Терапевт","serviceExternalName":"Терапевт","visitDeliveredServices":[],"visitOutcome":null,"outcomeExists":false,"deliveredServiceExists":false},{"id":190964,"eventTime":"10:33","serviceId":4,"serviceInternalName":"Хирург","serviceExternalName":"Хирург","visitDeliveredServices":[],"visitOutcome":null,"outcomeExists":false,"deliveredServiceExists":false}],"currentVisitService":{"id":190960,"eventTime":"10:33","serviceId":72,"serviceInternalName":"Врач не назначен","serviceExternalName":"Врач не назначен","visitDeliveredServices":[],"visitOutcome":null,"outcomeExists":false,"deliveredServiceExists":false},"servedVisitServices":[],"visitMarks":[],"customerIds":[],"waitingTime":30,"totalWaitingTime":0,"timeSinceCalled":0,"recycleAllowed":false,"noshowAllowed":false,"recallAllowed":false,"parameterMap":{"currentQueueOrigId":98,"startQueueOrigId":98,"branchName":"Chat_Bot_Demo","totWaitTime":0},"appointmentId":null,"appointmentTime":null,"branchCurrentTime":"10:34:12"}
23 апр 2026;10:34:12.820 [default-nioEventLoopGroup-1-6] TRACE i.m.h.client.netty.DefaultHttpClient - ----
23 апр 2026;10:34:12.824 [default-nioEventLoopGroup-1-7] DEBUG i.m.h.client.netty.DefaultHttpClient - Sending HTTP GET to http://192.168.0.77:8080/rest/entrypoint/branches/6/visits/182044/
23 апр 2026;10:34:12.824 [default-nioEventLoopGroup-1-7] TRACE i.m.h.client.netty.DefaultHttpClient - Authorization: Basic c3VwZXJhZG1pbjp1bGFu
23 апр 2026;10:34:12.824 [default-nioEventLoopGroup-1-7] TRACE i.m.h.client.netty.DefaultHttpClient - Cookie: SSOcookie=57b46714-2f27-46b7-9921-8d8de8bba70d
23 апр 2026;10:34:12.824 [default-nioEventLoopGroup-1-7] TRACE i.m.h.client.netty.DefaultHttpClient - host: 192.168.0.77:8080
23 апр 2026;10:34:12.824 [default-nioEventLoopGroup-1-7] TRACE i.m.h.client.netty.DefaultHttpClient - connection: close
23 апр 2026;10:34:12.841 [default-nioEventLoopGroup-1-7] DEBUG i.m.h.client.netty.DefaultHttpClient - Received response 200 from http://192.168.0.77:8080/rest/entrypoint/branches/6/visits/182044/
23 апр 2026;10:34:12.841 [default-nioEventLoopGroup-1-7] TRACE i.m.h.client.netty.DefaultHttpClient - HTTP Client Response Received (200 OK) for Request: GET http://192.168.0.77:8080/rest/entrypoint/branches/6/visits/182044/
23 апр 2026;10:34:12.841 [default-nioEventLoopGroup-1-7] TRACE i.m.h.client.netty.DefaultHttpClient - Cache-Control: no-store, no-cache, max-age=0, must-revalidate
23 апр 2026;10:34:12.841 [default-nioEventLoopGroup-1-7] TRACE i.m.h.client.netty.DefaultHttpClient - X-Powered-By: Undertow/1
23 апр 2026;10:34:12.841 [default-nioEventLoopGroup-1-7] TRACE i.m.h.client.netty.DefaultHttpClient - Server: WildFly/8
23 апр 2026;10:34:12.841 [default-nioEventLoopGroup-1-7] TRACE i.m.h.client.netty.DefaultHttpClient - X-XSS-Protection: 1
23 апр 2026;10:34:12.841 [default-nioEventLoopGroup-1-7] TRACE i.m.h.client.netty.DefaultHttpClient - X-Frame-Options: SAMEORIGIN
23 апр 2026;10:34:12.841 [default-nioEventLoopGroup-1-7] TRACE i.m.h.client.netty.DefaultHttpClient - Content-Security-Policy: default-src *; style-src * 'unsafe-inline'; script-src * 'unsafe-inline' 'unsafe-eval'; img-src * data: 'unsafe-inline'; connect-src * 'unsafe-inline'; frame-src *;
23 апр 2026;10:34:12.841 [default-nioEventLoopGroup-1-7] TRACE i.m.h.client.netty.DefaultHttpClient - Date: Thu, 23 Apr 2026 07:34:12 GMT
23 апр 2026;10:34:12.841 [default-nioEventLoopGroup-1-7] TRACE i.m.h.client.netty.DefaultHttpClient - Connection: close
23 апр 2026;10:34:12.842 [default-nioEventLoopGroup-1-7] TRACE i.m.h.client.netty.DefaultHttpClient - X-Content-Type-Options: nosniff
23 апр 2026;10:34:12.842 [default-nioEventLoopGroup-1-7] TRACE i.m.h.client.netty.DefaultHttpClient - Strict-Transport-Security: max-age=31536000; includeSubDomains
23 апр 2026;10:34:12.842 [default-nioEventLoopGroup-1-7] TRACE i.m.h.client.netty.DefaultHttpClient - Content-Type: application/json
23 апр 2026;10:34:12.842 [default-nioEventLoopGroup-1-7] TRACE i.m.h.client.netty.DefaultHttpClient - content-length: 1653
23 апр 2026;10:34:12.842 [default-nioEventLoopGroup-1-7] TRACE i.m.h.client.netty.DefaultHttpClient - Response Body
23 апр 2026;10:34:12.842 [default-nioEventLoopGroup-1-7] TRACE i.m.h.client.netty.DefaultHttpClient - ----
23 апр 2026;10:34:12.842 [default-nioEventLoopGroup-1-7] TRACE i.m.h.client.netty.DefaultHttpClient - {"id":182044,"checksum":"958266763","ticketId":"A2193","unservedVisitServices":[{"id":190961,"eventTime":"10:33","serviceId":7,"serviceInternalName":"Оккулист","serviceExternalName":"Оккулист","visitDeliveredServices":[],"visitOutcome":null,"outcomeExists":false,"deliveredServiceExists":false},{"id":190962,"eventTime":"10:33","serviceId":6,"serviceInternalName":"Стоматолог","serviceExternalName":"Стоматолог","visitDeliveredServices":[],"visitOutcome":null,"outcomeExists":false,"deliveredServiceExists":false},{"id":190963,"eventTime":"10:33","serviceId":5,"serviceInternalName":"Терапевт","serviceExternalName":"Терапевт","visitDeliveredServices":[],"visitOutcome":null,"outcomeExists":false,"deliveredServiceExists":false},{"id":190964,"eventTime":"10:33","serviceId":4,"serviceInternalName":"Хирург","serviceExternalName":"Хирург","visitDeliveredServices":[],"visitOutcome":null,"outcomeExists":false,"deliveredServiceExists":false}],"currentVisitService":{"id":190960,"eventTime":"10:33","serviceId":72,"serviceInternalName":"Врач не назначен","serviceExternalName":"Врач не назначен","visitDeliveredServices":[],"visitOutcome":null,"outcomeExists":false,"deliveredServiceExists":false},"servedVisitServices":[],"visitMarks":[],"customerIds":[],"waitingTime":30,"totalWaitingTime":0,"timeSinceCalled":0,"recycleAllowed":false,"noshowAllowed":false,"recallAllowed":false,"parameterMap":{"currentQueueOrigId":98,"startQueueOrigId":98,"branchName":"Chat_Bot_Demo","totWaitTime":0},"appointmentId":null,"appointmentTime":null,"branchCurrentTime":"10:34:12"}
23 апр 2026;10:34:12.842 [default-nioEventLoopGroup-1-7] TRACE i.m.h.client.netty.DefaultHttpClient - ----
23 апр 2026;10:34:12.847 [default-nioEventLoopGroup-1-8] DEBUG i.m.h.client.netty.DefaultHttpClient - Sending HTTP PUT to http://192.168.0.77:8080/rest/entrypoint/branches/6/visits/182044/services/4/
23 апр 2026;10:34:12.847 [default-nioEventLoopGroup-1-8] TRACE i.m.h.client.netty.DefaultHttpClient - Authorization: Basic c3VwZXJhZG1pbjp1bGFu
23 апр 2026;10:34:12.847 [default-nioEventLoopGroup-1-8] TRACE i.m.h.client.netty.DefaultHttpClient - Content-Type: application/json
23 апр 2026;10:34:12.847 [default-nioEventLoopGroup-1-8] TRACE i.m.h.client.netty.DefaultHttpClient - Accept: application/json
23 апр 2026;10:34:12.847 [default-nioEventLoopGroup-1-8] TRACE i.m.h.client.netty.DefaultHttpClient - host: 192.168.0.77:8080
23 апр 2026;10:34:12.847 [default-nioEventLoopGroup-1-8] TRACE i.m.h.client.netty.DefaultHttpClient - connection: close
23 апр 2026;10:34:12.847 [default-nioEventLoopGroup-1-8] TRACE i.m.h.client.netty.DefaultHttpClient - content-length: 0
23 апр 2026;10:34:12.847 [default-nioEventLoopGroup-1-8] TRACE i.m.h.client.netty.DefaultHttpClient - Request Body
23 апр 2026;10:34:12.847 [default-nioEventLoopGroup-1-8] TRACE i.m.h.client.netty.DefaultHttpClient - ----
23 апр 2026;10:34:12.847 [default-nioEventLoopGroup-1-8] TRACE i.m.h.client.netty.DefaultHttpClient - 
23 апр 2026;10:34:12.847 [default-nioEventLoopGroup-1-8] TRACE i.m.h.client.netty.DefaultHttpClient - ----
23 апр 2026;10:34:13.373 [default-nioEventLoopGroup-1-8] DEBUG i.m.h.client.netty.DefaultHttpClient - Received response 200 from http://192.168.0.77:8080/rest/entrypoint/branches/6/visits/182044/services/4/
23 апр 2026;10:34:13.373 [default-nioEventLoopGroup-1-8] TRACE i.m.h.client.netty.DefaultHttpClient - HTTP Client Response Received (200 OK) for Request: PUT http://192.168.0.77:8080/rest/entrypoint/branches/6/visits/182044/services/4/
23 апр 2026;10:34:13.373 [default-nioEventLoopGroup-1-8] TRACE i.m.h.client.netty.DefaultHttpClient - X-Powered-By: Undertow/1
23 апр 2026;10:34:13.373 [default-nioEventLoopGroup-1-8] TRACE i.m.h.client.netty.DefaultHttpClient - Set-Cookie: SSOcookie=ea2289c2-1f61-4c6e-968e-19f2959ca0bc; Path=/; HttpOnly
23 апр 2026;10:34:13.373 [default-nioEventLoopGroup-1-8] TRACE i.m.h.client.netty.DefaultHttpClient - Set-Cookie: rememberMe=deleteMe; Path=/; Max-Age=0; Expires=Wed, 22-Apr-2026 07:34:13 GMT
23 апр 2026;10:34:13.373 [default-nioEventLoopGroup-1-8] TRACE i.m.h.client.netty.DefaultHttpClient - Server: WildFly/8
23 апр 2026;10:34:13.373 [default-nioEventLoopGroup-1-8] TRACE i.m.h.client.netty.DefaultHttpClient - X-XSS-Protection: 1
23 апр 2026;10:34:13.373 [default-nioEventLoopGroup-1-8] TRACE i.m.h.client.netty.DefaultHttpClient - X-Frame-Options: SAMEORIGIN
23 апр 2026;10:34:13.373 [default-nioEventLoopGroup-1-8] TRACE i.m.h.client.netty.DefaultHttpClient - Content-Security-Policy: default-src *; style-src * 'unsafe-inline'; script-src * 'unsafe-inline' 'unsafe-eval'; img-src * data: 'unsafe-inline'; connect-src * 'unsafe-inline'; frame-src *;
23 апр 2026;10:34:13.373 [default-nioEventLoopGroup-1-8] TRACE i.m.h.client.netty.DefaultHttpClient - Date: Thu, 23 Apr 2026 07:34:13 GMT
23 апр 2026;10:34:13.373 [default-nioEventLoopGroup-1-8] TRACE i.m.h.client.netty.DefaultHttpClient - Connection: close
23 апр 2026;10:34:13.373 [default-nioEventLoopGroup-1-8] TRACE i.m.h.client.netty.DefaultHttpClient - X-Content-Type-Options: nosniff
23 апр 2026;10:34:13.373 [default-nioEventLoopGroup-1-8] TRACE i.m.h.client.netty.DefaultHttpClient - Strict-Transport-Security: max-age=31536000; includeSubDomains
23 апр 2026;10:34:13.373 [default-nioEventLoopGroup-1-8] TRACE i.m.h.client.netty.DefaultHttpClient - Content-Type: application/json
23 апр 2026;10:34:13.373 [default-nioEventLoopGroup-1-8] TRACE i.m.h.client.netty.DefaultHttpClient - content-length: 1870
23 апр 2026;10:34:13.373 [default-nioEventLoopGroup-1-8] TRACE i.m.h.client.netty.DefaultHttpClient - Response Body
23 апр 2026;10:34:13.373 [default-nioEventLoopGroup-1-8] TRACE i.m.h.client.netty.DefaultHttpClient - ----
23 апр 2026;10:34:13.373 [default-nioEventLoopGroup-1-8] TRACE i.m.h.client.netty.DefaultHttpClient - {"branchId":6,"userState":"INACTIVE","visitState":"OK","servicePointId":1,"servicePointName":"Кабинет 13","servicePointState":"OPEN","visit":{"id":182044,"checksum":"958266763","ticketId":"A2193","unservedVisitServices":[{"id":190961,"eventTime":"10:33","serviceId":7,"serviceInternalName":"Оккулист","serviceExternalName":"Оккулист","visitDeliveredServices":[],"visitOutcome":null,"outcomeExists":false,"deliveredServiceExists":false},{"id":190962,"eventTime":"10:33","serviceId":6,"serviceInternalName":"Стоматолог","serviceExternalName":"Стоматолог","visitDeliveredServices":[],"visitOutcome":null,"outcomeExists":false,"deliveredServiceExists":false},{"id":190963,"eventTime":"10:33","serviceId":5,"serviceInternalName":"Терапевт","serviceExternalName":"Терапевт","visitDeliveredServices":[],"visitOutcome":null,"outcomeExists":false,"deliveredServiceExists":false},{"id":190964,"eventTime":"10:33","serviceId":4,"serviceInternalName":"Хирург","serviceExternalName":"Хирург","visitDeliveredServices":[],"visitOutcome":null,"outcomeExists":false,"deliveredServiceExists":false}],"currentVisitService":{"id":190960,"eventTime":"10:33","serviceId":4,"serviceInternalName":"Хирург","serviceExternalName":"Хирург","visitDeliveredServices":[],"visitOutcome":null,"outcomeExists":false,"deliveredServiceExists":false},"servedVisitServices":[],"visitMarks":[],"customerIds":[],"waitingTime":30,"totalWaitingTime":0,"timeSinceCalled":0,"recycleAllowed":false,"noshowAllowed":false,"recallAllowed":false,"parameterMap":{"startQueueOrigId":98,"branchName":"Chat_Bot_Demo","totWaitTime":0},"appointmentId":null,"appointmentTime":null,"branchCurrentTime":"10:34:13"},"workProfileId":7,"workProfileName":"Универсал","servicePointDeviceTypes":["POSITIONAL","SW_SERVICE_POINT","Spotlight"]}
23 апр 2026;10:34:13.374 [default-nioEventLoopGroup-1-8] TRACE i.m.h.client.netty.DefaultHttpClient - ----
23 апр 2026;10:34:13.378 [default-nioEventLoopGroup-1-9] DEBUG i.m.h.client.netty.DefaultHttpClient - Sending HTTP PUT to http://192.168.0.77:8080/rest/entrypoint/branches/6/queues/10/visits/
23 апр 2026;10:34:13.378 [default-nioEventLoopGroup-1-9] TRACE i.m.h.client.netty.DefaultHttpClient - Authorization: Basic c3VwZXJhZG1pbjp1bGFu
23 апр 2026;10:34:13.378 [default-nioEventLoopGroup-1-9] TRACE i.m.h.client.netty.DefaultHttpClient - Content-Type: application/json
23 апр 2026;10:34:13.378 [default-nioEventLoopGroup-1-9] TRACE i.m.h.client.netty.DefaultHttpClient - Accept: application/json
23 апр 2026;10:34:13.378 [default-nioEventLoopGroup-1-9] TRACE i.m.h.client.netty.DefaultHttpClient - host: 192.168.0.77:8080
23 апр 2026;10:34:13.379 [default-nioEventLoopGroup-1-9] TRACE i.m.h.client.netty.DefaultHttpClient - connection: close
23 апр 2026;10:34:13.379 [default-nioEventLoopGroup-1-9] TRACE i.m.h.client.netty.DefaultHttpClient - content-length: 46
23 апр 2026;10:34:13.379 [default-nioEventLoopGroup-1-9] TRACE i.m.h.client.netty.DefaultHttpClient - Request Body
23 апр 2026;10:34:13.379 [default-nioEventLoopGroup-1-9] TRACE i.m.h.client.netty.DefaultHttpClient - ----
23 апр 2026;10:34:13.379 [default-nioEventLoopGroup-1-9] TRACE i.m.h.client.netty.DefaultHttpClient - {"visitId":182044,"fromBranchId":6,"fromId":1}
23 апр 2026;10:34:13.379 [default-nioEventLoopGroup-1-9] TRACE i.m.h.client.netty.DefaultHttpClient - ----
23 апр 2026;10:34:14.090 [default-nioEventLoopGroup-1-9] DEBUG i.m.h.client.netty.DefaultHttpClient - Received response 204 from http://192.168.0.77:8080/rest/entrypoint/branches/6/queues/10/visits/
23 апр 2026;10:34:14.090 [default-nioEventLoopGroup-1-9] TRACE i.m.h.client.netty.DefaultHttpClient - HTTP Client Response Received (204 No Content) for Request: PUT http://192.168.0.77:8080/rest/entrypoint/branches/6/queues/10/visits/
23 апр 2026;10:34:14.090 [default-nioEventLoopGroup-1-9] TRACE i.m.h.client.netty.DefaultHttpClient - X-Powered-By: Undertow/1
23 апр 2026;10:34:14.090 [default-nioEventLoopGroup-1-9] TRACE i.m.h.client.netty.DefaultHttpClient - Set-Cookie: SSOcookie=bf0f3abb-94a3-4323-8e30-d805249768ba; Path=/; HttpOnly
23 апр 2026;10:34:14.090 [default-nioEventLoopGroup-1-9] TRACE i.m.h.client.netty.DefaultHttpClient - Set-Cookie: rememberMe=deleteMe; Path=/; Max-Age=0; Expires=Wed, 22-Apr-2026 07:34:13 GMT
23 апр 2026;10:34:14.090 [default-nioEventLoopGroup-1-9] TRACE i.m.h.client.netty.DefaultHttpClient - Server: WildFly/8
23 апр 2026;10:34:14.090 [default-nioEventLoopGroup-1-9] TRACE i.m.h.client.netty.DefaultHttpClient - X-XSS-Protection: 1
23 апр 2026;10:34:14.090 [default-nioEventLoopGroup-1-9] TRACE i.m.h.client.netty.DefaultHttpClient - X-Frame-Options: SAMEORIGIN
23 апр 2026;10:34:14.091 [default-nioEventLoopGroup-1-9] TRACE i.m.h.client.netty.DefaultHttpClient - Content-Security-Policy: default-src *; style-src * 'unsafe-inline'; script-src * 'unsafe-inline' 'unsafe-eval'; img-src * data: 'unsafe-inline'; connect-src * 'unsafe-inline'; frame-src *;
23 апр 2026;10:34:14.091 [default-nioEventLoopGroup-1-9] TRACE i.m.h.client.netty.DefaultHttpClient - Date: Thu, 23 Apr 2026 07:34:14 GMT
23 апр 2026;10:34:14.091 [default-nioEventLoopGroup-1-9] TRACE i.m.h.client.netty.DefaultHttpClient - X-Content-Type-Options: nosniff
23 апр 2026;10:34:14.091 [default-nioEventLoopGroup-1-9] TRACE i.m.h.client.netty.DefaultHttpClient - Strict-Transport-Security: max-age=31536000; includeSubDomains
23 апр 2026;10:34:14.091 [default-nioEventLoopGroup-1-9] TRACE i.m.h.client.netty.DefaultHttpClient - Response Body
23 апр 2026;10:34:14.091 [default-nioEventLoopGroup-1-9] TRACE i.m.h.client.netty.DefaultHttpClient - ----
23 апр 2026;10:34:14.091 [default-nioEventLoopGroup-1-9] TRACE i.m.h.client.netty.DefaultHttpClient - 
23 апр 2026;10:34:14.091 [default-nioEventLoopGroup-1-9] TRACE i.m.h.client.netty.DefaultHttpClient - ----
23 апр 2026;10:34:14.091 [default-nioEventLoopGroup-1-9] TRACE i.m.h.client.netty.DefaultHttpClient - Full HTTP response received an empty body
23 апр 2026;10:34:14.091 [default-nioEventLoopGroup-1-9] TRACE i.m.h.client.netty.DefaultHttpClient - Unable to convert response body to target type class [B
23 апр 2026;10:34:14.091 [SimpleAsyncTaskExecutor-1] TRACE i.m.h.client.netty.DefaultHttpClient - Unable to convert response body to target type class [B
23 апр 2026;10:34:14.094 [default-nioEventLoopGroup-1-10] DEBUG i.m.h.client.netty.DefaultHttpClient - Sending HTTP GET to http://192.168.0.77:8080/rest/entrypoint/branches/6/visits/182044/
23 апр 2026;10:34:14.094 [default-nioEventLoopGroup-1-10] TRACE i.m.h.client.netty.DefaultHttpClient - Authorization: Basic c3VwZXJhZG1pbjp1bGFu
23 апр 2026;10:34:14.094 [default-nioEventLoopGroup-1-10] TRACE i.m.h.client.netty.DefaultHttpClient - Cookie: SSOcookie=57b46714-2f27-46b7-9921-8d8de8bba70d
23 апр 2026;10:34:14.094 [default-nioEventLoopGroup-1-10] TRACE i.m.h.client.netty.DefaultHttpClient - host: 192.168.0.77:8080
23 апр 2026;10:34:14.094 [default-nioEventLoopGroup-1-10] TRACE i.m.h.client.netty.DefaultHttpClient - connection: close
23 апр 2026;10:34:14.117 [default-nioEventLoopGroup-1-10] DEBUG i.m.h.client.netty.DefaultHttpClient - Received response 200 from http://192.168.0.77:8080/rest/entrypoint/branches/6/visits/182044/
23 апр 2026;10:34:14.117 [default-nioEventLoopGroup-1-10] TRACE i.m.h.client.netty.DefaultHttpClient - HTTP Client Response Received (200 OK) for Request: GET http://192.168.0.77:8080/rest/entrypoint/branches/6/visits/182044/
23 апр 2026;10:34:14.117 [default-nioEventLoopGroup-1-10] TRACE i.m.h.client.netty.DefaultHttpClient - Cache-Control: no-store, no-cache, max-age=0, must-revalidate
23 апр 2026;10:34:14.117 [default-nioEventLoopGroup-1-10] TRACE i.m.h.client.netty.DefaultHttpClient - X-Powered-By: Undertow/1
23 апр 2026;10:34:14.117 [default-nioEventLoopGroup-1-10] TRACE i.m.h.client.netty.DefaultHttpClient - Server: WildFly/8
23 апр 2026;10:34:14.117 [default-nioEventLoopGroup-1-10] TRACE i.m.h.client.netty.DefaultHttpClient - X-XSS-Protection: 1
23 апр 2026;10:34:14.117 [default-nioEventLoopGroup-1-10] TRACE i.m.h.client.netty.DefaultHttpClient - X-Frame-Options: SAMEORIGIN
23 апр 2026;10:34:14.117 [default-nioEventLoopGroup-1-10] TRACE i.m.h.client.netty.DefaultHttpClient - Content-Security-Policy: default-src *; style-src * 'unsafe-inline'; script-src * 'unsafe-inline' 'unsafe-eval'; img-src * data: 'unsafe-inline'; connect-src * 'unsafe-inline'; frame-src *;
23 апр 2026;10:34:14.117 [default-nioEventLoopGroup-1-10] TRACE i.m.h.client.netty.DefaultHttpClient - Date: Thu, 23 Apr 2026 07:34:14 GMT
23 апр 2026;10:34:14.117 [default-nioEventLoopGroup-1-10] TRACE i.m.h.client.netty.DefaultHttpClient - Connection: close
23 апр 2026;10:34:14.117 [default-nioEventLoopGroup-1-10] TRACE i.m.h.client.netty.DefaultHttpClient - X-Content-Type-Options: nosniff
23 апр 2026;10:34:14.117 [default-nioEventLoopGroup-1-10] TRACE i.m.h.client.netty.DefaultHttpClient - Strict-Transport-Security: max-age=31536000; includeSubDomains
23 апр 2026;10:34:14.117 [default-nioEventLoopGroup-1-10] TRACE i.m.h.client.netty.DefaultHttpClient - Content-Type: application/json
23 апр 2026;10:34:14.117 [default-nioEventLoopGroup-1-10] TRACE i.m.h.client.netty.DefaultHttpClient - content-length: 1616
23 апр 2026;10:34:14.117 [default-nioEventLoopGroup-1-10] TRACE i.m.h.client.netty.DefaultHttpClient - Response Body
23 апр 2026;10:34:14.117 [default-nioEventLoopGroup-1-10] TRACE i.m.h.client.netty.DefaultHttpClient - ----
23 апр 2026;10:34:14.117 [default-nioEventLoopGroup-1-10] TRACE i.m.h.client.netty.DefaultHttpClient - {"id":182044,"checksum":"958266763","ticketId":"A2193","unservedVisitServices":[{"id":190961,"eventTime":"10:33","serviceId":7,"serviceInternalName":"Оккулист","serviceExternalName":"Оккулист","visitDeliveredServices":[],"visitOutcome":null,"outcomeExists":false,"deliveredServiceExists":false},{"id":190962,"eventTime":"10:33","serviceId":6,"serviceInternalName":"Стоматолог","serviceExternalName":"Стоматолог","visitDeliveredServices":[],"visitOutcome":null,"outcomeExists":false,"deliveredServiceExists":false},{"id":190963,"eventTime":"10:33","serviceId":5,"serviceInternalName":"Терапевт","serviceExternalName":"Терапевт","visitDeliveredServices":[],"visitOutcome":null,"outcomeExists":false,"deliveredServiceExists":false},{"id":190964,"eventTime":"10:33","serviceId":4,"serviceInternalName":"Хирург","serviceExternalName":"Хирург","visitDeliveredServices":[],"visitOutcome":null,"outcomeExists":false,"deliveredServiceExists":false}],"currentVisitService":{"id":190960,"eventTime":"10:33","serviceId":4,"serviceInternalName":"Хирург","serviceExternalName":"Хирург","visitDeliveredServices":[],"visitOutcome":null,"outcomeExists":false,"deliveredServiceExists":false},"servedVisitServices":[],"visitMarks":[],"customerIds":[],"waitingTime":31,"totalWaitingTime":0,"timeSinceCalled":0,"recycleAllowed":false,"noshowAllowed":false,"recallAllowed":false,"parameterMap":{"currentQueueOrigId":10,"branchName":"Chat_Bot_Demo","startQueueOrigId":98,"totWaitTime":0},"appointmentId":null,"appointmentTime":null,"branchCurrentTime":"10:34:14"}
23 апр 2026;10:34:14.117 [default-nioEventLoopGroup-1-10] TRACE i.m.h.client.netty.DefaultHttpClient - ----
23 апр 2026;10:34:14.120 [default-nioEventLoopGroup-1-11] DEBUG i.m.h.client.netty.DefaultHttpClient - Sending HTTP GET to http://192.168.0.77:8080/rest/entrypoint/branches/6/visits/182045/
23 апр 2026;10:34:14.120 [default-nioEventLoopGroup-1-11] TRACE i.m.h.client.netty.DefaultHttpClient - Authorization: Basic c3VwZXJhZG1pbjp1bGFu
23 апр 2026;10:34:14.120 [default-nioEventLoopGroup-1-11] TRACE i.m.h.client.netty.DefaultHttpClient - Cookie: SSOcookie=57b46714-2f27-46b7-9921-8d8de8bba70d
23 апр 2026;10:34:14.120 [default-nioEventLoopGroup-1-11] TRACE i.m.h.client.netty.DefaultHttpClient - host: 192.168.0.77:8080
23 апр 2026;10:34:14.120 [default-nioEventLoopGroup-1-11] TRACE i.m.h.client.netty.DefaultHttpClient - connection: close
23 апр 2026;10:34:14.136 [default-nioEventLoopGroup-1-11] DEBUG i.m.h.client.netty.DefaultHttpClient - Received response 200 from http://192.168.0.77:8080/rest/entrypoint/branches/6/visits/182045/
23 апр 2026;10:34:14.136 [default-nioEventLoopGroup-1-11] TRACE i.m.h.client.netty.DefaultHttpClient - HTTP Client Response Received (200 OK) for Request: GET http://192.168.0.77:8080/rest/entrypoint/branches/6/visits/182045/
23 апр 2026;10:34:14.136 [default-nioEventLoopGroup-1-11] TRACE i.m.h.client.netty.DefaultHttpClient - Cache-Control: no-store, no-cache, max-age=0, must-revalidate
23 апр 2026;10:34:14.136 [default-nioEventLoopGroup-1-11] TRACE i.m.h.client.netty.DefaultHttpClient - X-Powered-By: Undertow/1
23 апр 2026;10:34:14.136 [default-nioEventLoopGroup-1-11] TRACE i.m.h.client.netty.DefaultHttpClient - Server: WildFly/8
23 апр 2026;10:34:14.137 [default-nioEventLoopGroup-1-11] TRACE i.m.h.client.netty.DefaultHttpClient - X-XSS-Protection: 1
23 апр 2026;10:34:14.137 [default-nioEventLoopGroup-1-11] TRACE i.m.h.client.netty.DefaultHttpClient - X-Frame-Options: SAMEORIGIN
23 апр 2026;10:34:14.137 [default-nioEventLoopGroup-1-11] TRACE i.m.h.client.netty.DefaultHttpClient - Content-Security-Policy: default-src *; style-src * 'unsafe-inline'; script-src * 'unsafe-inline' 'unsafe-eval'; img-src * data: 'unsafe-inline'; connect-src * 'unsafe-inline'; frame-src *;
23 апр 2026;10:34:14.137 [default-nioEventLoopGroup-1-11] TRACE i.m.h.client.netty.DefaultHttpClient - Date: Thu, 23 Apr 2026 07:34:14 GMT
23 апр 2026;10:34:14.137 [default-nioEventLoopGroup-1-11] TRACE i.m.h.client.netty.DefaultHttpClient - Connection: close
23 апр 2026;10:34:14.137 [default-nioEventLoopGroup-1-11] TRACE i.m.h.client.netty.DefaultHttpClient - X-Content-Type-Options: nosniff
23 апр 2026;10:34:14.137 [default-nioEventLoopGroup-1-11] TRACE i.m.h.client.netty.DefaultHttpClient - Strict-Transport-Security: max-age=31536000; includeSubDomains
23 апр 2026;10:34:14.137 [default-nioEventLoopGroup-1-11] TRACE i.m.h.client.netty.DefaultHttpClient - Content-Type: application/json
23 апр 2026;10:34:14.137 [default-nioEventLoopGroup-1-11] TRACE i.m.h.client.netty.DefaultHttpClient - content-length: 1654
23 апр 2026;10:34:14.137 [default-nioEventLoopGroup-1-11] TRACE i.m.h.client.netty.DefaultHttpClient - Response Body
23 апр 2026;10:34:14.137 [default-nioEventLoopGroup-1-11] TRACE i.m.h.client.netty.DefaultHttpClient - ----
23 апр 2026;10:34:14.137 [default-nioEventLoopGroup-1-11] TRACE i.m.h.client.netty.DefaultHttpClient - {"id":182045,"checksum":"1531865840","ticketId":"A2194","unservedVisitServices":[{"id":190966,"eventTime":"10:33","serviceId":7,"serviceInternalName":"Оккулист","serviceExternalName":"Оккулист","visitDeliveredServices":[],"visitOutcome":null,"outcomeExists":false,"deliveredServiceExists":false},{"id":190967,"eventTime":"10:33","serviceId":6,"serviceInternalName":"Стоматолог","serviceExternalName":"Стоматолог","visitDeliveredServices":[],"visitOutcome":null,"outcomeExists":false,"deliveredServiceExists":false},{"id":190968,"eventTime":"10:33","serviceId":5,"serviceInternalName":"Терапевт","serviceExternalName":"Терапевт","visitDeliveredServices":[],"visitOutcome":null,"outcomeExists":false,"deliveredServiceExists":false},{"id":190969,"eventTime":"10:33","serviceId":4,"serviceInternalName":"Хирург","serviceExternalName":"Хирург","visitDeliveredServices":[],"visitOutcome":null,"outcomeExists":false,"deliveredServiceExists":false}],"currentVisitService":{"id":190965,"eventTime":"10:33","serviceId":72,"serviceInternalName":"Врач не назначен","serviceExternalName":"Врач не назначен","visitDeliveredServices":[],"visitOutcome":null,"outcomeExists":false,"deliveredServiceExists":false},"servedVisitServices":[],"visitMarks":[],"customerIds":[],"waitingTime":31,"totalWaitingTime":0,"timeSinceCalled":0,"recycleAllowed":false,"noshowAllowed":false,"recallAllowed":false,"parameterMap":{"currentQueueOrigId":98,"startQueueOrigId":98,"branchName":"Chat_Bot_Demo","totWaitTime":0},"appointmentId":null,"appointmentTime":null,"branchCurrentTime":"10:34:14"}
23 апр 2026;10:34:14.137 [default-nioEventLoopGroup-1-11] TRACE i.m.h.client.netty.DefaultHttpClient - ----
23 апр 2026;10:34:14.140 [default-nioEventLoopGroup-1-12] DEBUG i.m.h.client.netty.DefaultHttpClient - Sending HTTP GET to http://192.168.0.77:8080/rest/entrypoint/branches/6/visits/182045/
23 апр 2026;10:34:14.141 [default-nioEventLoopGroup-1-12] TRACE i.m.h.client.netty.DefaultHttpClient - Authorization: Basic c3VwZXJhZG1pbjp1bGFu
23 апр 2026;10:34:14.141 [default-nioEventLoopGroup-1-12] TRACE i.m.h.client.netty.DefaultHttpClient - Cookie: SSOcookie=57b46714-2f27-46b7-9921-8d8de8bba70d
23 апр 2026;10:34:14.141 [default-nioEventLoopGroup-1-12] TRACE i.m.h.client.netty.DefaultHttpClient - host: 192.168.0.77:8080
23 апр 2026;10:34:14.141 [default-nioEventLoopGroup-1-12] TRACE i.m.h.client.netty.DefaultHttpClient - connection: close
23 апр 2026;10:34:14.157 [default-nioEventLoopGroup-1-12] DEBUG i.m.h.client.netty.DefaultHttpClient - Received response 200 from http://192.168.0.77:8080/rest/entrypoint/branches/6/visits/182045/
23 апр 2026;10:34:14.157 [default-nioEventLoopGroup-1-12] TRACE i.m.h.client.netty.DefaultHttpClient - HTTP Client Response Received (200 OK) for Request: GET http://192.168.0.77:8080/rest/entrypoint/branches/6/visits/182045/
23 апр 2026;10:34:14.157 [default-nioEventLoopGroup-1-12] TRACE i.m.h.client.netty.DefaultHttpClient - Cache-Control: no-store, no-cache, max-age=0, must-revalidate
23 апр 2026;10:34:14.157 [default-nioEventLoopGroup-1-12] TRACE i.m.h.client.netty.DefaultHttpClient - X-Powered-By: Undertow/1
23 апр 2026;10:34:14.158 [default-nioEventLoopGroup-1-12] TRACE i.m.h.client.netty.DefaultHttpClient - Server: WildFly/8
23 апр 2026;10:34:14.158 [default-nioEventLoopGroup-1-12] TRACE i.m.h.client.netty.DefaultHttpClient - X-XSS-Protection: 1
23 апр 2026;10:34:14.158 [default-nioEventLoopGroup-1-12] TRACE i.m.h.client.netty.DefaultHttpClient - X-Frame-Options: SAMEORIGIN
23 апр 2026;10:34:14.158 [default-nioEventLoopGroup-1-12] TRACE i.m.h.client.netty.DefaultHttpClient - Content-Security-Policy: default-src *; style-src * 'unsafe-inline'; script-src * 'unsafe-inline' 'unsafe-eval'; img-src * data: 'unsafe-inline'; connect-src * 'unsafe-inline'; frame-src *;
23 апр 2026;10:34:14.158 [default-nioEventLoopGroup-1-12] TRACE i.m.h.client.netty.DefaultHttpClient - Date: Thu, 23 Apr 2026 07:34:14 GMT
23 апр 2026;10:34:14.158 [default-nioEventLoopGroup-1-12] TRACE i.m.h.client.netty.DefaultHttpClient - Connection: close
23 апр 2026;10:34:14.158 [default-nioEventLoopGroup-1-12] TRACE i.m.h.client.netty.DefaultHttpClient - X-Content-Type-Options: nosniff
23 апр 2026;10:34:14.158 [default-nioEventLoopGroup-1-12] TRACE i.m.h.client.netty.DefaultHttpClient - Strict-Transport-Security: max-age=31536000; includeSubDomains
23 апр 2026;10:34:14.158 [default-nioEventLoopGroup-1-12] TRACE i.m.h.client.netty.DefaultHttpClient - Content-Type: application/json
23 апр 2026;10:34:14.158 [default-nioEventLoopGroup-1-12] TRACE i.m.h.client.netty.DefaultHttpClient - content-length: 1654
23 апр 2026;10:34:14.158 [default-nioEventLoopGroup-1-12] TRACE i.m.h.client.netty.DefaultHttpClient - Response Body
23 апр 2026;10:34:14.158 [default-nioEventLoopGroup-1-12] TRACE i.m.h.client.netty.DefaultHttpClient - ----
23 апр 2026;10:34:14.158 [default-nioEventLoopGroup-1-12] TRACE i.m.h.client.netty.DefaultHttpClient - {"id":182045,"checksum":"1531865840","ticketId":"A2194","unservedVisitServices":[{"id":190966,"eventTime":"10:33","serviceId":7,"serviceInternalName":"Оккулист","serviceExternalName":"Оккулист","visitDeliveredServices":[],"visitOutcome":null,"outcomeExists":false,"deliveredServiceExists":false},{"id":190967,"eventTime":"10:33","serviceId":6,"serviceInternalName":"Стоматолог","serviceExternalName":"Стоматолог","visitDeliveredServices":[],"visitOutcome":null,"outcomeExists":false,"deliveredServiceExists":false},{"id":190968,"eventTime":"10:33","serviceId":5,"serviceInternalName":"Терапевт","serviceExternalName":"Терапевт","visitDeliveredServices":[],"visitOutcome":null,"outcomeExists":false,"deliveredServiceExists":false},{"id":190969,"eventTime":"10:33","serviceId":4,"serviceInternalName":"Хирург","serviceExternalName":"Хирург","visitDeliveredServices":[],"visitOutcome":null,"outcomeExists":false,"deliveredServiceExists":false}],"currentVisitService":{"id":190965,"eventTime":"10:33","serviceId":72,"serviceInternalName":"Врач не назначен","serviceExternalName":"Врач не назначен","visitDeliveredServices":[],"visitOutcome":null,"outcomeExists":false,"deliveredServiceExists":false},"servedVisitServices":[],"visitMarks":[],"customerIds":[],"waitingTime":31,"totalWaitingTime":0,"timeSinceCalled":0,"recycleAllowed":false,"noshowAllowed":false,"recallAllowed":false,"parameterMap":{"currentQueueOrigId":98,"startQueueOrigId":98,"branchName":"Chat_Bot_Demo","totWaitTime":0},"appointmentId":null,"appointmentTime":null,"branchCurrentTime":"10:34:14"}
23 апр 2026;10:34:14.158 [default-nioEventLoopGroup-1-12] TRACE i.m.h.client.netty.DefaultHttpClient - ----
23 апр 2026;10:34:14.162 [default-nioEventLoopGroup-1-14] DEBUG i.m.h.client.netty.DefaultHttpClient - Sending HTTP PUT to http://192.168.0.77:8080/rest/entrypoint/branches/6/visits/182045/services/4/
23 апр 2026;10:34:14.162 [default-nioEventLoopGroup-1-14] TRACE i.m.h.client.netty.DefaultHttpClient - Authorization: Basic c3VwZXJhZG1pbjp1bGFu
23 апр 2026;10:34:14.162 [default-nioEventLoopGroup-1-14] TRACE i.m.h.client.netty.DefaultHttpClient - Content-Type: application/json
23 апр 2026;10:34:14.162 [default-nioEventLoopGroup-1-14] TRACE i.m.h.client.netty.DefaultHttpClient - Accept: application/json
23 апр 2026;10:34:14.162 [default-nioEventLoopGroup-1-14] TRACE i.m.h.client.netty.DefaultHttpClient - host: 192.168.0.77:8080
23 апр 2026;10:34:14.162 [default-nioEventLoopGroup-1-14] TRACE i.m.h.client.netty.DefaultHttpClient - connection: close
23 апр 2026;10:34:14.162 [default-nioEventLoopGroup-1-14] TRACE i.m.h.client.netty.DefaultHttpClient - content-length: 0
23 апр 2026;10:34:14.162 [default-nioEventLoopGroup-1-14] TRACE i.m.h.client.netty.DefaultHttpClient - Request Body
23 апр 2026;10:34:14.162 [default-nioEventLoopGroup-1-14] TRACE i.m.h.client.netty.DefaultHttpClient - ----
23 апр 2026;10:34:14.162 [default-nioEventLoopGroup-1-14] TRACE i.m.h.client.netty.DefaultHttpClient - 
23 апр 2026;10:34:14.162 [default-nioEventLoopGroup-1-14] TRACE i.m.h.client.netty.DefaultHttpClient - ----
23 апр 2026;10:34:14.631 [default-nioEventLoopGroup-1-14] DEBUG i.m.h.client.netty.DefaultHttpClient - Received response 200 from http://192.168.0.77:8080/rest/entrypoint/branches/6/visits/182045/services/4/
23 апр 2026;10:34:14.631 [default-nioEventLoopGroup-1-14] TRACE i.m.h.client.netty.DefaultHttpClient - HTTP Client Response Received (200 OK) for Request: PUT http://192.168.0.77:8080/rest/entrypoint/branches/6/visits/182045/services/4/
23 апр 2026;10:34:14.631 [default-nioEventLoopGroup-1-14] TRACE i.m.h.client.netty.DefaultHttpClient - X-Powered-By: Undertow/1
23 апр 2026;10:34:14.631 [default-nioEventLoopGroup-1-14] TRACE i.m.h.client.netty.DefaultHttpClient - Set-Cookie: SSOcookie=2f6e394d-6e6a-481e-903c-6ecb23ddb7e4; Path=/; HttpOnly
23 апр 2026;10:34:14.631 [default-nioEventLoopGroup-1-14] TRACE i.m.h.client.netty.DefaultHttpClient - Set-Cookie: rememberMe=deleteMe; Path=/; Max-Age=0; Expires=Wed, 22-Apr-2026 07:34:14 GMT
23 апр 2026;10:34:14.631 [default-nioEventLoopGroup-1-14] TRACE i.m.h.client.netty.DefaultHttpClient - Server: WildFly/8
23 апр 2026;10:34:14.631 [default-nioEventLoopGroup-1-14] TRACE i.m.h.client.netty.DefaultHttpClient - X-XSS-Protection: 1
23 апр 2026;10:34:14.631 [default-nioEventLoopGroup-1-14] TRACE i.m.h.client.netty.DefaultHttpClient - X-Frame-Options: SAMEORIGIN
23 апр 2026;10:34:14.631 [default-nioEventLoopGroup-1-14] TRACE i.m.h.client.netty.DefaultHttpClient - Content-Security-Policy: default-src *; style-src * 'unsafe-inline'; script-src * 'unsafe-inline' 'unsafe-eval'; img-src * data: 'unsafe-inline'; connect-src * 'unsafe-inline'; frame-src *;
23 апр 2026;10:34:14.631 [default-nioEventLoopGroup-1-14] TRACE i.m.h.client.netty.DefaultHttpClient - Date: Thu, 23 Apr 2026 07:34:14 GMT
23 апр 2026;10:34:14.631 [default-nioEventLoopGroup-1-14] TRACE i.m.h.client.netty.DefaultHttpClient - Connection: close
23 апр 2026;10:34:14.631 [default-nioEventLoopGroup-1-14] TRACE i.m.h.client.netty.DefaultHttpClient - X-Content-Type-Options: nosniff
23 апр 2026;10:34:14.631 [default-nioEventLoopGroup-1-14] TRACE i.m.h.client.netty.DefaultHttpClient - Strict-Transport-Security: max-age=31536000; includeSubDomains
23 апр 2026;10:34:14.631 [default-nioEventLoopGroup-1-14] TRACE i.m.h.client.netty.DefaultHttpClient - Content-Type: application/json
23 апр 2026;10:34:14.631 [default-nioEventLoopGroup-1-14] TRACE i.m.h.client.netty.DefaultHttpClient - content-length: 1871
23 апр 2026;10:34:14.631 [default-nioEventLoopGroup-1-14] TRACE i.m.h.client.netty.DefaultHttpClient - Response Body
23 апр 2026;10:34:14.631 [default-nioEventLoopGroup-1-14] TRACE i.m.h.client.netty.DefaultHttpClient - ----
23 апр 2026;10:34:14.632 [default-nioEventLoopGroup-1-14] TRACE i.m.h.client.netty.DefaultHttpClient - {"branchId":6,"userState":"INACTIVE","visitState":"OK","servicePointId":1,"servicePointName":"Кабинет 13","servicePointState":"OPEN","visit":{"id":182045,"checksum":"1531865840","ticketId":"A2194","unservedVisitServices":[{"id":190966,"eventTime":"10:33","serviceId":7,"serviceInternalName":"Оккулист","serviceExternalName":"Оккулист","visitDeliveredServices":[],"visitOutcome":null,"outcomeExists":false,"deliveredServiceExists":false},{"id":190967,"eventTime":"10:33","serviceId":6,"serviceInternalName":"Стоматолог","serviceExternalName":"Стоматолог","visitDeliveredServices":[],"visitOutcome":null,"outcomeExists":false,"deliveredServiceExists":false},{"id":190968,"eventTime":"10:33","serviceId":5,"serviceInternalName":"Терапевт","serviceExternalName":"Терапевт","visitDeliveredServices":[],"visitOutcome":null,"outcomeExists":false,"deliveredServiceExists":false},{"id":190969,"eventTime":"10:33","serviceId":4,"serviceInternalName":"Хирург","serviceExternalName":"Хирург","visitDeliveredServices":[],"visitOutcome":null,"outcomeExists":false,"deliveredServiceExists":false}],"currentVisitService":{"id":190965,"eventTime":"10:33","serviceId":4,"serviceInternalName":"Хирург","serviceExternalName":"Хирург","visitDeliveredServices":[],"visitOutcome":null,"outcomeExists":false,"deliveredServiceExists":false},"servedVisitServices":[],"visitMarks":[],"customerIds":[],"waitingTime":31,"totalWaitingTime":0,"timeSinceCalled":0,"recycleAllowed":false,"noshowAllowed":false,"recallAllowed":false,"parameterMap":{"startQueueOrigId":98,"branchName":"Chat_Bot_Demo","totWaitTime":0},"appointmentId":null,"appointmentTime":null,"branchCurrentTime":"10:34:14"},"workProfileId":7,"workProfileName":"Универсал","servicePointDeviceTypes":["POSITIONAL","SW_SERVICE_POINT","Spotlight"]}
23 апр 2026;10:34:14.632 [default-nioEventLoopGroup-1-14] TRACE i.m.h.client.netty.DefaultHttpClient - ----
23 апр 2026;10:34:14.636 [default-nioEventLoopGroup-1-15] DEBUG i.m.h.client.netty.DefaultHttpClient - Sending HTTP PUT to http://192.168.0.77:8080/rest/entrypoint/branches/6/queues/10/visits/
23 апр 2026;10:34:14.636 [default-nioEventLoopGroup-1-15] TRACE i.m.h.client.netty.DefaultHttpClient - Authorization: Basic c3VwZXJhZG1pbjp1bGFu
23 апр 2026;10:34:14.636 [default-nioEventLoopGroup-1-15] TRACE i.m.h.client.netty.DefaultHttpClient - Content-Type: application/json
23 апр 2026;10:34:14.636 [default-nioEventLoopGroup-1-15] TRACE i.m.h.client.netty.DefaultHttpClient - Accept: application/json
23 апр 2026;10:34:14.636 [default-nioEventLoopGroup-1-15] TRACE i.m.h.client.netty.DefaultHttpClient - host: 192.168.0.77:8080
23 апр 2026;10:34:14.636 [default-nioEventLoopGroup-1-15] TRACE i.m.h.client.netty.DefaultHttpClient - connection: close
23 апр 2026;10:34:14.636 [default-nioEventLoopGroup-1-15] TRACE i.m.h.client.netty.DefaultHttpClient - content-length: 46
23 апр 2026;10:34:14.636 [default-nioEventLoopGroup-1-15] TRACE i.m.h.client.netty.DefaultHttpClient - Request Body
23 апр 2026;10:34:14.636 [default-nioEventLoopGroup-1-15] TRACE i.m.h.client.netty.DefaultHttpClient - ----
23 апр 2026;10:34:14.636 [default-nioEventLoopGroup-1-15] TRACE i.m.h.client.netty.DefaultHttpClient - {"visitId":182045,"fromBranchId":6,"fromId":1}
23 апр 2026;10:34:14.636 [default-nioEventLoopGroup-1-15] TRACE i.m.h.client.netty.DefaultHttpClient - ----
23 апр 2026;10:34:15.382 [default-nioEventLoopGroup-1-15] DEBUG i.m.h.client.netty.DefaultHttpClient - Received response 204 from http://192.168.0.77:8080/rest/entrypoint/branches/6/queues/10/visits/
23 апр 2026;10:34:15.382 [default-nioEventLoopGroup-1-15] TRACE i.m.h.client.netty.DefaultHttpClient - HTTP Client Response Received (204 No Content) for Request: PUT http://192.168.0.77:8080/rest/entrypoint/branches/6/queues/10/visits/
23 апр 2026;10:34:15.382 [default-nioEventLoopGroup-1-15] TRACE i.m.h.client.netty.DefaultHttpClient - X-Powered-By: Undertow/1
23 апр 2026;10:34:15.382 [default-nioEventLoopGroup-1-15] TRACE i.m.h.client.netty.DefaultHttpClient - Set-Cookie: SSOcookie=882127a2-bd03-4e77-bdf6-366a0813475f; Path=/; HttpOnly
23 апр 2026;10:34:15.382 [default-nioEventLoopGroup-1-15] TRACE i.m.h.client.netty.DefaultHttpClient - Set-Cookie: rememberMe=deleteMe; Path=/; Max-Age=0; Expires=Wed, 22-Apr-2026 07:34:14 GMT
23 апр 2026;10:34:15.382 [default-nioEventLoopGroup-1-15] TRACE i.m.h.client.netty.DefaultHttpClient - Server: WildFly/8
23 апр 2026;10:34:15.382 [default-nioEventLoopGroup-1-15] TRACE i.m.h.client.netty.DefaultHttpClient - X-XSS-Protection: 1
23 апр 2026;10:34:15.382 [default-nioEventLoopGroup-1-15] TRACE i.m.h.client.netty.DefaultHttpClient - X-Frame-Options: SAMEORIGIN
23 апр 2026;10:34:15.382 [default-nioEventLoopGroup-1-15] TRACE i.m.h.client.netty.DefaultHttpClient - Content-Security-Policy: default-src *; style-src * 'unsafe-inline'; script-src * 'unsafe-inline' 'unsafe-eval'; img-src * data: 'unsafe-inline'; connect-src * 'unsafe-inline'; frame-src *;
23 апр 2026;10:34:15.382 [default-nioEventLoopGroup-1-15] TRACE i.m.h.client.netty.DefaultHttpClient - Date: Thu, 23 Apr 2026 07:34:15 GMT
23 апр 2026;10:34:15.382 [default-nioEventLoopGroup-1-15] TRACE i.m.h.client.netty.DefaultHttpClient - X-Content-Type-Options: nosniff
23 апр 2026;10:34:15.382 [default-nioEventLoopGroup-1-15] TRACE i.m.h.client.netty.DefaultHttpClient - Strict-Transport-Security: max-age=31536000; includeSubDomains
23 апр 2026;10:34:15.382 [default-nioEventLoopGroup-1-15] TRACE i.m.h.client.netty.DefaultHttpClient - Response Body
23 апр 2026;10:34:15.382 [default-nioEventLoopGroup-1-15] TRACE i.m.h.client.netty.DefaultHttpClient - ----
23 апр 2026;10:34:15.382 [default-nioEventLoopGroup-1-15] TRACE i.m.h.client.netty.DefaultHttpClient - 
23 апр 2026;10:34:15.382 [default-nioEventLoopGroup-1-15] TRACE i.m.h.client.netty.DefaultHttpClient - ----
23 апр 2026;10:34:15.382 [default-nioEventLoopGroup-1-15] TRACE i.m.h.client.netty.DefaultHttpClient - Full HTTP response received an empty body
23 апр 2026;10:34:15.382 [default-nioEventLoopGroup-1-15] TRACE i.m.h.client.netty.DefaultHttpClient - Unable to convert response body to target type class [B
23 апр 2026;10:34:15.382 [SimpleAsyncTaskExecutor-1] TRACE i.m.h.client.netty.DefaultHttpClient - Unable to convert response body to target type class [B
23 апр 2026;10:34:15.386 [default-nioEventLoopGroup-1-16] DEBUG i.m.h.client.netty.DefaultHttpClient - Sending HTTP GET to http://192.168.0.77:8080/rest/entrypoint/branches/6/visits/182045/
23 апр 2026;10:34:15.386 [default-nioEventLoopGroup-1-16] TRACE i.m.h.client.netty.DefaultHttpClient - Authorization: Basic c3VwZXJhZG1pbjp1bGFu
23 апр 2026;10:34:15.386 [default-nioEventLoopGroup-1-16] TRACE i.m.h.client.netty.DefaultHttpClient - Cookie: SSOcookie=57b46714-2f27-46b7-9921-8d8de8bba70d
23 апр 2026;10:34:15.386 [default-nioEventLoopGroup-1-16] TRACE i.m.h.client.netty.DefaultHttpClient - host: 192.168.0.77:8080
23 апр 2026;10:34:15.386 [default-nioEventLoopGroup-1-16] TRACE i.m.h.client.netty.DefaultHttpClient - connection: close
23 апр 2026;10:34:15.404 [default-nioEventLoopGroup-1-16] DEBUG i.m.h.client.netty.DefaultHttpClient - Received response 200 from http://192.168.0.77:8080/rest/entrypoint/branches/6/visits/182045/
23 апр 2026;10:34:15.404 [default-nioEventLoopGroup-1-16] TRACE i.m.h.client.netty.DefaultHttpClient - HTTP Client Response Received (200 OK) for Request: GET http://192.168.0.77:8080/rest/entrypoint/branches/6/visits/182045/
23 апр 2026;10:34:15.404 [default-nioEventLoopGroup-1-16] TRACE i.m.h.client.netty.DefaultHttpClient - Cache-Control: no-store, no-cache, max-age=0, must-revalidate
23 апр 2026;10:34:15.404 [default-nioEventLoopGroup-1-16] TRACE i.m.h.client.netty.DefaultHttpClient - X-Powered-By: Undertow/1
23 апр 2026;10:34:15.404 [default-nioEventLoopGroup-1-16] TRACE i.m.h.client.netty.DefaultHttpClient - Server: WildFly/8
23 апр 2026;10:34:15.404 [default-nioEventLoopGroup-1-16] TRACE i.m.h.client.netty.DefaultHttpClient - X-XSS-Protection: 1
23 апр 2026;10:34:15.404 [default-nioEventLoopGroup-1-16] TRACE i.m.h.client.netty.DefaultHttpClient - X-Frame-Options: SAMEORIGIN
23 апр 2026;10:34:15.404 [default-nioEventLoopGroup-1-16] TRACE i.m.h.client.netty.DefaultHttpClient - Content-Security-Policy: default-src *; style-src * 'unsafe-inline'; script-src * 'unsafe-inline' 'unsafe-eval'; img-src * data: 'unsafe-inline'; connect-src * 'unsafe-inline'; frame-src *;
23 апр 2026;10:34:15.404 [default-nioEventLoopGroup-1-16] TRACE i.m.h.client.netty.DefaultHttpClient - Date: Thu, 23 Apr 2026 07:34:15 GMT
23 апр 2026;10:34:15.404 [default-nioEventLoopGroup-1-16] TRACE i.m.h.client.netty.DefaultHttpClient - Connection: close
23 апр 2026;10:34:15.404 [default-nioEventLoopGroup-1-16] TRACE i.m.h.client.netty.DefaultHttpClient - X-Content-Type-Options: nosniff
23 апр 2026;10:34:15.404 [default-nioEventLoopGroup-1-16] TRACE i.m.h.client.netty.DefaultHttpClient - Strict-Transport-Security: max-age=31536000; includeSubDomains
23 апр 2026;10:34:15.404 [default-nioEventLoopGroup-1-16] TRACE i.m.h.client.netty.DefaultHttpClient - Content-Type: application/json
23 апр 2026;10:34:15.404 [default-nioEventLoopGroup-1-16] TRACE i.m.h.client.netty.DefaultHttpClient - content-length: 1617
23 апр 2026;10:34:15.404 [default-nioEventLoopGroup-1-16] TRACE i.m.h.client.netty.DefaultHttpClient - Response Body
23 апр 2026;10:34:15.404 [default-nioEventLoopGroup-1-16] TRACE i.m.h.client.netty.DefaultHttpClient - ----
23 апр 2026;10:34:15.404 [default-nioEventLoopGroup-1-16] TRACE i.m.h.client.netty.DefaultHttpClient - {"id":182045,"checksum":"1531865840","ticketId":"A2194","unservedVisitServices":[{"id":190966,"eventTime":"10:33","serviceId":7,"serviceInternalName":"Оккулист","serviceExternalName":"Оккулист","visitDeliveredServices":[],"visitOutcome":null,"outcomeExists":false,"deliveredServiceExists":false},{"id":190967,"eventTime":"10:33","serviceId":6,"serviceInternalName":"Стоматолог","serviceExternalName":"Стоматолог","visitDeliveredServices":[],"visitOutcome":null,"outcomeExists":false,"deliveredServiceExists":false},{"id":190968,"eventTime":"10:33","serviceId":5,"serviceInternalName":"Терапевт","serviceExternalName":"Терапевт","visitDeliveredServices":[],"visitOutcome":null,"outcomeExists":false,"deliveredServiceExists":false},{"id":190969,"eventTime":"10:33","serviceId":4,"serviceInternalName":"Хирург","serviceExternalName":"Хирург","visitDeliveredServices":[],"visitOutcome":null,"outcomeExists":false,"deliveredServiceExists":false}],"currentVisitService":{"id":190965,"eventTime":"10:33","serviceId":4,"serviceInternalName":"Хирург","serviceExternalName":"Хирург","visitDeliveredServices":[],"visitOutcome":null,"outcomeExists":false,"deliveredServiceExists":false},"servedVisitServices":[],"visitMarks":[],"customerIds":[],"waitingTime":32,"totalWaitingTime":0,"timeSinceCalled":0,"recycleAllowed":false,"noshowAllowed":false,"recallAllowed":false,"parameterMap":{"currentQueueOrigId":10,"branchName":"Chat_Bot_Demo","startQueueOrigId":98,"totWaitTime":0},"appointmentId":null,"appointmentTime":null,"branchCurrentTime":"10:34:15"}
23 апр 2026;10:34:15.404 [default-nioEventLoopGroup-1-16] TRACE i.m.h.client.netty.DefaultHttpClient - ----
23 апр 2026;10:34:15.408 [default-nioEventLoopGroup-1-17] DEBUG i.m.h.client.netty.DefaultHttpClient - Sending HTTP GET to http://192.168.0.77:8080/rest/entrypoint/branches/6/visits/182046/
23 апр 2026;10:34:15.408 [default-nioEventLoopGroup-1-17] TRACE i.m.h.client.netty.DefaultHttpClient - Authorization: Basic c3VwZXJhZG1pbjp1bGFu
23 апр 2026;10:34:15.408 [default-nioEventLoopGroup-1-17] TRACE i.m.h.client.netty.DefaultHttpClient - Cookie: SSOcookie=57b46714-2f27-46b7-9921-8d8de8bba70d
23 апр 2026;10:34:15.408 [default-nioEventLoopGroup-1-17] TRACE i.m.h.client.netty.DefaultHttpClient - host: 192.168.0.77:8080
23 апр 2026;10:34:15.408 [default-nioEventLoopGroup-1-17] TRACE i.m.h.client.netty.DefaultHttpClient - connection: close
23 апр 2026;10:34:15.427 [default-nioEventLoopGroup-1-17] DEBUG i.m.h.client.netty.DefaultHttpClient - Received response 200 from http://192.168.0.77:8080/rest/entrypoint/branches/6/visits/182046/
23 апр 2026;10:34:15.427 [default-nioEventLoopGroup-1-17] TRACE i.m.h.client.netty.DefaultHttpClient - HTTP Client Response Received (200 OK) for Request: GET http://192.168.0.77:8080/rest/entrypoint/branches/6/visits/182046/
23 апр 2026;10:34:15.427 [default-nioEventLoopGroup-1-17] TRACE i.m.h.client.netty.DefaultHttpClient - Cache-Control: no-store, no-cache, max-age=0, must-revalidate
23 апр 2026;10:34:15.427 [default-nioEventLoopGroup-1-17] TRACE i.m.h.client.netty.DefaultHttpClient - X-Powered-By: Undertow/1
23 апр 2026;10:34:15.427 [default-nioEventLoopGroup-1-17] TRACE i.m.h.client.netty.DefaultHttpClient - Server: WildFly/8
23 апр 2026;10:34:15.427 [default-nioEventLoopGroup-1-17] TRACE i.m.h.client.netty.DefaultHttpClient - X-XSS-Protection: 1
23 апр 2026;10:34:15.427 [default-nioEventLoopGroup-1-17] TRACE i.m.h.client.netty.DefaultHttpClient - X-Frame-Options: SAMEORIGIN
23 апр 2026;10:34:15.427 [default-nioEventLoopGroup-1-17] TRACE i.m.h.client.netty.DefaultHttpClient - Content-Security-Policy: default-src *; style-src * 'unsafe-inline'; script-src * 'unsafe-inline' 'unsafe-eval'; img-src * data: 'unsafe-inline'; connect-src * 'unsafe-inline'; frame-src *;
23 апр 2026;10:34:15.427 [default-nioEventLoopGroup-1-17] TRACE i.m.h.client.netty.DefaultHttpClient - Date: Thu, 23 Apr 2026 07:34:15 GMT
23 апр 2026;10:34:15.427 [default-nioEventLoopGroup-1-17] TRACE i.m.h.client.netty.DefaultHttpClient - Connection: close
23 апр 2026;10:34:15.427 [default-nioEventLoopGroup-1-17] TRACE i.m.h.client.netty.DefaultHttpClient - X-Content-Type-Options: nosniff
23 апр 2026;10:34:15.427 [default-nioEventLoopGroup-1-17] TRACE i.m.h.client.netty.DefaultHttpClient - Strict-Transport-Security: max-age=31536000; includeSubDomains
23 апр 2026;10:34:15.427 [default-nioEventLoopGroup-1-17] TRACE i.m.h.client.netty.DefaultHttpClient - Content-Type: application/json
23 апр 2026;10:34:15.427 [default-nioEventLoopGroup-1-17] TRACE i.m.h.client.netty.DefaultHttpClient - content-length: 1654
23 апр 2026;10:34:15.427 [default-nioEventLoopGroup-1-17] TRACE i.m.h.client.netty.DefaultHttpClient - Response Body
23 апр 2026;10:34:15.427 [default-nioEventLoopGroup-1-17] TRACE i.m.h.client.netty.DefaultHttpClient - ----
23 апр 2026;10:34:15.427 [default-nioEventLoopGroup-1-17] TRACE i.m.h.client.netty.DefaultHttpClient - {"id":182046,"checksum":"1968446263","ticketId":"A2195","unservedVisitServices":[{"id":190971,"eventTime":"10:33","serviceId":7,"serviceInternalName":"Оккулист","serviceExternalName":"Оккулист","visitDeliveredServices":[],"visitOutcome":null,"outcomeExists":false,"deliveredServiceExists":false},{"id":190972,"eventTime":"10:33","serviceId":6,"serviceInternalName":"Стоматолог","serviceExternalName":"Стоматолог","visitDeliveredServices":[],"visitOutcome":null,"outcomeExists":false,"deliveredServiceExists":false},{"id":190973,"eventTime":"10:33","serviceId":5,"serviceInternalName":"Терапевт","serviceExternalName":"Терапевт","visitDeliveredServices":[],"visitOutcome":null,"outcomeExists":false,"deliveredServiceExists":false},{"id":190974,"eventTime":"10:33","serviceId":4,"serviceInternalName":"Хирург","serviceExternalName":"Хирург","visitDeliveredServices":[],"visitOutcome":null,"outcomeExists":false,"deliveredServiceExists":false}],"currentVisitService":{"id":190970,"eventTime":"10:33","serviceId":72,"serviceInternalName":"Врач не назначен","serviceExternalName":"Врач не назначен","visitDeliveredServices":[],"visitOutcome":null,"outcomeExists":false,"deliveredServiceExists":false},"servedVisitServices":[],"visitMarks":[],"customerIds":[],"waitingTime":32,"totalWaitingTime":0,"timeSinceCalled":0,"recycleAllowed":false,"noshowAllowed":false,"recallAllowed":false,"parameterMap":{"currentQueueOrigId":98,"startQueueOrigId":98,"branchName":"Chat_Bot_Demo","totWaitTime":0},"appointmentId":null,"appointmentTime":null,"branchCurrentTime":"10:34:15"}
23 апр 2026;10:34:15.428 [default-nioEventLoopGroup-1-17] TRACE i.m.h.client.netty.DefaultHttpClient - ----
23 апр 2026;10:34:15.431 [default-nioEventLoopGroup-1-1] DEBUG i.m.h.client.netty.DefaultHttpClient - Sending HTTP GET to http://192.168.0.77:8080/rest/entrypoint/branches/6/visits/182046/
23 апр 2026;10:34:15.431 [default-nioEventLoopGroup-1-1] TRACE i.m.h.client.netty.DefaultHttpClient - Authorization: Basic c3VwZXJhZG1pbjp1bGFu
23 апр 2026;10:34:15.431 [default-nioEventLoopGroup-1-1] TRACE i.m.h.client.netty.DefaultHttpClient - Cookie: SSOcookie=57b46714-2f27-46b7-9921-8d8de8bba70d
23 апр 2026;10:34:15.431 [default-nioEventLoopGroup-1-1] TRACE i.m.h.client.netty.DefaultHttpClient - host: 192.168.0.77:8080
23 апр 2026;10:34:15.431 [default-nioEventLoopGroup-1-1] TRACE i.m.h.client.netty.DefaultHttpClient - connection: close
23 апр 2026;10:34:15.448 [default-nioEventLoopGroup-1-1] DEBUG i.m.h.client.netty.DefaultHttpClient - Received response 200 from http://192.168.0.77:8080/rest/entrypoint/branches/6/visits/182046/
23 апр 2026;10:34:15.448 [default-nioEventLoopGroup-1-1] TRACE i.m.h.client.netty.DefaultHttpClient - HTTP Client Response Received (200 OK) for Request: GET http://192.168.0.77:8080/rest/entrypoint/branches/6/visits/182046/
23 апр 2026;10:34:15.449 [default-nioEventLoopGroup-1-1] TRACE i.m.h.client.netty.DefaultHttpClient - Cache-Control: no-store, no-cache, max-age=0, must-revalidate
23 апр 2026;10:34:15.449 [default-nioEventLoopGroup-1-1] TRACE i.m.h.client.netty.DefaultHttpClient - X-Powered-By: Undertow/1
23 апр 2026;10:34:15.449 [default-nioEventLoopGroup-1-1] TRACE i.m.h.client.netty.DefaultHttpClient - Server: WildFly/8
23 апр 2026;10:34:15.449 [default-nioEventLoopGroup-1-1] TRACE i.m.h.client.netty.DefaultHttpClient - X-XSS-Protection: 1
23 апр 2026;10:34:15.449 [default-nioEventLoopGroup-1-1] TRACE i.m.h.client.netty.DefaultHttpClient - X-Frame-Options: SAMEORIGIN
23 апр 2026;10:34:15.449 [default-nioEventLoopGroup-1-1] TRACE i.m.h.client.netty.DefaultHttpClient - Content-Security-Policy: default-src *; style-src * 'unsafe-inline'; script-src * 'unsafe-inline' 'unsafe-eval'; img-src * data: 'unsafe-inline'; connect-src * 'unsafe-inline'; frame-src *;
23 апр 2026;10:34:15.449 [default-nioEventLoopGroup-1-1] TRACE i.m.h.client.netty.DefaultHttpClient - Date: Thu, 23 Apr 2026 07:34:15 GMT
23 апр 2026;10:34:15.449 [default-nioEventLoopGroup-1-1] TRACE i.m.h.client.netty.DefaultHttpClient - Connection: close
23 апр 2026;10:34:15.449 [default-nioEventLoopGroup-1-1] TRACE i.m.h.client.netty.DefaultHttpClient - X-Content-Type-Options: nosniff
23 апр 2026;10:34:15.449 [default-nioEventLoopGroup-1-1] TRACE i.m.h.client.netty.DefaultHttpClient - Strict-Transport-Security: max-age=31536000; includeSubDomains
23 апр 2026;10:34:15.449 [default-nioEventLoopGroup-1-1] TRACE i.m.h.client.netty.DefaultHttpClient - Content-Type: application/json
23 апр 2026;10:34:15.449 [default-nioEventLoopGroup-1-1] TRACE i.m.h.client.netty.DefaultHttpClient - content-length: 1654
23 апр 2026;10:34:15.449 [default-nioEventLoopGroup-1-1] TRACE i.m.h.client.netty.DefaultHttpClient - Response Body
23 апр 2026;10:34:15.449 [default-nioEventLoopGroup-1-1] TRACE i.m.h.client.netty.DefaultHttpClient - ----
23 апр 2026;10:34:15.449 [default-nioEventLoopGroup-1-1] TRACE i.m.h.client.netty.DefaultHttpClient - {"id":182046,"checksum":"1968446263","ticketId":"A2195","unservedVisitServices":[{"id":190971,"eventTime":"10:33","serviceId":7,"serviceInternalName":"Оккулист","serviceExternalName":"Оккулист","visitDeliveredServices":[],"visitOutcome":null,"outcomeExists":false,"deliveredServiceExists":false},{"id":190972,"eventTime":"10:33","serviceId":6,"serviceInternalName":"Стоматолог","serviceExternalName":"Стоматолог","visitDeliveredServices":[],"visitOutcome":null,"outcomeExists":false,"deliveredServiceExists":false},{"id":190973,"eventTime":"10:33","serviceId":5,"serviceInternalName":"Терапевт","serviceExternalName":"Терапевт","visitDeliveredServices":[],"visitOutcome":null,"outcomeExists":false,"deliveredServiceExists":false},{"id":190974,"eventTime":"10:33","serviceId":4,"serviceInternalName":"Хирург","serviceExternalName":"Хирург","visitDeliveredServices":[],"visitOutcome":null,"outcomeExists":false,"deliveredServiceExists":false}],"currentVisitService":{"id":190970,"eventTime":"10:33","serviceId":72,"serviceInternalName":"Врач не назначен","serviceExternalName":"Врач не назначен","visitDeliveredServices":[],"visitOutcome":null,"outcomeExists":false,"deliveredServiceExists":false},"servedVisitServices":[],"visitMarks":[],"customerIds":[],"waitingTime":32,"totalWaitingTime":0,"timeSinceCalled":0,"recycleAllowed":false,"noshowAllowed":false,"recallAllowed":false,"parameterMap":{"currentQueueOrigId":98,"startQueueOrigId":98,"branchName":"Chat_Bot_Demo","totWaitTime":0},"appointmentId":null,"appointmentTime":null,"branchCurrentTime":"10:34:15"}
23 апр 2026;10:34:15.449 [default-nioEventLoopGroup-1-1] TRACE i.m.h.client.netty.DefaultHttpClient - ----
23 апр 2026;10:34:15.452 [default-nioEventLoopGroup-1-2] DEBUG i.m.h.client.netty.DefaultHttpClient - Sending HTTP PUT to http://192.168.0.77:8080/rest/entrypoint/branches/6/visits/182046/services/4/
23 апр 2026;10:34:15.452 [default-nioEventLoopGroup-1-2] TRACE i.m.h.client.netty.DefaultHttpClient - Authorization: Basic c3VwZXJhZG1pbjp1bGFu
23 апр 2026;10:34:15.452 [default-nioEventLoopGroup-1-2] TRACE i.m.h.client.netty.DefaultHttpClient - Content-Type: application/json
23 апр 2026;10:34:15.452 [default-nioEventLoopGroup-1-2] TRACE i.m.h.client.netty.DefaultHttpClient - Accept: application/json
23 апр 2026;10:34:15.452 [default-nioEventLoopGroup-1-2] TRACE i.m.h.client.netty.DefaultHttpClient - host: 192.168.0.77:8080
23 апр 2026;10:34:15.453 [default-nioEventLoopGroup-1-2] TRACE i.m.h.client.netty.DefaultHttpClient - connection: close
23 апр 2026;10:34:15.453 [default-nioEventLoopGroup-1-2] TRACE i.m.h.client.netty.DefaultHttpClient - content-length: 0
23 апр 2026;10:34:15.453 [default-nioEventLoopGroup-1-2] TRACE i.m.h.client.netty.DefaultHttpClient - Request Body
23 апр 2026;10:34:15.453 [default-nioEventLoopGroup-1-2] TRACE i.m.h.client.netty.DefaultHttpClient - ----
23 апр 2026;10:34:15.453 [default-nioEventLoopGroup-1-2] TRACE i.m.h.client.netty.DefaultHttpClient - 
23 апр 2026;10:34:15.453 [default-nioEventLoopGroup-1-2] TRACE i.m.h.client.netty.DefaultHttpClient - ----
23 апр 2026;10:34:15.934 [default-nioEventLoopGroup-1-2] DEBUG i.m.h.client.netty.DefaultHttpClient - Received response 200 from http://192.168.0.77:8080/rest/entrypoint/branches/6/visits/182046/services/4/
23 апр 2026;10:34:15.934 [default-nioEventLoopGroup-1-2] TRACE i.m.h.client.netty.DefaultHttpClient - HTTP Client Response Received (200 OK) for Request: PUT http://192.168.0.77:8080/rest/entrypoint/branches/6/visits/182046/services/4/
23 апр 2026;10:34:15.934 [default-nioEventLoopGroup-1-2] TRACE i.m.h.client.netty.DefaultHttpClient - X-Powered-By: Undertow/1
23 апр 2026;10:34:15.934 [default-nioEventLoopGroup-1-2] TRACE i.m.h.client.netty.DefaultHttpClient - Set-Cookie: SSOcookie=504b91af-a176-4bb8-82b3-b0190010205e; Path=/; HttpOnly
23 апр 2026;10:34:15.934 [default-nioEventLoopGroup-1-2] TRACE i.m.h.client.netty.DefaultHttpClient - Set-Cookie: rememberMe=deleteMe; Path=/; Max-Age=0; Expires=Wed, 22-Apr-2026 07:34:15 GMT
23 апр 2026;10:34:15.934 [default-nioEventLoopGroup-1-2] TRACE i.m.h.client.netty.DefaultHttpClient - Server: WildFly/8
23 апр 2026;10:34:15.934 [default-nioEventLoopGroup-1-2] TRACE i.m.h.client.netty.DefaultHttpClient - X-XSS-Protection: 1
23 апр 2026;10:34:15.934 [default-nioEventLoopGroup-1-2] TRACE i.m.h.client.netty.DefaultHttpClient - X-Frame-Options: SAMEORIGIN
23 апр 2026;10:34:15.934 [default-nioEventLoopGroup-1-2] TRACE i.m.h.client.netty.DefaultHttpClient - Content-Security-Policy: default-src *; style-src * 'unsafe-inline'; script-src * 'unsafe-inline' 'unsafe-eval'; img-src * data: 'unsafe-inline'; connect-src * 'unsafe-inline'; frame-src *;
23 апр 2026;10:34:15.934 [default-nioEventLoopGroup-1-2] TRACE i.m.h.client.netty.DefaultHttpClient - Date: Thu, 23 Apr 2026 07:34:15 GMT
23 апр 2026;10:34:15.934 [default-nioEventLoopGroup-1-2] TRACE i.m.h.client.netty.DefaultHttpClient - Connection: close
23 апр 2026;10:34:15.934 [default-nioEventLoopGroup-1-2] TRACE i.m.h.client.netty.DefaultHttpClient - X-Content-Type-Options: nosniff
23 апр 2026;10:34:15.934 [default-nioEventLoopGroup-1-2] TRACE i.m.h.client.netty.DefaultHttpClient - Strict-Transport-Security: max-age=31536000; includeSubDomains
23 апр 2026;10:34:15.934 [default-nioEventLoopGroup-1-2] TRACE i.m.h.client.netty.DefaultHttpClient - Content-Type: application/json
23 апр 2026;10:34:15.934 [default-nioEventLoopGroup-1-2] TRACE i.m.h.client.netty.DefaultHttpClient - content-length: 1871
23 апр 2026;10:34:15.934 [default-nioEventLoopGroup-1-2] TRACE i.m.h.client.netty.DefaultHttpClient - Response Body
23 апр 2026;10:34:15.935 [default-nioEventLoopGroup-1-2] TRACE i.m.h.client.netty.DefaultHttpClient - ----
23 апр 2026;10:34:15.935 [default-nioEventLoopGroup-1-2] TRACE i.m.h.client.netty.DefaultHttpClient - {"branchId":6,"userState":"INACTIVE","visitState":"OK","servicePointId":1,"servicePointName":"Кабинет 13","servicePointState":"OPEN","visit":{"id":182046,"checksum":"1968446263","ticketId":"A2195","unservedVisitServices":[{"id":190971,"eventTime":"10:33","serviceId":7,"serviceInternalName":"Оккулист","serviceExternalName":"Оккулист","visitDeliveredServices":[],"visitOutcome":null,"outcomeExists":false,"deliveredServiceExists":false},{"id":190972,"eventTime":"10:33","serviceId":6,"serviceInternalName":"Стоматолог","serviceExternalName":"Стоматолог","visitDeliveredServices":[],"visitOutcome":null,"outcomeExists":false,"deliveredServiceExists":false},{"id":190973,"eventTime":"10:33","serviceId":5,"serviceInternalName":"Терапевт","serviceExternalName":"Терапевт","visitDeliveredServices":[],"visitOutcome":null,"outcomeExists":false,"deliveredServiceExists":false},{"id":190974,"eventTime":"10:33","serviceId":4,"serviceInternalName":"Хирург","serviceExternalName":"Хирург","visitDeliveredServices":[],"visitOutcome":null,"outcomeExists":false,"deliveredServiceExists":false}],"currentVisitService":{"id":190970,"eventTime":"10:33","serviceId":4,"serviceInternalName":"Хирург","serviceExternalName":"Хирург","visitDeliveredServices":[],"visitOutcome":null,"outcomeExists":false,"deliveredServiceExists":false},"servedVisitServices":[],"visitMarks":[],"customerIds":[],"waitingTime":32,"totalWaitingTime":0,"timeSinceCalled":0,"recycleAllowed":false,"noshowAllowed":false,"recallAllowed":false,"parameterMap":{"startQueueOrigId":98,"branchName":"Chat_Bot_Demo","totWaitTime":0},"appointmentId":null,"appointmentTime":null,"branchCurrentTime":"10:34:15"},"workProfileId":7,"workProfileName":"Универсал","servicePointDeviceTypes":["POSITIONAL","SW_SERVICE_POINT","Spotlight"]}
23 апр 2026;10:34:15.935 [default-nioEventLoopGroup-1-2] TRACE i.m.h.client.netty.DefaultHttpClient - ----
23 апр 2026;10:34:15.939 [default-nioEventLoopGroup-1-3] DEBUG i.m.h.client.netty.DefaultHttpClient - Sending HTTP PUT to http://192.168.0.77:8080/rest/entrypoint/branches/6/queues/10/visits/
23 апр 2026;10:34:15.939 [default-nioEventLoopGroup-1-3] TRACE i.m.h.client.netty.DefaultHttpClient - Authorization: Basic c3VwZXJhZG1pbjp1bGFu
23 апр 2026;10:34:15.939 [default-nioEventLoopGroup-1-3] TRACE i.m.h.client.netty.DefaultHttpClient - Content-Type: application/json
23 апр 2026;10:34:15.939 [default-nioEventLoopGroup-1-3] TRACE i.m.h.client.netty.DefaultHttpClient - Accept: application/json
23 апр 2026;10:34:15.939 [default-nioEventLoopGroup-1-3] TRACE i.m.h.client.netty.DefaultHttpClient - host: 192.168.0.77:8080
23 апр 2026;10:34:15.939 [default-nioEventLoopGroup-1-3] TRACE i.m.h.client.netty.DefaultHttpClient - connection: close
23 апр 2026;10:34:15.939 [default-nioEventLoopGroup-1-3] TRACE i.m.h.client.netty.DefaultHttpClient - content-length: 46
23 апр 2026;10:34:15.939 [default-nioEventLoopGroup-1-3] TRACE i.m.h.client.netty.DefaultHttpClient - Request Body
23 апр 2026;10:34:15.939 [default-nioEventLoopGroup-1-3] TRACE i.m.h.client.netty.DefaultHttpClient - ----
23 апр 2026;10:34:15.939 [default-nioEventLoopGroup-1-3] TRACE i.m.h.client.netty.DefaultHttpClient - {"visitId":182046,"fromBranchId":6,"fromId":1}
23 апр 2026;10:34:15.939 [default-nioEventLoopGroup-1-3] TRACE i.m.h.client.netty.DefaultHttpClient - ----
23 апр 2026;10:34:16.656 [default-nioEventLoopGroup-1-3] DEBUG i.m.h.client.netty.DefaultHttpClient - Received response 204 from http://192.168.0.77:8080/rest/entrypoint/branches/6/queues/10/visits/
23 апр 2026;10:34:16.656 [default-nioEventLoopGroup-1-3] TRACE i.m.h.client.netty.DefaultHttpClient - HTTP Client Response Received (204 No Content) for Request: PUT http://192.168.0.77:8080/rest/entrypoint/branches/6/queues/10/visits/
23 апр 2026;10:34:16.656 [default-nioEventLoopGroup-1-3] TRACE i.m.h.client.netty.DefaultHttpClient - X-Powered-By: Undertow/1
23 апр 2026;10:34:16.656 [default-nioEventLoopGroup-1-3] TRACE i.m.h.client.netty.DefaultHttpClient - Set-Cookie: SSOcookie=98be16af-f125-4870-8fbe-a309a51ca1b4; Path=/; HttpOnly
23 апр 2026;10:34:16.656 [default-nioEventLoopGroup-1-3] TRACE i.m.h.client.netty.DefaultHttpClient - Set-Cookie: rememberMe=deleteMe; Path=/; Max-Age=0; Expires=Wed, 22-Apr-2026 07:34:16 GMT
23 апр 2026;10:34:16.656 [default-nioEventLoopGroup-1-3] TRACE i.m.h.client.netty.DefaultHttpClient - Server: WildFly/8
23 апр 2026;10:34:16.656 [default-nioEventLoopGroup-1-3] TRACE i.m.h.client.netty.DefaultHttpClient - X-XSS-Protection: 1
23 апр 2026;10:34:16.656 [default-nioEventLoopGroup-1-3] TRACE i.m.h.client.netty.DefaultHttpClient - X-Frame-Options: SAMEORIGIN
23 апр 2026;10:34:16.656 [default-nioEventLoopGroup-1-3] TRACE i.m.h.client.netty.DefaultHttpClient - Content-Security-Policy: default-src *; style-src * 'unsafe-inline'; script-src * 'unsafe-inline' 'unsafe-eval'; img-src * data: 'unsafe-inline'; connect-src * 'unsafe-inline'; frame-src *;
23 апр 2026;10:34:16.656 [default-nioEventLoopGroup-1-3] TRACE i.m.h.client.netty.DefaultHttpClient - Date: Thu, 23 Apr 2026 07:34:16 GMT
23 апр 2026;10:34:16.656 [default-nioEventLoopGroup-1-3] TRACE i.m.h.client.netty.DefaultHttpClient - X-Content-Type-Options: nosniff
23 апр 2026;10:34:16.656 [default-nioEventLoopGroup-1-3] TRACE i.m.h.client.netty.DefaultHttpClient - Strict-Transport-Security: max-age=31536000; includeSubDomains
23 апр 2026;10:34:16.656 [default-nioEventLoopGroup-1-3] TRACE i.m.h.client.netty.DefaultHttpClient - Response Body
23 апр 2026;10:34:16.656 [default-nioEventLoopGroup-1-3] TRACE i.m.h.client.netty.DefaultHttpClient - ----
23 апр 2026;10:34:16.656 [default-nioEventLoopGroup-1-3] TRACE i.m.h.client.netty.DefaultHttpClient - 
23 апр 2026;10:34:16.656 [default-nioEventLoopGroup-1-3] TRACE i.m.h.client.netty.DefaultHttpClient - ----
23 апр 2026;10:34:16.657 [default-nioEventLoopGroup-1-3] TRACE i.m.h.client.netty.DefaultHttpClient - Full HTTP response received an empty body
23 апр 2026;10:34:16.657 [default-nioEventLoopGroup-1-3] TRACE i.m.h.client.netty.DefaultHttpClient - Unable to convert response body to target type class [B
23 апр 2026;10:34:16.657 [SimpleAsyncTaskExecutor-1] TRACE i.m.h.client.netty.DefaultHttpClient - Unable to convert response body to target type class [B
23 апр 2026;10:34:16.660 [default-nioEventLoopGroup-1-4] DEBUG i.m.h.client.netty.DefaultHttpClient - Sending HTTP GET to http://192.168.0.77:8080/rest/entrypoint/branches/6/visits/182046/
23 апр 2026;10:34:16.660 [default-nioEventLoopGroup-1-4] TRACE i.m.h.client.netty.DefaultHttpClient - Authorization: Basic c3VwZXJhZG1pbjp1bGFu
23 апр 2026;10:34:16.660 [default-nioEventLoopGroup-1-4] TRACE i.m.h.client.netty.DefaultHttpClient - Cookie: SSOcookie=57b46714-2f27-46b7-9921-8d8de8bba70d
23 апр 2026;10:34:16.660 [default-nioEventLoopGroup-1-4] TRACE i.m.h.client.netty.DefaultHttpClient - host: 192.168.0.77:8080
23 апр 2026;10:34:16.661 [default-nioEventLoopGroup-1-4] TRACE i.m.h.client.netty.DefaultHttpClient - connection: close
23 апр 2026;10:34:16.682 [default-nioEventLoopGroup-1-4] DEBUG i.m.h.client.netty.DefaultHttpClient - Received response 200 from http://192.168.0.77:8080/rest/entrypoint/branches/6/visits/182046/
23 апр 2026;10:34:16.682 [default-nioEventLoopGroup-1-4] TRACE i.m.h.client.netty.DefaultHttpClient - HTTP Client Response Received (200 OK) for Request: GET http://192.168.0.77:8080/rest/entrypoint/branches/6/visits/182046/
23 апр 2026;10:34:16.682 [default-nioEventLoopGroup-1-4] TRACE i.m.h.client.netty.DefaultHttpClient - Cache-Control: no-store, no-cache, max-age=0, must-revalidate
23 апр 2026;10:34:16.683 [default-nioEventLoopGroup-1-4] TRACE i.m.h.client.netty.DefaultHttpClient - X-Powered-By: Undertow/1
23 апр 2026;10:34:16.683 [default-nioEventLoopGroup-1-4] TRACE i.m.h.client.netty.DefaultHttpClient - Server: WildFly/8
23 апр 2026;10:34:16.683 [default-nioEventLoopGroup-1-4] TRACE i.m.h.client.netty.DefaultHttpClient - X-XSS-Protection: 1
23 апр 2026;10:34:16.683 [default-nioEventLoopGroup-1-4] TRACE i.m.h.client.netty.DefaultHttpClient - X-Frame-Options: SAMEORIGIN
23 апр 2026;10:34:16.683 [default-nioEventLoopGroup-1-4] TRACE i.m.h.client.netty.DefaultHttpClient - Content-Security-Policy: default-src *; style-src * 'unsafe-inline'; script-src * 'unsafe-inline' 'unsafe-eval'; img-src * data: 'unsafe-inline'; connect-src * 'unsafe-inline'; frame-src *;
23 апр 2026;10:34:16.683 [default-nioEventLoopGroup-1-4] TRACE i.m.h.client.netty.DefaultHttpClient - Date: Thu, 23 Apr 2026 07:34:16 GMT
23 апр 2026;10:34:16.683 [default-nioEventLoopGroup-1-4] TRACE i.m.h.client.netty.DefaultHttpClient - Connection: close
23 апр 2026;10:34:16.683 [default-nioEventLoopGroup-1-4] TRACE i.m.h.client.netty.DefaultHttpClient - X-Content-Type-Options: nosniff
23 апр 2026;10:34:16.683 [default-nioEventLoopGroup-1-4] TRACE i.m.h.client.netty.DefaultHttpClient - Strict-Transport-Security: max-age=31536000; includeSubDomains
23 апр 2026;10:34:16.683 [default-nioEventLoopGroup-1-4] TRACE i.m.h.client.netty.DefaultHttpClient - Content-Type: application/json
23 апр 2026;10:34:16.683 [default-nioEventLoopGroup-1-4] TRACE i.m.h.client.netty.DefaultHttpClient - content-length: 1617
23 апр 2026;10:34:16.683 [default-nioEventLoopGroup-1-4] TRACE i.m.h.client.netty.DefaultHttpClient - Response Body
23 апр 2026;10:34:16.683 [default-nioEventLoopGroup-1-4] TRACE i.m.h.client.netty.DefaultHttpClient - ----
23 апр 2026;10:34:16.683 [default-nioEventLoopGroup-1-4] TRACE i.m.h.client.netty.DefaultHttpClient - {"id":182046,"checksum":"1968446263","ticketId":"A2195","unservedVisitServices":[{"id":190971,"eventTime":"10:33","serviceId":7,"serviceInternalName":"Оккулист","serviceExternalName":"Оккулист","visitDeliveredServices":[],"visitOutcome":null,"outcomeExists":false,"deliveredServiceExists":false},{"id":190972,"eventTime":"10:33","serviceId":6,"serviceInternalName":"Стоматолог","serviceExternalName":"Стоматолог","visitDeliveredServices":[],"visitOutcome":null,"outcomeExists":false,"deliveredServiceExists":false},{"id":190973,"eventTime":"10:33","serviceId":5,"serviceInternalName":"Терапевт","serviceExternalName":"Терапевт","visitDeliveredServices":[],"visitOutcome":null,"outcomeExists":false,"deliveredServiceExists":false},{"id":190974,"eventTime":"10:33","serviceId":4,"serviceInternalName":"Хирург","serviceExternalName":"Хирург","visitDeliveredServices":[],"visitOutcome":null,"outcomeExists":false,"deliveredServiceExists":false}],"currentVisitService":{"id":190970,"eventTime":"10:33","serviceId":4,"serviceInternalName":"Хирург","serviceExternalName":"Хирург","visitDeliveredServices":[],"visitOutcome":null,"outcomeExists":false,"deliveredServiceExists":false},"servedVisitServices":[],"visitMarks":[],"customerIds":[],"waitingTime":33,"totalWaitingTime":0,"timeSinceCalled":0,"recycleAllowed":false,"noshowAllowed":false,"recallAllowed":false,"parameterMap":{"currentQueueOrigId":10,"branchName":"Chat_Bot_Demo","startQueueOrigId":98,"totWaitTime":0},"appointmentId":null,"appointmentTime":null,"branchCurrentTime":"10:34:16"}
23 апр 2026;10:34:16.683 [default-nioEventLoopGroup-1-4] TRACE i.m.h.client.netty.DefaultHttpClient - ----
23 апр 2026;10:34:16.687 [default-nioEventLoopGroup-1-5] DEBUG i.m.h.client.netty.DefaultHttpClient - Sending HTTP GET to http://192.168.0.77:8080/rest/entrypoint/branches/6/visits/182047/
23 апр 2026;10:34:16.687 [default-nioEventLoopGroup-1-5] TRACE i.m.h.client.netty.DefaultHttpClient - Authorization: Basic c3VwZXJhZG1pbjp1bGFu
23 апр 2026;10:34:16.687 [default-nioEventLoopGroup-1-5] TRACE i.m.h.client.netty.DefaultHttpClient - Cookie: SSOcookie=57b46714-2f27-46b7-9921-8d8de8bba70d
23 апр 2026;10:34:16.687 [default-nioEventLoopGroup-1-5] TRACE i.m.h.client.netty.DefaultHttpClient - host: 192.168.0.77:8080
23 апр 2026;10:34:16.687 [default-nioEventLoopGroup-1-5] TRACE i.m.h.client.netty.DefaultHttpClient - connection: close
23 апр 2026;10:34:16.705 [default-nioEventLoopGroup-1-5] DEBUG i.m.h.client.netty.DefaultHttpClient - Received response 200 from http://192.168.0.77:8080/rest/entrypoint/branches/6/visits/182047/
23 апр 2026;10:34:16.705 [default-nioEventLoopGroup-1-5] TRACE i.m.h.client.netty.DefaultHttpClient - HTTP Client Response Received (200 OK) for Request: GET http://192.168.0.77:8080/rest/entrypoint/branches/6/visits/182047/
23 апр 2026;10:34:16.705 [default-nioEventLoopGroup-1-5] TRACE i.m.h.client.netty.DefaultHttpClient - Cache-Control: no-store, no-cache, max-age=0, must-revalidate
23 апр 2026;10:34:16.706 [default-nioEventLoopGroup-1-5] TRACE i.m.h.client.netty.DefaultHttpClient - X-Powered-By: Undertow/1
23 апр 2026;10:34:16.706 [default-nioEventLoopGroup-1-5] TRACE i.m.h.client.netty.DefaultHttpClient - Server: WildFly/8
23 апр 2026;10:34:16.706 [default-nioEventLoopGroup-1-5] TRACE i.m.h.client.netty.DefaultHttpClient - X-XSS-Protection: 1
23 апр 2026;10:34:16.706 [default-nioEventLoopGroup-1-5] TRACE i.m.h.client.netty.DefaultHttpClient - X-Frame-Options: SAMEORIGIN
23 апр 2026;10:34:16.706 [default-nioEventLoopGroup-1-5] TRACE i.m.h.client.netty.DefaultHttpClient - Content-Security-Policy: default-src *; style-src * 'unsafe-inline'; script-src * 'unsafe-inline' 'unsafe-eval'; img-src * data: 'unsafe-inline'; connect-src * 'unsafe-inline'; frame-src *;
23 апр 2026;10:34:16.706 [default-nioEventLoopGroup-1-5] TRACE i.m.h.client.netty.DefaultHttpClient - Date: Thu, 23 Apr 2026 07:34:16 GMT
23 апр 2026;10:34:16.706 [default-nioEventLoopGroup-1-5] TRACE i.m.h.client.netty.DefaultHttpClient - Connection: close
23 апр 2026;10:34:16.706 [default-nioEventLoopGroup-1-5] TRACE i.m.h.client.netty.DefaultHttpClient - X-Content-Type-Options: nosniff
23 апр 2026;10:34:16.706 [default-nioEventLoopGroup-1-5] TRACE i.m.h.client.netty.DefaultHttpClient - Strict-Transport-Security: max-age=31536000; includeSubDomains
23 апр 2026;10:34:16.706 [default-nioEventLoopGroup-1-5] TRACE i.m.h.client.netty.DefaultHttpClient - Content-Type: application/json
23 апр 2026;10:34:16.706 [default-nioEventLoopGroup-1-5] TRACE i.m.h.client.netty.DefaultHttpClient - content-length: 1653
23 апр 2026;10:34:16.706 [default-nioEventLoopGroup-1-5] TRACE i.m.h.client.netty.DefaultHttpClient - Response Body
23 апр 2026;10:34:16.706 [default-nioEventLoopGroup-1-5] TRACE i.m.h.client.netty.DefaultHttpClient - ----
23 апр 2026;10:34:16.706 [default-nioEventLoopGroup-1-5] TRACE i.m.h.client.netty.DefaultHttpClient - {"id":182047,"checksum":"199993651","ticketId":"A2196","unservedVisitServices":[{"id":190976,"eventTime":"10:33","serviceId":7,"serviceInternalName":"Оккулист","serviceExternalName":"Оккулист","visitDeliveredServices":[],"visitOutcome":null,"outcomeExists":false,"deliveredServiceExists":false},{"id":190977,"eventTime":"10:33","serviceId":6,"serviceInternalName":"Стоматолог","serviceExternalName":"Стоматолог","visitDeliveredServices":[],"visitOutcome":null,"outcomeExists":false,"deliveredServiceExists":false},{"id":190978,"eventTime":"10:33","serviceId":5,"serviceInternalName":"Терапевт","serviceExternalName":"Терапевт","visitDeliveredServices":[],"visitOutcome":null,"outcomeExists":false,"deliveredServiceExists":false},{"id":190979,"eventTime":"10:33","serviceId":4,"serviceInternalName":"Хирург","serviceExternalName":"Хирург","visitDeliveredServices":[],"visitOutcome":null,"outcomeExists":false,"deliveredServiceExists":false}],"currentVisitService":{"id":190975,"eventTime":"10:33","serviceId":72,"serviceInternalName":"Врач не назначен","serviceExternalName":"Врач не назначен","visitDeliveredServices":[],"visitOutcome":null,"outcomeExists":false,"deliveredServiceExists":false},"servedVisitServices":[],"visitMarks":[],"customerIds":[],"waitingTime":33,"totalWaitingTime":0,"timeSinceCalled":0,"recycleAllowed":false,"noshowAllowed":false,"recallAllowed":false,"parameterMap":{"currentQueueOrigId":98,"startQueueOrigId":98,"branchName":"Chat_Bot_Demo","totWaitTime":0},"appointmentId":null,"appointmentTime":null,"branchCurrentTime":"10:34:16"}
23 апр 2026;10:34:16.706 [default-nioEventLoopGroup-1-5] TRACE i.m.h.client.netty.DefaultHttpClient - ----
23 апр 2026;10:34:16.709 [default-nioEventLoopGroup-1-6] DEBUG i.m.h.client.netty.DefaultHttpClient - Sending HTTP GET to http://192.168.0.77:8080/rest/entrypoint/branches/6/visits/182047/
23 апр 2026;10:34:16.709 [default-nioEventLoopGroup-1-6] TRACE i.m.h.client.netty.DefaultHttpClient - Authorization: Basic c3VwZXJhZG1pbjp1bGFu
23 апр 2026;10:34:16.710 [default-nioEventLoopGroup-1-6] TRACE i.m.h.client.netty.DefaultHttpClient - Cookie: SSOcookie=57b46714-2f27-46b7-9921-8d8de8bba70d
23 апр 2026;10:34:16.710 [default-nioEventLoopGroup-1-6] TRACE i.m.h.client.netty.DefaultHttpClient - host: 192.168.0.77:8080
23 апр 2026;10:34:16.710 [default-nioEventLoopGroup-1-6] TRACE i.m.h.client.netty.DefaultHttpClient - connection: close
23 апр 2026;10:34:16.730 [default-nioEventLoopGroup-1-6] DEBUG i.m.h.client.netty.DefaultHttpClient - Received response 200 from http://192.168.0.77:8080/rest/entrypoint/branches/6/visits/182047/
23 апр 2026;10:34:16.730 [default-nioEventLoopGroup-1-6] TRACE i.m.h.client.netty.DefaultHttpClient - HTTP Client Response Received (200 OK) for Request: GET http://192.168.0.77:8080/rest/entrypoint/branches/6/visits/182047/
23 апр 2026;10:34:16.730 [default-nioEventLoopGroup-1-6] TRACE i.m.h.client.netty.DefaultHttpClient - Cache-Control: no-store, no-cache, max-age=0, must-revalidate
23 апр 2026;10:34:16.730 [default-nioEventLoopGroup-1-6] TRACE i.m.h.client.netty.DefaultHttpClient - X-Powered-By: Undertow/1
23 апр 2026;10:34:16.730 [default-nioEventLoopGroup-1-6] TRACE i.m.h.client.netty.DefaultHttpClient - Server: WildFly/8
23 апр 2026;10:34:16.730 [default-nioEventLoopGroup-1-6] TRACE i.m.h.client.netty.DefaultHttpClient - X-XSS-Protection: 1
23 апр 2026;10:34:16.730 [default-nioEventLoopGroup-1-6] TRACE i.m.h.client.netty.DefaultHttpClient - X-Frame-Options: SAMEORIGIN
23 апр 2026;10:34:16.730 [default-nioEventLoopGroup-1-6] TRACE i.m.h.client.netty.DefaultHttpClient - Content-Security-Policy: default-src *; style-src * 'unsafe-inline'; script-src * 'unsafe-inline' 'unsafe-eval'; img-src * data: 'unsafe-inline'; connect-src * 'unsafe-inline'; frame-src *;
23 апр 2026;10:34:16.730 [default-nioEventLoopGroup-1-6] TRACE i.m.h.client.netty.DefaultHttpClient - Date: Thu, 23 Apr 2026 07:34:16 GMT
23 апр 2026;10:34:16.730 [default-nioEventLoopGroup-1-6] TRACE i.m.h.client.netty.DefaultHttpClient - Connection: close
23 апр 2026;10:34:16.730 [default-nioEventLoopGroup-1-6] TRACE i.m.h.client.netty.DefaultHttpClient - X-Content-Type-Options: nosniff
23 апр 2026;10:34:16.730 [default-nioEventLoopGroup-1-6] TRACE i.m.h.client.netty.DefaultHttpClient - Strict-Transport-Security: max-age=31536000; includeSubDomains
23 апр 2026;10:34:16.730 [default-nioEventLoopGroup-1-6] TRACE i.m.h.client.netty.DefaultHttpClient - Content-Type: application/json
23 апр 2026;10:34:16.730 [default-nioEventLoopGroup-1-6] TRACE i.m.h.client.netty.DefaultHttpClient - content-length: 1653
23 апр 2026;10:34:16.730 [default-nioEventLoopGroup-1-6] TRACE i.m.h.client.netty.DefaultHttpClient - Response Body
23 апр 2026;10:34:16.730 [default-nioEventLoopGroup-1-6] TRACE i.m.h.client.netty.DefaultHttpClient - ----
23 апр 2026;10:34:16.730 [default-nioEventLoopGroup-1-6] TRACE i.m.h.client.netty.DefaultHttpClient - {"id":182047,"checksum":"199993651","ticketId":"A2196","unservedVisitServices":[{"id":190976,"eventTime":"10:33","serviceId":7,"serviceInternalName":"Оккулист","serviceExternalName":"Оккулист","visitDeliveredServices":[],"visitOutcome":null,"outcomeExists":false,"deliveredServiceExists":false},{"id":190977,"eventTime":"10:33","serviceId":6,"serviceInternalName":"Стоматолог","serviceExternalName":"Стоматолог","visitDeliveredServices":[],"visitOutcome":null,"outcomeExists":false,"deliveredServiceExists":false},{"id":190978,"eventTime":"10:33","serviceId":5,"serviceInternalName":"Терапевт","serviceExternalName":"Терапевт","visitDeliveredServices":[],"visitOutcome":null,"outcomeExists":false,"deliveredServiceExists":false},{"id":190979,"eventTime":"10:33","serviceId":4,"serviceInternalName":"Хирург","serviceExternalName":"Хирург","visitDeliveredServices":[],"visitOutcome":null,"outcomeExists":false,"deliveredServiceExists":false}],"currentVisitService":{"id":190975,"eventTime":"10:33","serviceId":72,"serviceInternalName":"Врач не назначен","serviceExternalName":"Врач не назначен","visitDeliveredServices":[],"visitOutcome":null,"outcomeExists":false,"deliveredServiceExists":false},"servedVisitServices":[],"visitMarks":[],"customerIds":[],"waitingTime":33,"totalWaitingTime":0,"timeSinceCalled":0,"recycleAllowed":false,"noshowAllowed":false,"recallAllowed":false,"parameterMap":{"currentQueueOrigId":98,"startQueueOrigId":98,"branchName":"Chat_Bot_Demo","totWaitTime":0},"appointmentId":null,"appointmentTime":null,"branchCurrentTime":"10:34:16"}
23 апр 2026;10:34:16.730 [default-nioEventLoopGroup-1-6] TRACE i.m.h.client.netty.DefaultHttpClient - ----
23 апр 2026;10:34:16.734 [default-nioEventLoopGroup-1-7] DEBUG i.m.h.client.netty.DefaultHttpClient - Sending HTTP PUT to http://192.168.0.77:8080/rest/entrypoint/branches/6/visits/182047/services/4/
23 апр 2026;10:34:16.734 [default-nioEventLoopGroup-1-7] TRACE i.m.h.client.netty.DefaultHttpClient - Authorization: Basic c3VwZXJhZG1pbjp1bGFu
23 апр 2026;10:34:16.734 [default-nioEventLoopGroup-1-7] TRACE i.m.h.client.netty.DefaultHttpClient - Content-Type: application/json
23 апр 2026;10:34:16.734 [default-nioEventLoopGroup-1-7] TRACE i.m.h.client.netty.DefaultHttpClient - Accept: application/json
23 апр 2026;10:34:16.734 [default-nioEventLoopGroup-1-7] TRACE i.m.h.client.netty.DefaultHttpClient - host: 192.168.0.77:8080
23 апр 2026;10:34:16.734 [default-nioEventLoopGroup-1-7] TRACE i.m.h.client.netty.DefaultHttpClient - connection: close
23 апр 2026;10:34:16.734 [default-nioEventLoopGroup-1-7] TRACE i.m.h.client.netty.DefaultHttpClient - content-length: 0
23 апр 2026;10:34:16.734 [default-nioEventLoopGroup-1-7] TRACE i.m.h.client.netty.DefaultHttpClient - Request Body
23 апр 2026;10:34:16.734 [default-nioEventLoopGroup-1-7] TRACE i.m.h.client.netty.DefaultHttpClient - ----
23 апр 2026;10:34:16.734 [default-nioEventLoopGroup-1-7] TRACE i.m.h.client.netty.DefaultHttpClient - 
23 апр 2026;10:34:16.734 [default-nioEventLoopGroup-1-7] TRACE i.m.h.client.netty.DefaultHttpClient - ----
23 апр 2026;10:34:17.202 [default-nioEventLoopGroup-1-7] DEBUG i.m.h.client.netty.DefaultHttpClient - Received response 200 from http://192.168.0.77:8080/rest/entrypoint/branches/6/visits/182047/services/4/
23 апр 2026;10:34:17.202 [default-nioEventLoopGroup-1-7] TRACE i.m.h.client.netty.DefaultHttpClient - HTTP Client Response Received (200 OK) for Request: PUT http://192.168.0.77:8080/rest/entrypoint/branches/6/visits/182047/services/4/
23 апр 2026;10:34:17.202 [default-nioEventLoopGroup-1-7] TRACE i.m.h.client.netty.DefaultHttpClient - X-Powered-By: Undertow/1
23 апр 2026;10:34:17.202 [default-nioEventLoopGroup-1-7] TRACE i.m.h.client.netty.DefaultHttpClient - Set-Cookie: SSOcookie=dee97a6f-4bb7-4785-b868-f2a29435eaca; Path=/; HttpOnly
23 апр 2026;10:34:17.202 [default-nioEventLoopGroup-1-7] TRACE i.m.h.client.netty.DefaultHttpClient - Set-Cookie: rememberMe=deleteMe; Path=/; Max-Age=0; Expires=Wed, 22-Apr-2026 07:34:17 GMT
23 апр 2026;10:34:17.203 [default-nioEventLoopGroup-1-7] TRACE i.m.h.client.netty.DefaultHttpClient - Server: WildFly/8
23 апр 2026;10:34:17.203 [default-nioEventLoopGroup-1-7] TRACE i.m.h.client.netty.DefaultHttpClient - X-XSS-Protection: 1
23 апр 2026;10:34:17.203 [default-nioEventLoopGroup-1-7] TRACE i.m.h.client.netty.DefaultHttpClient - X-Frame-Options: SAMEORIGIN
23 апр 2026;10:34:17.203 [default-nioEventLoopGroup-1-7] TRACE i.m.h.client.netty.DefaultHttpClient - Content-Security-Policy: default-src *; style-src * 'unsafe-inline'; script-src * 'unsafe-inline' 'unsafe-eval'; img-src * data: 'unsafe-inline'; connect-src * 'unsafe-inline'; frame-src *;
23 апр 2026;10:34:17.203 [default-nioEventLoopGroup-1-7] TRACE i.m.h.client.netty.DefaultHttpClient - Date: Thu, 23 Apr 2026 07:34:17 GMT
23 апр 2026;10:34:17.203 [default-nioEventLoopGroup-1-7] TRACE i.m.h.client.netty.DefaultHttpClient - Connection: close
23 апр 2026;10:34:17.203 [default-nioEventLoopGroup-1-7] TRACE i.m.h.client.netty.DefaultHttpClient - X-Content-Type-Options: nosniff
23 апр 2026;10:34:17.203 [default-nioEventLoopGroup-1-7] TRACE i.m.h.client.netty.DefaultHttpClient - Strict-Transport-Security: max-age=31536000; includeSubDomains
23 апр 2026;10:34:17.203 [default-nioEventLoopGroup-1-7] TRACE i.m.h.client.netty.DefaultHttpClient - Content-Type: application/json
23 апр 2026;10:34:17.203 [default-nioEventLoopGroup-1-7] TRACE i.m.h.client.netty.DefaultHttpClient - content-length: 1870
23 апр 2026;10:34:17.205 [default-nioEventLoopGroup-1-7] TRACE i.m.h.client.netty.DefaultHttpClient - Response Body
23 апр 2026;10:34:17.205 [default-nioEventLoopGroup-1-7] TRACE i.m.h.client.netty.DefaultHttpClient - ----
23 апр 2026;10:34:17.205 [default-nioEventLoopGroup-1-7] TRACE i.m.h.client.netty.DefaultHttpClient - {"branchId":6,"userState":"INACTIVE","visitState":"OK","servicePointId":1,"servicePointName":"Кабинет 13","servicePointState":"OPEN","visit":{"id":182047,"checksum":"199993651","ticketId":"A2196","unservedVisitServices":[{"id":190976,"eventTime":"10:33","serviceId":7,"serviceInternalName":"Оккулист","serviceExternalName":"Оккулист","visitDeliveredServices":[],"visitOutcome":null,"outcomeExists":false,"deliveredServiceExists":false},{"id":190977,"eventTime":"10:33","serviceId":6,"serviceInternalName":"Стоматолог","serviceExternalName":"Стоматолог","visitDeliveredServices":[],"visitOutcome":null,"outcomeExists":false,"deliveredServiceExists":false},{"id":190978,"eventTime":"10:33","serviceId":5,"serviceInternalName":"Терапевт","serviceExternalName":"Терапевт","visitDeliveredServices":[],"visitOutcome":null,"outcomeExists":false,"deliveredServiceExists":false},{"id":190979,"eventTime":"10:33","serviceId":4,"serviceInternalName":"Хирург","serviceExternalName":"Хирург","visitDeliveredServices":[],"visitOutcome":null,"outcomeExists":false,"deliveredServiceExists":false}],"currentVisitService":{"id":190975,"eventTime":"10:33","serviceId":4,"serviceInternalName":"Хирург","serviceExternalName":"Хирург","visitDeliveredServices":[],"visitOutcome":null,"outcomeExists":false,"deliveredServiceExists":false},"servedVisitServices":[],"visitMarks":[],"customerIds":[],"waitingTime":33,"totalWaitingTime":0,"timeSinceCalled":0,"recycleAllowed":false,"noshowAllowed":false,"recallAllowed":false,"parameterMap":{"startQueueOrigId":98,"branchName":"Chat_Bot_Demo","totWaitTime":0},"appointmentId":null,"appointmentTime":null,"branchCurrentTime":"10:34:17"},"workProfileId":7,"workProfileName":"Универсал","servicePointDeviceTypes":["POSITIONAL","SW_SERVICE_POINT","Spotlight"]}
23 апр 2026;10:34:17.205 [default-nioEventLoopGroup-1-7] TRACE i.m.h.client.netty.DefaultHttpClient - ----
23 апр 2026;10:34:17.225 [default-nioEventLoopGroup-1-8] DEBUG i.m.h.client.netty.DefaultHttpClient - Sending HTTP PUT to http://192.168.0.77:8080/rest/entrypoint/branches/6/queues/10/visits/
23 апр 2026;10:34:17.225 [default-nioEventLoopGroup-1-8] TRACE i.m.h.client.netty.DefaultHttpClient - Authorization: Basic c3VwZXJhZG1pbjp1bGFu
23 апр 2026;10:34:17.226 [default-nioEventLoopGroup-1-8] TRACE i.m.h.client.netty.DefaultHttpClient - Content-Type: application/json
23 апр 2026;10:34:17.226 [default-nioEventLoopGroup-1-8] TRACE i.m.h.client.netty.DefaultHttpClient - Accept: application/json
23 апр 2026;10:34:17.226 [default-nioEventLoopGroup-1-8] TRACE i.m.h.client.netty.DefaultHttpClient - host: 192.168.0.77:8080
23 апр 2026;10:34:17.226 [default-nioEventLoopGroup-1-8] TRACE i.m.h.client.netty.DefaultHttpClient - connection: close
23 апр 2026;10:34:17.226 [default-nioEventLoopGroup-1-8] TRACE i.m.h.client.netty.DefaultHttpClient - content-length: 46
23 апр 2026;10:34:17.226 [default-nioEventLoopGroup-1-8] TRACE i.m.h.client.netty.DefaultHttpClient - Request Body
23 апр 2026;10:34:17.227 [default-nioEventLoopGroup-1-8] TRACE i.m.h.client.netty.DefaultHttpClient - ----
23 апр 2026;10:34:17.227 [default-nioEventLoopGroup-1-8] TRACE i.m.h.client.netty.DefaultHttpClient - {"visitId":182047,"fromBranchId":6,"fromId":1}
23 апр 2026;10:34:17.228 [default-nioEventLoopGroup-1-8] TRACE i.m.h.client.netty.DefaultHttpClient - ----
23 апр 2026;10:34:17.954 [default-nioEventLoopGroup-1-8] DEBUG i.m.h.client.netty.DefaultHttpClient - Received response 204 from http://192.168.0.77:8080/rest/entrypoint/branches/6/queues/10/visits/
23 апр 2026;10:34:17.954 [default-nioEventLoopGroup-1-8] TRACE i.m.h.client.netty.DefaultHttpClient - HTTP Client Response Received (204 No Content) for Request: PUT http://192.168.0.77:8080/rest/entrypoint/branches/6/queues/10/visits/
23 апр 2026;10:34:17.954 [default-nioEventLoopGroup-1-8] TRACE i.m.h.client.netty.DefaultHttpClient - X-Powered-By: Undertow/1
23 апр 2026;10:34:17.954 [default-nioEventLoopGroup-1-8] TRACE i.m.h.client.netty.DefaultHttpClient - Set-Cookie: SSOcookie=0007ad41-8e39-4346-bfc2-4ebba41fd6b8; Path=/; HttpOnly
23 апр 2026;10:34:17.954 [default-nioEventLoopGroup-1-8] TRACE i.m.h.client.netty.DefaultHttpClient - Set-Cookie: rememberMe=deleteMe; Path=/; Max-Age=0; Expires=Wed, 22-Apr-2026 07:34:17 GMT
23 апр 2026;10:34:17.954 [default-nioEventLoopGroup-1-8] TRACE i.m.h.client.netty.DefaultHttpClient - Server: WildFly/8
23 апр 2026;10:34:17.954 [default-nioEventLoopGroup-1-8] TRACE i.m.h.client.netty.DefaultHttpClient - X-XSS-Protection: 1
23 апр 2026;10:34:17.954 [default-nioEventLoopGroup-1-8] TRACE i.m.h.client.netty.DefaultHttpClient - X-Frame-Options: SAMEORIGIN
23 апр 2026;10:34:17.954 [default-nioEventLoopGroup-1-8] TRACE i.m.h.client.netty.DefaultHttpClient - Content-Security-Policy: default-src *; style-src * 'unsafe-inline'; script-src * 'unsafe-inline' 'unsafe-eval'; img-src * data: 'unsafe-inline'; connect-src * 'unsafe-inline'; frame-src *;
23 апр 2026;10:34:17.954 [default-nioEventLoopGroup-1-8] TRACE i.m.h.client.netty.DefaultHttpClient - Date: Thu, 23 Apr 2026 07:34:17 GMT
23 апр 2026;10:34:17.954 [default-nioEventLoopGroup-1-8] TRACE i.m.h.client.netty.DefaultHttpClient - X-Content-Type-Options: nosniff
23 апр 2026;10:34:17.954 [default-nioEventLoopGroup-1-8] TRACE i.m.h.client.netty.DefaultHttpClient - Strict-Transport-Security: max-age=31536000; includeSubDomains
23 апр 2026;10:34:17.954 [default-nioEventLoopGroup-1-8] TRACE i.m.h.client.netty.DefaultHttpClient - Response Body
23 апр 2026;10:34:17.954 [default-nioEventLoopGroup-1-8] TRACE i.m.h.client.netty.DefaultHttpClient - ----
23 апр 2026;10:34:17.954 [default-nioEventLoopGroup-1-8] TRACE i.m.h.client.netty.DefaultHttpClient - 
23 апр 2026;10:34:17.954 [default-nioEventLoopGroup-1-8] TRACE i.m.h.client.netty.DefaultHttpClient - ----
23 апр 2026;10:34:17.955 [default-nioEventLoopGroup-1-8] TRACE i.m.h.client.netty.DefaultHttpClient - Full HTTP response received an empty body
23 апр 2026;10:34:17.955 [default-nioEventLoopGroup-1-8] TRACE i.m.h.client.netty.DefaultHttpClient - Unable to convert response body to target type class [B
23 апр 2026;10:34:17.955 [SimpleAsyncTaskExecutor-1] TRACE i.m.h.client.netty.DefaultHttpClient - Unable to convert response body to target type class [B
23 апр 2026;10:34:17.959 [default-nioEventLoopGroup-1-9] DEBUG i.m.h.client.netty.DefaultHttpClient - Sending HTTP GET to http://192.168.0.77:8080/rest/entrypoint/branches/6/visits/182047/
23 апр 2026;10:34:17.959 [default-nioEventLoopGroup-1-9] TRACE i.m.h.client.netty.DefaultHttpClient - Authorization: Basic c3VwZXJhZG1pbjp1bGFu
23 апр 2026;10:34:17.959 [default-nioEventLoopGroup-1-9] TRACE i.m.h.client.netty.DefaultHttpClient - Cookie: SSOcookie=57b46714-2f27-46b7-9921-8d8de8bba70d
23 апр 2026;10:34:17.959 [default-nioEventLoopGroup-1-9] TRACE i.m.h.client.netty.DefaultHttpClient - host: 192.168.0.77:8080
23 апр 2026;10:34:17.959 [default-nioEventLoopGroup-1-9] TRACE i.m.h.client.netty.DefaultHttpClient - connection: close
23 апр 2026;10:34:17.977 [default-nioEventLoopGroup-1-9] DEBUG i.m.h.client.netty.DefaultHttpClient - Received response 200 from http://192.168.0.77:8080/rest/entrypoint/branches/6/visits/182047/
23 апр 2026;10:34:17.978 [default-nioEventLoopGroup-1-9] TRACE i.m.h.client.netty.DefaultHttpClient - HTTP Client Response Received (200 OK) for Request: GET http://192.168.0.77:8080/rest/entrypoint/branches/6/visits/182047/
23 апр 2026;10:34:17.978 [default-nioEventLoopGroup-1-9] TRACE i.m.h.client.netty.DefaultHttpClient - Cache-Control: no-store, no-cache, max-age=0, must-revalidate
23 апр 2026;10:34:17.978 [default-nioEventLoopGroup-1-9] TRACE i.m.h.client.netty.DefaultHttpClient - X-Powered-By: Undertow/1
23 апр 2026;10:34:17.978 [default-nioEventLoopGroup-1-9] TRACE i.m.h.client.netty.DefaultHttpClient - Server: WildFly/8
23 апр 2026;10:34:17.978 [default-nioEventLoopGroup-1-9] TRACE i.m.h.client.netty.DefaultHttpClient - X-XSS-Protection: 1
23 апр 2026;10:34:17.978 [default-nioEventLoopGroup-1-9] TRACE i.m.h.client.netty.DefaultHttpClient - X-Frame-Options: SAMEORIGIN
23 апр 2026;10:34:17.978 [default-nioEventLoopGroup-1-9] TRACE i.m.h.client.netty.DefaultHttpClient - Content-Security-Policy: default-src *; style-src * 'unsafe-inline'; script-src * 'unsafe-inline' 'unsafe-eval'; img-src * data: 'unsafe-inline'; connect-src * 'unsafe-inline'; frame-src *;
23 апр 2026;10:34:17.978 [default-nioEventLoopGroup-1-9] TRACE i.m.h.client.netty.DefaultHttpClient - Date: Thu, 23 Apr 2026 07:34:17 GMT
23 апр 2026;10:34:17.978 [default-nioEventLoopGroup-1-9] TRACE i.m.h.client.netty.DefaultHttpClient - Connection: close
23 апр 2026;10:34:17.978 [default-nioEventLoopGroup-1-9] TRACE i.m.h.client.netty.DefaultHttpClient - X-Content-Type-Options: nosniff
23 апр 2026;10:34:17.978 [default-nioEventLoopGroup-1-9] TRACE i.m.h.client.netty.DefaultHttpClient - Strict-Transport-Security: max-age=31536000; includeSubDomains
23 апр 2026;10:34:17.978 [default-nioEventLoopGroup-1-9] TRACE i.m.h.client.netty.DefaultHttpClient - Content-Type: application/json
23 апр 2026;10:34:17.978 [default-nioEventLoopGroup-1-9] TRACE i.m.h.client.netty.DefaultHttpClient - content-length: 1616
23 апр 2026;10:34:17.978 [default-nioEventLoopGroup-1-9] TRACE i.m.h.client.netty.DefaultHttpClient - Response Body
23 апр 2026;10:34:17.978 [default-nioEventLoopGroup-1-9] TRACE i.m.h.client.netty.DefaultHttpClient - ----
23 апр 2026;10:34:17.978 [default-nioEventLoopGroup-1-9] TRACE i.m.h.client.netty.DefaultHttpClient - {"id":182047,"checksum":"199993651","ticketId":"A2196","unservedVisitServices":[{"id":190976,"eventTime":"10:33","serviceId":7,"serviceInternalName":"Оккулист","serviceExternalName":"Оккулист","visitDeliveredServices":[],"visitOutcome":null,"outcomeExists":false,"deliveredServiceExists":false},{"id":190977,"eventTime":"10:33","serviceId":6,"serviceInternalName":"Стоматолог","serviceExternalName":"Стоматолог","visitDeliveredServices":[],"visitOutcome":null,"outcomeExists":false,"deliveredServiceExists":false},{"id":190978,"eventTime":"10:33","serviceId":5,"serviceInternalName":"Терапевт","serviceExternalName":"Терапевт","visitDeliveredServices":[],"visitOutcome":null,"outcomeExists":false,"deliveredServiceExists":false},{"id":190979,"eventTime":"10:33","serviceId":4,"serviceInternalName":"Хирург","serviceExternalName":"Хирург","visitDeliveredServices":[],"visitOutcome":null,"outcomeExists":false,"deliveredServiceExists":false}],"currentVisitService":{"id":190975,"eventTime":"10:33","serviceId":4,"serviceInternalName":"Хирург","serviceExternalName":"Хирург","visitDeliveredServices":[],"visitOutcome":null,"outcomeExists":false,"deliveredServiceExists":false},"servedVisitServices":[],"visitMarks":[],"customerIds":[],"waitingTime":35,"totalWaitingTime":0,"timeSinceCalled":0,"recycleAllowed":false,"noshowAllowed":false,"recallAllowed":false,"parameterMap":{"currentQueueOrigId":10,"branchName":"Chat_Bot_Demo","startQueueOrigId":98,"totWaitTime":0},"appointmentId":null,"appointmentTime":null,"branchCurrentTime":"10:34:17"}
23 апр 2026;10:34:17.978 [default-nioEventLoopGroup-1-9] TRACE i.m.h.client.netty.DefaultHttpClient - ----
23 апр 2026;10:34:17.983 [default-nioEventLoopGroup-1-10] DEBUG i.m.h.client.netty.DefaultHttpClient - Sending HTTP GET to http://192.168.0.77:8080/rest/entrypoint/branches/6/visits/182048/
23 апр 2026;10:34:17.983 [default-nioEventLoopGroup-1-10] TRACE i.m.h.client.netty.DefaultHttpClient - Authorization: Basic c3VwZXJhZG1pbjp1bGFu
23 апр 2026;10:34:17.983 [default-nioEventLoopGroup-1-10] TRACE i.m.h.client.netty.DefaultHttpClient - Cookie: SSOcookie=57b46714-2f27-46b7-9921-8d8de8bba70d
23 апр 2026;10:34:17.983 [default-nioEventLoopGroup-1-10] TRACE i.m.h.client.netty.DefaultHttpClient - host: 192.168.0.77:8080
23 апр 2026;10:34:17.983 [default-nioEventLoopGroup-1-10] TRACE i.m.h.client.netty.DefaultHttpClient - connection: close
23 апр 2026;10:34:18.002 [default-nioEventLoopGroup-1-10] DEBUG i.m.h.client.netty.DefaultHttpClient - Received response 200 from http://192.168.0.77:8080/rest/entrypoint/branches/6/visits/182048/
23 апр 2026;10:34:18.002 [default-nioEventLoopGroup-1-10] TRACE i.m.h.client.netty.DefaultHttpClient - HTTP Client Response Received (200 OK) for Request: GET http://192.168.0.77:8080/rest/entrypoint/branches/6/visits/182048/
23 апр 2026;10:34:18.003 [default-nioEventLoopGroup-1-10] TRACE i.m.h.client.netty.DefaultHttpClient - Cache-Control: no-store, no-cache, max-age=0, must-revalidate
23 апр 2026;10:34:18.003 [default-nioEventLoopGroup-1-10] TRACE i.m.h.client.netty.DefaultHttpClient - X-Powered-By: Undertow/1
23 апр 2026;10:34:18.003 [default-nioEventLoopGroup-1-10] TRACE i.m.h.client.netty.DefaultHttpClient - Server: WildFly/8
23 апр 2026;10:34:18.003 [default-nioEventLoopGroup-1-10] TRACE i.m.h.client.netty.DefaultHttpClient - X-XSS-Protection: 1
23 апр 2026;10:34:18.003 [default-nioEventLoopGroup-1-10] TRACE i.m.h.client.netty.DefaultHttpClient - X-Frame-Options: SAMEORIGIN
23 апр 2026;10:34:18.003 [default-nioEventLoopGroup-1-10] TRACE i.m.h.client.netty.DefaultHttpClient - Content-Security-Policy: default-src *; style-src * 'unsafe-inline'; script-src * 'unsafe-inline' 'unsafe-eval'; img-src * data: 'unsafe-inline'; connect-src * 'unsafe-inline'; frame-src *;
23 апр 2026;10:34:18.003 [default-nioEventLoopGroup-1-10] TRACE i.m.h.client.netty.DefaultHttpClient - Date: Thu, 23 Apr 2026 07:34:17 GMT
23 апр 2026;10:34:18.003 [default-nioEventLoopGroup-1-10] TRACE i.m.h.client.netty.DefaultHttpClient - Connection: close
23 апр 2026;10:34:18.003 [default-nioEventLoopGroup-1-10] TRACE i.m.h.client.netty.DefaultHttpClient - X-Content-Type-Options: nosniff
23 апр 2026;10:34:18.003 [default-nioEventLoopGroup-1-10] TRACE i.m.h.client.netty.DefaultHttpClient - Strict-Transport-Security: max-age=31536000; includeSubDomains
23 апр 2026;10:34:18.003 [default-nioEventLoopGroup-1-10] TRACE i.m.h.client.netty.DefaultHttpClient - Content-Type: application/json
23 апр 2026;10:34:18.003 [default-nioEventLoopGroup-1-10] TRACE i.m.h.client.netty.DefaultHttpClient - content-length: 1654
23 апр 2026;10:34:18.003 [default-nioEventLoopGroup-1-10] TRACE i.m.h.client.netty.DefaultHttpClient - Response Body
23 апр 2026;10:34:18.003 [default-nioEventLoopGroup-1-10] TRACE i.m.h.client.netty.DefaultHttpClient - ----
23 апр 2026;10:34:18.003 [default-nioEventLoopGroup-1-10] TRACE i.m.h.client.netty.DefaultHttpClient - {"id":182048,"checksum":"1837050162","ticketId":"A2197","unservedVisitServices":[{"id":190981,"eventTime":"10:33","serviceId":7,"serviceInternalName":"Оккулист","serviceExternalName":"Оккулист","visitDeliveredServices":[],"visitOutcome":null,"outcomeExists":false,"deliveredServiceExists":false},{"id":190982,"eventTime":"10:33","serviceId":6,"serviceInternalName":"Стоматолог","serviceExternalName":"Стоматолог","visitDeliveredServices":[],"visitOutcome":null,"outcomeExists":false,"deliveredServiceExists":false},{"id":190983,"eventTime":"10:33","serviceId":5,"serviceInternalName":"Терапевт","serviceExternalName":"Терапевт","visitDeliveredServices":[],"visitOutcome":null,"outcomeExists":false,"deliveredServiceExists":false},{"id":190984,"eventTime":"10:33","serviceId":4,"serviceInternalName":"Хирург","serviceExternalName":"Хирург","visitDeliveredServices":[],"visitOutcome":null,"outcomeExists":false,"deliveredServiceExists":false}],"currentVisitService":{"id":190980,"eventTime":"10:33","serviceId":72,"serviceInternalName":"Врач не назначен","serviceExternalName":"Врач не назначен","visitDeliveredServices":[],"visitOutcome":null,"outcomeExists":false,"deliveredServiceExists":false},"servedVisitServices":[],"visitMarks":[],"customerIds":[],"waitingTime":34,"totalWaitingTime":0,"timeSinceCalled":0,"recycleAllowed":false,"noshowAllowed":false,"recallAllowed":false,"parameterMap":{"currentQueueOrigId":98,"startQueueOrigId":98,"branchName":"Chat_Bot_Demo","totWaitTime":0},"appointmentId":null,"appointmentTime":null,"branchCurrentTime":"10:34:17"}
23 апр 2026;10:34:18.003 [default-nioEventLoopGroup-1-10] TRACE i.m.h.client.netty.DefaultHttpClient - ----
23 апр 2026;10:34:18.008 [default-nioEventLoopGroup-1-11] DEBUG i.m.h.client.netty.DefaultHttpClient - Sending HTTP GET to http://192.168.0.77:8080/rest/entrypoint/branches/6/visits/182048/
23 апр 2026;10:34:18.008 [default-nioEventLoopGroup-1-11] TRACE i.m.h.client.netty.DefaultHttpClient - Authorization: Basic c3VwZXJhZG1pbjp1bGFu
23 апр 2026;10:34:18.008 [default-nioEventLoopGroup-1-11] TRACE i.m.h.client.netty.DefaultHttpClient - Cookie: SSOcookie=57b46714-2f27-46b7-9921-8d8de8bba70d
23 апр 2026;10:34:18.008 [default-nioEventLoopGroup-1-11] TRACE i.m.h.client.netty.DefaultHttpClient - host: 192.168.0.77:8080
23 апр 2026;10:34:18.008 [default-nioEventLoopGroup-1-11] TRACE i.m.h.client.netty.DefaultHttpClient - connection: close
23 апр 2026;10:34:18.025 [default-nioEventLoopGroup-1-11] DEBUG i.m.h.client.netty.DefaultHttpClient - Received response 200 from http://192.168.0.77:8080/rest/entrypoint/branches/6/visits/182048/
23 апр 2026;10:34:18.025 [default-nioEventLoopGroup-1-11] TRACE i.m.h.client.netty.DefaultHttpClient - HTTP Client Response Received (200 OK) for Request: GET http://192.168.0.77:8080/rest/entrypoint/branches/6/visits/182048/
23 апр 2026;10:34:18.025 [default-nioEventLoopGroup-1-11] TRACE i.m.h.client.netty.DefaultHttpClient - Cache-Control: no-store, no-cache, max-age=0, must-revalidate
23 апр 2026;10:34:18.025 [default-nioEventLoopGroup-1-11] TRACE i.m.h.client.netty.DefaultHttpClient - X-Powered-By: Undertow/1
23 апр 2026;10:34:18.025 [default-nioEventLoopGroup-1-11] TRACE i.m.h.client.netty.DefaultHttpClient - Server: WildFly/8
23 апр 2026;10:34:18.025 [default-nioEventLoopGroup-1-11] TRACE i.m.h.client.netty.DefaultHttpClient - X-XSS-Protection: 1
23 апр 2026;10:34:18.025 [default-nioEventLoopGroup-1-11] TRACE i.m.h.client.netty.DefaultHttpClient - X-Frame-Options: SAMEORIGIN
23 апр 2026;10:34:18.025 [default-nioEventLoopGroup-1-11] TRACE i.m.h.client.netty.DefaultHttpClient - Content-Security-Policy: default-src *; style-src * 'unsafe-inline'; script-src * 'unsafe-inline' 'unsafe-eval'; img-src * data: 'unsafe-inline'; connect-src * 'unsafe-inline'; frame-src *;
23 апр 2026;10:34:18.025 [default-nioEventLoopGroup-1-11] TRACE i.m.h.client.netty.DefaultHttpClient - Date: Thu, 23 Apr 2026 07:34:17 GMT
23 апр 2026;10:34:18.025 [default-nioEventLoopGroup-1-11] TRACE i.m.h.client.netty.DefaultHttpClient - Connection: close
23 апр 2026;10:34:18.025 [default-nioEventLoopGroup-1-11] TRACE i.m.h.client.netty.DefaultHttpClient - X-Content-Type-Options: nosniff
23 апр 2026;10:34:18.026 [default-nioEventLoopGroup-1-11] TRACE i.m.h.client.netty.DefaultHttpClient - Strict-Transport-Security: max-age=31536000; includeSubDomains
23 апр 2026;10:34:18.026 [default-nioEventLoopGroup-1-11] TRACE i.m.h.client.netty.DefaultHttpClient - Content-Type: application/json
23 апр 2026;10:34:18.026 [default-nioEventLoopGroup-1-11] TRACE i.m.h.client.netty.DefaultHttpClient - content-length: 1654
23 апр 2026;10:34:18.026 [default-nioEventLoopGroup-1-11] TRACE i.m.h.client.netty.DefaultHttpClient - Response Body
23 апр 2026;10:34:18.026 [default-nioEventLoopGroup-1-11] TRACE i.m.h.client.netty.DefaultHttpClient - ----
23 апр 2026;10:34:18.026 [default-nioEventLoopGroup-1-11] TRACE i.m.h.client.netty.DefaultHttpClient - {"id":182048,"checksum":"1837050162","ticketId":"A2197","unservedVisitServices":[{"id":190981,"eventTime":"10:33","serviceId":7,"serviceInternalName":"Оккулист","serviceExternalName":"Оккулист","visitDeliveredServices":[],"visitOutcome":null,"outcomeExists":false,"deliveredServiceExists":false},{"id":190982,"eventTime":"10:33","serviceId":6,"serviceInternalName":"Стоматолог","serviceExternalName":"Стоматолог","visitDeliveredServices":[],"visitOutcome":null,"outcomeExists":false,"deliveredServiceExists":false},{"id":190983,"eventTime":"10:33","serviceId":5,"serviceInternalName":"Терапевт","serviceExternalName":"Терапевт","visitDeliveredServices":[],"visitOutcome":null,"outcomeExists":false,"deliveredServiceExists":false},{"id":190984,"eventTime":"10:33","serviceId":4,"serviceInternalName":"Хирург","serviceExternalName":"Хирург","visitDeliveredServices":[],"visitOutcome":null,"outcomeExists":false,"deliveredServiceExists":false}],"currentVisitService":{"id":190980,"eventTime":"10:33","serviceId":72,"serviceInternalName":"Врач не назначен","serviceExternalName":"Врач не назначен","visitDeliveredServices":[],"visitOutcome":null,"outcomeExists":false,"deliveredServiceExists":false},"servedVisitServices":[],"visitMarks":[],"customerIds":[],"waitingTime":34,"totalWaitingTime":0,"timeSinceCalled":0,"recycleAllowed":false,"noshowAllowed":false,"recallAllowed":false,"parameterMap":{"currentQueueOrigId":98,"startQueueOrigId":98,"branchName":"Chat_Bot_Demo","totWaitTime":0},"appointmentId":null,"appointmentTime":null,"branchCurrentTime":"10:34:17"}
23 апр 2026;10:34:18.026 [default-nioEventLoopGroup-1-11] TRACE i.m.h.client.netty.DefaultHttpClient - ----
23 апр 2026;10:34:18.031 [default-nioEventLoopGroup-1-12] DEBUG i.m.h.client.netty.DefaultHttpClient - Sending HTTP PUT to http://192.168.0.77:8080/rest/entrypoint/branches/6/visits/182048/services/4/
23 апр 2026;10:34:18.031 [default-nioEventLoopGroup-1-12] TRACE i.m.h.client.netty.DefaultHttpClient - Authorization: Basic c3VwZXJhZG1pbjp1bGFu
23 апр 2026;10:34:18.031 [default-nioEventLoopGroup-1-12] TRACE i.m.h.client.netty.DefaultHttpClient - Content-Type: application/json
23 апр 2026;10:34:18.031 [default-nioEventLoopGroup-1-12] TRACE i.m.h.client.netty.DefaultHttpClient - Accept: application/json
23 апр 2026;10:34:18.031 [default-nioEventLoopGroup-1-12] TRACE i.m.h.client.netty.DefaultHttpClient - host: 192.168.0.77:8080
23 апр 2026;10:34:18.031 [default-nioEventLoopGroup-1-12] TRACE i.m.h.client.netty.DefaultHttpClient - connection: close
23 апр 2026;10:34:18.031 [default-nioEventLoopGroup-1-12] TRACE i.m.h.client.netty.DefaultHttpClient - content-length: 0
23 апр 2026;10:34:18.031 [default-nioEventLoopGroup-1-12] TRACE i.m.h.client.netty.DefaultHttpClient - Request Body
23 апр 2026;10:34:18.031 [default-nioEventLoopGroup-1-12] TRACE i.m.h.client.netty.DefaultHttpClient - ----
23 апр 2026;10:34:18.031 [default-nioEventLoopGroup-1-12] TRACE i.m.h.client.netty.DefaultHttpClient - 
23 апр 2026;10:34:18.031 [default-nioEventLoopGroup-1-12] TRACE i.m.h.client.netty.DefaultHttpClient - ----
23 апр 2026;10:34:18.495 [default-nioEventLoopGroup-1-12] DEBUG i.m.h.client.netty.DefaultHttpClient - Received response 200 from http://192.168.0.77:8080/rest/entrypoint/branches/6/visits/182048/services/4/
23 апр 2026;10:34:18.495 [default-nioEventLoopGroup-1-12] TRACE i.m.h.client.netty.DefaultHttpClient - HTTP Client Response Received (200 OK) for Request: PUT http://192.168.0.77:8080/rest/entrypoint/branches/6/visits/182048/services/4/
23 апр 2026;10:34:18.495 [default-nioEventLoopGroup-1-12] TRACE i.m.h.client.netty.DefaultHttpClient - X-Powered-By: Undertow/1
23 апр 2026;10:34:18.496 [default-nioEventLoopGroup-1-12] TRACE i.m.h.client.netty.DefaultHttpClient - Set-Cookie: SSOcookie=2ef1db49-0a8b-4b07-a816-50c7c047984a; Path=/; HttpOnly
23 апр 2026;10:34:18.496 [default-nioEventLoopGroup-1-12] TRACE i.m.h.client.netty.DefaultHttpClient - Set-Cookie: rememberMe=deleteMe; Path=/; Max-Age=0; Expires=Wed, 22-Apr-2026 07:34:18 GMT
23 апр 2026;10:34:18.496 [default-nioEventLoopGroup-1-12] TRACE i.m.h.client.netty.DefaultHttpClient - Server: WildFly/8
23 апр 2026;10:34:18.496 [default-nioEventLoopGroup-1-12] TRACE i.m.h.client.netty.DefaultHttpClient - X-XSS-Protection: 1
23 апр 2026;10:34:18.496 [default-nioEventLoopGroup-1-12] TRACE i.m.h.client.netty.DefaultHttpClient - X-Frame-Options: SAMEORIGIN
23 апр 2026;10:34:18.496 [default-nioEventLoopGroup-1-12] TRACE i.m.h.client.netty.DefaultHttpClient - Content-Security-Policy: default-src *; style-src * 'unsafe-inline'; script-src * 'unsafe-inline' 'unsafe-eval'; img-src * data: 'unsafe-inline'; connect-src * 'unsafe-inline'; frame-src *;
23 апр 2026;10:34:18.496 [default-nioEventLoopGroup-1-12] TRACE i.m.h.client.netty.DefaultHttpClient - Date: Thu, 23 Apr 2026 07:34:18 GMT
23 апр 2026;10:34:18.496 [default-nioEventLoopGroup-1-12] TRACE i.m.h.client.netty.DefaultHttpClient - Connection: close
23 апр 2026;10:34:18.496 [default-nioEventLoopGroup-1-12] TRACE i.m.h.client.netty.DefaultHttpClient - X-Content-Type-Options: nosniff
23 апр 2026;10:34:18.496 [default-nioEventLoopGroup-1-12] TRACE i.m.h.client.netty.DefaultHttpClient - Strict-Transport-Security: max-age=31536000; includeSubDomains
23 апр 2026;10:34:18.496 [default-nioEventLoopGroup-1-12] TRACE i.m.h.client.netty.DefaultHttpClient - Content-Type: application/json
23 апр 2026;10:34:18.496 [default-nioEventLoopGroup-1-12] TRACE i.m.h.client.netty.DefaultHttpClient - content-length: 1871
23 апр 2026;10:34:18.496 [default-nioEventLoopGroup-1-12] TRACE i.m.h.client.netty.DefaultHttpClient - Response Body
23 апр 2026;10:34:18.496 [default-nioEventLoopGroup-1-12] TRACE i.m.h.client.netty.DefaultHttpClient - ----
23 апр 2026;10:34:18.496 [default-nioEventLoopGroup-1-12] TRACE i.m.h.client.netty.DefaultHttpClient - {"branchId":6,"userState":"INACTIVE","visitState":"OK","servicePointId":1,"servicePointName":"Кабинет 13","servicePointState":"OPEN","visit":{"id":182048,"checksum":"1837050162","ticketId":"A2197","unservedVisitServices":[{"id":190981,"eventTime":"10:33","serviceId":7,"serviceInternalName":"Оккулист","serviceExternalName":"Оккулист","visitDeliveredServices":[],"visitOutcome":null,"outcomeExists":false,"deliveredServiceExists":false},{"id":190982,"eventTime":"10:33","serviceId":6,"serviceInternalName":"Стоматолог","serviceExternalName":"Стоматолог","visitDeliveredServices":[],"visitOutcome":null,"outcomeExists":false,"deliveredServiceExists":false},{"id":190983,"eventTime":"10:33","serviceId":5,"serviceInternalName":"Терапевт","serviceExternalName":"Терапевт","visitDeliveredServices":[],"visitOutcome":null,"outcomeExists":false,"deliveredServiceExists":false},{"id":190984,"eventTime":"10:33","serviceId":4,"serviceInternalName":"Хирург","serviceExternalName":"Хирург","visitDeliveredServices":[],"visitOutcome":null,"outcomeExists":false,"deliveredServiceExists":false}],"currentVisitService":{"id":190980,"eventTime":"10:33","serviceId":4,"serviceInternalName":"Хирург","serviceExternalName":"Хирург","visitDeliveredServices":[],"visitOutcome":null,"outcomeExists":false,"deliveredServiceExists":false},"servedVisitServices":[],"visitMarks":[],"customerIds":[],"waitingTime":34,"totalWaitingTime":0,"timeSinceCalled":0,"recycleAllowed":false,"noshowAllowed":false,"recallAllowed":false,"parameterMap":{"startQueueOrigId":98,"branchName":"Chat_Bot_Demo","totWaitTime":0},"appointmentId":null,"appointmentTime":null,"branchCurrentTime":"10:34:18"},"workProfileId":7,"workProfileName":"Универсал","servicePointDeviceTypes":["POSITIONAL","SW_SERVICE_POINT","Spotlight"]}
23 апр 2026;10:34:18.496 [default-nioEventLoopGroup-1-12] TRACE i.m.h.client.netty.DefaultHttpClient - ----
23 апр 2026;10:34:18.501 [default-nioEventLoopGroup-1-14] DEBUG i.m.h.client.netty.DefaultHttpClient - Sending HTTP PUT to http://192.168.0.77:8080/rest/entrypoint/branches/6/queues/10/visits/
23 апр 2026;10:34:18.501 [default-nioEventLoopGroup-1-14] TRACE i.m.h.client.netty.DefaultHttpClient - Authorization: Basic c3VwZXJhZG1pbjp1bGFu
23 апр 2026;10:34:18.501 [default-nioEventLoopGroup-1-14] TRACE i.m.h.client.netty.DefaultHttpClient - Content-Type: application/json
23 апр 2026;10:34:18.501 [default-nioEventLoopGroup-1-14] TRACE i.m.h.client.netty.DefaultHttpClient - Accept: application/json
23 апр 2026;10:34:18.501 [default-nioEventLoopGroup-1-14] TRACE i.m.h.client.netty.DefaultHttpClient - host: 192.168.0.77:8080
23 апр 2026;10:34:18.501 [default-nioEventLoopGroup-1-14] TRACE i.m.h.client.netty.DefaultHttpClient - connection: close
23 апр 2026;10:34:18.501 [default-nioEventLoopGroup-1-14] TRACE i.m.h.client.netty.DefaultHttpClient - content-length: 46
23 апр 2026;10:34:18.501 [default-nioEventLoopGroup-1-14] TRACE i.m.h.client.netty.DefaultHttpClient - Request Body
23 апр 2026;10:34:18.501 [default-nioEventLoopGroup-1-14] TRACE i.m.h.client.netty.DefaultHttpClient - ----
23 апр 2026;10:34:18.501 [default-nioEventLoopGroup-1-14] TRACE i.m.h.client.netty.DefaultHttpClient - {"visitId":182048,"fromBranchId":6,"fromId":1}
23 апр 2026;10:34:18.501 [default-nioEventLoopGroup-1-14] TRACE i.m.h.client.netty.DefaultHttpClient - ----
23 апр 2026;10:34:19.317 [default-nioEventLoopGroup-1-14] DEBUG i.m.h.client.netty.DefaultHttpClient - Received response 204 from http://192.168.0.77:8080/rest/entrypoint/branches/6/queues/10/visits/
23 апр 2026;10:34:19.317 [default-nioEventLoopGroup-1-14] TRACE i.m.h.client.netty.DefaultHttpClient - HTTP Client Response Received (204 No Content) for Request: PUT http://192.168.0.77:8080/rest/entrypoint/branches/6/queues/10/visits/
23 апр 2026;10:34:19.317 [default-nioEventLoopGroup-1-14] TRACE i.m.h.client.netty.DefaultHttpClient - X-Powered-By: Undertow/1
23 апр 2026;10:34:19.317 [default-nioEventLoopGroup-1-14] TRACE i.m.h.client.netty.DefaultHttpClient - Set-Cookie: SSOcookie=e14a99fc-c17c-42f1-8797-2e95fd716c99; Path=/; HttpOnly
23 апр 2026;10:34:19.317 [default-nioEventLoopGroup-1-14] TRACE i.m.h.client.netty.DefaultHttpClient - Set-Cookie: rememberMe=deleteMe; Path=/; Max-Age=0; Expires=Wed, 22-Apr-2026 07:34:18 GMT
23 апр 2026;10:34:19.317 [default-nioEventLoopGroup-1-14] TRACE i.m.h.client.netty.DefaultHttpClient - Server: WildFly/8
23 апр 2026;10:34:19.317 [default-nioEventLoopGroup-1-14] TRACE i.m.h.client.netty.DefaultHttpClient - X-XSS-Protection: 1
23 апр 2026;10:34:19.317 [default-nioEventLoopGroup-1-14] TRACE i.m.h.client.netty.DefaultHttpClient - X-Frame-Options: SAMEORIGIN
23 апр 2026;10:34:19.317 [default-nioEventLoopGroup-1-14] TRACE i.m.h.client.netty.DefaultHttpClient - Content-Security-Policy: default-src *; style-src * 'unsafe-inline'; script-src * 'unsafe-inline' 'unsafe-eval'; img-src * data: 'unsafe-inline'; connect-src * 'unsafe-inline'; frame-src *;
23 апр 2026;10:34:19.317 [default-nioEventLoopGroup-1-14] TRACE i.m.h.client.netty.DefaultHttpClient - Date: Thu, 23 Apr 2026 07:34:19 GMT
23 апр 2026;10:34:19.317 [default-nioEventLoopGroup-1-14] TRACE i.m.h.client.netty.DefaultHttpClient - X-Content-Type-Options: nosniff
23 апр 2026;10:34:19.317 [default-nioEventLoopGroup-1-14] TRACE i.m.h.client.netty.DefaultHttpClient - Strict-Transport-Security: max-age=31536000; includeSubDomains
23 апр 2026;10:34:19.318 [default-nioEventLoopGroup-1-14] TRACE i.m.h.client.netty.DefaultHttpClient - Response Body
23 апр 2026;10:34:19.318 [default-nioEventLoopGroup-1-14] TRACE i.m.h.client.netty.DefaultHttpClient - ----
23 апр 2026;10:34:19.318 [default-nioEventLoopGroup-1-14] TRACE i.m.h.client.netty.DefaultHttpClient - 
23 апр 2026;10:34:19.318 [default-nioEventLoopGroup-1-14] TRACE i.m.h.client.netty.DefaultHttpClient - ----
23 апр 2026;10:34:19.318 [default-nioEventLoopGroup-1-14] TRACE i.m.h.client.netty.DefaultHttpClient - Full HTTP response received an empty body
23 апр 2026;10:34:19.318 [default-nioEventLoopGroup-1-14] TRACE i.m.h.client.netty.DefaultHttpClient - Unable to convert response body to target type class [B
23 апр 2026;10:34:19.318 [SimpleAsyncTaskExecutor-1] TRACE i.m.h.client.netty.DefaultHttpClient - Unable to convert response body to target type class [B
23 апр 2026;10:34:19.321 [default-nioEventLoopGroup-1-15] DEBUG i.m.h.client.netty.DefaultHttpClient - Sending HTTP GET to http://192.168.0.77:8080/rest/entrypoint/branches/6/visits/182048/
23 апр 2026;10:34:19.321 [default-nioEventLoopGroup-1-15] TRACE i.m.h.client.netty.DefaultHttpClient - Authorization: Basic c3VwZXJhZG1pbjp1bGFu
23 апр 2026;10:34:19.321 [default-nioEventLoopGroup-1-15] TRACE i.m.h.client.netty.DefaultHttpClient - Cookie: SSOcookie=57b46714-2f27-46b7-9921-8d8de8bba70d
23 апр 2026;10:34:19.321 [default-nioEventLoopGroup-1-15] TRACE i.m.h.client.netty.DefaultHttpClient - host: 192.168.0.77:8080
23 апр 2026;10:34:19.321 [default-nioEventLoopGroup-1-15] TRACE i.m.h.client.netty.DefaultHttpClient - connection: close
23 апр 2026;10:34:19.339 [default-nioEventLoopGroup-1-15] DEBUG i.m.h.client.netty.DefaultHttpClient - Received response 200 from http://192.168.0.77:8080/rest/entrypoint/branches/6/visits/182048/
23 апр 2026;10:34:19.339 [default-nioEventLoopGroup-1-15] TRACE i.m.h.client.netty.DefaultHttpClient - HTTP Client Response Received (200 OK) for Request: GET http://192.168.0.77:8080/rest/entrypoint/branches/6/visits/182048/
23 апр 2026;10:34:19.339 [default-nioEventLoopGroup-1-15] TRACE i.m.h.client.netty.DefaultHttpClient - Cache-Control: no-store, no-cache, max-age=0, must-revalidate
23 апр 2026;10:34:19.339 [default-nioEventLoopGroup-1-15] TRACE i.m.h.client.netty.DefaultHttpClient - X-Powered-By: Undertow/1
23 апр 2026;10:34:19.339 [default-nioEventLoopGroup-1-15] TRACE i.m.h.client.netty.DefaultHttpClient - Server: WildFly/8
23 апр 2026;10:34:19.339 [default-nioEventLoopGroup-1-15] TRACE i.m.h.client.netty.DefaultHttpClient - X-XSS-Protection: 1
23 апр 2026;10:34:19.339 [default-nioEventLoopGroup-1-15] TRACE i.m.h.client.netty.DefaultHttpClient - X-Frame-Options: SAMEORIGIN
23 апр 2026;10:34:19.339 [default-nioEventLoopGroup-1-15] TRACE i.m.h.client.netty.DefaultHttpClient - Content-Security-Policy: default-src *; style-src * 'unsafe-inline'; script-src * 'unsafe-inline' 'unsafe-eval'; img-src * data: 'unsafe-inline'; connect-src * 'unsafe-inline'; frame-src *;
23 апр 2026;10:34:19.339 [default-nioEventLoopGroup-1-15] TRACE i.m.h.client.netty.DefaultHttpClient - Date: Thu, 23 Apr 2026 07:34:19 GMT
23 апр 2026;10:34:19.339 [default-nioEventLoopGroup-1-15] TRACE i.m.h.client.netty.DefaultHttpClient - Connection: close
23 апр 2026;10:34:19.339 [default-nioEventLoopGroup-1-15] TRACE i.m.h.client.netty.DefaultHttpClient - X-Content-Type-Options: nosniff
23 апр 2026;10:34:19.339 [default-nioEventLoopGroup-1-15] TRACE i.m.h.client.netty.DefaultHttpClient - Strict-Transport-Security: max-age=31536000; includeSubDomains
23 апр 2026;10:34:19.339 [default-nioEventLoopGroup-1-15] TRACE i.m.h.client.netty.DefaultHttpClient - Content-Type: application/json
23 апр 2026;10:34:19.339 [default-nioEventLoopGroup-1-15] TRACE i.m.h.client.netty.DefaultHttpClient - content-length: 1617
23 апр 2026;10:34:19.339 [default-nioEventLoopGroup-1-15] TRACE i.m.h.client.netty.DefaultHttpClient - Response Body
23 апр 2026;10:34:19.339 [default-nioEventLoopGroup-1-15] TRACE i.m.h.client.netty.DefaultHttpClient - ----
23 апр 2026;10:34:19.339 [default-nioEventLoopGroup-1-15] TRACE i.m.h.client.netty.DefaultHttpClient - {"id":182048,"checksum":"1837050162","ticketId":"A2197","unservedVisitServices":[{"id":190981,"eventTime":"10:33","serviceId":7,"serviceInternalName":"Оккулист","serviceExternalName":"Оккулист","visitDeliveredServices":[],"visitOutcome":null,"outcomeExists":false,"deliveredServiceExists":false},{"id":190982,"eventTime":"10:33","serviceId":6,"serviceInternalName":"Стоматолог","serviceExternalName":"Стоматолог","visitDeliveredServices":[],"visitOutcome":null,"outcomeExists":false,"deliveredServiceExists":false},{"id":190983,"eventTime":"10:33","serviceId":5,"serviceInternalName":"Терапевт","serviceExternalName":"Терапевт","visitDeliveredServices":[],"visitOutcome":null,"outcomeExists":false,"deliveredServiceExists":false},{"id":190984,"eventTime":"10:33","serviceId":4,"serviceInternalName":"Хирург","serviceExternalName":"Хирург","visitDeliveredServices":[],"visitOutcome":null,"outcomeExists":false,"deliveredServiceExists":false}],"currentVisitService":{"id":190980,"eventTime":"10:33","serviceId":4,"serviceInternalName":"Хирург","serviceExternalName":"Хирург","visitDeliveredServices":[],"visitOutcome":null,"outcomeExists":false,"deliveredServiceExists":false},"servedVisitServices":[],"visitMarks":[],"customerIds":[],"waitingTime":36,"totalWaitingTime":0,"timeSinceCalled":0,"recycleAllowed":false,"noshowAllowed":false,"recallAllowed":false,"parameterMap":{"currentQueueOrigId":10,"branchName":"Chat_Bot_Demo","startQueueOrigId":98,"totWaitTime":0},"appointmentId":null,"appointmentTime":null,"branchCurrentTime":"10:34:19"}
23 апр 2026;10:34:19.339 [default-nioEventLoopGroup-1-15] TRACE i.m.h.client.netty.DefaultHttpClient - ----
23 апр 2026;10:34:19.343 [default-nioEventLoopGroup-1-16] DEBUG i.m.h.client.netty.DefaultHttpClient - Sending HTTP GET to http://192.168.0.77:8080/rest/entrypoint/branches/6/visits/182049/
23 апр 2026;10:34:19.343 [default-nioEventLoopGroup-1-16] TRACE i.m.h.client.netty.DefaultHttpClient - Authorization: Basic c3VwZXJhZG1pbjp1bGFu
23 апр 2026;10:34:19.343 [default-nioEventLoopGroup-1-16] TRACE i.m.h.client.netty.DefaultHttpClient - Cookie: SSOcookie=57b46714-2f27-46b7-9921-8d8de8bba70d
23 апр 2026;10:34:19.343 [default-nioEventLoopGroup-1-16] TRACE i.m.h.client.netty.DefaultHttpClient - host: 192.168.0.77:8080
23 апр 2026;10:34:19.343 [default-nioEventLoopGroup-1-16] TRACE i.m.h.client.netty.DefaultHttpClient - connection: close
23 апр 2026;10:34:19.360 [default-nioEventLoopGroup-1-16] DEBUG i.m.h.client.netty.DefaultHttpClient - Received response 200 from http://192.168.0.77:8080/rest/entrypoint/branches/6/visits/182049/
23 апр 2026;10:34:19.360 [default-nioEventLoopGroup-1-16] TRACE i.m.h.client.netty.DefaultHttpClient - HTTP Client Response Received (200 OK) for Request: GET http://192.168.0.77:8080/rest/entrypoint/branches/6/visits/182049/
23 апр 2026;10:34:19.360 [default-nioEventLoopGroup-1-16] TRACE i.m.h.client.netty.DefaultHttpClient - Cache-Control: no-store, no-cache, max-age=0, must-revalidate
23 апр 2026;10:34:19.360 [default-nioEventLoopGroup-1-16] TRACE i.m.h.client.netty.DefaultHttpClient - X-Powered-By: Undertow/1
23 апр 2026;10:34:19.360 [default-nioEventLoopGroup-1-16] TRACE i.m.h.client.netty.DefaultHttpClient - Server: WildFly/8
23 апр 2026;10:34:19.360 [default-nioEventLoopGroup-1-16] TRACE i.m.h.client.netty.DefaultHttpClient - X-XSS-Protection: 1
23 апр 2026;10:34:19.360 [default-nioEventLoopGroup-1-16] TRACE i.m.h.client.netty.DefaultHttpClient - X-Frame-Options: SAMEORIGIN
23 апр 2026;10:34:19.360 [default-nioEventLoopGroup-1-16] TRACE i.m.h.client.netty.DefaultHttpClient - Content-Security-Policy: default-src *; style-src * 'unsafe-inline'; script-src * 'unsafe-inline' 'unsafe-eval'; img-src * data: 'unsafe-inline'; connect-src * 'unsafe-inline'; frame-src *;
23 апр 2026;10:34:19.361 [default-nioEventLoopGroup-1-16] TRACE i.m.h.client.netty.DefaultHttpClient - Date: Thu, 23 Apr 2026 07:34:19 GMT
23 апр 2026;10:34:19.361 [default-nioEventLoopGroup-1-16] TRACE i.m.h.client.netty.DefaultHttpClient - Connection: close
23 апр 2026;10:34:19.361 [default-nioEventLoopGroup-1-16] TRACE i.m.h.client.netty.DefaultHttpClient - X-Content-Type-Options: nosniff
23 апр 2026;10:34:19.361 [default-nioEventLoopGroup-1-16] TRACE i.m.h.client.netty.DefaultHttpClient - Strict-Transport-Security: max-age=31536000; includeSubDomains
23 апр 2026;10:34:19.361 [default-nioEventLoopGroup-1-16] TRACE i.m.h.client.netty.DefaultHttpClient - Content-Type: application/json
23 апр 2026;10:34:19.361 [default-nioEventLoopGroup-1-16] TRACE i.m.h.client.netty.DefaultHttpClient - content-length: 1654
23 апр 2026;10:34:19.361 [default-nioEventLoopGroup-1-16] TRACE i.m.h.client.netty.DefaultHttpClient - Response Body
23 апр 2026;10:34:19.361 [default-nioEventLoopGroup-1-16] TRACE i.m.h.client.netty.DefaultHttpClient - ----
23 апр 2026;10:34:19.361 [default-nioEventLoopGroup-1-16] TRACE i.m.h.client.netty.DefaultHttpClient - {"id":182049,"checksum":"2130215569","ticketId":"A2198","unservedVisitServices":[{"id":190986,"eventTime":"10:33","serviceId":7,"serviceInternalName":"Оккулист","serviceExternalName":"Оккулист","visitDeliveredServices":[],"visitOutcome":null,"outcomeExists":false,"deliveredServiceExists":false},{"id":190987,"eventTime":"10:33","serviceId":6,"serviceInternalName":"Стоматолог","serviceExternalName":"Стоматолог","visitDeliveredServices":[],"visitOutcome":null,"outcomeExists":false,"deliveredServiceExists":false},{"id":190988,"eventTime":"10:33","serviceId":5,"serviceInternalName":"Терапевт","serviceExternalName":"Терапевт","visitDeliveredServices":[],"visitOutcome":null,"outcomeExists":false,"deliveredServiceExists":false},{"id":190989,"eventTime":"10:33","serviceId":4,"serviceInternalName":"Хирург","serviceExternalName":"Хирург","visitDeliveredServices":[],"visitOutcome":null,"outcomeExists":false,"deliveredServiceExists":false}],"currentVisitService":{"id":190985,"eventTime":"10:33","serviceId":72,"serviceInternalName":"Врач не назначен","serviceExternalName":"Врач не назначен","visitDeliveredServices":[],"visitOutcome":null,"outcomeExists":false,"deliveredServiceExists":false},"servedVisitServices":[],"visitMarks":[],"customerIds":[],"waitingTime":35,"totalWaitingTime":0,"timeSinceCalled":0,"recycleAllowed":false,"noshowAllowed":false,"recallAllowed":false,"parameterMap":{"currentQueueOrigId":98,"startQueueOrigId":98,"branchName":"Chat_Bot_Demo","totWaitTime":0},"appointmentId":null,"appointmentTime":null,"branchCurrentTime":"10:34:19"}
23 апр 2026;10:34:19.361 [default-nioEventLoopGroup-1-16] TRACE i.m.h.client.netty.DefaultHttpClient - ----
23 апр 2026;10:34:19.365 [default-nioEventLoopGroup-1-17] DEBUG i.m.h.client.netty.DefaultHttpClient - Sending HTTP GET to http://192.168.0.77:8080/rest/entrypoint/branches/6/visits/182049/
23 апр 2026;10:34:19.365 [default-nioEventLoopGroup-1-17] TRACE i.m.h.client.netty.DefaultHttpClient - Authorization: Basic c3VwZXJhZG1pbjp1bGFu
23 апр 2026;10:34:19.365 [default-nioEventLoopGroup-1-17] TRACE i.m.h.client.netty.DefaultHttpClient - Cookie: SSOcookie=57b46714-2f27-46b7-9921-8d8de8bba70d
23 апр 2026;10:34:19.365 [default-nioEventLoopGroup-1-17] TRACE i.m.h.client.netty.DefaultHttpClient - host: 192.168.0.77:8080
23 апр 2026;10:34:19.365 [default-nioEventLoopGroup-1-17] TRACE i.m.h.client.netty.DefaultHttpClient - connection: close
23 апр 2026;10:34:19.382 [default-nioEventLoopGroup-1-17] DEBUG i.m.h.client.netty.DefaultHttpClient - Received response 200 from http://192.168.0.77:8080/rest/entrypoint/branches/6/visits/182049/
23 апр 2026;10:34:19.382 [default-nioEventLoopGroup-1-17] TRACE i.m.h.client.netty.DefaultHttpClient - HTTP Client Response Received (200 OK) for Request: GET http://192.168.0.77:8080/rest/entrypoint/branches/6/visits/182049/
23 апр 2026;10:34:19.382 [default-nioEventLoopGroup-1-17] TRACE i.m.h.client.netty.DefaultHttpClient - Cache-Control: no-store, no-cache, max-age=0, must-revalidate
23 апр 2026;10:34:19.382 [default-nioEventLoopGroup-1-17] TRACE i.m.h.client.netty.DefaultHttpClient - X-Powered-By: Undertow/1
23 апр 2026;10:34:19.382 [default-nioEventLoopGroup-1-17] TRACE i.m.h.client.netty.DefaultHttpClient - Server: WildFly/8
23 апр 2026;10:34:19.382 [default-nioEventLoopGroup-1-17] TRACE i.m.h.client.netty.DefaultHttpClient - X-XSS-Protection: 1
23 апр 2026;10:34:19.382 [default-nioEventLoopGroup-1-17] TRACE i.m.h.client.netty.DefaultHttpClient - X-Frame-Options: SAMEORIGIN
23 апр 2026;10:34:19.382 [default-nioEventLoopGroup-1-17] TRACE i.m.h.client.netty.DefaultHttpClient - Content-Security-Policy: default-src *; style-src * 'unsafe-inline'; script-src * 'unsafe-inline' 'unsafe-eval'; img-src * data: 'unsafe-inline'; connect-src * 'unsafe-inline'; frame-src *;
23 апр 2026;10:34:19.382 [default-nioEventLoopGroup-1-17] TRACE i.m.h.client.netty.DefaultHttpClient - Date: Thu, 23 Apr 2026 07:34:19 GMT
23 апр 2026;10:34:19.382 [default-nioEventLoopGroup-1-17] TRACE i.m.h.client.netty.DefaultHttpClient - Connection: close
23 апр 2026;10:34:19.382 [default-nioEventLoopGroup-1-17] TRACE i.m.h.client.netty.DefaultHttpClient - X-Content-Type-Options: nosniff
23 апр 2026;10:34:19.382 [default-nioEventLoopGroup-1-17] TRACE i.m.h.client.netty.DefaultHttpClient - Strict-Transport-Security: max-age=31536000; includeSubDomains
23 апр 2026;10:34:19.382 [default-nioEventLoopGroup-1-17] TRACE i.m.h.client.netty.DefaultHttpClient - Content-Type: application/json
23 апр 2026;10:34:19.382 [default-nioEventLoopGroup-1-17] TRACE i.m.h.client.netty.DefaultHttpClient - content-length: 1654
23 апр 2026;10:34:19.382 [default-nioEventLoopGroup-1-17] TRACE i.m.h.client.netty.DefaultHttpClient - Response Body
23 апр 2026;10:34:19.382 [default-nioEventLoopGroup-1-17] TRACE i.m.h.client.netty.DefaultHttpClient - ----
23 апр 2026;10:34:19.382 [default-nioEventLoopGroup-1-17] TRACE i.m.h.client.netty.DefaultHttpClient - {"id":182049,"checksum":"2130215569","ticketId":"A2198","unservedVisitServices":[{"id":190986,"eventTime":"10:33","serviceId":7,"serviceInternalName":"Оккулист","serviceExternalName":"Оккулист","visitDeliveredServices":[],"visitOutcome":null,"outcomeExists":false,"deliveredServiceExists":false},{"id":190987,"eventTime":"10:33","serviceId":6,"serviceInternalName":"Стоматолог","serviceExternalName":"Стоматолог","visitDeliveredServices":[],"visitOutcome":null,"outcomeExists":false,"deliveredServiceExists":false},{"id":190988,"eventTime":"10:33","serviceId":5,"serviceInternalName":"Терапевт","serviceExternalName":"Терапевт","visitDeliveredServices":[],"visitOutcome":null,"outcomeExists":false,"deliveredServiceExists":false},{"id":190989,"eventTime":"10:33","serviceId":4,"serviceInternalName":"Хирург","serviceExternalName":"Хирург","visitDeliveredServices":[],"visitOutcome":null,"outcomeExists":false,"deliveredServiceExists":false}],"currentVisitService":{"id":190985,"eventTime":"10:33","serviceId":72,"serviceInternalName":"Врач не назначен","serviceExternalName":"Врач не назначен","visitDeliveredServices":[],"visitOutcome":null,"outcomeExists":false,"deliveredServiceExists":false},"servedVisitServices":[],"visitMarks":[],"customerIds":[],"waitingTime":35,"totalWaitingTime":0,"timeSinceCalled":0,"recycleAllowed":false,"noshowAllowed":false,"recallAllowed":false,"parameterMap":{"currentQueueOrigId":98,"startQueueOrigId":98,"branchName":"Chat_Bot_Demo","totWaitTime":0},"appointmentId":null,"appointmentTime":null,"branchCurrentTime":"10:34:19"}
23 апр 2026;10:34:19.383 [default-nioEventLoopGroup-1-17] TRACE i.m.h.client.netty.DefaultHttpClient - ----
23 апр 2026;10:34:19.387 [default-nioEventLoopGroup-1-1] DEBUG i.m.h.client.netty.DefaultHttpClient - Sending HTTP PUT to http://192.168.0.77:8080/rest/entrypoint/branches/6/visits/182049/services/4/
23 апр 2026;10:34:19.387 [default-nioEventLoopGroup-1-1] TRACE i.m.h.client.netty.DefaultHttpClient - Authorization: Basic c3VwZXJhZG1pbjp1bGFu
23 апр 2026;10:34:19.387 [default-nioEventLoopGroup-1-1] TRACE i.m.h.client.netty.DefaultHttpClient - Content-Type: application/json
23 апр 2026;10:34:19.387 [default-nioEventLoopGroup-1-1] TRACE i.m.h.client.netty.DefaultHttpClient - Accept: application/json
23 апр 2026;10:34:19.387 [default-nioEventLoopGroup-1-1] TRACE i.m.h.client.netty.DefaultHttpClient - host: 192.168.0.77:8080
23 апр 2026;10:34:19.387 [default-nioEventLoopGroup-1-1] TRACE i.m.h.client.netty.DefaultHttpClient - connection: close
23 апр 2026;10:34:19.387 [default-nioEventLoopGroup-1-1] TRACE i.m.h.client.netty.DefaultHttpClient - content-length: 0
23 апр 2026;10:34:19.387 [default-nioEventLoopGroup-1-1] TRACE i.m.h.client.netty.DefaultHttpClient - Request Body
23 апр 2026;10:34:19.387 [default-nioEventLoopGroup-1-1] TRACE i.m.h.client.netty.DefaultHttpClient - ----
23 апр 2026;10:34:19.387 [default-nioEventLoopGroup-1-1] TRACE i.m.h.client.netty.DefaultHttpClient - 
23 апр 2026;10:34:19.387 [default-nioEventLoopGroup-1-1] TRACE i.m.h.client.netty.DefaultHttpClient - ----
23 апр 2026;10:34:19.849 [default-nioEventLoopGroup-1-1] DEBUG i.m.h.client.netty.DefaultHttpClient - Received response 200 from http://192.168.0.77:8080/rest/entrypoint/branches/6/visits/182049/services/4/
23 апр 2026;10:34:19.849 [default-nioEventLoopGroup-1-1] TRACE i.m.h.client.netty.DefaultHttpClient - HTTP Client Response Received (200 OK) for Request: PUT http://192.168.0.77:8080/rest/entrypoint/branches/6/visits/182049/services/4/
23 апр 2026;10:34:19.849 [default-nioEventLoopGroup-1-1] TRACE i.m.h.client.netty.DefaultHttpClient - X-Powered-By: Undertow/1
23 апр 2026;10:34:19.849 [default-nioEventLoopGroup-1-1] TRACE i.m.h.client.netty.DefaultHttpClient - Set-Cookie: SSOcookie=72fb4615-6e20-4c4c-867f-c7f5f76dae6b; Path=/; HttpOnly
23 апр 2026;10:34:19.849 [default-nioEventLoopGroup-1-1] TRACE i.m.h.client.netty.DefaultHttpClient - Set-Cookie: rememberMe=deleteMe; Path=/; Max-Age=0; Expires=Wed, 22-Apr-2026 07:34:19 GMT
23 апр 2026;10:34:19.849 [default-nioEventLoopGroup-1-1] TRACE i.m.h.client.netty.DefaultHttpClient - Server: WildFly/8
23 апр 2026;10:34:19.849 [default-nioEventLoopGroup-1-1] TRACE i.m.h.client.netty.DefaultHttpClient - X-XSS-Protection: 1
23 апр 2026;10:34:19.849 [default-nioEventLoopGroup-1-1] TRACE i.m.h.client.netty.DefaultHttpClient - X-Frame-Options: SAMEORIGIN
23 апр 2026;10:34:19.849 [default-nioEventLoopGroup-1-1] TRACE i.m.h.client.netty.DefaultHttpClient - Content-Security-Policy: default-src *; style-src * 'unsafe-inline'; script-src * 'unsafe-inline' 'unsafe-eval'; img-src * data: 'unsafe-inline'; connect-src * 'unsafe-inline'; frame-src *;
23 апр 2026;10:34:19.849 [default-nioEventLoopGroup-1-1] TRACE i.m.h.client.netty.DefaultHttpClient - Date: Thu, 23 Apr 2026 07:34:19 GMT
23 апр 2026;10:34:19.849 [default-nioEventLoopGroup-1-1] TRACE i.m.h.client.netty.DefaultHttpClient - Connection: close
23 апр 2026;10:34:19.849 [default-nioEventLoopGroup-1-1] TRACE i.m.h.client.netty.DefaultHttpClient - X-Content-Type-Options: nosniff
23 апр 2026;10:34:19.849 [default-nioEventLoopGroup-1-1] TRACE i.m.h.client.netty.DefaultHttpClient - Strict-Transport-Security: max-age=31536000; includeSubDomains
23 апр 2026;10:34:19.850 [default-nioEventLoopGroup-1-1] TRACE i.m.h.client.netty.DefaultHttpClient - Content-Type: application/json
23 апр 2026;10:34:19.850 [default-nioEventLoopGroup-1-1] TRACE i.m.h.client.netty.DefaultHttpClient - content-length: 1871
23 апр 2026;10:34:19.850 [default-nioEventLoopGroup-1-1] TRACE i.m.h.client.netty.DefaultHttpClient - Response Body
23 апр 2026;10:34:19.850 [default-nioEventLoopGroup-1-1] TRACE i.m.h.client.netty.DefaultHttpClient - ----
23 апр 2026;10:34:19.850 [default-nioEventLoopGroup-1-1] TRACE i.m.h.client.netty.DefaultHttpClient - {"branchId":6,"userState":"INACTIVE","visitState":"OK","servicePointId":1,"servicePointName":"Кабинет 13","servicePointState":"OPEN","visit":{"id":182049,"checksum":"2130215569","ticketId":"A2198","unservedVisitServices":[{"id":190986,"eventTime":"10:33","serviceId":7,"serviceInternalName":"Оккулист","serviceExternalName":"Оккулист","visitDeliveredServices":[],"visitOutcome":null,"outcomeExists":false,"deliveredServiceExists":false},{"id":190987,"eventTime":"10:33","serviceId":6,"serviceInternalName":"Стоматолог","serviceExternalName":"Стоматолог","visitDeliveredServices":[],"visitOutcome":null,"outcomeExists":false,"deliveredServiceExists":false},{"id":190988,"eventTime":"10:33","serviceId":5,"serviceInternalName":"Терапевт","serviceExternalName":"Терапевт","visitDeliveredServices":[],"visitOutcome":null,"outcomeExists":false,"deliveredServiceExists":false},{"id":190989,"eventTime":"10:33","serviceId":4,"serviceInternalName":"Хирург","serviceExternalName":"Хирург","visitDeliveredServices":[],"visitOutcome":null,"outcomeExists":false,"deliveredServiceExists":false}],"currentVisitService":{"id":190985,"eventTime":"10:33","serviceId":4,"serviceInternalName":"Хирург","serviceExternalName":"Хирург","visitDeliveredServices":[],"visitOutcome":null,"outcomeExists":false,"deliveredServiceExists":false},"servedVisitServices":[],"visitMarks":[],"customerIds":[],"waitingTime":35,"totalWaitingTime":0,"timeSinceCalled":0,"recycleAllowed":false,"noshowAllowed":false,"recallAllowed":false,"parameterMap":{"startQueueOrigId":98,"branchName":"Chat_Bot_Demo","totWaitTime":0},"appointmentId":null,"appointmentTime":null,"branchCurrentTime":"10:34:19"},"workProfileId":7,"workProfileName":"Универсал","servicePointDeviceTypes":["POSITIONAL","SW_SERVICE_POINT","Spotlight"]}
23 апр 2026;10:34:19.850 [default-nioEventLoopGroup-1-1] TRACE i.m.h.client.netty.DefaultHttpClient - ----
23 апр 2026;10:34:19.855 [default-nioEventLoopGroup-1-2] DEBUG i.m.h.client.netty.DefaultHttpClient - Sending HTTP PUT to http://192.168.0.77:8080/rest/entrypoint/branches/6/queues/10/visits/
23 апр 2026;10:34:19.855 [default-nioEventLoopGroup-1-2] TRACE i.m.h.client.netty.DefaultHttpClient - Authorization: Basic c3VwZXJhZG1pbjp1bGFu
23 апр 2026;10:34:19.855 [default-nioEventLoopGroup-1-2] TRACE i.m.h.client.netty.DefaultHttpClient - Content-Type: application/json
23 апр 2026;10:34:19.855 [default-nioEventLoopGroup-1-2] TRACE i.m.h.client.netty.DefaultHttpClient - Accept: application/json
23 апр 2026;10:34:19.855 [default-nioEventLoopGroup-1-2] TRACE i.m.h.client.netty.DefaultHttpClient - host: 192.168.0.77:8080
23 апр 2026;10:34:19.855 [default-nioEventLoopGroup-1-2] TRACE i.m.h.client.netty.DefaultHttpClient - connection: close
23 апр 2026;10:34:19.855 [default-nioEventLoopGroup-1-2] TRACE i.m.h.client.netty.DefaultHttpClient - content-length: 46
23 апр 2026;10:34:19.855 [default-nioEventLoopGroup-1-2] TRACE i.m.h.client.netty.DefaultHttpClient - Request Body
23 апр 2026;10:34:19.855 [default-nioEventLoopGroup-1-2] TRACE i.m.h.client.netty.DefaultHttpClient - ----
23 апр 2026;10:34:19.855 [default-nioEventLoopGroup-1-2] TRACE i.m.h.client.netty.DefaultHttpClient - {"visitId":182049,"fromBranchId":6,"fromId":1}
23 апр 2026;10:34:19.855 [default-nioEventLoopGroup-1-2] TRACE i.m.h.client.netty.DefaultHttpClient - ----
23 апр 2026;10:34:20.607 [default-nioEventLoopGroup-1-2] DEBUG i.m.h.client.netty.DefaultHttpClient - Received response 204 from http://192.168.0.77:8080/rest/entrypoint/branches/6/queues/10/visits/
23 апр 2026;10:34:20.607 [default-nioEventLoopGroup-1-2] TRACE i.m.h.client.netty.DefaultHttpClient - HTTP Client Response Received (204 No Content) for Request: PUT http://192.168.0.77:8080/rest/entrypoint/branches/6/queues/10/visits/
23 апр 2026;10:34:20.607 [default-nioEventLoopGroup-1-2] TRACE i.m.h.client.netty.DefaultHttpClient - X-Powered-By: Undertow/1
23 апр 2026;10:34:20.607 [default-nioEventLoopGroup-1-2] TRACE i.m.h.client.netty.DefaultHttpClient - Set-Cookie: SSOcookie=3e2b8ce3-34f8-4f6b-adee-0dad679f1f17; Path=/; HttpOnly
23 апр 2026;10:34:20.607 [default-nioEventLoopGroup-1-2] TRACE i.m.h.client.netty.DefaultHttpClient - Set-Cookie: rememberMe=deleteMe; Path=/; Max-Age=0; Expires=Wed, 22-Apr-2026 07:34:20 GMT
23 апр 2026;10:34:20.607 [default-nioEventLoopGroup-1-2] TRACE i.m.h.client.netty.DefaultHttpClient - Server: WildFly/8
23 апр 2026;10:34:20.607 [default-nioEventLoopGroup-1-2] TRACE i.m.h.client.netty.DefaultHttpClient - X-XSS-Protection: 1
23 апр 2026;10:34:20.607 [default-nioEventLoopGroup-1-2] TRACE i.m.h.client.netty.DefaultHttpClient - X-Frame-Options: SAMEORIGIN
23 апр 2026;10:34:20.607 [default-nioEventLoopGroup-1-2] TRACE i.m.h.client.netty.DefaultHttpClient - Content-Security-Policy: default-src *; style-src * 'unsafe-inline'; script-src * 'unsafe-inline' 'unsafe-eval'; img-src * data: 'unsafe-inline'; connect-src * 'unsafe-inline'; frame-src *;
23 апр 2026;10:34:20.607 [default-nioEventLoopGroup-1-2] TRACE i.m.h.client.netty.DefaultHttpClient - Date: Thu, 23 Apr 2026 07:34:20 GMT
23 апр 2026;10:34:20.607 [default-nioEventLoopGroup-1-2] TRACE i.m.h.client.netty.DefaultHttpClient - X-Content-Type-Options: nosniff
23 апр 2026;10:34:20.607 [default-nioEventLoopGroup-1-2] TRACE i.m.h.client.netty.DefaultHttpClient - Strict-Transport-Security: max-age=31536000; includeSubDomains
23 апр 2026;10:34:20.607 [default-nioEventLoopGroup-1-2] TRACE i.m.h.client.netty.DefaultHttpClient - Response Body
23 апр 2026;10:34:20.607 [default-nioEventLoopGroup-1-2] TRACE i.m.h.client.netty.DefaultHttpClient - ----
23 апр 2026;10:34:20.607 [default-nioEventLoopGroup-1-2] TRACE i.m.h.client.netty.DefaultHttpClient - 
23 апр 2026;10:34:20.607 [default-nioEventLoopGroup-1-2] TRACE i.m.h.client.netty.DefaultHttpClient - ----
23 апр 2026;10:34:20.607 [default-nioEventLoopGroup-1-2] TRACE i.m.h.client.netty.DefaultHttpClient - Full HTTP response received an empty body
23 апр 2026;10:34:20.607 [default-nioEventLoopGroup-1-2] TRACE i.m.h.client.netty.DefaultHttpClient - Unable to convert response body to target type class [B
23 апр 2026;10:34:20.608 [SimpleAsyncTaskExecutor-1] TRACE i.m.h.client.netty.DefaultHttpClient - Unable to convert response body to target type class [B
23 апр 2026;10:34:20.611 [default-nioEventLoopGroup-1-3] DEBUG i.m.h.client.netty.DefaultHttpClient - Sending HTTP GET to http://192.168.0.77:8080/rest/entrypoint/branches/6/visits/182049/
23 апр 2026;10:34:20.611 [default-nioEventLoopGroup-1-3] TRACE i.m.h.client.netty.DefaultHttpClient - Authorization: Basic c3VwZXJhZG1pbjp1bGFu
23 апр 2026;10:34:20.611 [default-nioEventLoopGroup-1-3] TRACE i.m.h.client.netty.DefaultHttpClient - Cookie: SSOcookie=57b46714-2f27-46b7-9921-8d8de8bba70d
23 апр 2026;10:34:20.611 [default-nioEventLoopGroup-1-3] TRACE i.m.h.client.netty.DefaultHttpClient - host: 192.168.0.77:8080
23 апр 2026;10:34:20.611 [default-nioEventLoopGroup-1-3] TRACE i.m.h.client.netty.DefaultHttpClient - connection: close
23 апр 2026;10:34:20.631 [default-nioEventLoopGroup-1-3] DEBUG i.m.h.client.netty.DefaultHttpClient - Received response 200 from http://192.168.0.77:8080/rest/entrypoint/branches/6/visits/182049/
23 апр 2026;10:34:20.631 [default-nioEventLoopGroup-1-3] TRACE i.m.h.client.netty.DefaultHttpClient - HTTP Client Response Received (200 OK) for Request: GET http://192.168.0.77:8080/rest/entrypoint/branches/6/visits/182049/
23 апр 2026;10:34:20.631 [default-nioEventLoopGroup-1-3] TRACE i.m.h.client.netty.DefaultHttpClient - Cache-Control: no-store, no-cache, max-age=0, must-revalidate
23 апр 2026;10:34:20.631 [default-nioEventLoopGroup-1-3] TRACE i.m.h.client.netty.DefaultHttpClient - X-Powered-By: Undertow/1
23 апр 2026;10:34:20.631 [default-nioEventLoopGroup-1-3] TRACE i.m.h.client.netty.DefaultHttpClient - Server: WildFly/8
23 апр 2026;10:34:20.631 [default-nioEventLoopGroup-1-3] TRACE i.m.h.client.netty.DefaultHttpClient - X-XSS-Protection: 1
23 апр 2026;10:34:20.631 [default-nioEventLoopGroup-1-3] TRACE i.m.h.client.netty.DefaultHttpClient - X-Frame-Options: SAMEORIGIN
23 апр 2026;10:34:20.631 [default-nioEventLoopGroup-1-3] TRACE i.m.h.client.netty.DefaultHttpClient - Content-Security-Policy: default-src *; style-src * 'unsafe-inline'; script-src * 'unsafe-inline' 'unsafe-eval'; img-src * data: 'unsafe-inline'; connect-src * 'unsafe-inline'; frame-src *;
23 апр 2026;10:34:20.631 [default-nioEventLoopGroup-1-3] TRACE i.m.h.client.netty.DefaultHttpClient - Date: Thu, 23 Apr 2026 07:34:20 GMT
23 апр 2026;10:34:20.631 [default-nioEventLoopGroup-1-3] TRACE i.m.h.client.netty.DefaultHttpClient - Connection: close
23 апр 2026;10:34:20.631 [default-nioEventLoopGroup-1-3] TRACE i.m.h.client.netty.DefaultHttpClient - X-Content-Type-Options: nosniff
23 апр 2026;10:34:20.631 [default-nioEventLoopGroup-1-3] TRACE i.m.h.client.netty.DefaultHttpClient - Strict-Transport-Security: max-age=31536000; includeSubDomains
23 апр 2026;10:34:20.631 [default-nioEventLoopGroup-1-3] TRACE i.m.h.client.netty.DefaultHttpClient - Content-Type: application/json
23 апр 2026;10:34:20.631 [default-nioEventLoopGroup-1-3] TRACE i.m.h.client.netty.DefaultHttpClient - content-length: 1617
23 апр 2026;10:34:20.631 [default-nioEventLoopGroup-1-3] TRACE i.m.h.client.netty.DefaultHttpClient - Response Body
23 апр 2026;10:34:20.631 [default-nioEventLoopGroup-1-3] TRACE i.m.h.client.netty.DefaultHttpClient - ----
23 апр 2026;10:34:20.631 [default-nioEventLoopGroup-1-3] TRACE i.m.h.client.netty.DefaultHttpClient - {"id":182049,"checksum":"2130215569","ticketId":"A2198","unservedVisitServices":[{"id":190986,"eventTime":"10:33","serviceId":7,"serviceInternalName":"Оккулист","serviceExternalName":"Оккулист","visitDeliveredServices":[],"visitOutcome":null,"outcomeExists":false,"deliveredServiceExists":false},{"id":190987,"eventTime":"10:33","serviceId":6,"serviceInternalName":"Стоматолог","serviceExternalName":"Стоматолог","visitDeliveredServices":[],"visitOutcome":null,"outcomeExists":false,"deliveredServiceExists":false},{"id":190988,"eventTime":"10:33","serviceId":5,"serviceInternalName":"Терапевт","serviceExternalName":"Терапевт","visitDeliveredServices":[],"visitOutcome":null,"outcomeExists":false,"deliveredServiceExists":false},{"id":190989,"eventTime":"10:33","serviceId":4,"serviceInternalName":"Хирург","serviceExternalName":"Хирург","visitDeliveredServices":[],"visitOutcome":null,"outcomeExists":false,"deliveredServiceExists":false}],"currentVisitService":{"id":190985,"eventTime":"10:33","serviceId":4,"serviceInternalName":"Хирург","serviceExternalName":"Хирург","visitDeliveredServices":[],"visitOutcome":null,"outcomeExists":false,"deliveredServiceExists":false},"servedVisitServices":[],"visitMarks":[],"customerIds":[],"waitingTime":37,"totalWaitingTime":0,"timeSinceCalled":0,"recycleAllowed":false,"noshowAllowed":false,"recallAllowed":false,"parameterMap":{"currentQueueOrigId":10,"branchName":"Chat_Bot_Demo","startQueueOrigId":98,"totWaitTime":0},"appointmentId":null,"appointmentTime":null,"branchCurrentTime":"10:34:20"}
23 апр 2026;10:34:20.631 [default-nioEventLoopGroup-1-3] TRACE i.m.h.client.netty.DefaultHttpClient - ----
23 апр 2026;10:34:20.634 [default-nioEventLoopGroup-1-4] DEBUG i.m.h.client.netty.DefaultHttpClient - Sending HTTP GET to http://192.168.0.77:8080/rest/entrypoint/branches/6/visits/182050/
23 апр 2026;10:34:20.635 [default-nioEventLoopGroup-1-4] TRACE i.m.h.client.netty.DefaultHttpClient - Authorization: Basic c3VwZXJhZG1pbjp1bGFu
23 апр 2026;10:34:20.635 [default-nioEventLoopGroup-1-4] TRACE i.m.h.client.netty.DefaultHttpClient - Cookie: SSOcookie=57b46714-2f27-46b7-9921-8d8de8bba70d
23 апр 2026;10:34:20.635 [default-nioEventLoopGroup-1-4] TRACE i.m.h.client.netty.DefaultHttpClient - host: 192.168.0.77:8080
23 апр 2026;10:34:20.635 [default-nioEventLoopGroup-1-4] TRACE i.m.h.client.netty.DefaultHttpClient - connection: close
23 апр 2026;10:34:20.652 [default-nioEventLoopGroup-1-4] DEBUG i.m.h.client.netty.DefaultHttpClient - Received response 200 from http://192.168.0.77:8080/rest/entrypoint/branches/6/visits/182050/
23 апр 2026;10:34:20.652 [default-nioEventLoopGroup-1-4] TRACE i.m.h.client.netty.DefaultHttpClient - HTTP Client Response Received (200 OK) for Request: GET http://192.168.0.77:8080/rest/entrypoint/branches/6/visits/182050/
23 апр 2026;10:34:20.652 [default-nioEventLoopGroup-1-4] TRACE i.m.h.client.netty.DefaultHttpClient - Cache-Control: no-store, no-cache, max-age=0, must-revalidate
23 апр 2026;10:34:20.652 [default-nioEventLoopGroup-1-4] TRACE i.m.h.client.netty.DefaultHttpClient - X-Powered-By: Undertow/1
23 апр 2026;10:34:20.652 [default-nioEventLoopGroup-1-4] TRACE i.m.h.client.netty.DefaultHttpClient - Server: WildFly/8
23 апр 2026;10:34:20.652 [default-nioEventLoopGroup-1-4] TRACE i.m.h.client.netty.DefaultHttpClient - X-XSS-Protection: 1
23 апр 2026;10:34:20.652 [default-nioEventLoopGroup-1-4] TRACE i.m.h.client.netty.DefaultHttpClient - X-Frame-Options: SAMEORIGIN
23 апр 2026;10:34:20.652 [default-nioEventLoopGroup-1-4] TRACE i.m.h.client.netty.DefaultHttpClient - Content-Security-Policy: default-src *; style-src * 'unsafe-inline'; script-src * 'unsafe-inline' 'unsafe-eval'; img-src * data: 'unsafe-inline'; connect-src * 'unsafe-inline'; frame-src *;
23 апр 2026;10:34:20.652 [default-nioEventLoopGroup-1-4] TRACE i.m.h.client.netty.DefaultHttpClient - Date: Thu, 23 Apr 2026 07:34:20 GMT
23 апр 2026;10:34:20.652 [default-nioEventLoopGroup-1-4] TRACE i.m.h.client.netty.DefaultHttpClient - Connection: close
23 апр 2026;10:34:20.652 [default-nioEventLoopGroup-1-4] TRACE i.m.h.client.netty.DefaultHttpClient - X-Content-Type-Options: nosniff
23 апр 2026;10:34:20.652 [default-nioEventLoopGroup-1-4] TRACE i.m.h.client.netty.DefaultHttpClient - Strict-Transport-Security: max-age=31536000; includeSubDomains
23 апр 2026;10:34:20.652 [default-nioEventLoopGroup-1-4] TRACE i.m.h.client.netty.DefaultHttpClient - Content-Type: application/json
23 апр 2026;10:34:20.652 [default-nioEventLoopGroup-1-4] TRACE i.m.h.client.netty.DefaultHttpClient - content-length: 1654
23 апр 2026;10:34:20.652 [default-nioEventLoopGroup-1-4] TRACE i.m.h.client.netty.DefaultHttpClient - Response Body
23 апр 2026;10:34:20.652 [default-nioEventLoopGroup-1-4] TRACE i.m.h.client.netty.DefaultHttpClient - ----
23 апр 2026;10:34:20.652 [default-nioEventLoopGroup-1-4] TRACE i.m.h.client.netty.DefaultHttpClient - {"id":182050,"checksum":"1648891059","ticketId":"A2199","unservedVisitServices":[{"id":190991,"eventTime":"10:33","serviceId":7,"serviceInternalName":"Оккулист","serviceExternalName":"Оккулист","visitDeliveredServices":[],"visitOutcome":null,"outcomeExists":false,"deliveredServiceExists":false},{"id":190992,"eventTime":"10:33","serviceId":6,"serviceInternalName":"Стоматолог","serviceExternalName":"Стоматолог","visitDeliveredServices":[],"visitOutcome":null,"outcomeExists":false,"deliveredServiceExists":false},{"id":190993,"eventTime":"10:33","serviceId":5,"serviceInternalName":"Терапевт","serviceExternalName":"Терапевт","visitDeliveredServices":[],"visitOutcome":null,"outcomeExists":false,"deliveredServiceExists":false},{"id":190994,"eventTime":"10:33","serviceId":4,"serviceInternalName":"Хирург","serviceExternalName":"Хирург","visitDeliveredServices":[],"visitOutcome":null,"outcomeExists":false,"deliveredServiceExists":false}],"currentVisitService":{"id":190990,"eventTime":"10:33","serviceId":72,"serviceInternalName":"Врач не назначен","serviceExternalName":"Врач не назначен","visitDeliveredServices":[],"visitOutcome":null,"outcomeExists":false,"deliveredServiceExists":false},"servedVisitServices":[],"visitMarks":[],"customerIds":[],"waitingTime":37,"totalWaitingTime":0,"timeSinceCalled":0,"recycleAllowed":false,"noshowAllowed":false,"recallAllowed":false,"parameterMap":{"currentQueueOrigId":98,"startQueueOrigId":98,"branchName":"Chat_Bot_Demo","totWaitTime":0},"appointmentId":null,"appointmentTime":null,"branchCurrentTime":"10:34:20"}
23 апр 2026;10:34:20.652 [default-nioEventLoopGroup-1-4] TRACE i.m.h.client.netty.DefaultHttpClient - ----
23 апр 2026;10:34:20.656 [default-nioEventLoopGroup-1-5] DEBUG i.m.h.client.netty.DefaultHttpClient - Sending HTTP GET to http://192.168.0.77:8080/rest/entrypoint/branches/6/visits/182050/
23 апр 2026;10:34:20.656 [default-nioEventLoopGroup-1-5] TRACE i.m.h.client.netty.DefaultHttpClient - Authorization: Basic c3VwZXJhZG1pbjp1bGFu
23 апр 2026;10:34:20.656 [default-nioEventLoopGroup-1-5] TRACE i.m.h.client.netty.DefaultHttpClient - Cookie: SSOcookie=57b46714-2f27-46b7-9921-8d8de8bba70d
23 апр 2026;10:34:20.656 [default-nioEventLoopGroup-1-5] TRACE i.m.h.client.netty.DefaultHttpClient - host: 192.168.0.77:8080
23 апр 2026;10:34:20.656 [default-nioEventLoopGroup-1-5] TRACE i.m.h.client.netty.DefaultHttpClient - connection: close
23 апр 2026;10:34:20.674 [default-nioEventLoopGroup-1-5] DEBUG i.m.h.client.netty.DefaultHttpClient - Received response 200 from http://192.168.0.77:8080/rest/entrypoint/branches/6/visits/182050/
23 апр 2026;10:34:20.674 [default-nioEventLoopGroup-1-5] TRACE i.m.h.client.netty.DefaultHttpClient - HTTP Client Response Received (200 OK) for Request: GET http://192.168.0.77:8080/rest/entrypoint/branches/6/visits/182050/
23 апр 2026;10:34:20.674 [default-nioEventLoopGroup-1-5] TRACE i.m.h.client.netty.DefaultHttpClient - Cache-Control: no-store, no-cache, max-age=0, must-revalidate
23 апр 2026;10:34:20.674 [default-nioEventLoopGroup-1-5] TRACE i.m.h.client.netty.DefaultHttpClient - X-Powered-By: Undertow/1
23 апр 2026;10:34:20.674 [default-nioEventLoopGroup-1-5] TRACE i.m.h.client.netty.DefaultHttpClient - Server: WildFly/8
23 апр 2026;10:34:20.674 [default-nioEventLoopGroup-1-5] TRACE i.m.h.client.netty.DefaultHttpClient - X-XSS-Protection: 1
23 апр 2026;10:34:20.674 [default-nioEventLoopGroup-1-5] TRACE i.m.h.client.netty.DefaultHttpClient - X-Frame-Options: SAMEORIGIN
23 апр 2026;10:34:20.674 [default-nioEventLoopGroup-1-5] TRACE i.m.h.client.netty.DefaultHttpClient - Content-Security-Policy: default-src *; style-src * 'unsafe-inline'; script-src * 'unsafe-inline' 'unsafe-eval'; img-src * data: 'unsafe-inline'; connect-src * 'unsafe-inline'; frame-src *;
23 апр 2026;10:34:20.674 [default-nioEventLoopGroup-1-5] TRACE i.m.h.client.netty.DefaultHttpClient - Date: Thu, 23 Apr 2026 07:34:20 GMT
23 апр 2026;10:34:20.674 [default-nioEventLoopGroup-1-5] TRACE i.m.h.client.netty.DefaultHttpClient - Connection: close
23 апр 2026;10:34:20.674 [default-nioEventLoopGroup-1-5] TRACE i.m.h.client.netty.DefaultHttpClient - X-Content-Type-Options: nosniff
23 апр 2026;10:34:20.674 [default-nioEventLoopGroup-1-5] TRACE i.m.h.client.netty.DefaultHttpClient - Strict-Transport-Security: max-age=31536000; includeSubDomains
23 апр 2026;10:34:20.674 [default-nioEventLoopGroup-1-5] TRACE i.m.h.client.netty.DefaultHttpClient - Content-Type: application/json
23 апр 2026;10:34:20.674 [default-nioEventLoopGroup-1-5] TRACE i.m.h.client.netty.DefaultHttpClient - content-length: 1654
23 апр 2026;10:34:20.674 [default-nioEventLoopGroup-1-5] TRACE i.m.h.client.netty.DefaultHttpClient - Response Body
23 апр 2026;10:34:20.674 [default-nioEventLoopGroup-1-5] TRACE i.m.h.client.netty.DefaultHttpClient - ----
23 апр 2026;10:34:20.674 [default-nioEventLoopGroup-1-5] TRACE i.m.h.client.netty.DefaultHttpClient - {"id":182050,"checksum":"1648891059","ticketId":"A2199","unservedVisitServices":[{"id":190991,"eventTime":"10:33","serviceId":7,"serviceInternalName":"Оккулист","serviceExternalName":"Оккулист","visitDeliveredServices":[],"visitOutcome":null,"outcomeExists":false,"deliveredServiceExists":false},{"id":190992,"eventTime":"10:33","serviceId":6,"serviceInternalName":"Стоматолог","serviceExternalName":"Стоматолог","visitDeliveredServices":[],"visitOutcome":null,"outcomeExists":false,"deliveredServiceExists":false},{"id":190993,"eventTime":"10:33","serviceId":5,"serviceInternalName":"Терапевт","serviceExternalName":"Терапевт","visitDeliveredServices":[],"visitOutcome":null,"outcomeExists":false,"deliveredServiceExists":false},{"id":190994,"eventTime":"10:33","serviceId":4,"serviceInternalName":"Хирург","serviceExternalName":"Хирург","visitDeliveredServices":[],"visitOutcome":null,"outcomeExists":false,"deliveredServiceExists":false}],"currentVisitService":{"id":190990,"eventTime":"10:33","serviceId":72,"serviceInternalName":"Врач не назначен","serviceExternalName":"Врач не назначен","visitDeliveredServices":[],"visitOutcome":null,"outcomeExists":false,"deliveredServiceExists":false},"servedVisitServices":[],"visitMarks":[],"customerIds":[],"waitingTime":37,"totalWaitingTime":0,"timeSinceCalled":0,"recycleAllowed":false,"noshowAllowed":false,"recallAllowed":false,"parameterMap":{"currentQueueOrigId":98,"startQueueOrigId":98,"branchName":"Chat_Bot_Demo","totWaitTime":0},"appointmentId":null,"appointmentTime":null,"branchCurrentTime":"10:34:20"}
23 апр 2026;10:34:20.675 [default-nioEventLoopGroup-1-5] TRACE i.m.h.client.netty.DefaultHttpClient - ----
23 апр 2026;10:34:20.678 [default-nioEventLoopGroup-1-6] DEBUG i.m.h.client.netty.DefaultHttpClient - Sending HTTP PUT to http://192.168.0.77:8080/rest/entrypoint/branches/6/visits/182050/services/4/
23 апр 2026;10:34:20.678 [default-nioEventLoopGroup-1-6] TRACE i.m.h.client.netty.DefaultHttpClient - Authorization: Basic c3VwZXJhZG1pbjp1bGFu
23 апр 2026;10:34:20.678 [default-nioEventLoopGroup-1-6] TRACE i.m.h.client.netty.DefaultHttpClient - Content-Type: application/json
23 апр 2026;10:34:20.678 [default-nioEventLoopGroup-1-6] TRACE i.m.h.client.netty.DefaultHttpClient - Accept: application/json
23 апр 2026;10:34:20.678 [default-nioEventLoopGroup-1-6] TRACE i.m.h.client.netty.DefaultHttpClient - host: 192.168.0.77:8080
23 апр 2026;10:34:20.678 [default-nioEventLoopGroup-1-6] TRACE i.m.h.client.netty.DefaultHttpClient - connection: close
23 апр 2026;10:34:20.678 [default-nioEventLoopGroup-1-6] TRACE i.m.h.client.netty.DefaultHttpClient - content-length: 0
23 апр 2026;10:34:20.678 [default-nioEventLoopGroup-1-6] TRACE i.m.h.client.netty.DefaultHttpClient - Request Body
23 апр 2026;10:34:20.678 [default-nioEventLoopGroup-1-6] TRACE i.m.h.client.netty.DefaultHttpClient - ----
23 апр 2026;10:34:20.678 [default-nioEventLoopGroup-1-6] TRACE i.m.h.client.netty.DefaultHttpClient - 
23 апр 2026;10:34:20.678 [default-nioEventLoopGroup-1-6] TRACE i.m.h.client.netty.DefaultHttpClient - ----
23 апр 2026;10:34:21.146 [default-nioEventLoopGroup-1-6] DEBUG i.m.h.client.netty.DefaultHttpClient - Received response 200 from http://192.168.0.77:8080/rest/entrypoint/branches/6/visits/182050/services/4/
23 апр 2026;10:34:21.147 [default-nioEventLoopGroup-1-6] TRACE i.m.h.client.netty.DefaultHttpClient - HTTP Client Response Received (200 OK) for Request: PUT http://192.168.0.77:8080/rest/entrypoint/branches/6/visits/182050/services/4/
23 апр 2026;10:34:21.147 [default-nioEventLoopGroup-1-6] TRACE i.m.h.client.netty.DefaultHttpClient - X-Powered-By: Undertow/1
23 апр 2026;10:34:21.147 [default-nioEventLoopGroup-1-6] TRACE i.m.h.client.netty.DefaultHttpClient - Set-Cookie: SSOcookie=201e4db0-e7f1-4b7f-a5b3-5f4dfcdca735; Path=/; HttpOnly
23 апр 2026;10:34:21.147 [default-nioEventLoopGroup-1-6] TRACE i.m.h.client.netty.DefaultHttpClient - Set-Cookie: rememberMe=deleteMe; Path=/; Max-Age=0; Expires=Wed, 22-Apr-2026 07:34:20 GMT
23 апр 2026;10:34:21.147 [default-nioEventLoopGroup-1-6] TRACE i.m.h.client.netty.DefaultHttpClient - Server: WildFly/8
23 апр 2026;10:34:21.147 [default-nioEventLoopGroup-1-6] TRACE i.m.h.client.netty.DefaultHttpClient - X-XSS-Protection: 1
23 апр 2026;10:34:21.147 [default-nioEventLoopGroup-1-6] TRACE i.m.h.client.netty.DefaultHttpClient - X-Frame-Options: SAMEORIGIN
23 апр 2026;10:34:21.147 [default-nioEventLoopGroup-1-6] TRACE i.m.h.client.netty.DefaultHttpClient - Content-Security-Policy: default-src *; style-src * 'unsafe-inline'; script-src * 'unsafe-inline' 'unsafe-eval'; img-src * data: 'unsafe-inline'; connect-src * 'unsafe-inline'; frame-src *;
23 апр 2026;10:34:21.147 [default-nioEventLoopGroup-1-6] TRACE i.m.h.client.netty.DefaultHttpClient - Date: Thu, 23 Apr 2026 07:34:21 GMT
23 апр 2026;10:34:21.147 [default-nioEventLoopGroup-1-6] TRACE i.m.h.client.netty.DefaultHttpClient - Connection: close
23 апр 2026;10:34:21.147 [default-nioEventLoopGroup-1-6] TRACE i.m.h.client.netty.DefaultHttpClient - X-Content-Type-Options: nosniff
23 апр 2026;10:34:21.147 [default-nioEventLoopGroup-1-6] TRACE i.m.h.client.netty.DefaultHttpClient - Strict-Transport-Security: max-age=31536000; includeSubDomains
23 апр 2026;10:34:21.147 [default-nioEventLoopGroup-1-6] TRACE i.m.h.client.netty.DefaultHttpClient - Content-Type: application/json
23 апр 2026;10:34:21.147 [default-nioEventLoopGroup-1-6] TRACE i.m.h.client.netty.DefaultHttpClient - content-length: 1871
23 апр 2026;10:34:21.147 [default-nioEventLoopGroup-1-6] TRACE i.m.h.client.netty.DefaultHttpClient - Response Body
23 апр 2026;10:34:21.148 [default-nioEventLoopGroup-1-6] TRACE i.m.h.client.netty.DefaultHttpClient - ----
23 апр 2026;10:34:21.148 [default-nioEventLoopGroup-1-6] TRACE i.m.h.client.netty.DefaultHttpClient - {"branchId":6,"userState":"INACTIVE","visitState":"OK","servicePointId":1,"servicePointName":"Кабинет 13","servicePointState":"OPEN","visit":{"id":182050,"checksum":"1648891059","ticketId":"A2199","unservedVisitServices":[{"id":190991,"eventTime":"10:33","serviceId":7,"serviceInternalName":"Оккулист","serviceExternalName":"Оккулист","visitDeliveredServices":[],"visitOutcome":null,"outcomeExists":false,"deliveredServiceExists":false},{"id":190992,"eventTime":"10:33","serviceId":6,"serviceInternalName":"Стоматолог","serviceExternalName":"Стоматолог","visitDeliveredServices":[],"visitOutcome":null,"outcomeExists":false,"deliveredServiceExists":false},{"id":190993,"eventTime":"10:33","serviceId":5,"serviceInternalName":"Терапевт","serviceExternalName":"Терапевт","visitDeliveredServices":[],"visitOutcome":null,"outcomeExists":false,"deliveredServiceExists":false},{"id":190994,"eventTime":"10:33","serviceId":4,"serviceInternalName":"Хирург","serviceExternalName":"Хирург","visitDeliveredServices":[],"visitOutcome":null,"outcomeExists":false,"deliveredServiceExists":false}],"currentVisitService":{"id":190990,"eventTime":"10:33","serviceId":4,"serviceInternalName":"Хирург","serviceExternalName":"Хирург","visitDeliveredServices":[],"visitOutcome":null,"outcomeExists":false,"deliveredServiceExists":false},"servedVisitServices":[],"visitMarks":[],"customerIds":[],"waitingTime":36,"totalWaitingTime":0,"timeSinceCalled":0,"recycleAllowed":false,"noshowAllowed":false,"recallAllowed":false,"parameterMap":{"startQueueOrigId":98,"branchName":"Chat_Bot_Demo","totWaitTime":0},"appointmentId":null,"appointmentTime":null,"branchCurrentTime":"10:34:21"},"workProfileId":7,"workProfileName":"Универсал","servicePointDeviceTypes":["POSITIONAL","SW_SERVICE_POINT","Spotlight"]}
23 апр 2026;10:34:21.148 [default-nioEventLoopGroup-1-6] TRACE i.m.h.client.netty.DefaultHttpClient - ----
23 апр 2026;10:34:21.153 [default-nioEventLoopGroup-1-7] DEBUG i.m.h.client.netty.DefaultHttpClient - Sending HTTP PUT to http://192.168.0.77:8080/rest/entrypoint/branches/6/queues/10/visits/
23 апр 2026;10:34:21.153 [default-nioEventLoopGroup-1-7] TRACE i.m.h.client.netty.DefaultHttpClient - Authorization: Basic c3VwZXJhZG1pbjp1bGFu
23 апр 2026;10:34:21.153 [default-nioEventLoopGroup-1-7] TRACE i.m.h.client.netty.DefaultHttpClient - Content-Type: application/json
23 апр 2026;10:34:21.153 [default-nioEventLoopGroup-1-7] TRACE i.m.h.client.netty.DefaultHttpClient - Accept: application/json
23 апр 2026;10:34:21.153 [default-nioEventLoopGroup-1-7] TRACE i.m.h.client.netty.DefaultHttpClient - host: 192.168.0.77:8080
23 апр 2026;10:34:21.153 [default-nioEventLoopGroup-1-7] TRACE i.m.h.client.netty.DefaultHttpClient - connection: close
23 апр 2026;10:34:21.153 [default-nioEventLoopGroup-1-7] TRACE i.m.h.client.netty.DefaultHttpClient - content-length: 46
23 апр 2026;10:34:21.153 [default-nioEventLoopGroup-1-7] TRACE i.m.h.client.netty.DefaultHttpClient - Request Body
23 апр 2026;10:34:21.153 [default-nioEventLoopGroup-1-7] TRACE i.m.h.client.netty.DefaultHttpClient - ----
23 апр 2026;10:34:21.153 [default-nioEventLoopGroup-1-7] TRACE i.m.h.client.netty.DefaultHttpClient - {"visitId":182050,"fromBranchId":6,"fromId":1}
23 апр 2026;10:34:21.153 [default-nioEventLoopGroup-1-7] TRACE i.m.h.client.netty.DefaultHttpClient - ----
23 апр 2026;10:34:22.092 [default-nioEventLoopGroup-1-7] DEBUG i.m.h.client.netty.DefaultHttpClient - Received response 204 from http://192.168.0.77:8080/rest/entrypoint/branches/6/queues/10/visits/
23 апр 2026;10:34:22.093 [default-nioEventLoopGroup-1-7] TRACE i.m.h.client.netty.DefaultHttpClient - HTTP Client Response Received (204 No Content) for Request: PUT http://192.168.0.77:8080/rest/entrypoint/branches/6/queues/10/visits/
23 апр 2026;10:34:22.093 [default-nioEventLoopGroup-1-7] TRACE i.m.h.client.netty.DefaultHttpClient - X-Powered-By: Undertow/1
23 апр 2026;10:34:22.093 [default-nioEventLoopGroup-1-7] TRACE i.m.h.client.netty.DefaultHttpClient - Set-Cookie: SSOcookie=45982332-68a8-4d6a-bba1-e4a8d9831e6d; Path=/; HttpOnly
23 апр 2026;10:34:22.093 [default-nioEventLoopGroup-1-7] TRACE i.m.h.client.netty.DefaultHttpClient - Set-Cookie: rememberMe=deleteMe; Path=/; Max-Age=0; Expires=Wed, 22-Apr-2026 07:34:21 GMT
23 апр 2026;10:34:22.093 [default-nioEventLoopGroup-1-7] TRACE i.m.h.client.netty.DefaultHttpClient - Server: WildFly/8
23 апр 2026;10:34:22.093 [default-nioEventLoopGroup-1-7] TRACE i.m.h.client.netty.DefaultHttpClient - X-XSS-Protection: 1
23 апр 2026;10:34:22.093 [default-nioEventLoopGroup-1-7] TRACE i.m.h.client.netty.DefaultHttpClient - X-Frame-Options: SAMEORIGIN
23 апр 2026;10:34:22.093 [default-nioEventLoopGroup-1-7] TRACE i.m.h.client.netty.DefaultHttpClient - Content-Security-Policy: default-src *; style-src * 'unsafe-inline'; script-src * 'unsafe-inline' 'unsafe-eval'; img-src * data: 'unsafe-inline'; connect-src * 'unsafe-inline'; frame-src *;
23 апр 2026;10:34:22.093 [default-nioEventLoopGroup-1-7] TRACE i.m.h.client.netty.DefaultHttpClient - Date: Thu, 23 Apr 2026 07:34:22 GMT
23 апр 2026;10:34:22.093 [default-nioEventLoopGroup-1-7] TRACE i.m.h.client.netty.DefaultHttpClient - X-Content-Type-Options: nosniff
23 апр 2026;10:34:22.093 [default-nioEventLoopGroup-1-7] TRACE i.m.h.client.netty.DefaultHttpClient - Strict-Transport-Security: max-age=31536000; includeSubDomains
23 апр 2026;10:34:22.093 [default-nioEventLoopGroup-1-7] TRACE i.m.h.client.netty.DefaultHttpClient - Response Body
23 апр 2026;10:34:22.093 [default-nioEventLoopGroup-1-7] TRACE i.m.h.client.netty.DefaultHttpClient - ----
23 апр 2026;10:34:22.093 [default-nioEventLoopGroup-1-7] TRACE i.m.h.client.netty.DefaultHttpClient - 
23 апр 2026;10:34:22.093 [default-nioEventLoopGroup-1-7] TRACE i.m.h.client.netty.DefaultHttpClient - ----
23 апр 2026;10:34:22.093 [default-nioEventLoopGroup-1-7] TRACE i.m.h.client.netty.DefaultHttpClient - Full HTTP response received an empty body
23 апр 2026;10:34:22.093 [default-nioEventLoopGroup-1-7] TRACE i.m.h.client.netty.DefaultHttpClient - Unable to convert response body to target type class [B
23 апр 2026;10:34:22.093 [SimpleAsyncTaskExecutor-1] TRACE i.m.h.client.netty.DefaultHttpClient - Unable to convert response body to target type class [B
23 апр 2026;10:34:22.097 [default-nioEventLoopGroup-1-8] DEBUG i.m.h.client.netty.DefaultHttpClient - Sending HTTP GET to http://192.168.0.77:8080/rest/entrypoint/branches/6/visits/182050/
23 апр 2026;10:34:22.097 [default-nioEventLoopGroup-1-8] TRACE i.m.h.client.netty.DefaultHttpClient - Authorization: Basic c3VwZXJhZG1pbjp1bGFu
23 апр 2026;10:34:22.097 [default-nioEventLoopGroup-1-8] TRACE i.m.h.client.netty.DefaultHttpClient - Cookie: SSOcookie=57b46714-2f27-46b7-9921-8d8de8bba70d
23 апр 2026;10:34:22.097 [default-nioEventLoopGroup-1-8] TRACE i.m.h.client.netty.DefaultHttpClient - host: 192.168.0.77:8080
23 апр 2026;10:34:22.097 [default-nioEventLoopGroup-1-8] TRACE i.m.h.client.netty.DefaultHttpClient - connection: close
23 апр 2026;10:34:22.115 [default-nioEventLoopGroup-1-8] DEBUG i.m.h.client.netty.DefaultHttpClient - Received response 200 from http://192.168.0.77:8080/rest/entrypoint/branches/6/visits/182050/
23 апр 2026;10:34:22.115 [default-nioEventLoopGroup-1-8] TRACE i.m.h.client.netty.DefaultHttpClient - HTTP Client Response Received (200 OK) for Request: GET http://192.168.0.77:8080/rest/entrypoint/branches/6/visits/182050/
23 апр 2026;10:34:22.115 [default-nioEventLoopGroup-1-8] TRACE i.m.h.client.netty.DefaultHttpClient - Cache-Control: no-store, no-cache, max-age=0, must-revalidate
23 апр 2026;10:34:22.115 [default-nioEventLoopGroup-1-8] TRACE i.m.h.client.netty.DefaultHttpClient - X-Powered-By: Undertow/1
23 апр 2026;10:34:22.115 [default-nioEventLoopGroup-1-8] TRACE i.m.h.client.netty.DefaultHttpClient - Server: WildFly/8
23 апр 2026;10:34:22.115 [default-nioEventLoopGroup-1-8] TRACE i.m.h.client.netty.DefaultHttpClient - X-XSS-Protection: 1
23 апр 2026;10:34:22.115 [default-nioEventLoopGroup-1-8] TRACE i.m.h.client.netty.DefaultHttpClient - X-Frame-Options: SAMEORIGIN
23 апр 2026;10:34:22.115 [default-nioEventLoopGroup-1-8] TRACE i.m.h.client.netty.DefaultHttpClient - Content-Security-Policy: default-src *; style-src * 'unsafe-inline'; script-src * 'unsafe-inline' 'unsafe-eval'; img-src * data: 'unsafe-inline'; connect-src * 'unsafe-inline'; frame-src *;
23 апр 2026;10:34:22.115 [default-nioEventLoopGroup-1-8] TRACE i.m.h.client.netty.DefaultHttpClient - Date: Thu, 23 Apr 2026 07:34:22 GMT
23 апр 2026;10:34:22.115 [default-nioEventLoopGroup-1-8] TRACE i.m.h.client.netty.DefaultHttpClient - Connection: close
23 апр 2026;10:34:22.115 [default-nioEventLoopGroup-1-8] TRACE i.m.h.client.netty.DefaultHttpClient - X-Content-Type-Options: nosniff
23 апр 2026;10:34:22.115 [default-nioEventLoopGroup-1-8] TRACE i.m.h.client.netty.DefaultHttpClient - Strict-Transport-Security: max-age=31536000; includeSubDomains
23 апр 2026;10:34:22.115 [default-nioEventLoopGroup-1-8] TRACE i.m.h.client.netty.DefaultHttpClient - Content-Type: application/json
23 апр 2026;10:34:22.115 [default-nioEventLoopGroup-1-8] TRACE i.m.h.client.netty.DefaultHttpClient - content-length: 1617
23 апр 2026;10:34:22.115 [default-nioEventLoopGroup-1-8] TRACE i.m.h.client.netty.DefaultHttpClient - Response Body
23 апр 2026;10:34:22.115 [default-nioEventLoopGroup-1-8] TRACE i.m.h.client.netty.DefaultHttpClient - ----
23 апр 2026;10:34:22.115 [default-nioEventLoopGroup-1-8] TRACE i.m.h.client.netty.DefaultHttpClient - {"id":182050,"checksum":"1648891059","ticketId":"A2199","unservedVisitServices":[{"id":190991,"eventTime":"10:33","serviceId":7,"serviceInternalName":"Оккулист","serviceExternalName":"Оккулист","visitDeliveredServices":[],"visitOutcome":null,"outcomeExists":false,"deliveredServiceExists":false},{"id":190992,"eventTime":"10:33","serviceId":6,"serviceInternalName":"Стоматолог","serviceExternalName":"Стоматолог","visitDeliveredServices":[],"visitOutcome":null,"outcomeExists":false,"deliveredServiceExists":false},{"id":190993,"eventTime":"10:33","serviceId":5,"serviceInternalName":"Терапевт","serviceExternalName":"Терапевт","visitDeliveredServices":[],"visitOutcome":null,"outcomeExists":false,"deliveredServiceExists":false},{"id":190994,"eventTime":"10:33","serviceId":4,"serviceInternalName":"Хирург","serviceExternalName":"Хирург","visitDeliveredServices":[],"visitOutcome":null,"outcomeExists":false,"deliveredServiceExists":false}],"currentVisitService":{"id":190990,"eventTime":"10:33","serviceId":4,"serviceInternalName":"Хирург","serviceExternalName":"Хирург","visitDeliveredServices":[],"visitOutcome":null,"outcomeExists":false,"deliveredServiceExists":false},"servedVisitServices":[],"visitMarks":[],"customerIds":[],"waitingTime":38,"totalWaitingTime":0,"timeSinceCalled":0,"recycleAllowed":false,"noshowAllowed":false,"recallAllowed":false,"parameterMap":{"currentQueueOrigId":10,"branchName":"Chat_Bot_Demo","startQueueOrigId":98,"totWaitTime":0},"appointmentId":null,"appointmentTime":null,"branchCurrentTime":"10:34:22"}
23 апр 2026;10:34:22.116 [default-nioEventLoopGroup-1-8] TRACE i.m.h.client.netty.DefaultHttpClient - ----
23 апр 2026;10:34:22.122 [default-nioEventLoopGroup-1-9] DEBUG i.m.h.client.netty.DefaultHttpClient - Sending HTTP GET to http://192.168.0.77:8080/rest/entrypoint/branches/6/visits/182051/
23 апр 2026;10:34:22.123 [default-nioEventLoopGroup-1-9] TRACE i.m.h.client.netty.DefaultHttpClient - Authorization: Basic c3VwZXJhZG1pbjp1bGFu
23 апр 2026;10:34:22.123 [default-nioEventLoopGroup-1-9] TRACE i.m.h.client.netty.DefaultHttpClient - Cookie: SSOcookie=57b46714-2f27-46b7-9921-8d8de8bba70d
23 апр 2026;10:34:22.123 [default-nioEventLoopGroup-1-9] TRACE i.m.h.client.netty.DefaultHttpClient - host: 192.168.0.77:8080
23 апр 2026;10:34:22.123 [default-nioEventLoopGroup-1-9] TRACE i.m.h.client.netty.DefaultHttpClient - connection: close
23 апр 2026;10:34:22.140 [default-nioEventLoopGroup-1-9] DEBUG i.m.h.client.netty.DefaultHttpClient - Received response 200 from http://192.168.0.77:8080/rest/entrypoint/branches/6/visits/182051/
23 апр 2026;10:34:22.140 [default-nioEventLoopGroup-1-9] TRACE i.m.h.client.netty.DefaultHttpClient - HTTP Client Response Received (200 OK) for Request: GET http://192.168.0.77:8080/rest/entrypoint/branches/6/visits/182051/
23 апр 2026;10:34:22.140 [default-nioEventLoopGroup-1-9] TRACE i.m.h.client.netty.DefaultHttpClient - Cache-Control: no-store, no-cache, max-age=0, must-revalidate
23 апр 2026;10:34:22.140 [default-nioEventLoopGroup-1-9] TRACE i.m.h.client.netty.DefaultHttpClient - X-Powered-By: Undertow/1
23 апр 2026;10:34:22.140 [default-nioEventLoopGroup-1-9] TRACE i.m.h.client.netty.DefaultHttpClient - Server: WildFly/8
23 апр 2026;10:34:22.140 [default-nioEventLoopGroup-1-9] TRACE i.m.h.client.netty.DefaultHttpClient - X-XSS-Protection: 1
23 апр 2026;10:34:22.140 [default-nioEventLoopGroup-1-9] TRACE i.m.h.client.netty.DefaultHttpClient - X-Frame-Options: SAMEORIGIN
23 апр 2026;10:34:22.140 [default-nioEventLoopGroup-1-9] TRACE i.m.h.client.netty.DefaultHttpClient - Content-Security-Policy: default-src *; style-src * 'unsafe-inline'; script-src * 'unsafe-inline' 'unsafe-eval'; img-src * data: 'unsafe-inline'; connect-src * 'unsafe-inline'; frame-src *;
23 апр 2026;10:34:22.140 [default-nioEventLoopGroup-1-9] TRACE i.m.h.client.netty.DefaultHttpClient - Date: Thu, 23 Apr 2026 07:34:22 GMT
23 апр 2026;10:34:22.140 [default-nioEventLoopGroup-1-9] TRACE i.m.h.client.netty.DefaultHttpClient - Connection: close
23 апр 2026;10:34:22.140 [default-nioEventLoopGroup-1-9] TRACE i.m.h.client.netty.DefaultHttpClient - X-Content-Type-Options: nosniff
23 апр 2026;10:34:22.140 [default-nioEventLoopGroup-1-9] TRACE i.m.h.client.netty.DefaultHttpClient - Strict-Transport-Security: max-age=31536000; includeSubDomains
23 апр 2026;10:34:22.140 [default-nioEventLoopGroup-1-9] TRACE i.m.h.client.netty.DefaultHttpClient - Content-Type: application/json
23 апр 2026;10:34:22.140 [default-nioEventLoopGroup-1-9] TRACE i.m.h.client.netty.DefaultHttpClient - content-length: 1654
23 апр 2026;10:34:22.141 [default-nioEventLoopGroup-1-9] TRACE i.m.h.client.netty.DefaultHttpClient - Response Body
23 апр 2026;10:34:22.141 [default-nioEventLoopGroup-1-9] TRACE i.m.h.client.netty.DefaultHttpClient - ----
23 апр 2026;10:34:22.141 [default-nioEventLoopGroup-1-9] TRACE i.m.h.client.netty.DefaultHttpClient - {"id":182051,"checksum":"1531427744","ticketId":"A2200","unservedVisitServices":[{"id":190996,"eventTime":"10:33","serviceId":7,"serviceInternalName":"Оккулист","serviceExternalName":"Оккулист","visitDeliveredServices":[],"visitOutcome":null,"outcomeExists":false,"deliveredServiceExists":false},{"id":190997,"eventTime":"10:33","serviceId":6,"serviceInternalName":"Стоматолог","serviceExternalName":"Стоматолог","visitDeliveredServices":[],"visitOutcome":null,"outcomeExists":false,"deliveredServiceExists":false},{"id":190998,"eventTime":"10:33","serviceId":5,"serviceInternalName":"Терапевт","serviceExternalName":"Терапевт","visitDeliveredServices":[],"visitOutcome":null,"outcomeExists":false,"deliveredServiceExists":false},{"id":190999,"eventTime":"10:33","serviceId":4,"serviceInternalName":"Хирург","serviceExternalName":"Хирург","visitDeliveredServices":[],"visitOutcome":null,"outcomeExists":false,"deliveredServiceExists":false}],"currentVisitService":{"id":190995,"eventTime":"10:33","serviceId":72,"serviceInternalName":"Врач не назначен","serviceExternalName":"Врач не назначен","visitDeliveredServices":[],"visitOutcome":null,"outcomeExists":false,"deliveredServiceExists":false},"servedVisitServices":[],"visitMarks":[],"customerIds":[],"waitingTime":38,"totalWaitingTime":0,"timeSinceCalled":0,"recycleAllowed":false,"noshowAllowed":false,"recallAllowed":false,"parameterMap":{"currentQueueOrigId":98,"startQueueOrigId":98,"branchName":"Chat_Bot_Demo","totWaitTime":0},"appointmentId":null,"appointmentTime":null,"branchCurrentTime":"10:34:22"}
23 апр 2026;10:34:22.141 [default-nioEventLoopGroup-1-9] TRACE i.m.h.client.netty.DefaultHttpClient - ----
23 апр 2026;10:34:22.147 [default-nioEventLoopGroup-1-10] DEBUG i.m.h.client.netty.DefaultHttpClient - Sending HTTP GET to http://192.168.0.77:8080/rest/entrypoint/branches/6/visits/182051/
23 апр 2026;10:34:22.147 [default-nioEventLoopGroup-1-10] TRACE i.m.h.client.netty.DefaultHttpClient - Authorization: Basic c3VwZXJhZG1pbjp1bGFu
23 апр 2026;10:34:22.147 [default-nioEventLoopGroup-1-10] TRACE i.m.h.client.netty.DefaultHttpClient - Cookie: SSOcookie=57b46714-2f27-46b7-9921-8d8de8bba70d
23 апр 2026;10:34:22.147 [default-nioEventLoopGroup-1-10] TRACE i.m.h.client.netty.DefaultHttpClient - host: 192.168.0.77:8080
23 апр 2026;10:34:22.147 [default-nioEventLoopGroup-1-10] TRACE i.m.h.client.netty.DefaultHttpClient - connection: close
23 апр 2026;10:34:22.163 [default-nioEventLoopGroup-1-10] DEBUG i.m.h.client.netty.DefaultHttpClient - Received response 200 from http://192.168.0.77:8080/rest/entrypoint/branches/6/visits/182051/
23 апр 2026;10:34:22.163 [default-nioEventLoopGroup-1-10] TRACE i.m.h.client.netty.DefaultHttpClient - HTTP Client Response Received (200 OK) for Request: GET http://192.168.0.77:8080/rest/entrypoint/branches/6/visits/182051/
23 апр 2026;10:34:22.164 [default-nioEventLoopGroup-1-10] TRACE i.m.h.client.netty.DefaultHttpClient - Cache-Control: no-store, no-cache, max-age=0, must-revalidate
23 апр 2026;10:34:22.164 [default-nioEventLoopGroup-1-10] TRACE i.m.h.client.netty.DefaultHttpClient - X-Powered-By: Undertow/1
23 апр 2026;10:34:22.164 [default-nioEventLoopGroup-1-10] TRACE i.m.h.client.netty.DefaultHttpClient - Server: WildFly/8
23 апр 2026;10:34:22.164 [default-nioEventLoopGroup-1-10] TRACE i.m.h.client.netty.DefaultHttpClient - X-XSS-Protection: 1
23 апр 2026;10:34:22.164 [default-nioEventLoopGroup-1-10] TRACE i.m.h.client.netty.DefaultHttpClient - X-Frame-Options: SAMEORIGIN
23 апр 2026;10:34:22.164 [default-nioEventLoopGroup-1-10] TRACE i.m.h.client.netty.DefaultHttpClient - Content-Security-Policy: default-src *; style-src * 'unsafe-inline'; script-src * 'unsafe-inline' 'unsafe-eval'; img-src * data: 'unsafe-inline'; connect-src * 'unsafe-inline'; frame-src *;
23 апр 2026;10:34:22.164 [default-nioEventLoopGroup-1-10] TRACE i.m.h.client.netty.DefaultHttpClient - Date: Thu, 23 Apr 2026 07:34:22 GMT
23 апр 2026;10:34:22.164 [default-nioEventLoopGroup-1-10] TRACE i.m.h.client.netty.DefaultHttpClient - Connection: close
23 апр 2026;10:34:22.164 [default-nioEventLoopGroup-1-10] TRACE i.m.h.client.netty.DefaultHttpClient - X-Content-Type-Options: nosniff
23 апр 2026;10:34:22.164 [default-nioEventLoopGroup-1-10] TRACE i.m.h.client.netty.DefaultHttpClient - Strict-Transport-Security: max-age=31536000; includeSubDomains
23 апр 2026;10:34:22.164 [default-nioEventLoopGroup-1-10] TRACE i.m.h.client.netty.DefaultHttpClient - Content-Type: application/json
23 апр 2026;10:34:22.164 [default-nioEventLoopGroup-1-10] TRACE i.m.h.client.netty.DefaultHttpClient - content-length: 1654
23 апр 2026;10:34:22.164 [default-nioEventLoopGroup-1-10] TRACE i.m.h.client.netty.DefaultHttpClient - Response Body
23 апр 2026;10:34:22.164 [default-nioEventLoopGroup-1-10] TRACE i.m.h.client.netty.DefaultHttpClient - ----
23 апр 2026;10:34:22.164 [default-nioEventLoopGroup-1-10] TRACE i.m.h.client.netty.DefaultHttpClient - {"id":182051,"checksum":"1531427744","ticketId":"A2200","unservedVisitServices":[{"id":190996,"eventTime":"10:33","serviceId":7,"serviceInternalName":"Оккулист","serviceExternalName":"Оккулист","visitDeliveredServices":[],"visitOutcome":null,"outcomeExists":false,"deliveredServiceExists":false},{"id":190997,"eventTime":"10:33","serviceId":6,"serviceInternalName":"Стоматолог","serviceExternalName":"Стоматолог","visitDeliveredServices":[],"visitOutcome":null,"outcomeExists":false,"deliveredServiceExists":false},{"id":190998,"eventTime":"10:33","serviceId":5,"serviceInternalName":"Терапевт","serviceExternalName":"Терапевт","visitDeliveredServices":[],"visitOutcome":null,"outcomeExists":false,"deliveredServiceExists":false},{"id":190999,"eventTime":"10:33","serviceId":4,"serviceInternalName":"Хирург","serviceExternalName":"Хирург","visitDeliveredServices":[],"visitOutcome":null,"outcomeExists":false,"deliveredServiceExists":false}],"currentVisitService":{"id":190995,"eventTime":"10:33","serviceId":72,"serviceInternalName":"Врач не назначен","serviceExternalName":"Врач не назначен","visitDeliveredServices":[],"visitOutcome":null,"outcomeExists":false,"deliveredServiceExists":false},"servedVisitServices":[],"visitMarks":[],"customerIds":[],"waitingTime":38,"totalWaitingTime":0,"timeSinceCalled":0,"recycleAllowed":false,"noshowAllowed":false,"recallAllowed":false,"parameterMap":{"currentQueueOrigId":98,"startQueueOrigId":98,"branchName":"Chat_Bot_Demo","totWaitTime":0},"appointmentId":null,"appointmentTime":null,"branchCurrentTime":"10:34:22"}
23 апр 2026;10:34:22.164 [default-nioEventLoopGroup-1-10] TRACE i.m.h.client.netty.DefaultHttpClient - ----
23 апр 2026;10:34:22.169 [default-nioEventLoopGroup-1-11] DEBUG i.m.h.client.netty.DefaultHttpClient - Sending HTTP PUT to http://192.168.0.77:8080/rest/entrypoint/branches/6/visits/182051/services/4/
23 апр 2026;10:34:22.169 [default-nioEventLoopGroup-1-11] TRACE i.m.h.client.netty.DefaultHttpClient - Authorization: Basic c3VwZXJhZG1pbjp1bGFu
23 апр 2026;10:34:22.169 [default-nioEventLoopGroup-1-11] TRACE i.m.h.client.netty.DefaultHttpClient - Content-Type: application/json
23 апр 2026;10:34:22.169 [default-nioEventLoopGroup-1-11] TRACE i.m.h.client.netty.DefaultHttpClient - Accept: application/json
23 апр 2026;10:34:22.169 [default-nioEventLoopGroup-1-11] TRACE i.m.h.client.netty.DefaultHttpClient - host: 192.168.0.77:8080
23 апр 2026;10:34:22.169 [default-nioEventLoopGroup-1-11] TRACE i.m.h.client.netty.DefaultHttpClient - connection: close
23 апр 2026;10:34:22.169 [default-nioEventLoopGroup-1-11] TRACE i.m.h.client.netty.DefaultHttpClient - content-length: 0
23 апр 2026;10:34:22.169 [default-nioEventLoopGroup-1-11] TRACE i.m.h.client.netty.DefaultHttpClient - Request Body
23 апр 2026;10:34:22.169 [default-nioEventLoopGroup-1-11] TRACE i.m.h.client.netty.DefaultHttpClient - ----
23 апр 2026;10:34:22.169 [default-nioEventLoopGroup-1-11] TRACE i.m.h.client.netty.DefaultHttpClient - 
23 апр 2026;10:34:22.169 [default-nioEventLoopGroup-1-11] TRACE i.m.h.client.netty.DefaultHttpClient - ----
23 апр 2026;10:34:22.665 [default-nioEventLoopGroup-1-11] DEBUG i.m.h.client.netty.DefaultHttpClient - Received response 200 from http://192.168.0.77:8080/rest/entrypoint/branches/6/visits/182051/services/4/
23 апр 2026;10:34:22.666 [default-nioEventLoopGroup-1-11] TRACE i.m.h.client.netty.DefaultHttpClient - HTTP Client Response Received (200 OK) for Request: PUT http://192.168.0.77:8080/rest/entrypoint/branches/6/visits/182051/services/4/
23 апр 2026;10:34:22.666 [default-nioEventLoopGroup-1-11] TRACE i.m.h.client.netty.DefaultHttpClient - X-Powered-By: Undertow/1
23 апр 2026;10:34:22.666 [default-nioEventLoopGroup-1-11] TRACE i.m.h.client.netty.DefaultHttpClient - Set-Cookie: SSOcookie=816e3a25-23f3-404d-bb82-c399212f7510; Path=/; HttpOnly
23 апр 2026;10:34:22.666 [default-nioEventLoopGroup-1-11] TRACE i.m.h.client.netty.DefaultHttpClient - Set-Cookie: rememberMe=deleteMe; Path=/; Max-Age=0; Expires=Wed, 22-Apr-2026 07:34:22 GMT
23 апр 2026;10:34:22.666 [default-nioEventLoopGroup-1-11] TRACE i.m.h.client.netty.DefaultHttpClient - Server: WildFly/8
23 апр 2026;10:34:22.666 [default-nioEventLoopGroup-1-11] TRACE i.m.h.client.netty.DefaultHttpClient - X-XSS-Protection: 1
23 апр 2026;10:34:22.666 [default-nioEventLoopGroup-1-11] TRACE i.m.h.client.netty.DefaultHttpClient - X-Frame-Options: SAMEORIGIN
23 апр 2026;10:34:22.666 [default-nioEventLoopGroup-1-11] TRACE i.m.h.client.netty.DefaultHttpClient - Content-Security-Policy: default-src *; style-src * 'unsafe-inline'; script-src * 'unsafe-inline' 'unsafe-eval'; img-src * data: 'unsafe-inline'; connect-src * 'unsafe-inline'; frame-src *;
23 апр 2026;10:34:22.666 [default-nioEventLoopGroup-1-11] TRACE i.m.h.client.netty.DefaultHttpClient - Date: Thu, 23 Apr 2026 07:34:22 GMT
23 апр 2026;10:34:22.666 [default-nioEventLoopGroup-1-11] TRACE i.m.h.client.netty.DefaultHttpClient - Connection: close
23 апр 2026;10:34:22.666 [default-nioEventLoopGroup-1-11] TRACE i.m.h.client.netty.DefaultHttpClient - X-Content-Type-Options: nosniff
23 апр 2026;10:34:22.666 [default-nioEventLoopGroup-1-11] TRACE i.m.h.client.netty.DefaultHttpClient - Strict-Transport-Security: max-age=31536000; includeSubDomains
23 апр 2026;10:34:22.666 [default-nioEventLoopGroup-1-11] TRACE i.m.h.client.netty.DefaultHttpClient - Content-Type: application/json
23 апр 2026;10:34:22.666 [default-nioEventLoopGroup-1-11] TRACE i.m.h.client.netty.DefaultHttpClient - content-length: 1871
23 апр 2026;10:34:22.666 [default-nioEventLoopGroup-1-11] TRACE i.m.h.client.netty.DefaultHttpClient - Response Body
23 апр 2026;10:34:22.666 [default-nioEventLoopGroup-1-11] TRACE i.m.h.client.netty.DefaultHttpClient - ----
23 апр 2026;10:34:22.666 [default-nioEventLoopGroup-1-11] TRACE i.m.h.client.netty.DefaultHttpClient - {"branchId":6,"userState":"INACTIVE","visitState":"OK","servicePointId":1,"servicePointName":"Кабинет 13","servicePointState":"OPEN","visit":{"id":182051,"checksum":"1531427744","ticketId":"A2200","unservedVisitServices":[{"id":190996,"eventTime":"10:33","serviceId":7,"serviceInternalName":"Оккулист","serviceExternalName":"Оккулист","visitDeliveredServices":[],"visitOutcome":null,"outcomeExists":false,"deliveredServiceExists":false},{"id":190997,"eventTime":"10:33","serviceId":6,"serviceInternalName":"Стоматолог","serviceExternalName":"Стоматолог","visitDeliveredServices":[],"visitOutcome":null,"outcomeExists":false,"deliveredServiceExists":false},{"id":190998,"eventTime":"10:33","serviceId":5,"serviceInternalName":"Терапевт","serviceExternalName":"Терапевт","visitDeliveredServices":[],"visitOutcome":null,"outcomeExists":false,"deliveredServiceExists":false},{"id":190999,"eventTime":"10:33","serviceId":4,"serviceInternalName":"Хирург","serviceExternalName":"Хирург","visitDeliveredServices":[],"visitOutcome":null,"outcomeExists":false,"deliveredServiceExists":false}],"currentVisitService":{"id":190995,"eventTime":"10:33","serviceId":4,"serviceInternalName":"Хирург","serviceExternalName":"Хирург","visitDeliveredServices":[],"visitOutcome":null,"outcomeExists":false,"deliveredServiceExists":false},"servedVisitServices":[],"visitMarks":[],"customerIds":[],"waitingTime":37,"totalWaitingTime":0,"timeSinceCalled":0,"recycleAllowed":false,"noshowAllowed":false,"recallAllowed":false,"parameterMap":{"startQueueOrigId":98,"branchName":"Chat_Bot_Demo","totWaitTime":0},"appointmentId":null,"appointmentTime":null,"branchCurrentTime":"10:34:22"},"workProfileId":7,"workProfileName":"Универсал","servicePointDeviceTypes":["POSITIONAL","SW_SERVICE_POINT","Spotlight"]}
23 апр 2026;10:34:22.666 [default-nioEventLoopGroup-1-11] TRACE i.m.h.client.netty.DefaultHttpClient - ----
23 апр 2026;10:34:22.670 [default-nioEventLoopGroup-1-12] DEBUG i.m.h.client.netty.DefaultHttpClient - Sending HTTP PUT to http://192.168.0.77:8080/rest/entrypoint/branches/6/queues/10/visits/
23 апр 2026;10:34:22.670 [default-nioEventLoopGroup-1-12] TRACE i.m.h.client.netty.DefaultHttpClient - Authorization: Basic c3VwZXJhZG1pbjp1bGFu
23 апр 2026;10:34:22.670 [default-nioEventLoopGroup-1-12] TRACE i.m.h.client.netty.DefaultHttpClient - Content-Type: application/json
23 апр 2026;10:34:22.670 [default-nioEventLoopGroup-1-12] TRACE i.m.h.client.netty.DefaultHttpClient - Accept: application/json
23 апр 2026;10:34:22.670 [default-nioEventLoopGroup-1-12] TRACE i.m.h.client.netty.DefaultHttpClient - host: 192.168.0.77:8080
23 апр 2026;10:34:22.670 [default-nioEventLoopGroup-1-12] TRACE i.m.h.client.netty.DefaultHttpClient - connection: close
23 апр 2026;10:34:22.670 [default-nioEventLoopGroup-1-12] TRACE i.m.h.client.netty.DefaultHttpClient - content-length: 46
23 апр 2026;10:34:22.670 [default-nioEventLoopGroup-1-12] TRACE i.m.h.client.netty.DefaultHttpClient - Request Body
23 апр 2026;10:34:22.670 [default-nioEventLoopGroup-1-12] TRACE i.m.h.client.netty.DefaultHttpClient - ----
23 апр 2026;10:34:22.670 [default-nioEventLoopGroup-1-12] TRACE i.m.h.client.netty.DefaultHttpClient - {"visitId":182051,"fromBranchId":6,"fromId":1}
23 апр 2026;10:34:22.670 [default-nioEventLoopGroup-1-12] TRACE i.m.h.client.netty.DefaultHttpClient - ----
23 апр 2026;10:34:23.383 [default-nioEventLoopGroup-1-12] DEBUG i.m.h.client.netty.DefaultHttpClient - Received response 204 from http://192.168.0.77:8080/rest/entrypoint/branches/6/queues/10/visits/
23 апр 2026;10:34:23.383 [default-nioEventLoopGroup-1-12] TRACE i.m.h.client.netty.DefaultHttpClient - HTTP Client Response Received (204 No Content) for Request: PUT http://192.168.0.77:8080/rest/entrypoint/branches/6/queues/10/visits/
23 апр 2026;10:34:23.383 [default-nioEventLoopGroup-1-12] TRACE i.m.h.client.netty.DefaultHttpClient - X-Powered-By: Undertow/1
23 апр 2026;10:34:23.383 [default-nioEventLoopGroup-1-12] TRACE i.m.h.client.netty.DefaultHttpClient - Set-Cookie: SSOcookie=f05a6666-0928-4f0a-9223-8b8cb9264cbf; Path=/; HttpOnly
23 апр 2026;10:34:23.383 [default-nioEventLoopGroup-1-12] TRACE i.m.h.client.netty.DefaultHttpClient - Set-Cookie: rememberMe=deleteMe; Path=/; Max-Age=0; Expires=Wed, 22-Apr-2026 07:34:23 GMT
23 апр 2026;10:34:23.383 [default-nioEventLoopGroup-1-12] TRACE i.m.h.client.netty.DefaultHttpClient - Server: WildFly/8
23 апр 2026;10:34:23.383 [default-nioEventLoopGroup-1-12] TRACE i.m.h.client.netty.DefaultHttpClient - X-XSS-Protection: 1
23 апр 2026;10:34:23.383 [default-nioEventLoopGroup-1-12] TRACE i.m.h.client.netty.DefaultHttpClient - X-Frame-Options: SAMEORIGIN
23 апр 2026;10:34:23.383 [default-nioEventLoopGroup-1-12] TRACE i.m.h.client.netty.DefaultHttpClient - Content-Security-Policy: default-src *; style-src * 'unsafe-inline'; script-src * 'unsafe-inline' 'unsafe-eval'; img-src * data: 'unsafe-inline'; connect-src * 'unsafe-inline'; frame-src *;
23 апр 2026;10:34:23.383 [default-nioEventLoopGroup-1-12] TRACE i.m.h.client.netty.DefaultHttpClient - Date: Thu, 23 Apr 2026 07:34:23 GMT
23 апр 2026;10:34:23.383 [default-nioEventLoopGroup-1-12] TRACE i.m.h.client.netty.DefaultHttpClient - X-Content-Type-Options: nosniff
23 апр 2026;10:34:23.383 [default-nioEventLoopGroup-1-12] TRACE i.m.h.client.netty.DefaultHttpClient - Strict-Transport-Security: max-age=31536000; includeSubDomains
23 апр 2026;10:34:23.383 [default-nioEventLoopGroup-1-12] TRACE i.m.h.client.netty.DefaultHttpClient - Response Body
23 апр 2026;10:34:23.383 [default-nioEventLoopGroup-1-12] TRACE i.m.h.client.netty.DefaultHttpClient - ----
23 апр 2026;10:34:23.383 [default-nioEventLoopGroup-1-12] TRACE i.m.h.client.netty.DefaultHttpClient - 
23 апр 2026;10:34:23.383 [default-nioEventLoopGroup-1-12] TRACE i.m.h.client.netty.DefaultHttpClient - ----
23 апр 2026;10:34:23.383 [default-nioEventLoopGroup-1-12] TRACE i.m.h.client.netty.DefaultHttpClient - Full HTTP response received an empty body
23 апр 2026;10:34:23.383 [default-nioEventLoopGroup-1-12] TRACE i.m.h.client.netty.DefaultHttpClient - Unable to convert response body to target type class [B
23 апр 2026;10:34:23.383 [SimpleAsyncTaskExecutor-1] TRACE i.m.h.client.netty.DefaultHttpClient - Unable to convert response body to target type class [B
23 апр 2026;10:34:23.386 [default-nioEventLoopGroup-1-14] DEBUG i.m.h.client.netty.DefaultHttpClient - Sending HTTP GET to http://192.168.0.77:8080/rest/entrypoint/branches/6/visits/182051/
23 апр 2026;10:34:23.386 [default-nioEventLoopGroup-1-14] TRACE i.m.h.client.netty.DefaultHttpClient - Authorization: Basic c3VwZXJhZG1pbjp1bGFu
23 апр 2026;10:34:23.386 [default-nioEventLoopGroup-1-14] TRACE i.m.h.client.netty.DefaultHttpClient - Cookie: SSOcookie=57b46714-2f27-46b7-9921-8d8de8bba70d
23 апр 2026;10:34:23.386 [default-nioEventLoopGroup-1-14] TRACE i.m.h.client.netty.DefaultHttpClient - host: 192.168.0.77:8080
23 апр 2026;10:34:23.386 [default-nioEventLoopGroup-1-14] TRACE i.m.h.client.netty.DefaultHttpClient - connection: close
23 апр 2026;10:34:23.405 [default-nioEventLoopGroup-1-14] DEBUG i.m.h.client.netty.DefaultHttpClient - Received response 200 from http://192.168.0.77:8080/rest/entrypoint/branches/6/visits/182051/
23 апр 2026;10:34:23.405 [default-nioEventLoopGroup-1-14] TRACE i.m.h.client.netty.DefaultHttpClient - HTTP Client Response Received (200 OK) for Request: GET http://192.168.0.77:8080/rest/entrypoint/branches/6/visits/182051/
23 апр 2026;10:34:23.406 [default-nioEventLoopGroup-1-14] TRACE i.m.h.client.netty.DefaultHttpClient - Cache-Control: no-store, no-cache, max-age=0, must-revalidate
23 апр 2026;10:34:23.406 [default-nioEventLoopGroup-1-14] TRACE i.m.h.client.netty.DefaultHttpClient - X-Powered-By: Undertow/1
23 апр 2026;10:34:23.406 [default-nioEventLoopGroup-1-14] TRACE i.m.h.client.netty.DefaultHttpClient - Server: WildFly/8
23 апр 2026;10:34:23.406 [default-nioEventLoopGroup-1-14] TRACE i.m.h.client.netty.DefaultHttpClient - X-XSS-Protection: 1
23 апр 2026;10:34:23.406 [default-nioEventLoopGroup-1-14] TRACE i.m.h.client.netty.DefaultHttpClient - X-Frame-Options: SAMEORIGIN
23 апр 2026;10:34:23.406 [default-nioEventLoopGroup-1-14] TRACE i.m.h.client.netty.DefaultHttpClient - Content-Security-Policy: default-src *; style-src * 'unsafe-inline'; script-src * 'unsafe-inline' 'unsafe-eval'; img-src * data: 'unsafe-inline'; connect-src * 'unsafe-inline'; frame-src *;
23 апр 2026;10:34:23.406 [default-nioEventLoopGroup-1-14] TRACE i.m.h.client.netty.DefaultHttpClient - Date: Thu, 23 Apr 2026 07:34:23 GMT
23 апр 2026;10:34:23.406 [default-nioEventLoopGroup-1-14] TRACE i.m.h.client.netty.DefaultHttpClient - Connection: close
23 апр 2026;10:34:23.406 [default-nioEventLoopGroup-1-14] TRACE i.m.h.client.netty.DefaultHttpClient - X-Content-Type-Options: nosniff
23 апр 2026;10:34:23.406 [default-nioEventLoopGroup-1-14] TRACE i.m.h.client.netty.DefaultHttpClient - Strict-Transport-Security: max-age=31536000; includeSubDomains
23 апр 2026;10:34:23.406 [default-nioEventLoopGroup-1-14] TRACE i.m.h.client.netty.DefaultHttpClient - Content-Type: application/json
23 апр 2026;10:34:23.406 [default-nioEventLoopGroup-1-14] TRACE i.m.h.client.netty.DefaultHttpClient - content-length: 1617
23 апр 2026;10:34:23.406 [default-nioEventLoopGroup-1-14] TRACE i.m.h.client.netty.DefaultHttpClient - Response Body
23 апр 2026;10:34:23.406 [default-nioEventLoopGroup-1-14] TRACE i.m.h.client.netty.DefaultHttpClient - ----
23 апр 2026;10:34:23.406 [default-nioEventLoopGroup-1-14] TRACE i.m.h.client.netty.DefaultHttpClient - {"id":182051,"checksum":"1531427744","ticketId":"A2200","unservedVisitServices":[{"id":190996,"eventTime":"10:33","serviceId":7,"serviceInternalName":"Оккулист","serviceExternalName":"Оккулист","visitDeliveredServices":[],"visitOutcome":null,"outcomeExists":false,"deliveredServiceExists":false},{"id":190997,"eventTime":"10:33","serviceId":6,"serviceInternalName":"Стоматолог","serviceExternalName":"Стоматолог","visitDeliveredServices":[],"visitOutcome":null,"outcomeExists":false,"deliveredServiceExists":false},{"id":190998,"eventTime":"10:33","serviceId":5,"serviceInternalName":"Терапевт","serviceExternalName":"Терапевт","visitDeliveredServices":[],"visitOutcome":null,"outcomeExists":false,"deliveredServiceExists":false},{"id":190999,"eventTime":"10:33","serviceId":4,"serviceInternalName":"Хирург","serviceExternalName":"Хирург","visitDeliveredServices":[],"visitOutcome":null,"outcomeExists":false,"deliveredServiceExists":false}],"currentVisitService":{"id":190995,"eventTime":"10:33","serviceId":4,"serviceInternalName":"Хирург","serviceExternalName":"Хирург","visitDeliveredServices":[],"visitOutcome":null,"outcomeExists":false,"deliveredServiceExists":false},"servedVisitServices":[],"visitMarks":[],"customerIds":[],"waitingTime":39,"totalWaitingTime":0,"timeSinceCalled":0,"recycleAllowed":false,"noshowAllowed":false,"recallAllowed":false,"parameterMap":{"currentQueueOrigId":10,"branchName":"Chat_Bot_Demo","startQueueOrigId":98,"totWaitTime":0},"appointmentId":null,"appointmentTime":null,"branchCurrentTime":"10:34:23"}
23 апр 2026;10:34:23.406 [default-nioEventLoopGroup-1-14] TRACE i.m.h.client.netty.DefaultHttpClient - ----
23 апр 2026;10:34:23.409 [default-nioEventLoopGroup-1-15] DEBUG i.m.h.client.netty.DefaultHttpClient - Sending HTTP GET to http://192.168.0.77:8080/rest/entrypoint/branches/6/visits/182052/
23 апр 2026;10:34:23.409 [default-nioEventLoopGroup-1-15] TRACE i.m.h.client.netty.DefaultHttpClient - Authorization: Basic c3VwZXJhZG1pbjp1bGFu
23 апр 2026;10:34:23.409 [default-nioEventLoopGroup-1-15] TRACE i.m.h.client.netty.DefaultHttpClient - Cookie: SSOcookie=57b46714-2f27-46b7-9921-8d8de8bba70d
23 апр 2026;10:34:23.410 [default-nioEventLoopGroup-1-15] TRACE i.m.h.client.netty.DefaultHttpClient - host: 192.168.0.77:8080
23 апр 2026;10:34:23.410 [default-nioEventLoopGroup-1-15] TRACE i.m.h.client.netty.DefaultHttpClient - connection: close
23 апр 2026;10:34:23.427 [default-nioEventLoopGroup-1-15] DEBUG i.m.h.client.netty.DefaultHttpClient - Received response 200 from http://192.168.0.77:8080/rest/entrypoint/branches/6/visits/182052/
23 апр 2026;10:34:23.427 [default-nioEventLoopGroup-1-15] TRACE i.m.h.client.netty.DefaultHttpClient - HTTP Client Response Received (200 OK) for Request: GET http://192.168.0.77:8080/rest/entrypoint/branches/6/visits/182052/
23 апр 2026;10:34:23.427 [default-nioEventLoopGroup-1-15] TRACE i.m.h.client.netty.DefaultHttpClient - Cache-Control: no-store, no-cache, max-age=0, must-revalidate
23 апр 2026;10:34:23.427 [default-nioEventLoopGroup-1-15] TRACE i.m.h.client.netty.DefaultHttpClient - X-Powered-By: Undertow/1
23 апр 2026;10:34:23.427 [default-nioEventLoopGroup-1-15] TRACE i.m.h.client.netty.DefaultHttpClient - Server: WildFly/8
23 апр 2026;10:34:23.427 [default-nioEventLoopGroup-1-15] TRACE i.m.h.client.netty.DefaultHttpClient - X-XSS-Protection: 1
23 апр 2026;10:34:23.427 [default-nioEventLoopGroup-1-15] TRACE i.m.h.client.netty.DefaultHttpClient - X-Frame-Options: SAMEORIGIN
23 апр 2026;10:34:23.427 [default-nioEventLoopGroup-1-15] TRACE i.m.h.client.netty.DefaultHttpClient - Content-Security-Policy: default-src *; style-src * 'unsafe-inline'; script-src * 'unsafe-inline' 'unsafe-eval'; img-src * data: 'unsafe-inline'; connect-src * 'unsafe-inline'; frame-src *;
23 апр 2026;10:34:23.427 [default-nioEventLoopGroup-1-15] TRACE i.m.h.client.netty.DefaultHttpClient - Date: Thu, 23 Apr 2026 07:34:23 GMT
23 апр 2026;10:34:23.427 [default-nioEventLoopGroup-1-15] TRACE i.m.h.client.netty.DefaultHttpClient - Connection: close
23 апр 2026;10:34:23.428 [default-nioEventLoopGroup-1-15] TRACE i.m.h.client.netty.DefaultHttpClient - X-Content-Type-Options: nosniff
23 апр 2026;10:34:23.428 [default-nioEventLoopGroup-1-15] TRACE i.m.h.client.netty.DefaultHttpClient - Strict-Transport-Security: max-age=31536000; includeSubDomains
23 апр 2026;10:34:23.428 [default-nioEventLoopGroup-1-15] TRACE i.m.h.client.netty.DefaultHttpClient - Content-Type: application/json
23 апр 2026;10:34:23.428 [default-nioEventLoopGroup-1-15] TRACE i.m.h.client.netty.DefaultHttpClient - content-length: 1654
23 апр 2026;10:34:23.428 [default-nioEventLoopGroup-1-15] TRACE i.m.h.client.netty.DefaultHttpClient - Response Body
23 апр 2026;10:34:23.428 [default-nioEventLoopGroup-1-15] TRACE i.m.h.client.netty.DefaultHttpClient - ----
23 апр 2026;10:34:23.428 [default-nioEventLoopGroup-1-15] TRACE i.m.h.client.netty.DefaultHttpClient - {"id":182052,"checksum":"1710023559","ticketId":"A2201","unservedVisitServices":[{"id":191001,"eventTime":"10:33","serviceId":7,"serviceInternalName":"Оккулист","serviceExternalName":"Оккулист","visitDeliveredServices":[],"visitOutcome":null,"outcomeExists":false,"deliveredServiceExists":false},{"id":191002,"eventTime":"10:33","serviceId":6,"serviceInternalName":"Стоматолог","serviceExternalName":"Стоматолог","visitDeliveredServices":[],"visitOutcome":null,"outcomeExists":false,"deliveredServiceExists":false},{"id":191003,"eventTime":"10:33","serviceId":5,"serviceInternalName":"Терапевт","serviceExternalName":"Терапевт","visitDeliveredServices":[],"visitOutcome":null,"outcomeExists":false,"deliveredServiceExists":false},{"id":191004,"eventTime":"10:33","serviceId":4,"serviceInternalName":"Хирург","serviceExternalName":"Хирург","visitDeliveredServices":[],"visitOutcome":null,"outcomeExists":false,"deliveredServiceExists":false}],"currentVisitService":{"id":191000,"eventTime":"10:33","serviceId":72,"serviceInternalName":"Врач не назначен","serviceExternalName":"Врач не назначен","visitDeliveredServices":[],"visitOutcome":null,"outcomeExists":false,"deliveredServiceExists":false},"servedVisitServices":[],"visitMarks":[],"customerIds":[],"waitingTime":39,"totalWaitingTime":0,"timeSinceCalled":0,"recycleAllowed":false,"noshowAllowed":false,"recallAllowed":false,"parameterMap":{"currentQueueOrigId":98,"startQueueOrigId":98,"branchName":"Chat_Bot_Demo","totWaitTime":0},"appointmentId":null,"appointmentTime":null,"branchCurrentTime":"10:34:23"}
23 апр 2026;10:34:23.428 [default-nioEventLoopGroup-1-15] TRACE i.m.h.client.netty.DefaultHttpClient - ----
23 апр 2026;10:34:23.431 [default-nioEventLoopGroup-1-16] DEBUG i.m.h.client.netty.DefaultHttpClient - Sending HTTP GET to http://192.168.0.77:8080/rest/entrypoint/branches/6/visits/182052/
23 апр 2026;10:34:23.431 [default-nioEventLoopGroup-1-16] TRACE i.m.h.client.netty.DefaultHttpClient - Authorization: Basic c3VwZXJhZG1pbjp1bGFu
23 апр 2026;10:34:23.431 [default-nioEventLoopGroup-1-16] TRACE i.m.h.client.netty.DefaultHttpClient - Cookie: SSOcookie=57b46714-2f27-46b7-9921-8d8de8bba70d
23 апр 2026;10:34:23.431 [default-nioEventLoopGroup-1-16] TRACE i.m.h.client.netty.DefaultHttpClient - host: 192.168.0.77:8080
23 апр 2026;10:34:23.431 [default-nioEventLoopGroup-1-16] TRACE i.m.h.client.netty.DefaultHttpClient - connection: close
23 апр 2026;10:34:23.449 [default-nioEventLoopGroup-1-16] DEBUG i.m.h.client.netty.DefaultHttpClient - Received response 200 from http://192.168.0.77:8080/rest/entrypoint/branches/6/visits/182052/
23 апр 2026;10:34:23.449 [default-nioEventLoopGroup-1-16] TRACE i.m.h.client.netty.DefaultHttpClient - HTTP Client Response Received (200 OK) for Request: GET http://192.168.0.77:8080/rest/entrypoint/branches/6/visits/182052/
23 апр 2026;10:34:23.449 [default-nioEventLoopGroup-1-16] TRACE i.m.h.client.netty.DefaultHttpClient - Cache-Control: no-store, no-cache, max-age=0, must-revalidate
23 апр 2026;10:34:23.449 [default-nioEventLoopGroup-1-16] TRACE i.m.h.client.netty.DefaultHttpClient - X-Powered-By: Undertow/1
23 апр 2026;10:34:23.449 [default-nioEventLoopGroup-1-16] TRACE i.m.h.client.netty.DefaultHttpClient - Server: WildFly/8
23 апр 2026;10:34:23.449 [default-nioEventLoopGroup-1-16] TRACE i.m.h.client.netty.DefaultHttpClient - X-XSS-Protection: 1
23 апр 2026;10:34:23.449 [default-nioEventLoopGroup-1-16] TRACE i.m.h.client.netty.DefaultHttpClient - X-Frame-Options: SAMEORIGIN
23 апр 2026;10:34:23.449 [default-nioEventLoopGroup-1-16] TRACE i.m.h.client.netty.DefaultHttpClient - Content-Security-Policy: default-src *; style-src * 'unsafe-inline'; script-src * 'unsafe-inline' 'unsafe-eval'; img-src * data: 'unsafe-inline'; connect-src * 'unsafe-inline'; frame-src *;
23 апр 2026;10:34:23.449 [default-nioEventLoopGroup-1-16] TRACE i.m.h.client.netty.DefaultHttpClient - Date: Thu, 23 Apr 2026 07:34:23 GMT
23 апр 2026;10:34:23.449 [default-nioEventLoopGroup-1-16] TRACE i.m.h.client.netty.DefaultHttpClient - Connection: close
23 апр 2026;10:34:23.449 [default-nioEventLoopGroup-1-16] TRACE i.m.h.client.netty.DefaultHttpClient - X-Content-Type-Options: nosniff
23 апр 2026;10:34:23.449 [default-nioEventLoopGroup-1-16] TRACE i.m.h.client.netty.DefaultHttpClient - Strict-Transport-Security: max-age=31536000; includeSubDomains
23 апр 2026;10:34:23.449 [default-nioEventLoopGroup-1-16] TRACE i.m.h.client.netty.DefaultHttpClient - Content-Type: application/json
23 апр 2026;10:34:23.449 [default-nioEventLoopGroup-1-16] TRACE i.m.h.client.netty.DefaultHttpClient - content-length: 1654
23 апр 2026;10:34:23.449 [default-nioEventLoopGroup-1-16] TRACE i.m.h.client.netty.DefaultHttpClient - Response Body
23 апр 2026;10:34:23.449 [default-nioEventLoopGroup-1-16] TRACE i.m.h.client.netty.DefaultHttpClient - ----
23 апр 2026;10:34:23.449 [default-nioEventLoopGroup-1-16] TRACE i.m.h.client.netty.DefaultHttpClient - {"id":182052,"checksum":"1710023559","ticketId":"A2201","unservedVisitServices":[{"id":191001,"eventTime":"10:33","serviceId":7,"serviceInternalName":"Оккулист","serviceExternalName":"Оккулист","visitDeliveredServices":[],"visitOutcome":null,"outcomeExists":false,"deliveredServiceExists":false},{"id":191002,"eventTime":"10:33","serviceId":6,"serviceInternalName":"Стоматолог","serviceExternalName":"Стоматолог","visitDeliveredServices":[],"visitOutcome":null,"outcomeExists":false,"deliveredServiceExists":false},{"id":191003,"eventTime":"10:33","serviceId":5,"serviceInternalName":"Терапевт","serviceExternalName":"Терапевт","visitDeliveredServices":[],"visitOutcome":null,"outcomeExists":false,"deliveredServiceExists":false},{"id":191004,"eventTime":"10:33","serviceId":4,"serviceInternalName":"Хирург","serviceExternalName":"Хирург","visitDeliveredServices":[],"visitOutcome":null,"outcomeExists":false,"deliveredServiceExists":false}],"currentVisitService":{"id":191000,"eventTime":"10:33","serviceId":72,"serviceInternalName":"Врач не назначен","serviceExternalName":"Врач не назначен","visitDeliveredServices":[],"visitOutcome":null,"outcomeExists":false,"deliveredServiceExists":false},"servedVisitServices":[],"visitMarks":[],"customerIds":[],"waitingTime":39,"totalWaitingTime":0,"timeSinceCalled":0,"recycleAllowed":false,"noshowAllowed":false,"recallAllowed":false,"parameterMap":{"currentQueueOrigId":98,"startQueueOrigId":98,"branchName":"Chat_Bot_Demo","totWaitTime":0},"appointmentId":null,"appointmentTime":null,"branchCurrentTime":"10:34:23"}
23 апр 2026;10:34:23.449 [default-nioEventLoopGroup-1-16] TRACE i.m.h.client.netty.DefaultHttpClient - ----
23 апр 2026;10:34:23.453 [default-nioEventLoopGroup-1-17] DEBUG i.m.h.client.netty.DefaultHttpClient - Sending HTTP PUT to http://192.168.0.77:8080/rest/entrypoint/branches/6/visits/182052/services/4/
23 апр 2026;10:34:23.453 [default-nioEventLoopGroup-1-17] TRACE i.m.h.client.netty.DefaultHttpClient - Authorization: Basic c3VwZXJhZG1pbjp1bGFu
23 апр 2026;10:34:23.453 [default-nioEventLoopGroup-1-17] TRACE i.m.h.client.netty.DefaultHttpClient - Content-Type: application/json
23 апр 2026;10:34:23.453 [default-nioEventLoopGroup-1-17] TRACE i.m.h.client.netty.DefaultHttpClient - Accept: application/json
23 апр 2026;10:34:23.453 [default-nioEventLoopGroup-1-17] TRACE i.m.h.client.netty.DefaultHttpClient - host: 192.168.0.77:8080
23 апр 2026;10:34:23.453 [default-nioEventLoopGroup-1-17] TRACE i.m.h.client.netty.DefaultHttpClient - connection: close
23 апр 2026;10:34:23.453 [default-nioEventLoopGroup-1-17] TRACE i.m.h.client.netty.DefaultHttpClient - content-length: 0
23 апр 2026;10:34:23.453 [default-nioEventLoopGroup-1-17] TRACE i.m.h.client.netty.DefaultHttpClient - Request Body
23 апр 2026;10:34:23.453 [default-nioEventLoopGroup-1-17] TRACE i.m.h.client.netty.DefaultHttpClient - ----
23 апр 2026;10:34:23.454 [default-nioEventLoopGroup-1-17] TRACE i.m.h.client.netty.DefaultHttpClient - 
23 апр 2026;10:34:23.454 [default-nioEventLoopGroup-1-17] TRACE i.m.h.client.netty.DefaultHttpClient - ----
23 апр 2026;10:34:23.947 [default-nioEventLoopGroup-1-17] DEBUG i.m.h.client.netty.DefaultHttpClient - Received response 200 from http://192.168.0.77:8080/rest/entrypoint/branches/6/visits/182052/services/4/
23 апр 2026;10:34:23.947 [default-nioEventLoopGroup-1-17] TRACE i.m.h.client.netty.DefaultHttpClient - HTTP Client Response Received (200 OK) for Request: PUT http://192.168.0.77:8080/rest/entrypoint/branches/6/visits/182052/services/4/
23 апр 2026;10:34:23.947 [default-nioEventLoopGroup-1-17] TRACE i.m.h.client.netty.DefaultHttpClient - X-Powered-By: Undertow/1
23 апр 2026;10:34:23.947 [default-nioEventLoopGroup-1-17] TRACE i.m.h.client.netty.DefaultHttpClient - Set-Cookie: SSOcookie=1bf30b92-403d-4869-8977-117098ae4725; Path=/; HttpOnly
23 апр 2026;10:34:23.947 [default-nioEventLoopGroup-1-17] TRACE i.m.h.client.netty.DefaultHttpClient - Set-Cookie: rememberMe=deleteMe; Path=/; Max-Age=0; Expires=Wed, 22-Apr-2026 07:34:23 GMT
23 апр 2026;10:34:23.948 [default-nioEventLoopGroup-1-17] TRACE i.m.h.client.netty.DefaultHttpClient - Server: WildFly/8
23 апр 2026;10:34:23.948 [default-nioEventLoopGroup-1-17] TRACE i.m.h.client.netty.DefaultHttpClient - X-XSS-Protection: 1
23 апр 2026;10:34:23.948 [default-nioEventLoopGroup-1-17] TRACE i.m.h.client.netty.DefaultHttpClient - X-Frame-Options: SAMEORIGIN
23 апр 2026;10:34:23.948 [default-nioEventLoopGroup-1-17] TRACE i.m.h.client.netty.DefaultHttpClient - Content-Security-Policy: default-src *; style-src * 'unsafe-inline'; script-src * 'unsafe-inline' 'unsafe-eval'; img-src * data: 'unsafe-inline'; connect-src * 'unsafe-inline'; frame-src *;
23 апр 2026;10:34:23.948 [default-nioEventLoopGroup-1-17] TRACE i.m.h.client.netty.DefaultHttpClient - Date: Thu, 23 Apr 2026 07:34:23 GMT
23 апр 2026;10:34:23.949 [default-nioEventLoopGroup-1-17] TRACE i.m.h.client.netty.DefaultHttpClient - Connection: close
23 апр 2026;10:34:23.949 [default-nioEventLoopGroup-1-17] TRACE i.m.h.client.netty.DefaultHttpClient - X-Content-Type-Options: nosniff
23 апр 2026;10:34:23.949 [default-nioEventLoopGroup-1-17] TRACE i.m.h.client.netty.DefaultHttpClient - Strict-Transport-Security: max-age=31536000; includeSubDomains
23 апр 2026;10:34:23.949 [default-nioEventLoopGroup-1-17] TRACE i.m.h.client.netty.DefaultHttpClient - Content-Type: application/json
23 апр 2026;10:34:23.949 [default-nioEventLoopGroup-1-17] TRACE i.m.h.client.netty.DefaultHttpClient - content-length: 1871
23 апр 2026;10:34:23.949 [default-nioEventLoopGroup-1-17] TRACE i.m.h.client.netty.DefaultHttpClient - Response Body
23 апр 2026;10:34:23.950 [default-nioEventLoopGroup-1-17] TRACE i.m.h.client.netty.DefaultHttpClient - ----
23 апр 2026;10:34:23.950 [default-nioEventLoopGroup-1-17] TRACE i.m.h.client.netty.DefaultHttpClient - {"branchId":6,"userState":"INACTIVE","visitState":"OK","servicePointId":1,"servicePointName":"Кабинет 13","servicePointState":"OPEN","visit":{"id":182052,"checksum":"1710023559","ticketId":"A2201","unservedVisitServices":[{"id":191001,"eventTime":"10:33","serviceId":7,"serviceInternalName":"Оккулист","serviceExternalName":"Оккулист","visitDeliveredServices":[],"visitOutcome":null,"outcomeExists":false,"deliveredServiceExists":false},{"id":191002,"eventTime":"10:33","serviceId":6,"serviceInternalName":"Стоматолог","serviceExternalName":"Стоматолог","visitDeliveredServices":[],"visitOutcome":null,"outcomeExists":false,"deliveredServiceExists":false},{"id":191003,"eventTime":"10:33","serviceId":5,"serviceInternalName":"Терапевт","serviceExternalName":"Терапевт","visitDeliveredServices":[],"visitOutcome":null,"outcomeExists":false,"deliveredServiceExists":false},{"id":191004,"eventTime":"10:33","serviceId":4,"serviceInternalName":"Хирург","serviceExternalName":"Хирург","visitDeliveredServices":[],"visitOutcome":null,"outcomeExists":false,"deliveredServiceExists":false}],"currentVisitService":{"id":191000,"eventTime":"10:33","serviceId":4,"serviceInternalName":"Хирург","serviceExternalName":"Хирург","visitDeliveredServices":[],"visitOutcome":null,"outcomeExists":false,"deliveredServiceExists":false},"servedVisitServices":[],"visitMarks":[],"customerIds":[],"waitingTime":39,"totalWaitingTime":0,"timeSinceCalled":0,"recycleAllowed":false,"noshowAllowed":false,"recallAllowed":false,"parameterMap":{"startQueueOrigId":98,"branchName":"Chat_Bot_Demo","totWaitTime":0},"appointmentId":null,"appointmentTime":null,"branchCurrentTime":"10:34:23"},"workProfileId":7,"workProfileName":"Универсал","servicePointDeviceTypes":["POSITIONAL","SW_SERVICE_POINT","Spotlight"]}
23 апр 2026;10:34:23.951 [default-nioEventLoopGroup-1-17] TRACE i.m.h.client.netty.DefaultHttpClient - ----
23 апр 2026;10:34:23.969 [default-nioEventLoopGroup-1-1] DEBUG i.m.h.client.netty.DefaultHttpClient - Sending HTTP PUT to http://192.168.0.77:8080/rest/entrypoint/branches/6/queues/10/visits/
23 апр 2026;10:34:23.969 [default-nioEventLoopGroup-1-1] TRACE i.m.h.client.netty.DefaultHttpClient - Authorization: Basic c3VwZXJhZG1pbjp1bGFu
23 апр 2026;10:34:23.969 [default-nioEventLoopGroup-1-1] TRACE i.m.h.client.netty.DefaultHttpClient - Content-Type: application/json
23 апр 2026;10:34:23.969 [default-nioEventLoopGroup-1-1] TRACE i.m.h.client.netty.DefaultHttpClient - Accept: application/json
23 апр 2026;10:34:23.969 [default-nioEventLoopGroup-1-1] TRACE i.m.h.client.netty.DefaultHttpClient - host: 192.168.0.77:8080
23 апр 2026;10:34:23.969 [default-nioEventLoopGroup-1-1] TRACE i.m.h.client.netty.DefaultHttpClient - connection: close
23 апр 2026;10:34:23.969 [default-nioEventLoopGroup-1-1] TRACE i.m.h.client.netty.DefaultHttpClient - content-length: 46
23 апр 2026;10:34:23.969 [default-nioEventLoopGroup-1-1] TRACE i.m.h.client.netty.DefaultHttpClient - Request Body
23 апр 2026;10:34:23.969 [default-nioEventLoopGroup-1-1] TRACE i.m.h.client.netty.DefaultHttpClient - ----
23 апр 2026;10:34:23.969 [default-nioEventLoopGroup-1-1] TRACE i.m.h.client.netty.DefaultHttpClient - {"visitId":182052,"fromBranchId":6,"fromId":1}
23 апр 2026;10:34:23.970 [default-nioEventLoopGroup-1-1] TRACE i.m.h.client.netty.DefaultHttpClient - ----
23 апр 2026;10:34:24.716 [default-nioEventLoopGroup-1-1] DEBUG i.m.h.client.netty.DefaultHttpClient - Received response 204 from http://192.168.0.77:8080/rest/entrypoint/branches/6/queues/10/visits/
23 апр 2026;10:34:24.716 [default-nioEventLoopGroup-1-1] TRACE i.m.h.client.netty.DefaultHttpClient - HTTP Client Response Received (204 No Content) for Request: PUT http://192.168.0.77:8080/rest/entrypoint/branches/6/queues/10/visits/
23 апр 2026;10:34:24.716 [default-nioEventLoopGroup-1-1] TRACE i.m.h.client.netty.DefaultHttpClient - X-Powered-By: Undertow/1
23 апр 2026;10:34:24.716 [default-nioEventLoopGroup-1-1] TRACE i.m.h.client.netty.DefaultHttpClient - Set-Cookie: SSOcookie=aeba3ab2-8f57-4164-bcf2-20dd79126eef; Path=/; HttpOnly
23 апр 2026;10:34:24.716 [default-nioEventLoopGroup-1-1] TRACE i.m.h.client.netty.DefaultHttpClient - Set-Cookie: rememberMe=deleteMe; Path=/; Max-Age=0; Expires=Wed, 22-Apr-2026 07:34:24 GMT
23 апр 2026;10:34:24.716 [default-nioEventLoopGroup-1-1] TRACE i.m.h.client.netty.DefaultHttpClient - Server: WildFly/8
23 апр 2026;10:34:24.716 [default-nioEventLoopGroup-1-1] TRACE i.m.h.client.netty.DefaultHttpClient - X-XSS-Protection: 1
23 апр 2026;10:34:24.716 [default-nioEventLoopGroup-1-1] TRACE i.m.h.client.netty.DefaultHttpClient - X-Frame-Options: SAMEORIGIN
23 апр 2026;10:34:24.716 [default-nioEventLoopGroup-1-1] TRACE i.m.h.client.netty.DefaultHttpClient - Content-Security-Policy: default-src *; style-src * 'unsafe-inline'; script-src * 'unsafe-inline' 'unsafe-eval'; img-src * data: 'unsafe-inline'; connect-src * 'unsafe-inline'; frame-src *;
23 апр 2026;10:34:24.716 [default-nioEventLoopGroup-1-1] TRACE i.m.h.client.netty.DefaultHttpClient - Date: Thu, 23 Apr 2026 07:34:24 GMT
23 апр 2026;10:34:24.716 [default-nioEventLoopGroup-1-1] TRACE i.m.h.client.netty.DefaultHttpClient - X-Content-Type-Options: nosniff
23 апр 2026;10:34:24.716 [default-nioEventLoopGroup-1-1] TRACE i.m.h.client.netty.DefaultHttpClient - Strict-Transport-Security: max-age=31536000; includeSubDomains
23 апр 2026;10:34:24.716 [default-nioEventLoopGroup-1-1] TRACE i.m.h.client.netty.DefaultHttpClient - Response Body
23 апр 2026;10:34:24.716 [default-nioEventLoopGroup-1-1] TRACE i.m.h.client.netty.DefaultHttpClient - ----
23 апр 2026;10:34:24.716 [default-nioEventLoopGroup-1-1] TRACE i.m.h.client.netty.DefaultHttpClient - 
23 апр 2026;10:34:24.716 [default-nioEventLoopGroup-1-1] TRACE i.m.h.client.netty.DefaultHttpClient - ----
23 апр 2026;10:34:24.716 [default-nioEventLoopGroup-1-1] TRACE i.m.h.client.netty.DefaultHttpClient - Full HTTP response received an empty body
23 апр 2026;10:34:24.716 [default-nioEventLoopGroup-1-1] TRACE i.m.h.client.netty.DefaultHttpClient - Unable to convert response body to target type class [B
23 апр 2026;10:34:24.716 [SimpleAsyncTaskExecutor-1] TRACE i.m.h.client.netty.DefaultHttpClient - Unable to convert response body to target type class [B
23 апр 2026;10:34:25.728 [default-nioEventLoopGroup-1-2] DEBUG i.m.h.client.netty.DefaultHttpClient - Sending HTTP GET to http://192.168.0.77:8080/rest/entrypoint/branches/6/visits/182052/
23 апр 2026;10:34:25.728 [default-nioEventLoopGroup-1-2] TRACE i.m.h.client.netty.DefaultHttpClient - Authorization: Basic c3VwZXJhZG1pbjp1bGFu
23 апр 2026;10:34:25.728 [default-nioEventLoopGroup-1-2] TRACE i.m.h.client.netty.DefaultHttpClient - Cookie: SSOcookie=57b46714-2f27-46b7-9921-8d8de8bba70d
23 апр 2026;10:34:25.728 [default-nioEventLoopGroup-1-2] TRACE i.m.h.client.netty.DefaultHttpClient - host: 192.168.0.77:8080
23 апр 2026;10:34:25.728 [default-nioEventLoopGroup-1-2] TRACE i.m.h.client.netty.DefaultHttpClient - connection: close
23 апр 2026;10:34:25.747 [default-nioEventLoopGroup-1-2] DEBUG i.m.h.client.netty.DefaultHttpClient - Received response 200 from http://192.168.0.77:8080/rest/entrypoint/branches/6/visits/182052/
23 апр 2026;10:34:25.747 [default-nioEventLoopGroup-1-2] TRACE i.m.h.client.netty.DefaultHttpClient - HTTP Client Response Received (200 OK) for Request: GET http://192.168.0.77:8080/rest/entrypoint/branches/6/visits/182052/
23 апр 2026;10:34:25.748 [default-nioEventLoopGroup-1-2] TRACE i.m.h.client.netty.DefaultHttpClient - Cache-Control: no-store, no-cache, max-age=0, must-revalidate
23 апр 2026;10:34:25.748 [default-nioEventLoopGroup-1-2] TRACE i.m.h.client.netty.DefaultHttpClient - X-Powered-By: Undertow/1
23 апр 2026;10:34:25.748 [default-nioEventLoopGroup-1-2] TRACE i.m.h.client.netty.DefaultHttpClient - Server: WildFly/8
23 апр 2026;10:34:25.748 [default-nioEventLoopGroup-1-2] TRACE i.m.h.client.netty.DefaultHttpClient - X-XSS-Protection: 1
23 апр 2026;10:34:25.748 [default-nioEventLoopGroup-1-2] TRACE i.m.h.client.netty.DefaultHttpClient - X-Frame-Options: SAMEORIGIN
23 апр 2026;10:34:25.748 [default-nioEventLoopGroup-1-2] TRACE i.m.h.client.netty.DefaultHttpClient - Content-Security-Policy: default-src *; style-src * 'unsafe-inline'; script-src * 'unsafe-inline' 'unsafe-eval'; img-src * data: 'unsafe-inline'; connect-src * 'unsafe-inline'; frame-src *;
23 апр 2026;10:34:25.748 [default-nioEventLoopGroup-1-2] TRACE i.m.h.client.netty.DefaultHttpClient - Date: Thu, 23 Apr 2026 07:34:25 GMT
23 апр 2026;10:34:25.748 [default-nioEventLoopGroup-1-2] TRACE i.m.h.client.netty.DefaultHttpClient - Connection: close
23 апр 2026;10:34:25.748 [default-nioEventLoopGroup-1-2] TRACE i.m.h.client.netty.DefaultHttpClient - X-Content-Type-Options: nosniff
23 апр 2026;10:34:25.748 [default-nioEventLoopGroup-1-2] TRACE i.m.h.client.netty.DefaultHttpClient - Strict-Transport-Security: max-age=31536000; includeSubDomains
23 апр 2026;10:34:25.748 [default-nioEventLoopGroup-1-2] TRACE i.m.h.client.netty.DefaultHttpClient - Content-Type: application/json
23 апр 2026;10:34:25.748 [default-nioEventLoopGroup-1-2] TRACE i.m.h.client.netty.DefaultHttpClient - content-length: 1617
23 апр 2026;10:34:25.748 [default-nioEventLoopGroup-1-2] TRACE i.m.h.client.netty.DefaultHttpClient - Response Body
23 апр 2026;10:34:25.748 [default-nioEventLoopGroup-1-2] TRACE i.m.h.client.netty.DefaultHttpClient - ----
23 апр 2026;10:34:25.748 [default-nioEventLoopGroup-1-2] TRACE i.m.h.client.netty.DefaultHttpClient - {"id":182052,"checksum":"1710023559","ticketId":"A2201","unservedVisitServices":[{"id":191001,"eventTime":"10:33","serviceId":7,"serviceInternalName":"Оккулист","serviceExternalName":"Оккулист","visitDeliveredServices":[],"visitOutcome":null,"outcomeExists":false,"deliveredServiceExists":false},{"id":191002,"eventTime":"10:33","serviceId":6,"serviceInternalName":"Стоматолог","serviceExternalName":"Стоматолог","visitDeliveredServices":[],"visitOutcome":null,"outcomeExists":false,"deliveredServiceExists":false},{"id":191003,"eventTime":"10:33","serviceId":5,"serviceInternalName":"Терапевт","serviceExternalName":"Терапевт","visitDeliveredServices":[],"visitOutcome":null,"outcomeExists":false,"deliveredServiceExists":false},{"id":191004,"eventTime":"10:33","serviceId":4,"serviceInternalName":"Хирург","serviceExternalName":"Хирург","visitDeliveredServices":[],"visitOutcome":null,"outcomeExists":false,"deliveredServiceExists":false}],"currentVisitService":{"id":191000,"eventTime":"10:33","serviceId":4,"serviceInternalName":"Хирург","serviceExternalName":"Хирург","visitDeliveredServices":[],"visitOutcome":null,"outcomeExists":false,"deliveredServiceExists":false},"servedVisitServices":[],"visitMarks":[],"customerIds":[],"waitingTime":41,"totalWaitingTime":0,"timeSinceCalled":0,"recycleAllowed":false,"noshowAllowed":false,"recallAllowed":false,"parameterMap":{"currentQueueOrigId":10,"branchName":"Chat_Bot_Demo","startQueueOrigId":98,"totWaitTime":0},"appointmentId":null,"appointmentTime":null,"branchCurrentTime":"10:34:25"}
23 апр 2026;10:34:25.748 [default-nioEventLoopGroup-1-2] TRACE i.m.h.client.netty.DefaultHttpClient - ----
23 апр 2026;10:34:25.753 [default-nioEventLoopGroup-1-3] DEBUG i.m.h.client.netty.DefaultHttpClient - Sending HTTP GET to http://192.168.0.77:8080/rest/entrypoint/branches/6/visits/182053/
23 апр 2026;10:34:25.753 [default-nioEventLoopGroup-1-3] TRACE i.m.h.client.netty.DefaultHttpClient - Authorization: Basic c3VwZXJhZG1pbjp1bGFu
23 апр 2026;10:34:25.753 [default-nioEventLoopGroup-1-3] TRACE i.m.h.client.netty.DefaultHttpClient - Cookie: SSOcookie=57b46714-2f27-46b7-9921-8d8de8bba70d
23 апр 2026;10:34:25.753 [default-nioEventLoopGroup-1-3] TRACE i.m.h.client.netty.DefaultHttpClient - host: 192.168.0.77:8080
23 апр 2026;10:34:25.753 [default-nioEventLoopGroup-1-3] TRACE i.m.h.client.netty.DefaultHttpClient - connection: close
23 апр 2026;10:34:25.770 [default-nioEventLoopGroup-1-3] DEBUG i.m.h.client.netty.DefaultHttpClient - Received response 200 from http://192.168.0.77:8080/rest/entrypoint/branches/6/visits/182053/
23 апр 2026;10:34:25.771 [default-nioEventLoopGroup-1-3] TRACE i.m.h.client.netty.DefaultHttpClient - HTTP Client Response Received (200 OK) for Request: GET http://192.168.0.77:8080/rest/entrypoint/branches/6/visits/182053/
23 апр 2026;10:34:25.771 [default-nioEventLoopGroup-1-3] TRACE i.m.h.client.netty.DefaultHttpClient - Cache-Control: no-store, no-cache, max-age=0, must-revalidate
23 апр 2026;10:34:25.771 [default-nioEventLoopGroup-1-3] TRACE i.m.h.client.netty.DefaultHttpClient - X-Powered-By: Undertow/1
23 апр 2026;10:34:25.771 [default-nioEventLoopGroup-1-3] TRACE i.m.h.client.netty.DefaultHttpClient - Server: WildFly/8
23 апр 2026;10:34:25.771 [default-nioEventLoopGroup-1-3] TRACE i.m.h.client.netty.DefaultHttpClient - X-XSS-Protection: 1
23 апр 2026;10:34:25.771 [default-nioEventLoopGroup-1-3] TRACE i.m.h.client.netty.DefaultHttpClient - X-Frame-Options: SAMEORIGIN
23 апр 2026;10:34:25.771 [default-nioEventLoopGroup-1-3] TRACE i.m.h.client.netty.DefaultHttpClient - Content-Security-Policy: default-src *; style-src * 'unsafe-inline'; script-src * 'unsafe-inline' 'unsafe-eval'; img-src * data: 'unsafe-inline'; connect-src * 'unsafe-inline'; frame-src *;
23 апр 2026;10:34:25.771 [default-nioEventLoopGroup-1-3] TRACE i.m.h.client.netty.DefaultHttpClient - Date: Thu, 23 Apr 2026 07:34:25 GMT
23 апр 2026;10:34:25.771 [default-nioEventLoopGroup-1-3] TRACE i.m.h.client.netty.DefaultHttpClient - Connection: close
23 апр 2026;10:34:25.771 [default-nioEventLoopGroup-1-3] TRACE i.m.h.client.netty.DefaultHttpClient - X-Content-Type-Options: nosniff
23 апр 2026;10:34:25.771 [default-nioEventLoopGroup-1-3] TRACE i.m.h.client.netty.DefaultHttpClient - Strict-Transport-Security: max-age=31536000; includeSubDomains
23 апр 2026;10:34:25.771 [default-nioEventLoopGroup-1-3] TRACE i.m.h.client.netty.DefaultHttpClient - Content-Type: application/json
23 апр 2026;10:34:25.771 [default-nioEventLoopGroup-1-3] TRACE i.m.h.client.netty.DefaultHttpClient - content-length: 1654
23 апр 2026;10:34:25.771 [default-nioEventLoopGroup-1-3] TRACE i.m.h.client.netty.DefaultHttpClient - Response Body
23 апр 2026;10:34:25.771 [default-nioEventLoopGroup-1-3] TRACE i.m.h.client.netty.DefaultHttpClient - ----
23 апр 2026;10:34:25.771 [default-nioEventLoopGroup-1-3] TRACE i.m.h.client.netty.DefaultHttpClient - {"id":182053,"checksum":"1375681766","ticketId":"A2202","unservedVisitServices":[{"id":191006,"eventTime":"10:33","serviceId":7,"serviceInternalName":"Оккулист","serviceExternalName":"Оккулист","visitDeliveredServices":[],"visitOutcome":null,"outcomeExists":false,"deliveredServiceExists":false},{"id":191007,"eventTime":"10:33","serviceId":6,"serviceInternalName":"Стоматолог","serviceExternalName":"Стоматолог","visitDeliveredServices":[],"visitOutcome":null,"outcomeExists":false,"deliveredServiceExists":false},{"id":191008,"eventTime":"10:33","serviceId":5,"serviceInternalName":"Терапевт","serviceExternalName":"Терапевт","visitDeliveredServices":[],"visitOutcome":null,"outcomeExists":false,"deliveredServiceExists":false},{"id":191009,"eventTime":"10:33","serviceId":4,"serviceInternalName":"Хирург","serviceExternalName":"Хирург","visitDeliveredServices":[],"visitOutcome":null,"outcomeExists":false,"deliveredServiceExists":false}],"currentVisitService":{"id":191005,"eventTime":"10:33","serviceId":72,"serviceInternalName":"Врач не назначен","serviceExternalName":"Врач не назначен","visitDeliveredServices":[],"visitOutcome":null,"outcomeExists":false,"deliveredServiceExists":false},"servedVisitServices":[],"visitMarks":[],"customerIds":[],"waitingTime":41,"totalWaitingTime":0,"timeSinceCalled":0,"recycleAllowed":false,"noshowAllowed":false,"recallAllowed":false,"parameterMap":{"currentQueueOrigId":98,"startQueueOrigId":98,"branchName":"Chat_Bot_Demo","totWaitTime":0},"appointmentId":null,"appointmentTime":null,"branchCurrentTime":"10:34:25"}
23 апр 2026;10:34:25.771 [default-nioEventLoopGroup-1-3] TRACE i.m.h.client.netty.DefaultHttpClient - ----
23 апр 2026;10:34:25.778 [default-nioEventLoopGroup-1-4] DEBUG i.m.h.client.netty.DefaultHttpClient - Sending HTTP GET to http://192.168.0.77:8080/rest/entrypoint/branches/6/visits/182053/
23 апр 2026;10:34:25.778 [default-nioEventLoopGroup-1-4] TRACE i.m.h.client.netty.DefaultHttpClient - Authorization: Basic c3VwZXJhZG1pbjp1bGFu
23 апр 2026;10:34:25.778 [default-nioEventLoopGroup-1-4] TRACE i.m.h.client.netty.DefaultHttpClient - Cookie: SSOcookie=57b46714-2f27-46b7-9921-8d8de8bba70d
23 апр 2026;10:34:25.778 [default-nioEventLoopGroup-1-4] TRACE i.m.h.client.netty.DefaultHttpClient - host: 192.168.0.77:8080
23 апр 2026;10:34:25.778 [default-nioEventLoopGroup-1-4] TRACE i.m.h.client.netty.DefaultHttpClient - connection: close
23 апр 2026;10:34:25.795 [default-nioEventLoopGroup-1-4] DEBUG i.m.h.client.netty.DefaultHttpClient - Received response 200 from http://192.168.0.77:8080/rest/entrypoint/branches/6/visits/182053/
23 апр 2026;10:34:25.796 [default-nioEventLoopGroup-1-4] TRACE i.m.h.client.netty.DefaultHttpClient - HTTP Client Response Received (200 OK) for Request: GET http://192.168.0.77:8080/rest/entrypoint/branches/6/visits/182053/
23 апр 2026;10:34:25.796 [default-nioEventLoopGroup-1-4] TRACE i.m.h.client.netty.DefaultHttpClient - Cache-Control: no-store, no-cache, max-age=0, must-revalidate
23 апр 2026;10:34:25.796 [default-nioEventLoopGroup-1-4] TRACE i.m.h.client.netty.DefaultHttpClient - X-Powered-By: Undertow/1
23 апр 2026;10:34:25.796 [default-nioEventLoopGroup-1-4] TRACE i.m.h.client.netty.DefaultHttpClient - Server: WildFly/8
23 апр 2026;10:34:25.796 [default-nioEventLoopGroup-1-4] TRACE i.m.h.client.netty.DefaultHttpClient - X-XSS-Protection: 1
23 апр 2026;10:34:25.796 [default-nioEventLoopGroup-1-4] TRACE i.m.h.client.netty.DefaultHttpClient - X-Frame-Options: SAMEORIGIN
23 апр 2026;10:34:25.796 [default-nioEventLoopGroup-1-4] TRACE i.m.h.client.netty.DefaultHttpClient - Content-Security-Policy: default-src *; style-src * 'unsafe-inline'; script-src * 'unsafe-inline' 'unsafe-eval'; img-src * data: 'unsafe-inline'; connect-src * 'unsafe-inline'; frame-src *;
23 апр 2026;10:34:25.796 [default-nioEventLoopGroup-1-4] TRACE i.m.h.client.netty.DefaultHttpClient - Date: Thu, 23 Apr 2026 07:34:25 GMT
23 апр 2026;10:34:25.796 [default-nioEventLoopGroup-1-4] TRACE i.m.h.client.netty.DefaultHttpClient - Connection: close
23 апр 2026;10:34:25.796 [default-nioEventLoopGroup-1-4] TRACE i.m.h.client.netty.DefaultHttpClient - X-Content-Type-Options: nosniff
23 апр 2026;10:34:25.796 [default-nioEventLoopGroup-1-4] TRACE i.m.h.client.netty.DefaultHttpClient - Strict-Transport-Security: max-age=31536000; includeSubDomains
23 апр 2026;10:34:25.796 [default-nioEventLoopGroup-1-4] TRACE i.m.h.client.netty.DefaultHttpClient - Content-Type: application/json
23 апр 2026;10:34:25.796 [default-nioEventLoopGroup-1-4] TRACE i.m.h.client.netty.DefaultHttpClient - content-length: 1654
23 апр 2026;10:34:25.796 [default-nioEventLoopGroup-1-4] TRACE i.m.h.client.netty.DefaultHttpClient - Response Body
23 апр 2026;10:34:25.796 [default-nioEventLoopGroup-1-4] TRACE i.m.h.client.netty.DefaultHttpClient - ----
23 апр 2026;10:34:25.796 [default-nioEventLoopGroup-1-4] TRACE i.m.h.client.netty.DefaultHttpClient - {"id":182053,"checksum":"1375681766","ticketId":"A2202","unservedVisitServices":[{"id":191006,"eventTime":"10:33","serviceId":7,"serviceInternalName":"Оккулист","serviceExternalName":"Оккулист","visitDeliveredServices":[],"visitOutcome":null,"outcomeExists":false,"deliveredServiceExists":false},{"id":191007,"eventTime":"10:33","serviceId":6,"serviceInternalName":"Стоматолог","serviceExternalName":"Стоматолог","visitDeliveredServices":[],"visitOutcome":null,"outcomeExists":false,"deliveredServiceExists":false},{"id":191008,"eventTime":"10:33","serviceId":5,"serviceInternalName":"Терапевт","serviceExternalName":"Терапевт","visitDeliveredServices":[],"visitOutcome":null,"outcomeExists":false,"deliveredServiceExists":false},{"id":191009,"eventTime":"10:33","serviceId":4,"serviceInternalName":"Хирург","serviceExternalName":"Хирург","visitDeliveredServices":[],"visitOutcome":null,"outcomeExists":false,"deliveredServiceExists":false}],"currentVisitService":{"id":191005,"eventTime":"10:33","serviceId":72,"serviceInternalName":"Врач не назначен","serviceExternalName":"Врач не назначен","visitDeliveredServices":[],"visitOutcome":null,"outcomeExists":false,"deliveredServiceExists":false},"servedVisitServices":[],"visitMarks":[],"customerIds":[],"waitingTime":41,"totalWaitingTime":0,"timeSinceCalled":0,"recycleAllowed":false,"noshowAllowed":false,"recallAllowed":false,"parameterMap":{"currentQueueOrigId":98,"startQueueOrigId":98,"branchName":"Chat_Bot_Demo","totWaitTime":0},"appointmentId":null,"appointmentTime":null,"branchCurrentTime":"10:34:25"}
23 апр 2026;10:34:25.796 [default-nioEventLoopGroup-1-4] TRACE i.m.h.client.netty.DefaultHttpClient - ----
23 апр 2026;10:34:25.801 [default-nioEventLoopGroup-1-5] DEBUG i.m.h.client.netty.DefaultHttpClient - Sending HTTP PUT to http://192.168.0.77:8080/rest/entrypoint/branches/6/visits/182053/services/4/
23 апр 2026;10:34:25.801 [default-nioEventLoopGroup-1-5] TRACE i.m.h.client.netty.DefaultHttpClient - Authorization: Basic c3VwZXJhZG1pbjp1bGFu
23 апр 2026;10:34:25.801 [default-nioEventLoopGroup-1-5] TRACE i.m.h.client.netty.DefaultHttpClient - Content-Type: application/json
23 апр 2026;10:34:25.801 [default-nioEventLoopGroup-1-5] TRACE i.m.h.client.netty.DefaultHttpClient - Accept: application/json
23 апр 2026;10:34:25.801 [default-nioEventLoopGroup-1-5] TRACE i.m.h.client.netty.DefaultHttpClient - host: 192.168.0.77:8080
23 апр 2026;10:34:25.801 [default-nioEventLoopGroup-1-5] TRACE i.m.h.client.netty.DefaultHttpClient - connection: close
23 апр 2026;10:34:25.801 [default-nioEventLoopGroup-1-5] TRACE i.m.h.client.netty.DefaultHttpClient - content-length: 0
23 апр 2026;10:34:25.801 [default-nioEventLoopGroup-1-5] TRACE i.m.h.client.netty.DefaultHttpClient - Request Body
23 апр 2026;10:34:25.801 [default-nioEventLoopGroup-1-5] TRACE i.m.h.client.netty.DefaultHttpClient - ----
23 апр 2026;10:34:25.801 [default-nioEventLoopGroup-1-5] TRACE i.m.h.client.netty.DefaultHttpClient - 
23 апр 2026;10:34:25.801 [default-nioEventLoopGroup-1-5] TRACE i.m.h.client.netty.DefaultHttpClient - ----
23 апр 2026;10:34:26.297 [default-nioEventLoopGroup-1-5] DEBUG i.m.h.client.netty.DefaultHttpClient - Received response 200 from http://192.168.0.77:8080/rest/entrypoint/branches/6/visits/182053/services/4/
23 апр 2026;10:34:26.297 [default-nioEventLoopGroup-1-5] TRACE i.m.h.client.netty.DefaultHttpClient - HTTP Client Response Received (200 OK) for Request: PUT http://192.168.0.77:8080/rest/entrypoint/branches/6/visits/182053/services/4/
23 апр 2026;10:34:26.297 [default-nioEventLoopGroup-1-5] TRACE i.m.h.client.netty.DefaultHttpClient - X-Powered-By: Undertow/1
23 апр 2026;10:34:26.297 [default-nioEventLoopGroup-1-5] TRACE i.m.h.client.netty.DefaultHttpClient - Set-Cookie: SSOcookie=e30be41e-2654-4f9f-910d-629bba3381d3; Path=/; HttpOnly
23 апр 2026;10:34:26.297 [default-nioEventLoopGroup-1-5] TRACE i.m.h.client.netty.DefaultHttpClient - Set-Cookie: rememberMe=deleteMe; Path=/; Max-Age=0; Expires=Wed, 22-Apr-2026 07:34:26 GMT
23 апр 2026;10:34:26.297 [default-nioEventLoopGroup-1-5] TRACE i.m.h.client.netty.DefaultHttpClient - Server: WildFly/8
23 апр 2026;10:34:26.297 [default-nioEventLoopGroup-1-5] TRACE i.m.h.client.netty.DefaultHttpClient - X-XSS-Protection: 1
23 апр 2026;10:34:26.297 [default-nioEventLoopGroup-1-5] TRACE i.m.h.client.netty.DefaultHttpClient - X-Frame-Options: SAMEORIGIN
23 апр 2026;10:34:26.297 [default-nioEventLoopGroup-1-5] TRACE i.m.h.client.netty.DefaultHttpClient - Content-Security-Policy: default-src *; style-src * 'unsafe-inline'; script-src * 'unsafe-inline' 'unsafe-eval'; img-src * data: 'unsafe-inline'; connect-src * 'unsafe-inline'; frame-src *;
23 апр 2026;10:34:26.297 [default-nioEventLoopGroup-1-5] TRACE i.m.h.client.netty.DefaultHttpClient - Date: Thu, 23 Apr 2026 07:34:26 GMT
23 апр 2026;10:34:26.297 [default-nioEventLoopGroup-1-5] TRACE i.m.h.client.netty.DefaultHttpClient - Connection: close
23 апр 2026;10:34:26.297 [default-nioEventLoopGroup-1-5] TRACE i.m.h.client.netty.DefaultHttpClient - X-Content-Type-Options: nosniff
23 апр 2026;10:34:26.297 [default-nioEventLoopGroup-1-5] TRACE i.m.h.client.netty.DefaultHttpClient - Strict-Transport-Security: max-age=31536000; includeSubDomains
23 апр 2026;10:34:26.297 [default-nioEventLoopGroup-1-5] TRACE i.m.h.client.netty.DefaultHttpClient - Content-Type: application/json
23 апр 2026;10:34:26.297 [default-nioEventLoopGroup-1-5] TRACE i.m.h.client.netty.DefaultHttpClient - content-length: 1871
23 апр 2026;10:34:26.297 [default-nioEventLoopGroup-1-5] TRACE i.m.h.client.netty.DefaultHttpClient - Response Body
23 апр 2026;10:34:26.297 [default-nioEventLoopGroup-1-5] TRACE i.m.h.client.netty.DefaultHttpClient - ----
23 апр 2026;10:34:26.297 [default-nioEventLoopGroup-1-5] TRACE i.m.h.client.netty.DefaultHttpClient - {"branchId":6,"userState":"INACTIVE","visitState":"OK","servicePointId":1,"servicePointName":"Кабинет 13","servicePointState":"OPEN","visit":{"id":182053,"checksum":"1375681766","ticketId":"A2202","unservedVisitServices":[{"id":191006,"eventTime":"10:33","serviceId":7,"serviceInternalName":"Оккулист","serviceExternalName":"Оккулист","visitDeliveredServices":[],"visitOutcome":null,"outcomeExists":false,"deliveredServiceExists":false},{"id":191007,"eventTime":"10:33","serviceId":6,"serviceInternalName":"Стоматолог","serviceExternalName":"Стоматолог","visitDeliveredServices":[],"visitOutcome":null,"outcomeExists":false,"deliveredServiceExists":false},{"id":191008,"eventTime":"10:33","serviceId":5,"serviceInternalName":"Терапевт","serviceExternalName":"Терапевт","visitDeliveredServices":[],"visitOutcome":null,"outcomeExists":false,"deliveredServiceExists":false},{"id":191009,"eventTime":"10:33","serviceId":4,"serviceInternalName":"Хирург","serviceExternalName":"Хирург","visitDeliveredServices":[],"visitOutcome":null,"outcomeExists":false,"deliveredServiceExists":false}],"currentVisitService":{"id":191005,"eventTime":"10:33","serviceId":4,"serviceInternalName":"Хирург","serviceExternalName":"Хирург","visitDeliveredServices":[],"visitOutcome":null,"outcomeExists":false,"deliveredServiceExists":false},"servedVisitServices":[],"visitMarks":[],"customerIds":[],"waitingTime":40,"totalWaitingTime":0,"timeSinceCalled":0,"recycleAllowed":false,"noshowAllowed":false,"recallAllowed":false,"parameterMap":{"startQueueOrigId":98,"branchName":"Chat_Bot_Demo","totWaitTime":0},"appointmentId":null,"appointmentTime":null,"branchCurrentTime":"10:34:26"},"workProfileId":7,"workProfileName":"Универсал","servicePointDeviceTypes":["POSITIONAL","SW_SERVICE_POINT","Spotlight"]}
23 апр 2026;10:34:26.297 [default-nioEventLoopGroup-1-5] TRACE i.m.h.client.netty.DefaultHttpClient - ----
23 апр 2026;10:34:26.301 [default-nioEventLoopGroup-1-6] DEBUG i.m.h.client.netty.DefaultHttpClient - Sending HTTP PUT to http://192.168.0.77:8080/rest/entrypoint/branches/6/queues/10/visits/
23 апр 2026;10:34:26.301 [default-nioEventLoopGroup-1-6] TRACE i.m.h.client.netty.DefaultHttpClient - Authorization: Basic c3VwZXJhZG1pbjp1bGFu
23 апр 2026;10:34:26.301 [default-nioEventLoopGroup-1-6] TRACE i.m.h.client.netty.DefaultHttpClient - Content-Type: application/json
23 апр 2026;10:34:26.301 [default-nioEventLoopGroup-1-6] TRACE i.m.h.client.netty.DefaultHttpClient - Accept: application/json
23 апр 2026;10:34:26.301 [default-nioEventLoopGroup-1-6] TRACE i.m.h.client.netty.DefaultHttpClient - host: 192.168.0.77:8080
23 апр 2026;10:34:26.302 [default-nioEventLoopGroup-1-6] TRACE i.m.h.client.netty.DefaultHttpClient - connection: close
23 апр 2026;10:34:26.302 [default-nioEventLoopGroup-1-6] TRACE i.m.h.client.netty.DefaultHttpClient - content-length: 46
23 апр 2026;10:34:26.302 [default-nioEventLoopGroup-1-6] TRACE i.m.h.client.netty.DefaultHttpClient - Request Body
23 апр 2026;10:34:26.302 [default-nioEventLoopGroup-1-6] TRACE i.m.h.client.netty.DefaultHttpClient - ----
23 апр 2026;10:34:26.302 [default-nioEventLoopGroup-1-6] TRACE i.m.h.client.netty.DefaultHttpClient - {"visitId":182053,"fromBranchId":6,"fromId":1}
23 апр 2026;10:34:26.302 [default-nioEventLoopGroup-1-6] TRACE i.m.h.client.netty.DefaultHttpClient - ----
23 апр 2026;10:34:27.227 [default-nioEventLoopGroup-1-6] DEBUG i.m.h.client.netty.DefaultHttpClient - Received response 204 from http://192.168.0.77:8080/rest/entrypoint/branches/6/queues/10/visits/
23 апр 2026;10:34:27.227 [default-nioEventLoopGroup-1-6] TRACE i.m.h.client.netty.DefaultHttpClient - HTTP Client Response Received (204 No Content) for Request: PUT http://192.168.0.77:8080/rest/entrypoint/branches/6/queues/10/visits/
23 апр 2026;10:34:27.227 [default-nioEventLoopGroup-1-6] TRACE i.m.h.client.netty.DefaultHttpClient - X-Powered-By: Undertow/1
23 апр 2026;10:34:27.227 [default-nioEventLoopGroup-1-6] TRACE i.m.h.client.netty.DefaultHttpClient - Set-Cookie: SSOcookie=e41e2b16-37a7-4b47-9381-d9d7cd22def6; Path=/; HttpOnly
23 апр 2026;10:34:27.227 [default-nioEventLoopGroup-1-6] TRACE i.m.h.client.netty.DefaultHttpClient - Set-Cookie: rememberMe=deleteMe; Path=/; Max-Age=0; Expires=Wed, 22-Apr-2026 07:34:26 GMT
23 апр 2026;10:34:27.227 [default-nioEventLoopGroup-1-6] TRACE i.m.h.client.netty.DefaultHttpClient - Server: WildFly/8
23 апр 2026;10:34:27.227 [default-nioEventLoopGroup-1-6] TRACE i.m.h.client.netty.DefaultHttpClient - X-XSS-Protection: 1
23 апр 2026;10:34:27.227 [default-nioEventLoopGroup-1-6] TRACE i.m.h.client.netty.DefaultHttpClient - X-Frame-Options: SAMEORIGIN
23 апр 2026;10:34:27.227 [default-nioEventLoopGroup-1-6] TRACE i.m.h.client.netty.DefaultHttpClient - Content-Security-Policy: default-src *; style-src * 'unsafe-inline'; script-src * 'unsafe-inline' 'unsafe-eval'; img-src * data: 'unsafe-inline'; connect-src * 'unsafe-inline'; frame-src *;
23 апр 2026;10:34:27.227 [default-nioEventLoopGroup-1-6] TRACE i.m.h.client.netty.DefaultHttpClient - Date: Thu, 23 Apr 2026 07:34:27 GMT
23 апр 2026;10:34:27.227 [default-nioEventLoopGroup-1-6] TRACE i.m.h.client.netty.DefaultHttpClient - X-Content-Type-Options: nosniff
23 апр 2026;10:34:27.227 [default-nioEventLoopGroup-1-6] TRACE i.m.h.client.netty.DefaultHttpClient - Strict-Transport-Security: max-age=31536000; includeSubDomains
23 апр 2026;10:34:27.227 [default-nioEventLoopGroup-1-6] TRACE i.m.h.client.netty.DefaultHttpClient - Response Body
23 апр 2026;10:34:27.227 [default-nioEventLoopGroup-1-6] TRACE i.m.h.client.netty.DefaultHttpClient - ----
23 апр 2026;10:34:27.227 [default-nioEventLoopGroup-1-6] TRACE i.m.h.client.netty.DefaultHttpClient - 
23 апр 2026;10:34:27.227 [default-nioEventLoopGroup-1-6] TRACE i.m.h.client.netty.DefaultHttpClient - ----
23 апр 2026;10:34:27.227 [default-nioEventLoopGroup-1-6] TRACE i.m.h.client.netty.DefaultHttpClient - Full HTTP response received an empty body
23 апр 2026;10:34:27.227 [default-nioEventLoopGroup-1-6] TRACE i.m.h.client.netty.DefaultHttpClient - Unable to convert response body to target type class [B
23 апр 2026;10:34:27.227 [SimpleAsyncTaskExecutor-1] TRACE i.m.h.client.netty.DefaultHttpClient - Unable to convert response body to target type class [B
23 апр 2026;10:34:27.231 [default-nioEventLoopGroup-1-7] DEBUG i.m.h.client.netty.DefaultHttpClient - Sending HTTP GET to http://192.168.0.77:8080/rest/entrypoint/branches/6/visits/182053/
23 апр 2026;10:34:27.231 [default-nioEventLoopGroup-1-7] TRACE i.m.h.client.netty.DefaultHttpClient - Authorization: Basic c3VwZXJhZG1pbjp1bGFu
23 апр 2026;10:34:27.231 [default-nioEventLoopGroup-1-7] TRACE i.m.h.client.netty.DefaultHttpClient - Cookie: SSOcookie=57b46714-2f27-46b7-9921-8d8de8bba70d
23 апр 2026;10:34:27.231 [default-nioEventLoopGroup-1-7] TRACE i.m.h.client.netty.DefaultHttpClient - host: 192.168.0.77:8080
23 апр 2026;10:34:27.231 [default-nioEventLoopGroup-1-7] TRACE i.m.h.client.netty.DefaultHttpClient - connection: close
23 апр 2026;10:34:27.251 [default-nioEventLoopGroup-1-7] DEBUG i.m.h.client.netty.DefaultHttpClient - Received response 200 from http://192.168.0.77:8080/rest/entrypoint/branches/6/visits/182053/
23 апр 2026;10:34:27.251 [default-nioEventLoopGroup-1-7] TRACE i.m.h.client.netty.DefaultHttpClient - HTTP Client Response Received (200 OK) for Request: GET http://192.168.0.77:8080/rest/entrypoint/branches/6/visits/182053/
23 апр 2026;10:34:27.251 [default-nioEventLoopGroup-1-7] TRACE i.m.h.client.netty.DefaultHttpClient - Cache-Control: no-store, no-cache, max-age=0, must-revalidate
23 апр 2026;10:34:27.251 [default-nioEventLoopGroup-1-7] TRACE i.m.h.client.netty.DefaultHttpClient - X-Powered-By: Undertow/1
23 апр 2026;10:34:27.251 [default-nioEventLoopGroup-1-7] TRACE i.m.h.client.netty.DefaultHttpClient - Server: WildFly/8
23 апр 2026;10:34:27.251 [default-nioEventLoopGroup-1-7] TRACE i.m.h.client.netty.DefaultHttpClient - X-XSS-Protection: 1
23 апр 2026;10:34:27.251 [default-nioEventLoopGroup-1-7] TRACE i.m.h.client.netty.DefaultHttpClient - X-Frame-Options: SAMEORIGIN
23 апр 2026;10:34:27.251 [default-nioEventLoopGroup-1-7] TRACE i.m.h.client.netty.DefaultHttpClient - Content-Security-Policy: default-src *; style-src * 'unsafe-inline'; script-src * 'unsafe-inline' 'unsafe-eval'; img-src * data: 'unsafe-inline'; connect-src * 'unsafe-inline'; frame-src *;
23 апр 2026;10:34:27.251 [default-nioEventLoopGroup-1-7] TRACE i.m.h.client.netty.DefaultHttpClient - Date: Thu, 23 Apr 2026 07:34:27 GMT
23 апр 2026;10:34:27.251 [default-nioEventLoopGroup-1-7] TRACE i.m.h.client.netty.DefaultHttpClient - Connection: close
23 апр 2026;10:34:27.251 [default-nioEventLoopGroup-1-7] TRACE i.m.h.client.netty.DefaultHttpClient - X-Content-Type-Options: nosniff
23 апр 2026;10:34:27.251 [default-nioEventLoopGroup-1-7] TRACE i.m.h.client.netty.DefaultHttpClient - Strict-Transport-Security: max-age=31536000; includeSubDomains
23 апр 2026;10:34:27.251 [default-nioEventLoopGroup-1-7] TRACE i.m.h.client.netty.DefaultHttpClient - Content-Type: application/json
23 апр 2026;10:34:27.251 [default-nioEventLoopGroup-1-7] TRACE i.m.h.client.netty.DefaultHttpClient - content-length: 1617
23 апр 2026;10:34:27.251 [default-nioEventLoopGroup-1-7] TRACE i.m.h.client.netty.DefaultHttpClient - Response Body
23 апр 2026;10:34:27.251 [default-nioEventLoopGroup-1-7] TRACE i.m.h.client.netty.DefaultHttpClient - ----
23 апр 2026;10:34:27.251 [default-nioEventLoopGroup-1-7] TRACE i.m.h.client.netty.DefaultHttpClient - {"id":182053,"checksum":"1375681766","ticketId":"A2202","unservedVisitServices":[{"id":191006,"eventTime":"10:33","serviceId":7,"serviceInternalName":"Оккулист","serviceExternalName":"Оккулист","visitDeliveredServices":[],"visitOutcome":null,"outcomeExists":false,"deliveredServiceExists":false},{"id":191007,"eventTime":"10:33","serviceId":6,"serviceInternalName":"Стоматолог","serviceExternalName":"Стоматолог","visitDeliveredServices":[],"visitOutcome":null,"outcomeExists":false,"deliveredServiceExists":false},{"id":191008,"eventTime":"10:33","serviceId":5,"serviceInternalName":"Терапевт","serviceExternalName":"Терапевт","visitDeliveredServices":[],"visitOutcome":null,"outcomeExists":false,"deliveredServiceExists":false},{"id":191009,"eventTime":"10:33","serviceId":4,"serviceInternalName":"Хирург","serviceExternalName":"Хирург","visitDeliveredServices":[],"visitOutcome":null,"outcomeExists":false,"deliveredServiceExists":false}],"currentVisitService":{"id":191005,"eventTime":"10:33","serviceId":4,"serviceInternalName":"Хирург","serviceExternalName":"Хирург","visitDeliveredServices":[],"visitOutcome":null,"outcomeExists":false,"deliveredServiceExists":false},"servedVisitServices":[],"visitMarks":[],"customerIds":[],"waitingTime":43,"totalWaitingTime":0,"timeSinceCalled":0,"recycleAllowed":false,"noshowAllowed":false,"recallAllowed":false,"parameterMap":{"currentQueueOrigId":10,"branchName":"Chat_Bot_Demo","startQueueOrigId":98,"totWaitTime":0},"appointmentId":null,"appointmentTime":null,"branchCurrentTime":"10:34:27"}
23 апр 2026;10:34:27.251 [default-nioEventLoopGroup-1-7] TRACE i.m.h.client.netty.DefaultHttpClient - ----
23 апр 2026;10:34:27.255 [default-nioEventLoopGroup-1-8] DEBUG i.m.h.client.netty.DefaultHttpClient - Sending HTTP GET to http://192.168.0.77:8080/rest/entrypoint/branches/6/visits/182054/
23 апр 2026;10:34:27.255 [default-nioEventLoopGroup-1-8] TRACE i.m.h.client.netty.DefaultHttpClient - Authorization: Basic c3VwZXJhZG1pbjp1bGFu
23 апр 2026;10:34:27.255 [default-nioEventLoopGroup-1-8] TRACE i.m.h.client.netty.DefaultHttpClient - Cookie: SSOcookie=57b46714-2f27-46b7-9921-8d8de8bba70d
23 апр 2026;10:34:27.255 [default-nioEventLoopGroup-1-8] TRACE i.m.h.client.netty.DefaultHttpClient - host: 192.168.0.77:8080
23 апр 2026;10:34:27.255 [default-nioEventLoopGroup-1-8] TRACE i.m.h.client.netty.DefaultHttpClient - connection: close
23 апр 2026;10:34:27.273 [default-nioEventLoopGroup-1-8] DEBUG i.m.h.client.netty.DefaultHttpClient - Received response 200 from http://192.168.0.77:8080/rest/entrypoint/branches/6/visits/182054/
23 апр 2026;10:34:27.273 [default-nioEventLoopGroup-1-8] TRACE i.m.h.client.netty.DefaultHttpClient - HTTP Client Response Received (200 OK) for Request: GET http://192.168.0.77:8080/rest/entrypoint/branches/6/visits/182054/
23 апр 2026;10:34:27.273 [default-nioEventLoopGroup-1-8] TRACE i.m.h.client.netty.DefaultHttpClient - Cache-Control: no-store, no-cache, max-age=0, must-revalidate
23 апр 2026;10:34:27.273 [default-nioEventLoopGroup-1-8] TRACE i.m.h.client.netty.DefaultHttpClient - X-Powered-By: Undertow/1
23 апр 2026;10:34:27.273 [default-nioEventLoopGroup-1-8] TRACE i.m.h.client.netty.DefaultHttpClient - Server: WildFly/8
23 апр 2026;10:34:27.273 [default-nioEventLoopGroup-1-8] TRACE i.m.h.client.netty.DefaultHttpClient - X-XSS-Protection: 1
23 апр 2026;10:34:27.273 [default-nioEventLoopGroup-1-8] TRACE i.m.h.client.netty.DefaultHttpClient - X-Frame-Options: SAMEORIGIN
23 апр 2026;10:34:27.273 [default-nioEventLoopGroup-1-8] TRACE i.m.h.client.netty.DefaultHttpClient - Content-Security-Policy: default-src *; style-src * 'unsafe-inline'; script-src * 'unsafe-inline' 'unsafe-eval'; img-src * data: 'unsafe-inline'; connect-src * 'unsafe-inline'; frame-src *;
23 апр 2026;10:34:27.273 [default-nioEventLoopGroup-1-8] TRACE i.m.h.client.netty.DefaultHttpClient - Date: Thu, 23 Apr 2026 07:34:27 GMT
23 апр 2026;10:34:27.273 [default-nioEventLoopGroup-1-8] TRACE i.m.h.client.netty.DefaultHttpClient - Connection: close
23 апр 2026;10:34:27.273 [default-nioEventLoopGroup-1-8] TRACE i.m.h.client.netty.DefaultHttpClient - X-Content-Type-Options: nosniff
23 апр 2026;10:34:27.273 [default-nioEventLoopGroup-1-8] TRACE i.m.h.client.netty.DefaultHttpClient - Strict-Transport-Security: max-age=31536000; includeSubDomains
23 апр 2026;10:34:27.273 [default-nioEventLoopGroup-1-8] TRACE i.m.h.client.netty.DefaultHttpClient - Content-Type: application/json
23 апр 2026;10:34:27.273 [default-nioEventLoopGroup-1-8] TRACE i.m.h.client.netty.DefaultHttpClient - content-length: 1654
23 апр 2026;10:34:27.273 [default-nioEventLoopGroup-1-8] TRACE i.m.h.client.netty.DefaultHttpClient - Response Body
23 апр 2026;10:34:27.273 [default-nioEventLoopGroup-1-8] TRACE i.m.h.client.netty.DefaultHttpClient - ----
23 апр 2026;10:34:27.273 [default-nioEventLoopGroup-1-8] TRACE i.m.h.client.netty.DefaultHttpClient - {"id":182054,"checksum":"1456519473","ticketId":"A2203","unservedVisitServices":[{"id":191011,"eventTime":"10:33","serviceId":7,"serviceInternalName":"Оккулист","serviceExternalName":"Оккулист","visitDeliveredServices":[],"visitOutcome":null,"outcomeExists":false,"deliveredServiceExists":false},{"id":191012,"eventTime":"10:33","serviceId":6,"serviceInternalName":"Стоматолог","serviceExternalName":"Стоматолог","visitDeliveredServices":[],"visitOutcome":null,"outcomeExists":false,"deliveredServiceExists":false},{"id":191013,"eventTime":"10:33","serviceId":5,"serviceInternalName":"Терапевт","serviceExternalName":"Терапевт","visitDeliveredServices":[],"visitOutcome":null,"outcomeExists":false,"deliveredServiceExists":false},{"id":191014,"eventTime":"10:33","serviceId":4,"serviceInternalName":"Хирург","serviceExternalName":"Хирург","visitDeliveredServices":[],"visitOutcome":null,"outcomeExists":false,"deliveredServiceExists":false}],"currentVisitService":{"id":191010,"eventTime":"10:33","serviceId":72,"serviceInternalName":"Врач не назначен","serviceExternalName":"Врач не назначен","visitDeliveredServices":[],"visitOutcome":null,"outcomeExists":false,"deliveredServiceExists":false},"servedVisitServices":[],"visitMarks":[],"customerIds":[],"waitingTime":42,"totalWaitingTime":0,"timeSinceCalled":0,"recycleAllowed":false,"noshowAllowed":false,"recallAllowed":false,"parameterMap":{"currentQueueOrigId":98,"startQueueOrigId":98,"branchName":"Chat_Bot_Demo","totWaitTime":0},"appointmentId":null,"appointmentTime":null,"branchCurrentTime":"10:34:27"}
23 апр 2026;10:34:27.273 [default-nioEventLoopGroup-1-8] TRACE i.m.h.client.netty.DefaultHttpClient - ----
23 апр 2026;10:34:27.277 [default-nioEventLoopGroup-1-9] DEBUG i.m.h.client.netty.DefaultHttpClient - Sending HTTP GET to http://192.168.0.77:8080/rest/entrypoint/branches/6/visits/182054/
23 апр 2026;10:34:27.277 [default-nioEventLoopGroup-1-9] TRACE i.m.h.client.netty.DefaultHttpClient - Authorization: Basic c3VwZXJhZG1pbjp1bGFu
23 апр 2026;10:34:27.277 [default-nioEventLoopGroup-1-9] TRACE i.m.h.client.netty.DefaultHttpClient - Cookie: SSOcookie=57b46714-2f27-46b7-9921-8d8de8bba70d
23 апр 2026;10:34:27.277 [default-nioEventLoopGroup-1-9] TRACE i.m.h.client.netty.DefaultHttpClient - host: 192.168.0.77:8080
23 апр 2026;10:34:27.277 [default-nioEventLoopGroup-1-9] TRACE i.m.h.client.netty.DefaultHttpClient - connection: close
23 апр 2026;10:34:27.292 [default-nioEventLoopGroup-1-9] DEBUG i.m.h.client.netty.DefaultHttpClient - Received response 200 from http://192.168.0.77:8080/rest/entrypoint/branches/6/visits/182054/
23 апр 2026;10:34:27.292 [default-nioEventLoopGroup-1-9] TRACE i.m.h.client.netty.DefaultHttpClient - HTTP Client Response Received (200 OK) for Request: GET http://192.168.0.77:8080/rest/entrypoint/branches/6/visits/182054/
23 апр 2026;10:34:27.292 [default-nioEventLoopGroup-1-9] TRACE i.m.h.client.netty.DefaultHttpClient - Cache-Control: no-store, no-cache, max-age=0, must-revalidate
23 апр 2026;10:34:27.292 [default-nioEventLoopGroup-1-9] TRACE i.m.h.client.netty.DefaultHttpClient - X-Powered-By: Undertow/1
23 апр 2026;10:34:27.292 [default-nioEventLoopGroup-1-9] TRACE i.m.h.client.netty.DefaultHttpClient - Server: WildFly/8
23 апр 2026;10:34:27.292 [default-nioEventLoopGroup-1-9] TRACE i.m.h.client.netty.DefaultHttpClient - X-XSS-Protection: 1
23 апр 2026;10:34:27.292 [default-nioEventLoopGroup-1-9] TRACE i.m.h.client.netty.DefaultHttpClient - X-Frame-Options: SAMEORIGIN
23 апр 2026;10:34:27.292 [default-nioEventLoopGroup-1-9] TRACE i.m.h.client.netty.DefaultHttpClient - Content-Security-Policy: default-src *; style-src * 'unsafe-inline'; script-src * 'unsafe-inline' 'unsafe-eval'; img-src * data: 'unsafe-inline'; connect-src * 'unsafe-inline'; frame-src *;
23 апр 2026;10:34:27.292 [default-nioEventLoopGroup-1-9] TRACE i.m.h.client.netty.DefaultHttpClient - Date: Thu, 23 Apr 2026 07:34:27 GMT
23 апр 2026;10:34:27.292 [default-nioEventLoopGroup-1-9] TRACE i.m.h.client.netty.DefaultHttpClient - Connection: close
23 апр 2026;10:34:27.292 [default-nioEventLoopGroup-1-9] TRACE i.m.h.client.netty.DefaultHttpClient - X-Content-Type-Options: nosniff
23 апр 2026;10:34:27.292 [default-nioEventLoopGroup-1-9] TRACE i.m.h.client.netty.DefaultHttpClient - Strict-Transport-Security: max-age=31536000; includeSubDomains
23 апр 2026;10:34:27.292 [default-nioEventLoopGroup-1-9] TRACE i.m.h.client.netty.DefaultHttpClient - Content-Type: application/json
23 апр 2026;10:34:27.292 [default-nioEventLoopGroup-1-9] TRACE i.m.h.client.netty.DefaultHttpClient - content-length: 1654
23 апр 2026;10:34:27.292 [default-nioEventLoopGroup-1-9] TRACE i.m.h.client.netty.DefaultHttpClient - Response Body
23 апр 2026;10:34:27.292 [default-nioEventLoopGroup-1-9] TRACE i.m.h.client.netty.DefaultHttpClient - ----
23 апр 2026;10:34:27.292 [default-nioEventLoopGroup-1-9] TRACE i.m.h.client.netty.DefaultHttpClient - {"id":182054,"checksum":"1456519473","ticketId":"A2203","unservedVisitServices":[{"id":191011,"eventTime":"10:33","serviceId":7,"serviceInternalName":"Оккулист","serviceExternalName":"Оккулист","visitDeliveredServices":[],"visitOutcome":null,"outcomeExists":false,"deliveredServiceExists":false},{"id":191012,"eventTime":"10:33","serviceId":6,"serviceInternalName":"Стоматолог","serviceExternalName":"Стоматолог","visitDeliveredServices":[],"visitOutcome":null,"outcomeExists":false,"deliveredServiceExists":false},{"id":191013,"eventTime":"10:33","serviceId":5,"serviceInternalName":"Терапевт","serviceExternalName":"Терапевт","visitDeliveredServices":[],"visitOutcome":null,"outcomeExists":false,"deliveredServiceExists":false},{"id":191014,"eventTime":"10:33","serviceId":4,"serviceInternalName":"Хирург","serviceExternalName":"Хирург","visitDeliveredServices":[],"visitOutcome":null,"outcomeExists":false,"deliveredServiceExists":false}],"currentVisitService":{"id":191010,"eventTime":"10:33","serviceId":72,"serviceInternalName":"Врач не назначен","serviceExternalName":"Врач не назначен","visitDeliveredServices":[],"visitOutcome":null,"outcomeExists":false,"deliveredServiceExists":false},"servedVisitServices":[],"visitMarks":[],"customerIds":[],"waitingTime":42,"totalWaitingTime":0,"timeSinceCalled":0,"recycleAllowed":false,"noshowAllowed":false,"recallAllowed":false,"parameterMap":{"currentQueueOrigId":98,"startQueueOrigId":98,"branchName":"Chat_Bot_Demo","totWaitTime":0},"appointmentId":null,"appointmentTime":null,"branchCurrentTime":"10:34:27"}
23 апр 2026;10:34:27.292 [default-nioEventLoopGroup-1-9] TRACE i.m.h.client.netty.DefaultHttpClient - ----
23 апр 2026;10:34:27.296 [default-nioEventLoopGroup-1-10] DEBUG i.m.h.client.netty.DefaultHttpClient - Sending HTTP PUT to http://192.168.0.77:8080/rest/entrypoint/branches/6/visits/182054/services/4/
23 апр 2026;10:34:27.296 [default-nioEventLoopGroup-1-10] TRACE i.m.h.client.netty.DefaultHttpClient - Authorization: Basic c3VwZXJhZG1pbjp1bGFu
23 апр 2026;10:34:27.296 [default-nioEventLoopGroup-1-10] TRACE i.m.h.client.netty.DefaultHttpClient - Content-Type: application/json
23 апр 2026;10:34:27.296 [default-nioEventLoopGroup-1-10] TRACE i.m.h.client.netty.DefaultHttpClient - Accept: application/json
23 апр 2026;10:34:27.296 [default-nioEventLoopGroup-1-10] TRACE i.m.h.client.netty.DefaultHttpClient - host: 192.168.0.77:8080
23 апр 2026;10:34:27.296 [default-nioEventLoopGroup-1-10] TRACE i.m.h.client.netty.DefaultHttpClient - connection: close
23 апр 2026;10:34:27.296 [default-nioEventLoopGroup-1-10] TRACE i.m.h.client.netty.DefaultHttpClient - content-length: 0
23 апр 2026;10:34:27.296 [default-nioEventLoopGroup-1-10] TRACE i.m.h.client.netty.DefaultHttpClient - Request Body
23 апр 2026;10:34:27.296 [default-nioEventLoopGroup-1-10] TRACE i.m.h.client.netty.DefaultHttpClient - ----
23 апр 2026;10:34:27.296 [default-nioEventLoopGroup-1-10] TRACE i.m.h.client.netty.DefaultHttpClient - 
23 апр 2026;10:34:27.296 [default-nioEventLoopGroup-1-10] TRACE i.m.h.client.netty.DefaultHttpClient - ----
23 апр 2026;10:34:27.789 [default-nioEventLoopGroup-1-10] DEBUG i.m.h.client.netty.DefaultHttpClient - Received response 200 from http://192.168.0.77:8080/rest/entrypoint/branches/6/visits/182054/services/4/
23 апр 2026;10:34:27.790 [default-nioEventLoopGroup-1-10] TRACE i.m.h.client.netty.DefaultHttpClient - HTTP Client Response Received (200 OK) for Request: PUT http://192.168.0.77:8080/rest/entrypoint/branches/6/visits/182054/services/4/
23 апр 2026;10:34:27.790 [default-nioEventLoopGroup-1-10] TRACE i.m.h.client.netty.DefaultHttpClient - X-Powered-By: Undertow/1
23 апр 2026;10:34:27.790 [default-nioEventLoopGroup-1-10] TRACE i.m.h.client.netty.DefaultHttpClient - Set-Cookie: SSOcookie=1422a78b-54ea-46c8-833f-d0ad09e91ea1; Path=/; HttpOnly
23 апр 2026;10:34:27.790 [default-nioEventLoopGroup-1-10] TRACE i.m.h.client.netty.DefaultHttpClient - Set-Cookie: rememberMe=deleteMe; Path=/; Max-Age=0; Expires=Wed, 22-Apr-2026 07:34:27 GMT
23 апр 2026;10:34:27.790 [default-nioEventLoopGroup-1-10] TRACE i.m.h.client.netty.DefaultHttpClient - Server: WildFly/8
23 апр 2026;10:34:27.790 [default-nioEventLoopGroup-1-10] TRACE i.m.h.client.netty.DefaultHttpClient - X-XSS-Protection: 1
23 апр 2026;10:34:27.791 [default-nioEventLoopGroup-1-10] TRACE i.m.h.client.netty.DefaultHttpClient - X-Frame-Options: SAMEORIGIN
23 апр 2026;10:34:27.792 [default-nioEventLoopGroup-1-10] TRACE i.m.h.client.netty.DefaultHttpClient - Content-Security-Policy: default-src *; style-src * 'unsafe-inline'; script-src * 'unsafe-inline' 'unsafe-eval'; img-src * data: 'unsafe-inline'; connect-src * 'unsafe-inline'; frame-src *;
23 апр 2026;10:34:27.792 [default-nioEventLoopGroup-1-10] TRACE i.m.h.client.netty.DefaultHttpClient - Date: Thu, 23 Apr 2026 07:34:27 GMT
23 апр 2026;10:34:27.792 [default-nioEventLoopGroup-1-10] TRACE i.m.h.client.netty.DefaultHttpClient - Connection: close
23 апр 2026;10:34:27.792 [default-nioEventLoopGroup-1-10] TRACE i.m.h.client.netty.DefaultHttpClient - X-Content-Type-Options: nosniff
23 апр 2026;10:34:27.792 [default-nioEventLoopGroup-1-10] TRACE i.m.h.client.netty.DefaultHttpClient - Strict-Transport-Security: max-age=31536000; includeSubDomains
23 апр 2026;10:34:27.792 [default-nioEventLoopGroup-1-10] TRACE i.m.h.client.netty.DefaultHttpClient - Content-Type: application/json
23 апр 2026;10:34:27.792 [default-nioEventLoopGroup-1-10] TRACE i.m.h.client.netty.DefaultHttpClient - content-length: 1871
23 апр 2026;10:34:27.792 [default-nioEventLoopGroup-1-10] TRACE i.m.h.client.netty.DefaultHttpClient - Response Body
23 апр 2026;10:34:27.792 [default-nioEventLoopGroup-1-10] TRACE i.m.h.client.netty.DefaultHttpClient - ----
23 апр 2026;10:34:27.793 [default-nioEventLoopGroup-1-10] TRACE i.m.h.client.netty.DefaultHttpClient - {"branchId":6,"userState":"INACTIVE","visitState":"OK","servicePointId":1,"servicePointName":"Кабинет 13","servicePointState":"OPEN","visit":{"id":182054,"checksum":"1456519473","ticketId":"A2203","unservedVisitServices":[{"id":191011,"eventTime":"10:33","serviceId":7,"serviceInternalName":"Оккулист","serviceExternalName":"Оккулист","visitDeliveredServices":[],"visitOutcome":null,"outcomeExists":false,"deliveredServiceExists":false},{"id":191012,"eventTime":"10:33","serviceId":6,"serviceInternalName":"Стоматолог","serviceExternalName":"Стоматолог","visitDeliveredServices":[],"visitOutcome":null,"outcomeExists":false,"deliveredServiceExists":false},{"id":191013,"eventTime":"10:33","serviceId":5,"serviceInternalName":"Терапевт","serviceExternalName":"Терапевт","visitDeliveredServices":[],"visitOutcome":null,"outcomeExists":false,"deliveredServiceExists":false},{"id":191014,"eventTime":"10:33","serviceId":4,"serviceInternalName":"Хирург","serviceExternalName":"Хирург","visitDeliveredServices":[],"visitOutcome":null,"outcomeExists":false,"deliveredServiceExists":false}],"currentVisitService":{"id":191010,"eventTime":"10:33","serviceId":4,"serviceInternalName":"Хирург","serviceExternalName":"Хирург","visitDeliveredServices":[],"visitOutcome":null,"outcomeExists":false,"deliveredServiceExists":false},"servedVisitServices":[],"visitMarks":[],"customerIds":[],"waitingTime":42,"totalWaitingTime":0,"timeSinceCalled":0,"recycleAllowed":false,"noshowAllowed":false,"recallAllowed":false,"parameterMap":{"startQueueOrigId":98,"branchName":"Chat_Bot_Demo","totWaitTime":0},"appointmentId":null,"appointmentTime":null,"branchCurrentTime":"10:34:27"},"workProfileId":7,"workProfileName":"Универсал","servicePointDeviceTypes":["POSITIONAL","SW_SERVICE_POINT","Spotlight"]}
23 апр 2026;10:34:27.793 [default-nioEventLoopGroup-1-10] TRACE i.m.h.client.netty.DefaultHttpClient - ----
23 апр 2026;10:34:27.810 [default-nioEventLoopGroup-1-11] DEBUG i.m.h.client.netty.DefaultHttpClient - Sending HTTP PUT to http://192.168.0.77:8080/rest/entrypoint/branches/6/queues/10/visits/
23 апр 2026;10:34:27.811 [default-nioEventLoopGroup-1-11] TRACE i.m.h.client.netty.DefaultHttpClient - Authorization: Basic c3VwZXJhZG1pbjp1bGFu
23 апр 2026;10:34:27.811 [default-nioEventLoopGroup-1-11] TRACE i.m.h.client.netty.DefaultHttpClient - Content-Type: application/json
23 апр 2026;10:34:27.811 [default-nioEventLoopGroup-1-11] TRACE i.m.h.client.netty.DefaultHttpClient - Accept: application/json
23 апр 2026;10:34:27.811 [default-nioEventLoopGroup-1-11] TRACE i.m.h.client.netty.DefaultHttpClient - host: 192.168.0.77:8080
23 апр 2026;10:34:27.811 [default-nioEventLoopGroup-1-11] TRACE i.m.h.client.netty.DefaultHttpClient - connection: close
23 апр 2026;10:34:27.811 [default-nioEventLoopGroup-1-11] TRACE i.m.h.client.netty.DefaultHttpClient - content-length: 46
23 апр 2026;10:34:27.811 [default-nioEventLoopGroup-1-11] TRACE i.m.h.client.netty.DefaultHttpClient - Request Body
23 апр 2026;10:34:27.811 [default-nioEventLoopGroup-1-11] TRACE i.m.h.client.netty.DefaultHttpClient - ----
23 апр 2026;10:34:27.811 [default-nioEventLoopGroup-1-11] TRACE i.m.h.client.netty.DefaultHttpClient - {"visitId":182054,"fromBranchId":6,"fromId":1}
23 апр 2026;10:34:27.811 [default-nioEventLoopGroup-1-11] TRACE i.m.h.client.netty.DefaultHttpClient - ----
23 апр 2026;10:34:28.529 [default-nioEventLoopGroup-1-11] DEBUG i.m.h.client.netty.DefaultHttpClient - Received response 204 from http://192.168.0.77:8080/rest/entrypoint/branches/6/queues/10/visits/
23 апр 2026;10:34:28.529 [default-nioEventLoopGroup-1-11] TRACE i.m.h.client.netty.DefaultHttpClient - HTTP Client Response Received (204 No Content) for Request: PUT http://192.168.0.77:8080/rest/entrypoint/branches/6/queues/10/visits/
23 апр 2026;10:34:28.529 [default-nioEventLoopGroup-1-11] TRACE i.m.h.client.netty.DefaultHttpClient - X-Powered-By: Undertow/1
23 апр 2026;10:34:28.530 [default-nioEventLoopGroup-1-11] TRACE i.m.h.client.netty.DefaultHttpClient - Set-Cookie: SSOcookie=74e2f498-d293-42e0-82c3-375bef259c50; Path=/; HttpOnly
23 апр 2026;10:34:28.530 [default-nioEventLoopGroup-1-11] TRACE i.m.h.client.netty.DefaultHttpClient - Set-Cookie: rememberMe=deleteMe; Path=/; Max-Age=0; Expires=Wed, 22-Apr-2026 07:34:28 GMT
23 апр 2026;10:34:28.530 [default-nioEventLoopGroup-1-11] TRACE i.m.h.client.netty.DefaultHttpClient - Server: WildFly/8
23 апр 2026;10:34:28.530 [default-nioEventLoopGroup-1-11] TRACE i.m.h.client.netty.DefaultHttpClient - X-XSS-Protection: 1
23 апр 2026;10:34:28.530 [default-nioEventLoopGroup-1-11] TRACE i.m.h.client.netty.DefaultHttpClient - X-Frame-Options: SAMEORIGIN
23 апр 2026;10:34:28.530 [default-nioEventLoopGroup-1-11] TRACE i.m.h.client.netty.DefaultHttpClient - Content-Security-Policy: default-src *; style-src * 'unsafe-inline'; script-src * 'unsafe-inline' 'unsafe-eval'; img-src * data: 'unsafe-inline'; connect-src * 'unsafe-inline'; frame-src *;
23 апр 2026;10:34:28.530 [default-nioEventLoopGroup-1-11] TRACE i.m.h.client.netty.DefaultHttpClient - Date: Thu, 23 Apr 2026 07:34:28 GMT
23 апр 2026;10:34:28.530 [default-nioEventLoopGroup-1-11] TRACE i.m.h.client.netty.DefaultHttpClient - X-Content-Type-Options: nosniff
23 апр 2026;10:34:28.530 [default-nioEventLoopGroup-1-11] TRACE i.m.h.client.netty.DefaultHttpClient - Strict-Transport-Security: max-age=31536000; includeSubDomains
23 апр 2026;10:34:28.530 [default-nioEventLoopGroup-1-11] TRACE i.m.h.client.netty.DefaultHttpClient - Response Body
23 апр 2026;10:34:28.530 [default-nioEventLoopGroup-1-11] TRACE i.m.h.client.netty.DefaultHttpClient - ----
23 апр 2026;10:34:28.530 [default-nioEventLoopGroup-1-11] TRACE i.m.h.client.netty.DefaultHttpClient - 
23 апр 2026;10:34:28.530 [default-nioEventLoopGroup-1-11] TRACE i.m.h.client.netty.DefaultHttpClient - ----
23 апр 2026;10:34:28.531 [default-nioEventLoopGroup-1-11] TRACE i.m.h.client.netty.DefaultHttpClient - Full HTTP response received an empty body
23 апр 2026;10:34:28.531 [default-nioEventLoopGroup-1-11] TRACE i.m.h.client.netty.DefaultHttpClient - Unable to convert response body to target type class [B
23 апр 2026;10:34:28.532 [SimpleAsyncTaskExecutor-1] TRACE i.m.h.client.netty.DefaultHttpClient - Unable to convert response body to target type class [B
23 апр 2026;10:34:28.540 [default-nioEventLoopGroup-1-12] DEBUG i.m.h.client.netty.DefaultHttpClient - Sending HTTP GET to http://192.168.0.77:8080/rest/entrypoint/branches/6/visits/182054/
23 апр 2026;10:34:28.540 [default-nioEventLoopGroup-1-12] TRACE i.m.h.client.netty.DefaultHttpClient - Authorization: Basic c3VwZXJhZG1pbjp1bGFu
23 апр 2026;10:34:28.541 [default-nioEventLoopGroup-1-12] TRACE i.m.h.client.netty.DefaultHttpClient - Cookie: SSOcookie=57b46714-2f27-46b7-9921-8d8de8bba70d
23 апр 2026;10:34:28.541 [default-nioEventLoopGroup-1-12] TRACE i.m.h.client.netty.DefaultHttpClient - host: 192.168.0.77:8080
23 апр 2026;10:34:28.541 [default-nioEventLoopGroup-1-12] TRACE i.m.h.client.netty.DefaultHttpClient - connection: close
23 апр 2026;10:34:28.563 [default-nioEventLoopGroup-1-12] DEBUG i.m.h.client.netty.DefaultHttpClient - Received response 200 from http://192.168.0.77:8080/rest/entrypoint/branches/6/visits/182054/
23 апр 2026;10:34:28.563 [default-nioEventLoopGroup-1-12] TRACE i.m.h.client.netty.DefaultHttpClient - HTTP Client Response Received (200 OK) for Request: GET http://192.168.0.77:8080/rest/entrypoint/branches/6/visits/182054/
23 апр 2026;10:34:28.563 [default-nioEventLoopGroup-1-12] TRACE i.m.h.client.netty.DefaultHttpClient - Cache-Control: no-store, no-cache, max-age=0, must-revalidate
23 апр 2026;10:34:28.563 [default-nioEventLoopGroup-1-12] TRACE i.m.h.client.netty.DefaultHttpClient - X-Powered-By: Undertow/1
23 апр 2026;10:34:28.563 [default-nioEventLoopGroup-1-12] TRACE i.m.h.client.netty.DefaultHttpClient - Server: WildFly/8
23 апр 2026;10:34:28.563 [default-nioEventLoopGroup-1-12] TRACE i.m.h.client.netty.DefaultHttpClient - X-XSS-Protection: 1
23 апр 2026;10:34:28.563 [default-nioEventLoopGroup-1-12] TRACE i.m.h.client.netty.DefaultHttpClient - X-Frame-Options: SAMEORIGIN
23 апр 2026;10:34:28.564 [default-nioEventLoopGroup-1-12] TRACE i.m.h.client.netty.DefaultHttpClient - Content-Security-Policy: default-src *; style-src * 'unsafe-inline'; script-src * 'unsafe-inline' 'unsafe-eval'; img-src * data: 'unsafe-inline'; connect-src * 'unsafe-inline'; frame-src *;
23 апр 2026;10:34:28.564 [default-nioEventLoopGroup-1-12] TRACE i.m.h.client.netty.DefaultHttpClient - Date: Thu, 23 Apr 2026 07:34:28 GMT
23 апр 2026;10:34:28.564 [default-nioEventLoopGroup-1-12] TRACE i.m.h.client.netty.DefaultHttpClient - Connection: close
23 апр 2026;10:34:28.564 [default-nioEventLoopGroup-1-12] TRACE i.m.h.client.netty.DefaultHttpClient - X-Content-Type-Options: nosniff
23 апр 2026;10:34:28.564 [default-nioEventLoopGroup-1-12] TRACE i.m.h.client.netty.DefaultHttpClient - Strict-Transport-Security: max-age=31536000; includeSubDomains
23 апр 2026;10:34:28.564 [default-nioEventLoopGroup-1-12] TRACE i.m.h.client.netty.DefaultHttpClient - Content-Type: application/json
23 апр 2026;10:34:28.564 [default-nioEventLoopGroup-1-12] TRACE i.m.h.client.netty.DefaultHttpClient - content-length: 1617
23 апр 2026;10:34:28.564 [default-nioEventLoopGroup-1-12] TRACE i.m.h.client.netty.DefaultHttpClient - Response Body
23 апр 2026;10:34:28.564 [default-nioEventLoopGroup-1-12] TRACE i.m.h.client.netty.DefaultHttpClient - ----
23 апр 2026;10:34:28.565 [default-nioEventLoopGroup-1-12] TRACE i.m.h.client.netty.DefaultHttpClient - {"id":182054,"checksum":"1456519473","ticketId":"A2203","unservedVisitServices":[{"id":191011,"eventTime":"10:33","serviceId":7,"serviceInternalName":"Оккулист","serviceExternalName":"Оккулист","visitDeliveredServices":[],"visitOutcome":null,"outcomeExists":false,"deliveredServiceExists":false},{"id":191012,"eventTime":"10:33","serviceId":6,"serviceInternalName":"Стоматолог","serviceExternalName":"Стоматолог","visitDeliveredServices":[],"visitOutcome":null,"outcomeExists":false,"deliveredServiceExists":false},{"id":191013,"eventTime":"10:33","serviceId":5,"serviceInternalName":"Терапевт","serviceExternalName":"Терапевт","visitDeliveredServices":[],"visitOutcome":null,"outcomeExists":false,"deliveredServiceExists":false},{"id":191014,"eventTime":"10:33","serviceId":4,"serviceInternalName":"Хирург","serviceExternalName":"Хирург","visitDeliveredServices":[],"visitOutcome":null,"outcomeExists":false,"deliveredServiceExists":false}],"currentVisitService":{"id":191010,"eventTime":"10:33","serviceId":4,"serviceInternalName":"Хирург","serviceExternalName":"Хирург","visitDeliveredServices":[],"visitOutcome":null,"outcomeExists":false,"deliveredServiceExists":false},"servedVisitServices":[],"visitMarks":[],"customerIds":[],"waitingTime":44,"totalWaitingTime":0,"timeSinceCalled":0,"recycleAllowed":false,"noshowAllowed":false,"recallAllowed":false,"parameterMap":{"currentQueueOrigId":10,"branchName":"Chat_Bot_Demo","startQueueOrigId":98,"totWaitTime":0},"appointmentId":null,"appointmentTime":null,"branchCurrentTime":"10:34:28"}
23 апр 2026;10:34:28.565 [default-nioEventLoopGroup-1-12] TRACE i.m.h.client.netty.DefaultHttpClient - ----
23 апр 2026;10:34:28.574 [default-nioEventLoopGroup-1-14] DEBUG i.m.h.client.netty.DefaultHttpClient - Sending HTTP GET to http://192.168.0.77:8080/rest/entrypoint/branches/6/visits/182055/
23 апр 2026;10:34:28.574 [default-nioEventLoopGroup-1-14] TRACE i.m.h.client.netty.DefaultHttpClient - Authorization: Basic c3VwZXJhZG1pbjp1bGFu
23 апр 2026;10:34:28.574 [default-nioEventLoopGroup-1-14] TRACE i.m.h.client.netty.DefaultHttpClient - Cookie: SSOcookie=57b46714-2f27-46b7-9921-8d8de8bba70d
23 апр 2026;10:34:28.574 [default-nioEventLoopGroup-1-14] TRACE i.m.h.client.netty.DefaultHttpClient - host: 192.168.0.77:8080
23 апр 2026;10:34:28.574 [default-nioEventLoopGroup-1-14] TRACE i.m.h.client.netty.DefaultHttpClient - connection: close
23 апр 2026;10:34:28.598 [default-nioEventLoopGroup-1-14] DEBUG i.m.h.client.netty.DefaultHttpClient - Received response 200 from http://192.168.0.77:8080/rest/entrypoint/branches/6/visits/182055/
23 апр 2026;10:34:28.599 [default-nioEventLoopGroup-1-14] TRACE i.m.h.client.netty.DefaultHttpClient - HTTP Client Response Received (200 OK) for Request: GET http://192.168.0.77:8080/rest/entrypoint/branches/6/visits/182055/
23 апр 2026;10:34:28.599 [default-nioEventLoopGroup-1-14] TRACE i.m.h.client.netty.DefaultHttpClient - Cache-Control: no-store, no-cache, max-age=0, must-revalidate
23 апр 2026;10:34:28.599 [default-nioEventLoopGroup-1-14] TRACE i.m.h.client.netty.DefaultHttpClient - X-Powered-By: Undertow/1
23 апр 2026;10:34:28.599 [default-nioEventLoopGroup-1-14] TRACE i.m.h.client.netty.DefaultHttpClient - Server: WildFly/8
23 апр 2026;10:34:28.599 [default-nioEventLoopGroup-1-14] TRACE i.m.h.client.netty.DefaultHttpClient - X-XSS-Protection: 1
23 апр 2026;10:34:28.599 [default-nioEventLoopGroup-1-14] TRACE i.m.h.client.netty.DefaultHttpClient - X-Frame-Options: SAMEORIGIN
23 апр 2026;10:34:28.599 [default-nioEventLoopGroup-1-14] TRACE i.m.h.client.netty.DefaultHttpClient - Content-Security-Policy: default-src *; style-src * 'unsafe-inline'; script-src * 'unsafe-inline' 'unsafe-eval'; img-src * data: 'unsafe-inline'; connect-src * 'unsafe-inline'; frame-src *;
23 апр 2026;10:34:28.599 [default-nioEventLoopGroup-1-14] TRACE i.m.h.client.netty.DefaultHttpClient - Date: Thu, 23 Apr 2026 07:34:28 GMT
23 апр 2026;10:34:28.599 [default-nioEventLoopGroup-1-14] TRACE i.m.h.client.netty.DefaultHttpClient - Connection: close
23 апр 2026;10:34:28.600 [default-nioEventLoopGroup-1-14] TRACE i.m.h.client.netty.DefaultHttpClient - X-Content-Type-Options: nosniff
23 апр 2026;10:34:28.600 [default-nioEventLoopGroup-1-14] TRACE i.m.h.client.netty.DefaultHttpClient - Strict-Transport-Security: max-age=31536000; includeSubDomains
23 апр 2026;10:34:28.600 [default-nioEventLoopGroup-1-14] TRACE i.m.h.client.netty.DefaultHttpClient - Content-Type: application/json
23 апр 2026;10:34:28.600 [default-nioEventLoopGroup-1-14] TRACE i.m.h.client.netty.DefaultHttpClient - content-length: 1654
23 апр 2026;10:34:28.600 [default-nioEventLoopGroup-1-14] TRACE i.m.h.client.netty.DefaultHttpClient - Response Body
23 апр 2026;10:34:28.600 [default-nioEventLoopGroup-1-14] TRACE i.m.h.client.netty.DefaultHttpClient - ----
23 апр 2026;10:34:28.600 [default-nioEventLoopGroup-1-14] TRACE i.m.h.client.netty.DefaultHttpClient - {"id":182055,"checksum":"1935974579","ticketId":"A2204","unservedVisitServices":[{"id":191016,"eventTime":"10:33","serviceId":7,"serviceInternalName":"Оккулист","serviceExternalName":"Оккулист","visitDeliveredServices":[],"visitOutcome":null,"outcomeExists":false,"deliveredServiceExists":false},{"id":191017,"eventTime":"10:33","serviceId":6,"serviceInternalName":"Стоматолог","serviceExternalName":"Стоматолог","visitDeliveredServices":[],"visitOutcome":null,"outcomeExists":false,"deliveredServiceExists":false},{"id":191018,"eventTime":"10:33","serviceId":5,"serviceInternalName":"Терапевт","serviceExternalName":"Терапевт","visitDeliveredServices":[],"visitOutcome":null,"outcomeExists":false,"deliveredServiceExists":false},{"id":191019,"eventTime":"10:33","serviceId":4,"serviceInternalName":"Хирург","serviceExternalName":"Хирург","visitDeliveredServices":[],"visitOutcome":null,"outcomeExists":false,"deliveredServiceExists":false}],"currentVisitService":{"id":191015,"eventTime":"10:33","serviceId":72,"serviceInternalName":"Врач не назначен","serviceExternalName":"Врач не назначен","visitDeliveredServices":[],"visitOutcome":null,"outcomeExists":false,"deliveredServiceExists":false},"servedVisitServices":[],"visitMarks":[],"customerIds":[],"waitingTime":44,"totalWaitingTime":0,"timeSinceCalled":0,"recycleAllowed":false,"noshowAllowed":false,"recallAllowed":false,"parameterMap":{"currentQueueOrigId":98,"startQueueOrigId":98,"branchName":"Chat_Bot_Demo","totWaitTime":0},"appointmentId":null,"appointmentTime":null,"branchCurrentTime":"10:34:28"}
23 апр 2026;10:34:28.601 [default-nioEventLoopGroup-1-14] TRACE i.m.h.client.netty.DefaultHttpClient - ----
23 апр 2026;10:34:28.615 [default-nioEventLoopGroup-1-15] DEBUG i.m.h.client.netty.DefaultHttpClient - Sending HTTP GET to http://192.168.0.77:8080/rest/entrypoint/branches/6/visits/182055/
23 апр 2026;10:34:28.615 [default-nioEventLoopGroup-1-15] TRACE i.m.h.client.netty.DefaultHttpClient - Authorization: Basic c3VwZXJhZG1pbjp1bGFu
23 апр 2026;10:34:28.615 [default-nioEventLoopGroup-1-15] TRACE i.m.h.client.netty.DefaultHttpClient - Cookie: SSOcookie=57b46714-2f27-46b7-9921-8d8de8bba70d
23 апр 2026;10:34:28.616 [default-nioEventLoopGroup-1-15] TRACE i.m.h.client.netty.DefaultHttpClient - host: 192.168.0.77:8080
23 апр 2026;10:34:28.616 [default-nioEventLoopGroup-1-15] TRACE i.m.h.client.netty.DefaultHttpClient - connection: close
23 апр 2026;10:34:28.636 [default-nioEventLoopGroup-1-15] DEBUG i.m.h.client.netty.DefaultHttpClient - Received response 200 from http://192.168.0.77:8080/rest/entrypoint/branches/6/visits/182055/
23 апр 2026;10:34:28.637 [default-nioEventLoopGroup-1-15] TRACE i.m.h.client.netty.DefaultHttpClient - HTTP Client Response Received (200 OK) for Request: GET http://192.168.0.77:8080/rest/entrypoint/branches/6/visits/182055/
23 апр 2026;10:34:28.637 [default-nioEventLoopGroup-1-15] TRACE i.m.h.client.netty.DefaultHttpClient - Cache-Control: no-store, no-cache, max-age=0, must-revalidate
23 апр 2026;10:34:28.637 [default-nioEventLoopGroup-1-15] TRACE i.m.h.client.netty.DefaultHttpClient - X-Powered-By: Undertow/1
23 апр 2026;10:34:28.637 [default-nioEventLoopGroup-1-15] TRACE i.m.h.client.netty.DefaultHttpClient - Server: WildFly/8
23 апр 2026;10:34:28.637 [default-nioEventLoopGroup-1-15] TRACE i.m.h.client.netty.DefaultHttpClient - X-XSS-Protection: 1
23 апр 2026;10:34:28.637 [default-nioEventLoopGroup-1-15] TRACE i.m.h.client.netty.DefaultHttpClient - X-Frame-Options: SAMEORIGIN
23 апр 2026;10:34:28.637 [default-nioEventLoopGroup-1-15] TRACE i.m.h.client.netty.DefaultHttpClient - Content-Security-Policy: default-src *; style-src * 'unsafe-inline'; script-src * 'unsafe-inline' 'unsafe-eval'; img-src * data: 'unsafe-inline'; connect-src * 'unsafe-inline'; frame-src *;
23 апр 2026;10:34:28.638 [default-nioEventLoopGroup-1-15] TRACE i.m.h.client.netty.DefaultHttpClient - Date: Thu, 23 Apr 2026 07:34:28 GMT
23 апр 2026;10:34:28.638 [default-nioEventLoopGroup-1-15] TRACE i.m.h.client.netty.DefaultHttpClient - Connection: close
23 апр 2026;10:34:28.638 [default-nioEventLoopGroup-1-15] TRACE i.m.h.client.netty.DefaultHttpClient - X-Content-Type-Options: nosniff
23 апр 2026;10:34:28.638 [default-nioEventLoopGroup-1-15] TRACE i.m.h.client.netty.DefaultHttpClient - Strict-Transport-Security: max-age=31536000; includeSubDomains
23 апр 2026;10:34:28.638 [default-nioEventLoopGroup-1-15] TRACE i.m.h.client.netty.DefaultHttpClient - Content-Type: application/json
23 апр 2026;10:34:28.638 [default-nioEventLoopGroup-1-15] TRACE i.m.h.client.netty.DefaultHttpClient - content-length: 1654
23 апр 2026;10:34:28.638 [default-nioEventLoopGroup-1-15] TRACE i.m.h.client.netty.DefaultHttpClient - Response Body
23 апр 2026;10:34:28.638 [default-nioEventLoopGroup-1-15] TRACE i.m.h.client.netty.DefaultHttpClient - ----
23 апр 2026;10:34:28.638 [default-nioEventLoopGroup-1-15] TRACE i.m.h.client.netty.DefaultHttpClient - {"id":182055,"checksum":"1935974579","ticketId":"A2204","unservedVisitServices":[{"id":191016,"eventTime":"10:33","serviceId":7,"serviceInternalName":"Оккулист","serviceExternalName":"Оккулист","visitDeliveredServices":[],"visitOutcome":null,"outcomeExists":false,"deliveredServiceExists":false},{"id":191017,"eventTime":"10:33","serviceId":6,"serviceInternalName":"Стоматолог","serviceExternalName":"Стоматолог","visitDeliveredServices":[],"visitOutcome":null,"outcomeExists":false,"deliveredServiceExists":false},{"id":191018,"eventTime":"10:33","serviceId":5,"serviceInternalName":"Терапевт","serviceExternalName":"Терапевт","visitDeliveredServices":[],"visitOutcome":null,"outcomeExists":false,"deliveredServiceExists":false},{"id":191019,"eventTime":"10:33","serviceId":4,"serviceInternalName":"Хирург","serviceExternalName":"Хирург","visitDeliveredServices":[],"visitOutcome":null,"outcomeExists":false,"deliveredServiceExists":false}],"currentVisitService":{"id":191015,"eventTime":"10:33","serviceId":72,"serviceInternalName":"Врач не назначен","serviceExternalName":"Врач не назначен","visitDeliveredServices":[],"visitOutcome":null,"outcomeExists":false,"deliveredServiceExists":false},"servedVisitServices":[],"visitMarks":[],"customerIds":[],"waitingTime":44,"totalWaitingTime":0,"timeSinceCalled":0,"recycleAllowed":false,"noshowAllowed":false,"recallAllowed":false,"parameterMap":{"currentQueueOrigId":98,"startQueueOrigId":98,"branchName":"Chat_Bot_Demo","totWaitTime":0},"appointmentId":null,"appointmentTime":null,"branchCurrentTime":"10:34:28"}
23 апр 2026;10:34:28.639 [default-nioEventLoopGroup-1-15] TRACE i.m.h.client.netty.DefaultHttpClient - ----
23 апр 2026;10:34:28.655 [default-nioEventLoopGroup-1-16] DEBUG i.m.h.client.netty.DefaultHttpClient - Sending HTTP PUT to http://192.168.0.77:8080/rest/entrypoint/branches/6/visits/182055/services/4/
23 апр 2026;10:34:28.655 [default-nioEventLoopGroup-1-16] TRACE i.m.h.client.netty.DefaultHttpClient - Authorization: Basic c3VwZXJhZG1pbjp1bGFu
23 апр 2026;10:34:28.655 [default-nioEventLoopGroup-1-16] TRACE i.m.h.client.netty.DefaultHttpClient - Content-Type: application/json
23 апр 2026;10:34:28.656 [default-nioEventLoopGroup-1-16] TRACE i.m.h.client.netty.DefaultHttpClient - Accept: application/json
23 апр 2026;10:34:28.658 [default-nioEventLoopGroup-1-16] TRACE i.m.h.client.netty.DefaultHttpClient - host: 192.168.0.77:8080
23 апр 2026;10:34:28.658 [default-nioEventLoopGroup-1-16] TRACE i.m.h.client.netty.DefaultHttpClient - connection: close
23 апр 2026;10:34:28.658 [default-nioEventLoopGroup-1-16] TRACE i.m.h.client.netty.DefaultHttpClient - content-length: 0
23 апр 2026;10:34:28.658 [default-nioEventLoopGroup-1-16] TRACE i.m.h.client.netty.DefaultHttpClient - Request Body
23 апр 2026;10:34:28.658 [default-nioEventLoopGroup-1-16] TRACE i.m.h.client.netty.DefaultHttpClient - ----
23 апр 2026;10:34:28.660 [default-nioEventLoopGroup-1-16] TRACE i.m.h.client.netty.DefaultHttpClient - 
23 апр 2026;10:34:28.660 [default-nioEventLoopGroup-1-16] TRACE i.m.h.client.netty.DefaultHttpClient - ----
23 апр 2026;10:34:29.144 [default-nioEventLoopGroup-1-16] DEBUG i.m.h.client.netty.DefaultHttpClient - Received response 200 from http://192.168.0.77:8080/rest/entrypoint/branches/6/visits/182055/services/4/
23 апр 2026;10:34:29.144 [default-nioEventLoopGroup-1-16] TRACE i.m.h.client.netty.DefaultHttpClient - HTTP Client Response Received (200 OK) for Request: PUT http://192.168.0.77:8080/rest/entrypoint/branches/6/visits/182055/services/4/
23 апр 2026;10:34:29.144 [default-nioEventLoopGroup-1-16] TRACE i.m.h.client.netty.DefaultHttpClient - X-Powered-By: Undertow/1
23 апр 2026;10:34:29.144 [default-nioEventLoopGroup-1-16] TRACE i.m.h.client.netty.DefaultHttpClient - Set-Cookie: SSOcookie=67e653cc-190d-4c92-b530-86474f9b56b2; Path=/; HttpOnly
23 апр 2026;10:34:29.144 [default-nioEventLoopGroup-1-16] TRACE i.m.h.client.netty.DefaultHttpClient - Set-Cookie: rememberMe=deleteMe; Path=/; Max-Age=0; Expires=Wed, 22-Apr-2026 07:34:28 GMT
23 апр 2026;10:34:29.144 [default-nioEventLoopGroup-1-16] TRACE i.m.h.client.netty.DefaultHttpClient - Server: WildFly/8
23 апр 2026;10:34:29.144 [default-nioEventLoopGroup-1-16] TRACE i.m.h.client.netty.DefaultHttpClient - X-XSS-Protection: 1
23 апр 2026;10:34:29.144 [default-nioEventLoopGroup-1-16] TRACE i.m.h.client.netty.DefaultHttpClient - X-Frame-Options: SAMEORIGIN
23 апр 2026;10:34:29.144 [default-nioEventLoopGroup-1-16] TRACE i.m.h.client.netty.DefaultHttpClient - Content-Security-Policy: default-src *; style-src * 'unsafe-inline'; script-src * 'unsafe-inline' 'unsafe-eval'; img-src * data: 'unsafe-inline'; connect-src * 'unsafe-inline'; frame-src *;
23 апр 2026;10:34:29.144 [default-nioEventLoopGroup-1-16] TRACE i.m.h.client.netty.DefaultHttpClient - Date: Thu, 23 Apr 2026 07:34:29 GMT
23 апр 2026;10:34:29.144 [default-nioEventLoopGroup-1-16] TRACE i.m.h.client.netty.DefaultHttpClient - Connection: close
23 апр 2026;10:34:29.145 [default-nioEventLoopGroup-1-16] TRACE i.m.h.client.netty.DefaultHttpClient - X-Content-Type-Options: nosniff
23 апр 2026;10:34:29.145 [default-nioEventLoopGroup-1-16] TRACE i.m.h.client.netty.DefaultHttpClient - Strict-Transport-Security: max-age=31536000; includeSubDomains
23 апр 2026;10:34:29.145 [default-nioEventLoopGroup-1-16] TRACE i.m.h.client.netty.DefaultHttpClient - Content-Type: application/json
23 апр 2026;10:34:29.145 [default-nioEventLoopGroup-1-16] TRACE i.m.h.client.netty.DefaultHttpClient - content-length: 1871
23 апр 2026;10:34:29.145 [default-nioEventLoopGroup-1-16] TRACE i.m.h.client.netty.DefaultHttpClient - Response Body
23 апр 2026;10:34:29.145 [default-nioEventLoopGroup-1-16] TRACE i.m.h.client.netty.DefaultHttpClient - ----
23 апр 2026;10:34:29.145 [default-nioEventLoopGroup-1-16] TRACE i.m.h.client.netty.DefaultHttpClient - {"branchId":6,"userState":"INACTIVE","visitState":"OK","servicePointId":1,"servicePointName":"Кабинет 13","servicePointState":"OPEN","visit":{"id":182055,"checksum":"1935974579","ticketId":"A2204","unservedVisitServices":[{"id":191016,"eventTime":"10:33","serviceId":7,"serviceInternalName":"Оккулист","serviceExternalName":"Оккулист","visitDeliveredServices":[],"visitOutcome":null,"outcomeExists":false,"deliveredServiceExists":false},{"id":191017,"eventTime":"10:33","serviceId":6,"serviceInternalName":"Стоматолог","serviceExternalName":"Стоматолог","visitDeliveredServices":[],"visitOutcome":null,"outcomeExists":false,"deliveredServiceExists":false},{"id":191018,"eventTime":"10:33","serviceId":5,"serviceInternalName":"Терапевт","serviceExternalName":"Терапевт","visitDeliveredServices":[],"visitOutcome":null,"outcomeExists":false,"deliveredServiceExists":false},{"id":191019,"eventTime":"10:33","serviceId":4,"serviceInternalName":"Хирург","serviceExternalName":"Хирург","visitDeliveredServices":[],"visitOutcome":null,"outcomeExists":false,"deliveredServiceExists":false}],"currentVisitService":{"id":191015,"eventTime":"10:33","serviceId":4,"serviceInternalName":"Хирург","serviceExternalName":"Хирург","visitDeliveredServices":[],"visitOutcome":null,"outcomeExists":false,"deliveredServiceExists":false},"servedVisitServices":[],"visitMarks":[],"customerIds":[],"waitingTime":43,"totalWaitingTime":0,"timeSinceCalled":0,"recycleAllowed":false,"noshowAllowed":false,"recallAllowed":false,"parameterMap":{"startQueueOrigId":98,"branchName":"Chat_Bot_Demo","totWaitTime":0},"appointmentId":null,"appointmentTime":null,"branchCurrentTime":"10:34:29"},"workProfileId":7,"workProfileName":"Универсал","servicePointDeviceTypes":["POSITIONAL","SW_SERVICE_POINT","Spotlight"]}
23 апр 2026;10:34:29.145 [default-nioEventLoopGroup-1-16] TRACE i.m.h.client.netty.DefaultHttpClient - ----
23 апр 2026;10:34:29.150 [default-nioEventLoopGroup-1-17] DEBUG i.m.h.client.netty.DefaultHttpClient - Sending HTTP PUT to http://192.168.0.77:8080/rest/entrypoint/branches/6/queues/10/visits/
23 апр 2026;10:34:29.150 [default-nioEventLoopGroup-1-17] TRACE i.m.h.client.netty.DefaultHttpClient - Authorization: Basic c3VwZXJhZG1pbjp1bGFu
23 апр 2026;10:34:29.150 [default-nioEventLoopGroup-1-17] TRACE i.m.h.client.netty.DefaultHttpClient - Content-Type: application/json
23 апр 2026;10:34:29.150 [default-nioEventLoopGroup-1-17] TRACE i.m.h.client.netty.DefaultHttpClient - Accept: application/json
23 апр 2026;10:34:29.150 [default-nioEventLoopGroup-1-17] TRACE i.m.h.client.netty.DefaultHttpClient - host: 192.168.0.77:8080
23 апр 2026;10:34:29.150 [default-nioEventLoopGroup-1-17] TRACE i.m.h.client.netty.DefaultHttpClient - connection: close
23 апр 2026;10:34:29.150 [default-nioEventLoopGroup-1-17] TRACE i.m.h.client.netty.DefaultHttpClient - content-length: 46
23 апр 2026;10:34:29.150 [default-nioEventLoopGroup-1-17] TRACE i.m.h.client.netty.DefaultHttpClient - Request Body
23 апр 2026;10:34:29.150 [default-nioEventLoopGroup-1-17] TRACE i.m.h.client.netty.DefaultHttpClient - ----
23 апр 2026;10:34:29.150 [default-nioEventLoopGroup-1-17] TRACE i.m.h.client.netty.DefaultHttpClient - {"visitId":182055,"fromBranchId":6,"fromId":1}
23 апр 2026;10:34:29.150 [default-nioEventLoopGroup-1-17] TRACE i.m.h.client.netty.DefaultHttpClient - ----
23 апр 2026;10:34:29.841 [default-nioEventLoopGroup-1-17] DEBUG i.m.h.client.netty.DefaultHttpClient - Received response 204 from http://192.168.0.77:8080/rest/entrypoint/branches/6/queues/10/visits/
23 апр 2026;10:34:29.841 [default-nioEventLoopGroup-1-17] TRACE i.m.h.client.netty.DefaultHttpClient - HTTP Client Response Received (204 No Content) for Request: PUT http://192.168.0.77:8080/rest/entrypoint/branches/6/queues/10/visits/
23 апр 2026;10:34:29.841 [default-nioEventLoopGroup-1-17] TRACE i.m.h.client.netty.DefaultHttpClient - X-Powered-By: Undertow/1
23 апр 2026;10:34:29.841 [default-nioEventLoopGroup-1-17] TRACE i.m.h.client.netty.DefaultHttpClient - Set-Cookie: SSOcookie=711eb24b-f3b7-4901-8802-062326b674a4; Path=/; HttpOnly
23 апр 2026;10:34:29.841 [default-nioEventLoopGroup-1-17] TRACE i.m.h.client.netty.DefaultHttpClient - Set-Cookie: rememberMe=deleteMe; Path=/; Max-Age=0; Expires=Wed, 22-Apr-2026 07:34:29 GMT
23 апр 2026;10:34:29.841 [default-nioEventLoopGroup-1-17] TRACE i.m.h.client.netty.DefaultHttpClient - Server: WildFly/8
23 апр 2026;10:34:29.841 [default-nioEventLoopGroup-1-17] TRACE i.m.h.client.netty.DefaultHttpClient - X-XSS-Protection: 1
23 апр 2026;10:34:29.841 [default-nioEventLoopGroup-1-17] TRACE i.m.h.client.netty.DefaultHttpClient - X-Frame-Options: SAMEORIGIN
23 апр 2026;10:34:29.841 [default-nioEventLoopGroup-1-17] TRACE i.m.h.client.netty.DefaultHttpClient - Content-Security-Policy: default-src *; style-src * 'unsafe-inline'; script-src * 'unsafe-inline' 'unsafe-eval'; img-src * data: 'unsafe-inline'; connect-src * 'unsafe-inline'; frame-src *;
23 апр 2026;10:34:29.841 [default-nioEventLoopGroup-1-17] TRACE i.m.h.client.netty.DefaultHttpClient - Date: Thu, 23 Apr 2026 07:34:29 GMT
23 апр 2026;10:34:29.841 [default-nioEventLoopGroup-1-17] TRACE i.m.h.client.netty.DefaultHttpClient - X-Content-Type-Options: nosniff
23 апр 2026;10:34:29.841 [default-nioEventLoopGroup-1-17] TRACE i.m.h.client.netty.DefaultHttpClient - Strict-Transport-Security: max-age=31536000; includeSubDomains
23 апр 2026;10:34:29.841 [default-nioEventLoopGroup-1-17] TRACE i.m.h.client.netty.DefaultHttpClient - Response Body
23 апр 2026;10:34:29.841 [default-nioEventLoopGroup-1-17] TRACE i.m.h.client.netty.DefaultHttpClient - ----
23 апр 2026;10:34:29.841 [default-nioEventLoopGroup-1-17] TRACE i.m.h.client.netty.DefaultHttpClient - 
23 апр 2026;10:34:29.841 [default-nioEventLoopGroup-1-17] TRACE i.m.h.client.netty.DefaultHttpClient - ----
23 апр 2026;10:34:29.841 [default-nioEventLoopGroup-1-17] TRACE i.m.h.client.netty.DefaultHttpClient - Full HTTP response received an empty body
23 апр 2026;10:34:29.841 [default-nioEventLoopGroup-1-17] TRACE i.m.h.client.netty.DefaultHttpClient - Unable to convert response body to target type class [B
23 апр 2026;10:34:29.841 [SimpleAsyncTaskExecutor-1] TRACE i.m.h.client.netty.DefaultHttpClient - Unable to convert response body to target type class [B
23 апр 2026;10:34:29.844 [default-nioEventLoopGroup-1-1] DEBUG i.m.h.client.netty.DefaultHttpClient - Sending HTTP GET to http://192.168.0.77:8080/rest/entrypoint/branches/6/visits/182055/
23 апр 2026;10:34:29.844 [default-nioEventLoopGroup-1-1] TRACE i.m.h.client.netty.DefaultHttpClient - Authorization: Basic c3VwZXJhZG1pbjp1bGFu
23 апр 2026;10:34:29.844 [default-nioEventLoopGroup-1-1] TRACE i.m.h.client.netty.DefaultHttpClient - Cookie: SSOcookie=57b46714-2f27-46b7-9921-8d8de8bba70d
23 апр 2026;10:34:29.844 [default-nioEventLoopGroup-1-1] TRACE i.m.h.client.netty.DefaultHttpClient - host: 192.168.0.77:8080
23 апр 2026;10:34:29.844 [default-nioEventLoopGroup-1-1] TRACE i.m.h.client.netty.DefaultHttpClient - connection: close
23 апр 2026;10:34:29.865 [default-nioEventLoopGroup-1-1] DEBUG i.m.h.client.netty.DefaultHttpClient - Received response 200 from http://192.168.0.77:8080/rest/entrypoint/branches/6/visits/182055/
23 апр 2026;10:34:29.865 [default-nioEventLoopGroup-1-1] TRACE i.m.h.client.netty.DefaultHttpClient - HTTP Client Response Received (200 OK) for Request: GET http://192.168.0.77:8080/rest/entrypoint/branches/6/visits/182055/
23 апр 2026;10:34:29.865 [default-nioEventLoopGroup-1-1] TRACE i.m.h.client.netty.DefaultHttpClient - Cache-Control: no-store, no-cache, max-age=0, must-revalidate
23 апр 2026;10:34:29.865 [default-nioEventLoopGroup-1-1] TRACE i.m.h.client.netty.DefaultHttpClient - X-Powered-By: Undertow/1
23 апр 2026;10:34:29.865 [default-nioEventLoopGroup-1-1] TRACE i.m.h.client.netty.DefaultHttpClient - Server: WildFly/8
23 апр 2026;10:34:29.865 [default-nioEventLoopGroup-1-1] TRACE i.m.h.client.netty.DefaultHttpClient - X-XSS-Protection: 1
23 апр 2026;10:34:29.865 [default-nioEventLoopGroup-1-1] TRACE i.m.h.client.netty.DefaultHttpClient - X-Frame-Options: SAMEORIGIN
23 апр 2026;10:34:29.865 [default-nioEventLoopGroup-1-1] TRACE i.m.h.client.netty.DefaultHttpClient - Content-Security-Policy: default-src *; style-src * 'unsafe-inline'; script-src * 'unsafe-inline' 'unsafe-eval'; img-src * data: 'unsafe-inline'; connect-src * 'unsafe-inline'; frame-src *;
23 апр 2026;10:34:29.865 [default-nioEventLoopGroup-1-1] TRACE i.m.h.client.netty.DefaultHttpClient - Date: Thu, 23 Apr 2026 07:34:29 GMT
23 апр 2026;10:34:29.865 [default-nioEventLoopGroup-1-1] TRACE i.m.h.client.netty.DefaultHttpClient - Connection: close
23 апр 2026;10:34:29.865 [default-nioEventLoopGroup-1-1] TRACE i.m.h.client.netty.DefaultHttpClient - X-Content-Type-Options: nosniff
23 апр 2026;10:34:29.865 [default-nioEventLoopGroup-1-1] TRACE i.m.h.client.netty.DefaultHttpClient - Strict-Transport-Security: max-age=31536000; includeSubDomains
23 апр 2026;10:34:29.865 [default-nioEventLoopGroup-1-1] TRACE i.m.h.client.netty.DefaultHttpClient - Content-Type: application/json
23 апр 2026;10:34:29.865 [default-nioEventLoopGroup-1-1] TRACE i.m.h.client.netty.DefaultHttpClient - content-length: 1617
23 апр 2026;10:34:29.865 [default-nioEventLoopGroup-1-1] TRACE i.m.h.client.netty.DefaultHttpClient - Response Body
23 апр 2026;10:34:29.865 [default-nioEventLoopGroup-1-1] TRACE i.m.h.client.netty.DefaultHttpClient - ----
23 апр 2026;10:34:29.866 [default-nioEventLoopGroup-1-1] TRACE i.m.h.client.netty.DefaultHttpClient - {"id":182055,"checksum":"1935974579","ticketId":"A2204","unservedVisitServices":[{"id":191016,"eventTime":"10:33","serviceId":7,"serviceInternalName":"Оккулист","serviceExternalName":"Оккулист","visitDeliveredServices":[],"visitOutcome":null,"outcomeExists":false,"deliveredServiceExists":false},{"id":191017,"eventTime":"10:33","serviceId":6,"serviceInternalName":"Стоматолог","serviceExternalName":"Стоматолог","visitDeliveredServices":[],"visitOutcome":null,"outcomeExists":false,"deliveredServiceExists":false},{"id":191018,"eventTime":"10:33","serviceId":5,"serviceInternalName":"Терапевт","serviceExternalName":"Терапевт","visitDeliveredServices":[],"visitOutcome":null,"outcomeExists":false,"deliveredServiceExists":false},{"id":191019,"eventTime":"10:33","serviceId":4,"serviceInternalName":"Хирург","serviceExternalName":"Хирург","visitDeliveredServices":[],"visitOutcome":null,"outcomeExists":false,"deliveredServiceExists":false}],"currentVisitService":{"id":191015,"eventTime":"10:33","serviceId":4,"serviceInternalName":"Хирург","serviceExternalName":"Хирург","visitDeliveredServices":[],"visitOutcome":null,"outcomeExists":false,"deliveredServiceExists":false},"servedVisitServices":[],"visitMarks":[],"customerIds":[],"waitingTime":45,"totalWaitingTime":0,"timeSinceCalled":0,"recycleAllowed":false,"noshowAllowed":false,"recallAllowed":false,"parameterMap":{"currentQueueOrigId":10,"branchName":"Chat_Bot_Demo","startQueueOrigId":98,"totWaitTime":0},"appointmentId":null,"appointmentTime":null,"branchCurrentTime":"10:34:29"}
23 апр 2026;10:34:29.866 [default-nioEventLoopGroup-1-1] TRACE i.m.h.client.netty.DefaultHttpClient - ----
23 апр 2026;10:34:29.870 [default-nioEventLoopGroup-1-2] DEBUG i.m.h.client.netty.DefaultHttpClient - Sending HTTP GET to http://192.168.0.77:8080/rest/entrypoint/branches/6/visits/182056/
23 апр 2026;10:34:29.870 [default-nioEventLoopGroup-1-2] TRACE i.m.h.client.netty.DefaultHttpClient - Authorization: Basic c3VwZXJhZG1pbjp1bGFu
23 апр 2026;10:34:29.870 [default-nioEventLoopGroup-1-2] TRACE i.m.h.client.netty.DefaultHttpClient - Cookie: SSOcookie=57b46714-2f27-46b7-9921-8d8de8bba70d
23 апр 2026;10:34:29.870 [default-nioEventLoopGroup-1-2] TRACE i.m.h.client.netty.DefaultHttpClient - host: 192.168.0.77:8080
23 апр 2026;10:34:29.870 [default-nioEventLoopGroup-1-2] TRACE i.m.h.client.netty.DefaultHttpClient - connection: close
23 апр 2026;10:34:29.887 [default-nioEventLoopGroup-1-2] DEBUG i.m.h.client.netty.DefaultHttpClient - Received response 200 from http://192.168.0.77:8080/rest/entrypoint/branches/6/visits/182056/
23 апр 2026;10:34:29.887 [default-nioEventLoopGroup-1-2] TRACE i.m.h.client.netty.DefaultHttpClient - HTTP Client Response Received (200 OK) for Request: GET http://192.168.0.77:8080/rest/entrypoint/branches/6/visits/182056/
23 апр 2026;10:34:29.887 [default-nioEventLoopGroup-1-2] TRACE i.m.h.client.netty.DefaultHttpClient - Cache-Control: no-store, no-cache, max-age=0, must-revalidate
23 апр 2026;10:34:29.887 [default-nioEventLoopGroup-1-2] TRACE i.m.h.client.netty.DefaultHttpClient - X-Powered-By: Undertow/1
23 апр 2026;10:34:29.887 [default-nioEventLoopGroup-1-2] TRACE i.m.h.client.netty.DefaultHttpClient - Server: WildFly/8
23 апр 2026;10:34:29.887 [default-nioEventLoopGroup-1-2] TRACE i.m.h.client.netty.DefaultHttpClient - X-XSS-Protection: 1
23 апр 2026;10:34:29.887 [default-nioEventLoopGroup-1-2] TRACE i.m.h.client.netty.DefaultHttpClient - X-Frame-Options: SAMEORIGIN
23 апр 2026;10:34:29.887 [default-nioEventLoopGroup-1-2] TRACE i.m.h.client.netty.DefaultHttpClient - Content-Security-Policy: default-src *; style-src * 'unsafe-inline'; script-src * 'unsafe-inline' 'unsafe-eval'; img-src * data: 'unsafe-inline'; connect-src * 'unsafe-inline'; frame-src *;
23 апр 2026;10:34:29.887 [default-nioEventLoopGroup-1-2] TRACE i.m.h.client.netty.DefaultHttpClient - Date: Thu, 23 Apr 2026 07:34:29 GMT
23 апр 2026;10:34:29.887 [default-nioEventLoopGroup-1-2] TRACE i.m.h.client.netty.DefaultHttpClient - Connection: close
23 апр 2026;10:34:29.887 [default-nioEventLoopGroup-1-2] TRACE i.m.h.client.netty.DefaultHttpClient - X-Content-Type-Options: nosniff
23 апр 2026;10:34:29.887 [default-nioEventLoopGroup-1-2] TRACE i.m.h.client.netty.DefaultHttpClient - Strict-Transport-Security: max-age=31536000; includeSubDomains
23 апр 2026;10:34:29.887 [default-nioEventLoopGroup-1-2] TRACE i.m.h.client.netty.DefaultHttpClient - Content-Type: application/json
23 апр 2026;10:34:29.887 [default-nioEventLoopGroup-1-2] TRACE i.m.h.client.netty.DefaultHttpClient - content-length: 1653
23 апр 2026;10:34:29.887 [default-nioEventLoopGroup-1-2] TRACE i.m.h.client.netty.DefaultHttpClient - Response Body
23 апр 2026;10:34:29.887 [default-nioEventLoopGroup-1-2] TRACE i.m.h.client.netty.DefaultHttpClient - ----
23 апр 2026;10:34:29.887 [default-nioEventLoopGroup-1-2] TRACE i.m.h.client.netty.DefaultHttpClient - {"id":182056,"checksum":"828018825","ticketId":"A2205","unservedVisitServices":[{"id":191021,"eventTime":"10:33","serviceId":7,"serviceInternalName":"Оккулист","serviceExternalName":"Оккулист","visitDeliveredServices":[],"visitOutcome":null,"outcomeExists":false,"deliveredServiceExists":false},{"id":191022,"eventTime":"10:33","serviceId":6,"serviceInternalName":"Стоматолог","serviceExternalName":"Стоматолог","visitDeliveredServices":[],"visitOutcome":null,"outcomeExists":false,"deliveredServiceExists":false},{"id":191023,"eventTime":"10:33","serviceId":5,"serviceInternalName":"Терапевт","serviceExternalName":"Терапевт","visitDeliveredServices":[],"visitOutcome":null,"outcomeExists":false,"deliveredServiceExists":false},{"id":191024,"eventTime":"10:33","serviceId":4,"serviceInternalName":"Хирург","serviceExternalName":"Хирург","visitDeliveredServices":[],"visitOutcome":null,"outcomeExists":false,"deliveredServiceExists":false}],"currentVisitService":{"id":191020,"eventTime":"10:33","serviceId":72,"serviceInternalName":"Врач не назначен","serviceExternalName":"Врач не назначен","visitDeliveredServices":[],"visitOutcome":null,"outcomeExists":false,"deliveredServiceExists":false},"servedVisitServices":[],"visitMarks":[],"customerIds":[],"waitingTime":44,"totalWaitingTime":0,"timeSinceCalled":0,"recycleAllowed":false,"noshowAllowed":false,"recallAllowed":false,"parameterMap":{"currentQueueOrigId":98,"startQueueOrigId":98,"branchName":"Chat_Bot_Demo","totWaitTime":0},"appointmentId":null,"appointmentTime":null,"branchCurrentTime":"10:34:29"}
23 апр 2026;10:34:29.887 [default-nioEventLoopGroup-1-2] TRACE i.m.h.client.netty.DefaultHttpClient - ----
23 апр 2026;10:34:29.891 [default-nioEventLoopGroup-1-3] DEBUG i.m.h.client.netty.DefaultHttpClient - Sending HTTP GET to http://192.168.0.77:8080/rest/entrypoint/branches/6/visits/182056/
23 апр 2026;10:34:29.891 [default-nioEventLoopGroup-1-3] TRACE i.m.h.client.netty.DefaultHttpClient - Authorization: Basic c3VwZXJhZG1pbjp1bGFu
23 апр 2026;10:34:29.891 [default-nioEventLoopGroup-1-3] TRACE i.m.h.client.netty.DefaultHttpClient - Cookie: SSOcookie=57b46714-2f27-46b7-9921-8d8de8bba70d
23 апр 2026;10:34:29.891 [default-nioEventLoopGroup-1-3] TRACE i.m.h.client.netty.DefaultHttpClient - host: 192.168.0.77:8080
23 апр 2026;10:34:29.891 [default-nioEventLoopGroup-1-3] TRACE i.m.h.client.netty.DefaultHttpClient - connection: close
23 апр 2026;10:34:29.907 [default-nioEventLoopGroup-1-3] DEBUG i.m.h.client.netty.DefaultHttpClient - Received response 200 from http://192.168.0.77:8080/rest/entrypoint/branches/6/visits/182056/
23 апр 2026;10:34:29.907 [default-nioEventLoopGroup-1-3] TRACE i.m.h.client.netty.DefaultHttpClient - HTTP Client Response Received (200 OK) for Request: GET http://192.168.0.77:8080/rest/entrypoint/branches/6/visits/182056/
23 апр 2026;10:34:29.907 [default-nioEventLoopGroup-1-3] TRACE i.m.h.client.netty.DefaultHttpClient - Cache-Control: no-store, no-cache, max-age=0, must-revalidate
23 апр 2026;10:34:29.907 [default-nioEventLoopGroup-1-3] TRACE i.m.h.client.netty.DefaultHttpClient - X-Powered-By: Undertow/1
23 апр 2026;10:34:29.907 [default-nioEventLoopGroup-1-3] TRACE i.m.h.client.netty.DefaultHttpClient - Server: WildFly/8
23 апр 2026;10:34:29.907 [default-nioEventLoopGroup-1-3] TRACE i.m.h.client.netty.DefaultHttpClient - X-XSS-Protection: 1
23 апр 2026;10:34:29.907 [default-nioEventLoopGroup-1-3] TRACE i.m.h.client.netty.DefaultHttpClient - X-Frame-Options: SAMEORIGIN
23 апр 2026;10:34:29.907 [default-nioEventLoopGroup-1-3] TRACE i.m.h.client.netty.DefaultHttpClient - Content-Security-Policy: default-src *; style-src * 'unsafe-inline'; script-src * 'unsafe-inline' 'unsafe-eval'; img-src * data: 'unsafe-inline'; connect-src * 'unsafe-inline'; frame-src *;
23 апр 2026;10:34:29.907 [default-nioEventLoopGroup-1-3] TRACE i.m.h.client.netty.DefaultHttpClient - Date: Thu, 23 Apr 2026 07:34:29 GMT
23 апр 2026;10:34:29.907 [default-nioEventLoopGroup-1-3] TRACE i.m.h.client.netty.DefaultHttpClient - Connection: close
23 апр 2026;10:34:29.907 [default-nioEventLoopGroup-1-3] TRACE i.m.h.client.netty.DefaultHttpClient - X-Content-Type-Options: nosniff
23 апр 2026;10:34:29.907 [default-nioEventLoopGroup-1-3] TRACE i.m.h.client.netty.DefaultHttpClient - Strict-Transport-Security: max-age=31536000; includeSubDomains
23 апр 2026;10:34:29.907 [default-nioEventLoopGroup-1-3] TRACE i.m.h.client.netty.DefaultHttpClient - Content-Type: application/json
23 апр 2026;10:34:29.907 [default-nioEventLoopGroup-1-3] TRACE i.m.h.client.netty.DefaultHttpClient - content-length: 1653
23 апр 2026;10:34:29.907 [default-nioEventLoopGroup-1-3] TRACE i.m.h.client.netty.DefaultHttpClient - Response Body
23 апр 2026;10:34:29.907 [default-nioEventLoopGroup-1-3] TRACE i.m.h.client.netty.DefaultHttpClient - ----
23 апр 2026;10:34:29.907 [default-nioEventLoopGroup-1-3] TRACE i.m.h.client.netty.DefaultHttpClient - {"id":182056,"checksum":"828018825","ticketId":"A2205","unservedVisitServices":[{"id":191021,"eventTime":"10:33","serviceId":7,"serviceInternalName":"Оккулист","serviceExternalName":"Оккулист","visitDeliveredServices":[],"visitOutcome":null,"outcomeExists":false,"deliveredServiceExists":false},{"id":191022,"eventTime":"10:33","serviceId":6,"serviceInternalName":"Стоматолог","serviceExternalName":"Стоматолог","visitDeliveredServices":[],"visitOutcome":null,"outcomeExists":false,"deliveredServiceExists":false},{"id":191023,"eventTime":"10:33","serviceId":5,"serviceInternalName":"Терапевт","serviceExternalName":"Терапевт","visitDeliveredServices":[],"visitOutcome":null,"outcomeExists":false,"deliveredServiceExists":false},{"id":191024,"eventTime":"10:33","serviceId":4,"serviceInternalName":"Хирург","serviceExternalName":"Хирург","visitDeliveredServices":[],"visitOutcome":null,"outcomeExists":false,"deliveredServiceExists":false}],"currentVisitService":{"id":191020,"eventTime":"10:33","serviceId":72,"serviceInternalName":"Врач не назначен","serviceExternalName":"Врач не назначен","visitDeliveredServices":[],"visitOutcome":null,"outcomeExists":false,"deliveredServiceExists":false},"servedVisitServices":[],"visitMarks":[],"customerIds":[],"waitingTime":44,"totalWaitingTime":0,"timeSinceCalled":0,"recycleAllowed":false,"noshowAllowed":false,"recallAllowed":false,"parameterMap":{"currentQueueOrigId":98,"startQueueOrigId":98,"branchName":"Chat_Bot_Demo","totWaitTime":0},"appointmentId":null,"appointmentTime":null,"branchCurrentTime":"10:34:29"}
23 апр 2026;10:34:29.908 [default-nioEventLoopGroup-1-3] TRACE i.m.h.client.netty.DefaultHttpClient - ----
23 апр 2026;10:34:29.912 [default-nioEventLoopGroup-1-4] DEBUG i.m.h.client.netty.DefaultHttpClient - Sending HTTP PUT to http://192.168.0.77:8080/rest/entrypoint/branches/6/visits/182056/services/4/
23 апр 2026;10:34:29.912 [default-nioEventLoopGroup-1-4] TRACE i.m.h.client.netty.DefaultHttpClient - Authorization: Basic c3VwZXJhZG1pbjp1bGFu
23 апр 2026;10:34:29.912 [default-nioEventLoopGroup-1-4] TRACE i.m.h.client.netty.DefaultHttpClient - Content-Type: application/json
23 апр 2026;10:34:29.912 [default-nioEventLoopGroup-1-4] TRACE i.m.h.client.netty.DefaultHttpClient - Accept: application/json
23 апр 2026;10:34:29.912 [default-nioEventLoopGroup-1-4] TRACE i.m.h.client.netty.DefaultHttpClient - host: 192.168.0.77:8080
23 апр 2026;10:34:29.912 [default-nioEventLoopGroup-1-4] TRACE i.m.h.client.netty.DefaultHttpClient - connection: close
23 апр 2026;10:34:29.912 [default-nioEventLoopGroup-1-4] TRACE i.m.h.client.netty.DefaultHttpClient - content-length: 0
23 апр 2026;10:34:29.912 [default-nioEventLoopGroup-1-4] TRACE i.m.h.client.netty.DefaultHttpClient - Request Body
23 апр 2026;10:34:29.912 [default-nioEventLoopGroup-1-4] TRACE i.m.h.client.netty.DefaultHttpClient - ----
23 апр 2026;10:34:29.912 [default-nioEventLoopGroup-1-4] TRACE i.m.h.client.netty.DefaultHttpClient - 
23 апр 2026;10:34:29.912 [default-nioEventLoopGroup-1-4] TRACE i.m.h.client.netty.DefaultHttpClient - ----
23 апр 2026;10:34:30.445 [default-nioEventLoopGroup-1-4] DEBUG i.m.h.client.netty.DefaultHttpClient - Received response 200 from http://192.168.0.77:8080/rest/entrypoint/branches/6/visits/182056/services/4/
23 апр 2026;10:34:30.445 [default-nioEventLoopGroup-1-4] TRACE i.m.h.client.netty.DefaultHttpClient - HTTP Client Response Received (200 OK) for Request: PUT http://192.168.0.77:8080/rest/entrypoint/branches/6/visits/182056/services/4/
23 апр 2026;10:34:30.445 [default-nioEventLoopGroup-1-4] TRACE i.m.h.client.netty.DefaultHttpClient - X-Powered-By: Undertow/1
23 апр 2026;10:34:30.445 [default-nioEventLoopGroup-1-4] TRACE i.m.h.client.netty.DefaultHttpClient - Set-Cookie: SSOcookie=72cb41c7-c92c-4c48-a7da-58e60a308301; Path=/; HttpOnly
23 апр 2026;10:34:30.445 [default-nioEventLoopGroup-1-4] TRACE i.m.h.client.netty.DefaultHttpClient - Set-Cookie: rememberMe=deleteMe; Path=/; Max-Age=0; Expires=Wed, 22-Apr-2026 07:34:30 GMT
23 апр 2026;10:34:30.445 [default-nioEventLoopGroup-1-4] TRACE i.m.h.client.netty.DefaultHttpClient - Server: WildFly/8
23 апр 2026;10:34:30.445 [default-nioEventLoopGroup-1-4] TRACE i.m.h.client.netty.DefaultHttpClient - X-XSS-Protection: 1
23 апр 2026;10:34:30.445 [default-nioEventLoopGroup-1-4] TRACE i.m.h.client.netty.DefaultHttpClient - X-Frame-Options: SAMEORIGIN
23 апр 2026;10:34:30.445 [default-nioEventLoopGroup-1-4] TRACE i.m.h.client.netty.DefaultHttpClient - Content-Security-Policy: default-src *; style-src * 'unsafe-inline'; script-src * 'unsafe-inline' 'unsafe-eval'; img-src * data: 'unsafe-inline'; connect-src * 'unsafe-inline'; frame-src *;
23 апр 2026;10:34:30.445 [default-nioEventLoopGroup-1-4] TRACE i.m.h.client.netty.DefaultHttpClient - Date: Thu, 23 Apr 2026 07:34:30 GMT
23 апр 2026;10:34:30.445 [default-nioEventLoopGroup-1-4] TRACE i.m.h.client.netty.DefaultHttpClient - Connection: close
23 апр 2026;10:34:30.445 [default-nioEventLoopGroup-1-4] TRACE i.m.h.client.netty.DefaultHttpClient - X-Content-Type-Options: nosniff
23 апр 2026;10:34:30.445 [default-nioEventLoopGroup-1-4] TRACE i.m.h.client.netty.DefaultHttpClient - Strict-Transport-Security: max-age=31536000; includeSubDomains
23 апр 2026;10:34:30.445 [default-nioEventLoopGroup-1-4] TRACE i.m.h.client.netty.DefaultHttpClient - Content-Type: application/json
23 апр 2026;10:34:30.445 [default-nioEventLoopGroup-1-4] TRACE i.m.h.client.netty.DefaultHttpClient - content-length: 1870
23 апр 2026;10:34:30.445 [default-nioEventLoopGroup-1-4] TRACE i.m.h.client.netty.DefaultHttpClient - Response Body
23 апр 2026;10:34:30.445 [default-nioEventLoopGroup-1-4] TRACE i.m.h.client.netty.DefaultHttpClient - ----
23 апр 2026;10:34:30.445 [default-nioEventLoopGroup-1-4] TRACE i.m.h.client.netty.DefaultHttpClient - {"branchId":6,"userState":"INACTIVE","visitState":"OK","servicePointId":1,"servicePointName":"Кабинет 13","servicePointState":"OPEN","visit":{"id":182056,"checksum":"828018825","ticketId":"A2205","unservedVisitServices":[{"id":191021,"eventTime":"10:33","serviceId":7,"serviceInternalName":"Оккулист","serviceExternalName":"Оккулист","visitDeliveredServices":[],"visitOutcome":null,"outcomeExists":false,"deliveredServiceExists":false},{"id":191022,"eventTime":"10:33","serviceId":6,"serviceInternalName":"Стоматолог","serviceExternalName":"Стоматолог","visitDeliveredServices":[],"visitOutcome":null,"outcomeExists":false,"deliveredServiceExists":false},{"id":191023,"eventTime":"10:33","serviceId":5,"serviceInternalName":"Терапевт","serviceExternalName":"Терапевт","visitDeliveredServices":[],"visitOutcome":null,"outcomeExists":false,"deliveredServiceExists":false},{"id":191024,"eventTime":"10:33","serviceId":4,"serviceInternalName":"Хирург","serviceExternalName":"Хирург","visitDeliveredServices":[],"visitOutcome":null,"outcomeExists":false,"deliveredServiceExists":false}],"currentVisitService":{"id":191020,"eventTime":"10:33","serviceId":4,"serviceInternalName":"Хирург","serviceExternalName":"Хирург","visitDeliveredServices":[],"visitOutcome":null,"outcomeExists":false,"deliveredServiceExists":false},"servedVisitServices":[],"visitMarks":[],"customerIds":[],"waitingTime":44,"totalWaitingTime":0,"timeSinceCalled":0,"recycleAllowed":false,"noshowAllowed":false,"recallAllowed":false,"parameterMap":{"startQueueOrigId":98,"branchName":"Chat_Bot_Demo","totWaitTime":0},"appointmentId":null,"appointmentTime":null,"branchCurrentTime":"10:34:30"},"workProfileId":7,"workProfileName":"Универсал","servicePointDeviceTypes":["POSITIONAL","SW_SERVICE_POINT","Spotlight"]}
23 апр 2026;10:34:30.446 [default-nioEventLoopGroup-1-4] TRACE i.m.h.client.netty.DefaultHttpClient - ----
23 апр 2026;10:34:30.450 [default-nioEventLoopGroup-1-5] DEBUG i.m.h.client.netty.DefaultHttpClient - Sending HTTP PUT to http://192.168.0.77:8080/rest/entrypoint/branches/6/queues/10/visits/
23 апр 2026;10:34:30.450 [default-nioEventLoopGroup-1-5] TRACE i.m.h.client.netty.DefaultHttpClient - Authorization: Basic c3VwZXJhZG1pbjp1bGFu
23 апр 2026;10:34:30.450 [default-nioEventLoopGroup-1-5] TRACE i.m.h.client.netty.DefaultHttpClient - Content-Type: application/json
23 апр 2026;10:34:30.450 [default-nioEventLoopGroup-1-5] TRACE i.m.h.client.netty.DefaultHttpClient - Accept: application/json
23 апр 2026;10:34:30.450 [default-nioEventLoopGroup-1-5] TRACE i.m.h.client.netty.DefaultHttpClient - host: 192.168.0.77:8080
23 апр 2026;10:34:30.450 [default-nioEventLoopGroup-1-5] TRACE i.m.h.client.netty.DefaultHttpClient - connection: close
23 апр 2026;10:34:30.450 [default-nioEventLoopGroup-1-5] TRACE i.m.h.client.netty.DefaultHttpClient - content-length: 46
23 апр 2026;10:34:30.450 [default-nioEventLoopGroup-1-5] TRACE i.m.h.client.netty.DefaultHttpClient - Request Body
23 апр 2026;10:34:30.450 [default-nioEventLoopGroup-1-5] TRACE i.m.h.client.netty.DefaultHttpClient - ----
23 апр 2026;10:34:30.451 [default-nioEventLoopGroup-1-5] TRACE i.m.h.client.netty.DefaultHttpClient - {"visitId":182056,"fromBranchId":6,"fromId":1}
23 апр 2026;10:34:30.451 [default-nioEventLoopGroup-1-5] TRACE i.m.h.client.netty.DefaultHttpClient - ----
23 апр 2026;10:34:31.209 [default-nioEventLoopGroup-1-5] DEBUG i.m.h.client.netty.DefaultHttpClient - Received response 204 from http://192.168.0.77:8080/rest/entrypoint/branches/6/queues/10/visits/
23 апр 2026;10:34:31.209 [default-nioEventLoopGroup-1-5] TRACE i.m.h.client.netty.DefaultHttpClient - HTTP Client Response Received (204 No Content) for Request: PUT http://192.168.0.77:8080/rest/entrypoint/branches/6/queues/10/visits/
23 апр 2026;10:34:31.209 [default-nioEventLoopGroup-1-5] TRACE i.m.h.client.netty.DefaultHttpClient - X-Powered-By: Undertow/1
23 апр 2026;10:34:31.209 [default-nioEventLoopGroup-1-5] TRACE i.m.h.client.netty.DefaultHttpClient - Set-Cookie: SSOcookie=0605389e-bb19-4570-8d22-04f6ff4b2185; Path=/; HttpOnly
23 апр 2026;10:34:31.209 [default-nioEventLoopGroup-1-5] TRACE i.m.h.client.netty.DefaultHttpClient - Set-Cookie: rememberMe=deleteMe; Path=/; Max-Age=0; Expires=Wed, 22-Apr-2026 07:34:30 GMT
23 апр 2026;10:34:31.209 [default-nioEventLoopGroup-1-5] TRACE i.m.h.client.netty.DefaultHttpClient - Server: WildFly/8
23 апр 2026;10:34:31.209 [default-nioEventLoopGroup-1-5] TRACE i.m.h.client.netty.DefaultHttpClient - X-XSS-Protection: 1
23 апр 2026;10:34:31.209 [default-nioEventLoopGroup-1-5] TRACE i.m.h.client.netty.DefaultHttpClient - X-Frame-Options: SAMEORIGIN
23 апр 2026;10:34:31.209 [default-nioEventLoopGroup-1-5] TRACE i.m.h.client.netty.DefaultHttpClient - Content-Security-Policy: default-src *; style-src * 'unsafe-inline'; script-src * 'unsafe-inline' 'unsafe-eval'; img-src * data: 'unsafe-inline'; connect-src * 'unsafe-inline'; frame-src *;
23 апр 2026;10:34:31.209 [default-nioEventLoopGroup-1-5] TRACE i.m.h.client.netty.DefaultHttpClient - Date: Thu, 23 Apr 2026 07:34:31 GMT
23 апр 2026;10:34:31.209 [default-nioEventLoopGroup-1-5] TRACE i.m.h.client.netty.DefaultHttpClient - X-Content-Type-Options: nosniff
23 апр 2026;10:34:31.209 [default-nioEventLoopGroup-1-5] TRACE i.m.h.client.netty.DefaultHttpClient - Strict-Transport-Security: max-age=31536000; includeSubDomains
23 апр 2026;10:34:31.209 [default-nioEventLoopGroup-1-5] TRACE i.m.h.client.netty.DefaultHttpClient - Response Body
23 апр 2026;10:34:31.209 [default-nioEventLoopGroup-1-5] TRACE i.m.h.client.netty.DefaultHttpClient - ----
23 апр 2026;10:34:31.209 [default-nioEventLoopGroup-1-5] TRACE i.m.h.client.netty.DefaultHttpClient - 
23 апр 2026;10:34:31.209 [default-nioEventLoopGroup-1-5] TRACE i.m.h.client.netty.DefaultHttpClient - ----
23 апр 2026;10:34:31.209 [default-nioEventLoopGroup-1-5] TRACE i.m.h.client.netty.DefaultHttpClient - Full HTTP response received an empty body
23 апр 2026;10:34:31.209 [default-nioEventLoopGroup-1-5] TRACE i.m.h.client.netty.DefaultHttpClient - Unable to convert response body to target type class [B
23 апр 2026;10:34:31.210 [SimpleAsyncTaskExecutor-1] TRACE i.m.h.client.netty.DefaultHttpClient - Unable to convert response body to target type class [B
23 апр 2026;10:34:31.213 [default-nioEventLoopGroup-1-6] DEBUG i.m.h.client.netty.DefaultHttpClient - Sending HTTP GET to http://192.168.0.77:8080/rest/entrypoint/branches/6/visits/182056/
23 апр 2026;10:34:31.213 [default-nioEventLoopGroup-1-6] TRACE i.m.h.client.netty.DefaultHttpClient - Authorization: Basic c3VwZXJhZG1pbjp1bGFu
23 апр 2026;10:34:31.213 [default-nioEventLoopGroup-1-6] TRACE i.m.h.client.netty.DefaultHttpClient - Cookie: SSOcookie=57b46714-2f27-46b7-9921-8d8de8bba70d
23 апр 2026;10:34:31.213 [default-nioEventLoopGroup-1-6] TRACE i.m.h.client.netty.DefaultHttpClient - host: 192.168.0.77:8080
23 апр 2026;10:34:31.213 [default-nioEventLoopGroup-1-6] TRACE i.m.h.client.netty.DefaultHttpClient - connection: close
23 апр 2026;10:34:31.258 [default-nioEventLoopGroup-1-6] DEBUG i.m.h.client.netty.DefaultHttpClient - Received response 200 from http://192.168.0.77:8080/rest/entrypoint/branches/6/visits/182056/
23 апр 2026;10:34:31.258 [default-nioEventLoopGroup-1-6] TRACE i.m.h.client.netty.DefaultHttpClient - HTTP Client Response Received (200 OK) for Request: GET http://192.168.0.77:8080/rest/entrypoint/branches/6/visits/182056/
23 апр 2026;10:34:31.258 [default-nioEventLoopGroup-1-6] TRACE i.m.h.client.netty.DefaultHttpClient - Cache-Control: no-store, no-cache, max-age=0, must-revalidate
23 апр 2026;10:34:31.258 [default-nioEventLoopGroup-1-6] TRACE i.m.h.client.netty.DefaultHttpClient - X-Powered-By: Undertow/1
23 апр 2026;10:34:31.258 [default-nioEventLoopGroup-1-6] TRACE i.m.h.client.netty.DefaultHttpClient - Server: WildFly/8
23 апр 2026;10:34:31.258 [default-nioEventLoopGroup-1-6] TRACE i.m.h.client.netty.DefaultHttpClient - X-XSS-Protection: 1
23 апр 2026;10:34:31.258 [default-nioEventLoopGroup-1-6] TRACE i.m.h.client.netty.DefaultHttpClient - X-Frame-Options: SAMEORIGIN
23 апр 2026;10:34:31.258 [default-nioEventLoopGroup-1-6] TRACE i.m.h.client.netty.DefaultHttpClient - Content-Security-Policy: default-src *; style-src * 'unsafe-inline'; script-src * 'unsafe-inline' 'unsafe-eval'; img-src * data: 'unsafe-inline'; connect-src * 'unsafe-inline'; frame-src *;
23 апр 2026;10:34:31.258 [default-nioEventLoopGroup-1-6] TRACE i.m.h.client.netty.DefaultHttpClient - Date: Thu, 23 Apr 2026 07:34:31 GMT
23 апр 2026;10:34:31.258 [default-nioEventLoopGroup-1-6] TRACE i.m.h.client.netty.DefaultHttpClient - Connection: close
23 апр 2026;10:34:31.258 [default-nioEventLoopGroup-1-6] TRACE i.m.h.client.netty.DefaultHttpClient - X-Content-Type-Options: nosniff
23 апр 2026;10:34:31.258 [default-nioEventLoopGroup-1-6] TRACE i.m.h.client.netty.DefaultHttpClient - Strict-Transport-Security: max-age=31536000; includeSubDomains
23 апр 2026;10:34:31.258 [default-nioEventLoopGroup-1-6] TRACE i.m.h.client.netty.DefaultHttpClient - Content-Type: application/json
23 апр 2026;10:34:31.258 [default-nioEventLoopGroup-1-6] TRACE i.m.h.client.netty.DefaultHttpClient - content-length: 1616
23 апр 2026;10:34:31.258 [default-nioEventLoopGroup-1-6] TRACE i.m.h.client.netty.DefaultHttpClient - Response Body
23 апр 2026;10:34:31.258 [default-nioEventLoopGroup-1-6] TRACE i.m.h.client.netty.DefaultHttpClient - ----
23 апр 2026;10:34:31.258 [default-nioEventLoopGroup-1-6] TRACE i.m.h.client.netty.DefaultHttpClient - {"id":182056,"checksum":"828018825","ticketId":"A2205","unservedVisitServices":[{"id":191021,"eventTime":"10:33","serviceId":7,"serviceInternalName":"Оккулист","serviceExternalName":"Оккулист","visitDeliveredServices":[],"visitOutcome":null,"outcomeExists":false,"deliveredServiceExists":false},{"id":191022,"eventTime":"10:33","serviceId":6,"serviceInternalName":"Стоматолог","serviceExternalName":"Стоматолог","visitDeliveredServices":[],"visitOutcome":null,"outcomeExists":false,"deliveredServiceExists":false},{"id":191023,"eventTime":"10:33","serviceId":5,"serviceInternalName":"Терапевт","serviceExternalName":"Терапевт","visitDeliveredServices":[],"visitOutcome":null,"outcomeExists":false,"deliveredServiceExists":false},{"id":191024,"eventTime":"10:33","serviceId":4,"serviceInternalName":"Хирург","serviceExternalName":"Хирург","visitDeliveredServices":[],"visitOutcome":null,"outcomeExists":false,"deliveredServiceExists":false}],"currentVisitService":{"id":191020,"eventTime":"10:33","serviceId":4,"serviceInternalName":"Хирург","serviceExternalName":"Хирург","visitDeliveredServices":[],"visitOutcome":null,"outcomeExists":false,"deliveredServiceExists":false},"servedVisitServices":[],"visitMarks":[],"customerIds":[],"waitingTime":46,"totalWaitingTime":0,"timeSinceCalled":0,"recycleAllowed":false,"noshowAllowed":false,"recallAllowed":false,"parameterMap":{"currentQueueOrigId":10,"branchName":"Chat_Bot_Demo","startQueueOrigId":98,"totWaitTime":0},"appointmentId":null,"appointmentTime":null,"branchCurrentTime":"10:34:31"}
23 апр 2026;10:34:31.258 [default-nioEventLoopGroup-1-6] TRACE i.m.h.client.netty.DefaultHttpClient - ----
23 апр 2026;10:34:31.263 [default-nioEventLoopGroup-1-7] DEBUG i.m.h.client.netty.DefaultHttpClient - Sending HTTP GET to http://192.168.0.77:8080/rest/entrypoint/branches/6/visits/182057/
23 апр 2026;10:34:31.263 [default-nioEventLoopGroup-1-7] TRACE i.m.h.client.netty.DefaultHttpClient - Authorization: Basic c3VwZXJhZG1pbjp1bGFu
23 апр 2026;10:34:31.263 [default-nioEventLoopGroup-1-7] TRACE i.m.h.client.netty.DefaultHttpClient - Cookie: SSOcookie=57b46714-2f27-46b7-9921-8d8de8bba70d
23 апр 2026;10:34:31.263 [default-nioEventLoopGroup-1-7] TRACE i.m.h.client.netty.DefaultHttpClient - host: 192.168.0.77:8080
23 апр 2026;10:34:31.263 [default-nioEventLoopGroup-1-7] TRACE i.m.h.client.netty.DefaultHttpClient - connection: close
23 апр 2026;10:34:33.973 [default-nioEventLoopGroup-1-7] DEBUG i.m.h.client.netty.DefaultHttpClient - Received response 200 from http://192.168.0.77:8080/rest/entrypoint/branches/6/visits/182057/
23 апр 2026;10:34:33.973 [default-nioEventLoopGroup-1-7] TRACE i.m.h.client.netty.DefaultHttpClient - HTTP Client Response Received (200 OK) for Request: GET http://192.168.0.77:8080/rest/entrypoint/branches/6/visits/182057/
23 апр 2026;10:34:33.973 [default-nioEventLoopGroup-1-7] TRACE i.m.h.client.netty.DefaultHttpClient - Cache-Control: no-store, no-cache, max-age=0, must-revalidate
23 апр 2026;10:34:33.973 [default-nioEventLoopGroup-1-7] TRACE i.m.h.client.netty.DefaultHttpClient - X-Powered-By: Undertow/1
23 апр 2026;10:34:33.973 [default-nioEventLoopGroup-1-7] TRACE i.m.h.client.netty.DefaultHttpClient - Server: WildFly/8
23 апр 2026;10:34:33.973 [default-nioEventLoopGroup-1-7] TRACE i.m.h.client.netty.DefaultHttpClient - X-XSS-Protection: 1
23 апр 2026;10:34:33.973 [default-nioEventLoopGroup-1-7] TRACE i.m.h.client.netty.DefaultHttpClient - X-Frame-Options: SAMEORIGIN
23 апр 2026;10:34:33.973 [default-nioEventLoopGroup-1-7] TRACE i.m.h.client.netty.DefaultHttpClient - Content-Security-Policy: default-src *; style-src * 'unsafe-inline'; script-src * 'unsafe-inline' 'unsafe-eval'; img-src * data: 'unsafe-inline'; connect-src * 'unsafe-inline'; frame-src *;
23 апр 2026;10:34:33.973 [default-nioEventLoopGroup-1-7] TRACE i.m.h.client.netty.DefaultHttpClient - Date: Thu, 23 Apr 2026 07:34:33 GMT
23 апр 2026;10:34:33.974 [default-nioEventLoopGroup-1-7] TRACE i.m.h.client.netty.DefaultHttpClient - Connection: close
23 апр 2026;10:34:33.974 [default-nioEventLoopGroup-1-7] TRACE i.m.h.client.netty.DefaultHttpClient - X-Content-Type-Options: nosniff
23 апр 2026;10:34:33.974 [default-nioEventLoopGroup-1-7] TRACE i.m.h.client.netty.DefaultHttpClient - Strict-Transport-Security: max-age=31536000; includeSubDomains
23 апр 2026;10:34:33.974 [default-nioEventLoopGroup-1-7] TRACE i.m.h.client.netty.DefaultHttpClient - Content-Type: application/json
23 апр 2026;10:34:33.974 [default-nioEventLoopGroup-1-7] TRACE i.m.h.client.netty.DefaultHttpClient - content-length: 1654
23 апр 2026;10:34:33.974 [default-nioEventLoopGroup-1-7] TRACE i.m.h.client.netty.DefaultHttpClient - Response Body
23 апр 2026;10:34:33.974 [default-nioEventLoopGroup-1-7] TRACE i.m.h.client.netty.DefaultHttpClient - ----
23 апр 2026;10:34:33.974 [default-nioEventLoopGroup-1-7] TRACE i.m.h.client.netty.DefaultHttpClient - {"id":182057,"checksum":"1419594066","ticketId":"A2206","unservedVisitServices":[{"id":191026,"eventTime":"10:33","serviceId":7,"serviceInternalName":"Оккулист","serviceExternalName":"Оккулист","visitDeliveredServices":[],"visitOutcome":null,"outcomeExists":false,"deliveredServiceExists":false},{"id":191027,"eventTime":"10:33","serviceId":6,"serviceInternalName":"Стоматолог","serviceExternalName":"Стоматолог","visitDeliveredServices":[],"visitOutcome":null,"outcomeExists":false,"deliveredServiceExists":false},{"id":191028,"eventTime":"10:33","serviceId":5,"serviceInternalName":"Терапевт","serviceExternalName":"Терапевт","visitDeliveredServices":[],"visitOutcome":null,"outcomeExists":false,"deliveredServiceExists":false},{"id":191029,"eventTime":"10:33","serviceId":4,"serviceInternalName":"Хирург","serviceExternalName":"Хирург","visitDeliveredServices":[],"visitOutcome":null,"outcomeExists":false,"deliveredServiceExists":false}],"currentVisitService":{"id":191025,"eventTime":"10:33","serviceId":72,"serviceInternalName":"Врач не назначен","serviceExternalName":"Врач не назначен","visitDeliveredServices":[],"visitOutcome":null,"outcomeExists":false,"deliveredServiceExists":false},"servedVisitServices":[],"visitMarks":[],"customerIds":[],"waitingTime":46,"totalWaitingTime":0,"timeSinceCalled":0,"recycleAllowed":false,"noshowAllowed":false,"recallAllowed":false,"parameterMap":{"currentQueueOrigId":98,"startQueueOrigId":98,"branchName":"Chat_Bot_Demo","totWaitTime":0},"appointmentId":null,"appointmentTime":null,"branchCurrentTime":"10:34:31"}
23 апр 2026;10:34:33.974 [default-nioEventLoopGroup-1-7] TRACE i.m.h.client.netty.DefaultHttpClient - ----
23 апр 2026;10:34:33.978 [default-nioEventLoopGroup-1-8] DEBUG i.m.h.client.netty.DefaultHttpClient - Sending HTTP GET to http://192.168.0.77:8080/rest/entrypoint/branches/6/visits/182057/
23 апр 2026;10:34:33.978 [default-nioEventLoopGroup-1-8] TRACE i.m.h.client.netty.DefaultHttpClient - Authorization: Basic c3VwZXJhZG1pbjp1bGFu
23 апр 2026;10:34:33.978 [default-nioEventLoopGroup-1-8] TRACE i.m.h.client.netty.DefaultHttpClient - Cookie: SSOcookie=57b46714-2f27-46b7-9921-8d8de8bba70d
23 апр 2026;10:34:33.978 [default-nioEventLoopGroup-1-8] TRACE i.m.h.client.netty.DefaultHttpClient - host: 192.168.0.77:8080
23 апр 2026;10:34:33.978 [default-nioEventLoopGroup-1-8] TRACE i.m.h.client.netty.DefaultHttpClient - connection: close
23 апр 2026;10:34:35.300 [default-nioEventLoopGroup-1-8] DEBUG i.m.h.client.netty.DefaultHttpClient - Received response 200 from http://192.168.0.77:8080/rest/entrypoint/branches/6/visits/182057/
23 апр 2026;10:34:35.300 [default-nioEventLoopGroup-1-8] TRACE i.m.h.client.netty.DefaultHttpClient - HTTP Client Response Received (200 OK) for Request: GET http://192.168.0.77:8080/rest/entrypoint/branches/6/visits/182057/
23 апр 2026;10:34:35.301 [default-nioEventLoopGroup-1-8] TRACE i.m.h.client.netty.DefaultHttpClient - Cache-Control: no-store, no-cache, max-age=0, must-revalidate
23 апр 2026;10:34:35.301 [default-nioEventLoopGroup-1-8] TRACE i.m.h.client.netty.DefaultHttpClient - X-Powered-By: Undertow/1
23 апр 2026;10:34:35.301 [default-nioEventLoopGroup-1-8] TRACE i.m.h.client.netty.DefaultHttpClient - Server: WildFly/8
23 апр 2026;10:34:35.301 [default-nioEventLoopGroup-1-8] TRACE i.m.h.client.netty.DefaultHttpClient - X-XSS-Protection: 1
23 апр 2026;10:34:35.301 [default-nioEventLoopGroup-1-8] TRACE i.m.h.client.netty.DefaultHttpClient - X-Frame-Options: SAMEORIGIN
23 апр 2026;10:34:35.301 [default-nioEventLoopGroup-1-8] TRACE i.m.h.client.netty.DefaultHttpClient - Content-Security-Policy: default-src *; style-src * 'unsafe-inline'; script-src * 'unsafe-inline' 'unsafe-eval'; img-src * data: 'unsafe-inline'; connect-src * 'unsafe-inline'; frame-src *;
23 апр 2026;10:34:35.301 [default-nioEventLoopGroup-1-8] TRACE i.m.h.client.netty.DefaultHttpClient - Date: Thu, 23 Apr 2026 07:34:35 GMT
23 апр 2026;10:34:35.301 [default-nioEventLoopGroup-1-8] TRACE i.m.h.client.netty.DefaultHttpClient - Connection: close
23 апр 2026;10:34:35.301 [default-nioEventLoopGroup-1-8] TRACE i.m.h.client.netty.DefaultHttpClient - X-Content-Type-Options: nosniff
23 апр 2026;10:34:35.301 [default-nioEventLoopGroup-1-8] TRACE i.m.h.client.netty.DefaultHttpClient - Strict-Transport-Security: max-age=31536000; includeSubDomains
23 апр 2026;10:34:35.301 [default-nioEventLoopGroup-1-8] TRACE i.m.h.client.netty.DefaultHttpClient - Content-Type: application/json
23 апр 2026;10:34:35.301 [default-nioEventLoopGroup-1-8] TRACE i.m.h.client.netty.DefaultHttpClient - content-length: 1654
23 апр 2026;10:34:35.301 [default-nioEventLoopGroup-1-8] TRACE i.m.h.client.netty.DefaultHttpClient - Response Body
23 апр 2026;10:34:35.301 [default-nioEventLoopGroup-1-8] TRACE i.m.h.client.netty.DefaultHttpClient - ----
23 апр 2026;10:34:35.301 [default-nioEventLoopGroup-1-8] TRACE i.m.h.client.netty.DefaultHttpClient - {"id":182057,"checksum":"1419594066","ticketId":"A2206","unservedVisitServices":[{"id":191026,"eventTime":"10:33","serviceId":7,"serviceInternalName":"Оккулист","serviceExternalName":"Оккулист","visitDeliveredServices":[],"visitOutcome":null,"outcomeExists":false,"deliveredServiceExists":false},{"id":191027,"eventTime":"10:33","serviceId":6,"serviceInternalName":"Стоматолог","serviceExternalName":"Стоматолог","visitDeliveredServices":[],"visitOutcome":null,"outcomeExists":false,"deliveredServiceExists":false},{"id":191028,"eventTime":"10:33","serviceId":5,"serviceInternalName":"Терапевт","serviceExternalName":"Терапевт","visitDeliveredServices":[],"visitOutcome":null,"outcomeExists":false,"deliveredServiceExists":false},{"id":191029,"eventTime":"10:33","serviceId":4,"serviceInternalName":"Хирург","serviceExternalName":"Хирург","visitDeliveredServices":[],"visitOutcome":null,"outcomeExists":false,"deliveredServiceExists":false}],"currentVisitService":{"id":191025,"eventTime":"10:33","serviceId":72,"serviceInternalName":"Врач не назначен","serviceExternalName":"Врач не назначен","visitDeliveredServices":[],"visitOutcome":null,"outcomeExists":false,"deliveredServiceExists":false},"servedVisitServices":[],"visitMarks":[],"customerIds":[],"waitingTime":50,"totalWaitingTime":0,"timeSinceCalled":0,"recycleAllowed":false,"noshowAllowed":false,"recallAllowed":false,"parameterMap":{"currentQueueOrigId":98,"startQueueOrigId":98,"branchName":"Chat_Bot_Demo","totWaitTime":0},"appointmentId":null,"appointmentTime":null,"branchCurrentTime":"10:34:35"}
23 апр 2026;10:34:35.301 [default-nioEventLoopGroup-1-8] TRACE i.m.h.client.netty.DefaultHttpClient - ----
23 апр 2026;10:34:35.305 [default-nioEventLoopGroup-1-9] DEBUG i.m.h.client.netty.DefaultHttpClient - Sending HTTP PUT to http://192.168.0.77:8080/rest/entrypoint/branches/6/visits/182057/services/4/
23 апр 2026;10:34:35.305 [default-nioEventLoopGroup-1-9] TRACE i.m.h.client.netty.DefaultHttpClient - Authorization: Basic c3VwZXJhZG1pbjp1bGFu
23 апр 2026;10:34:35.305 [default-nioEventLoopGroup-1-9] TRACE i.m.h.client.netty.DefaultHttpClient - Content-Type: application/json
23 апр 2026;10:34:35.305 [default-nioEventLoopGroup-1-9] TRACE i.m.h.client.netty.DefaultHttpClient - Accept: application/json
23 апр 2026;10:34:35.305 [default-nioEventLoopGroup-1-9] TRACE i.m.h.client.netty.DefaultHttpClient - host: 192.168.0.77:8080
23 апр 2026;10:34:35.305 [default-nioEventLoopGroup-1-9] TRACE i.m.h.client.netty.DefaultHttpClient - connection: close
23 апр 2026;10:34:35.305 [default-nioEventLoopGroup-1-9] TRACE i.m.h.client.netty.DefaultHttpClient - content-length: 0
23 апр 2026;10:34:35.305 [default-nioEventLoopGroup-1-9] TRACE i.m.h.client.netty.DefaultHttpClient - Request Body
23 апр 2026;10:34:35.305 [default-nioEventLoopGroup-1-9] TRACE i.m.h.client.netty.DefaultHttpClient - ----
23 апр 2026;10:34:35.305 [default-nioEventLoopGroup-1-9] TRACE i.m.h.client.netty.DefaultHttpClient - 
23 апр 2026;10:34:35.305 [default-nioEventLoopGroup-1-9] TRACE i.m.h.client.netty.DefaultHttpClient - ----
23 апр 2026;10:34:36.065 [default-nioEventLoopGroup-1-9] DEBUG i.m.h.client.netty.DefaultHttpClient - Received response 200 from http://192.168.0.77:8080/rest/entrypoint/branches/6/visits/182057/services/4/
23 апр 2026;10:34:36.065 [default-nioEventLoopGroup-1-9] TRACE i.m.h.client.netty.DefaultHttpClient - HTTP Client Response Received (200 OK) for Request: PUT http://192.168.0.77:8080/rest/entrypoint/branches/6/visits/182057/services/4/
23 апр 2026;10:34:36.065 [default-nioEventLoopGroup-1-9] TRACE i.m.h.client.netty.DefaultHttpClient - X-Powered-By: Undertow/1
23 апр 2026;10:34:36.065 [default-nioEventLoopGroup-1-9] TRACE i.m.h.client.netty.DefaultHttpClient - Set-Cookie: SSOcookie=4bda967c-4bc5-43af-b749-6b431ed26a06; Path=/; HttpOnly
23 апр 2026;10:34:36.065 [default-nioEventLoopGroup-1-9] TRACE i.m.h.client.netty.DefaultHttpClient - Set-Cookie: rememberMe=deleteMe; Path=/; Max-Age=0; Expires=Wed, 22-Apr-2026 07:34:35 GMT
23 апр 2026;10:34:36.066 [default-nioEventLoopGroup-1-9] TRACE i.m.h.client.netty.DefaultHttpClient - Server: WildFly/8
23 апр 2026;10:34:36.066 [default-nioEventLoopGroup-1-9] TRACE i.m.h.client.netty.DefaultHttpClient - X-XSS-Protection: 1
23 апр 2026;10:34:36.066 [default-nioEventLoopGroup-1-9] TRACE i.m.h.client.netty.DefaultHttpClient - X-Frame-Options: SAMEORIGIN
23 апр 2026;10:34:36.066 [default-nioEventLoopGroup-1-9] TRACE i.m.h.client.netty.DefaultHttpClient - Content-Security-Policy: default-src *; style-src * 'unsafe-inline'; script-src * 'unsafe-inline' 'unsafe-eval'; img-src * data: 'unsafe-inline'; connect-src * 'unsafe-inline'; frame-src *;
23 апр 2026;10:34:36.066 [default-nioEventLoopGroup-1-9] TRACE i.m.h.client.netty.DefaultHttpClient - Date: Thu, 23 Apr 2026 07:34:35 GMT
23 апр 2026;10:34:36.066 [default-nioEventLoopGroup-1-9] TRACE i.m.h.client.netty.DefaultHttpClient - Connection: close
23 апр 2026;10:34:36.066 [default-nioEventLoopGroup-1-9] TRACE i.m.h.client.netty.DefaultHttpClient - X-Content-Type-Options: nosniff
23 апр 2026;10:34:36.066 [default-nioEventLoopGroup-1-9] TRACE i.m.h.client.netty.DefaultHttpClient - Strict-Transport-Security: max-age=31536000; includeSubDomains
23 апр 2026;10:34:36.066 [default-nioEventLoopGroup-1-9] TRACE i.m.h.client.netty.DefaultHttpClient - Content-Type: application/json
23 апр 2026;10:34:36.066 [default-nioEventLoopGroup-1-9] TRACE i.m.h.client.netty.DefaultHttpClient - content-length: 1871
23 апр 2026;10:34:36.066 [default-nioEventLoopGroup-1-9] TRACE i.m.h.client.netty.DefaultHttpClient - Response Body
23 апр 2026;10:34:36.066 [default-nioEventLoopGroup-1-9] TRACE i.m.h.client.netty.DefaultHttpClient - ----
23 апр 2026;10:34:36.066 [default-nioEventLoopGroup-1-9] TRACE i.m.h.client.netty.DefaultHttpClient - {"branchId":6,"userState":"INACTIVE","visitState":"OK","servicePointId":1,"servicePointName":"Кабинет 13","servicePointState":"OPEN","visit":{"id":182057,"checksum":"1419594066","ticketId":"A2206","unservedVisitServices":[{"id":191026,"eventTime":"10:33","serviceId":7,"serviceInternalName":"Оккулист","serviceExternalName":"Оккулист","visitDeliveredServices":[],"visitOutcome":null,"outcomeExists":false,"deliveredServiceExists":false},{"id":191027,"eventTime":"10:33","serviceId":6,"serviceInternalName":"Стоматолог","serviceExternalName":"Стоматолог","visitDeliveredServices":[],"visitOutcome":null,"outcomeExists":false,"deliveredServiceExists":false},{"id":191028,"eventTime":"10:33","serviceId":5,"serviceInternalName":"Терапевт","serviceExternalName":"Терапевт","visitDeliveredServices":[],"visitOutcome":null,"outcomeExists":false,"deliveredServiceExists":false},{"id":191029,"eventTime":"10:33","serviceId":4,"serviceInternalName":"Хирург","serviceExternalName":"Хирург","visitDeliveredServices":[],"visitOutcome":null,"outcomeExists":false,"deliveredServiceExists":false}],"currentVisitService":{"id":191025,"eventTime":"10:33","serviceId":4,"serviceInternalName":"Хирург","serviceExternalName":"Хирург","visitDeliveredServices":[],"visitOutcome":null,"outcomeExists":false,"deliveredServiceExists":false},"servedVisitServices":[],"visitMarks":[],"customerIds":[],"waitingTime":45,"totalWaitingTime":0,"timeSinceCalled":0,"recycleAllowed":false,"noshowAllowed":false,"recallAllowed":false,"parameterMap":{"startQueueOrigId":98,"branchName":"Chat_Bot_Demo","totWaitTime":0},"appointmentId":null,"appointmentTime":null,"branchCurrentTime":"10:34:35"},"workProfileId":7,"workProfileName":"Универсал","servicePointDeviceTypes":["POSITIONAL","SW_SERVICE_POINT","Spotlight"]}
23 апр 2026;10:34:36.066 [default-nioEventLoopGroup-1-9] TRACE i.m.h.client.netty.DefaultHttpClient - ----
23 апр 2026;10:34:36.072 [default-nioEventLoopGroup-1-10] DEBUG i.m.h.client.netty.DefaultHttpClient - Sending HTTP PUT to http://192.168.0.77:8080/rest/entrypoint/branches/6/queues/10/visits/
23 апр 2026;10:34:36.072 [default-nioEventLoopGroup-1-10] TRACE i.m.h.client.netty.DefaultHttpClient - Authorization: Basic c3VwZXJhZG1pbjp1bGFu
23 апр 2026;10:34:36.072 [default-nioEventLoopGroup-1-10] TRACE i.m.h.client.netty.DefaultHttpClient - Content-Type: application/json
23 апр 2026;10:34:36.072 [default-nioEventLoopGroup-1-10] TRACE i.m.h.client.netty.DefaultHttpClient - Accept: application/json
23 апр 2026;10:34:36.072 [default-nioEventLoopGroup-1-10] TRACE i.m.h.client.netty.DefaultHttpClient - host: 192.168.0.77:8080
23 апр 2026;10:34:36.072 [default-nioEventLoopGroup-1-10] TRACE i.m.h.client.netty.DefaultHttpClient - connection: close
23 апр 2026;10:34:36.072 [default-nioEventLoopGroup-1-10] TRACE i.m.h.client.netty.DefaultHttpClient - content-length: 46
23 апр 2026;10:34:36.072 [default-nioEventLoopGroup-1-10] TRACE i.m.h.client.netty.DefaultHttpClient - Request Body
23 апр 2026;10:34:36.072 [default-nioEventLoopGroup-1-10] TRACE i.m.h.client.netty.DefaultHttpClient - ----
23 апр 2026;10:34:36.072 [default-nioEventLoopGroup-1-10] TRACE i.m.h.client.netty.DefaultHttpClient - {"visitId":182057,"fromBranchId":6,"fromId":1}
23 апр 2026;10:34:36.072 [default-nioEventLoopGroup-1-10] TRACE i.m.h.client.netty.DefaultHttpClient - ----
23 апр 2026;10:34:36.796 [default-nioEventLoopGroup-1-10] DEBUG i.m.h.client.netty.DefaultHttpClient - Received response 204 from http://192.168.0.77:8080/rest/entrypoint/branches/6/queues/10/visits/
23 апр 2026;10:34:36.796 [default-nioEventLoopGroup-1-10] TRACE i.m.h.client.netty.DefaultHttpClient - HTTP Client Response Received (204 No Content) for Request: PUT http://192.168.0.77:8080/rest/entrypoint/branches/6/queues/10/visits/
23 апр 2026;10:34:36.796 [default-nioEventLoopGroup-1-10] TRACE i.m.h.client.netty.DefaultHttpClient - X-Powered-By: Undertow/1
23 апр 2026;10:34:36.796 [default-nioEventLoopGroup-1-10] TRACE i.m.h.client.netty.DefaultHttpClient - Set-Cookie: SSOcookie=7da12604-701c-4fd3-9bc4-4a6d737adb83; Path=/; HttpOnly
23 апр 2026;10:34:36.796 [default-nioEventLoopGroup-1-10] TRACE i.m.h.client.netty.DefaultHttpClient - Set-Cookie: rememberMe=deleteMe; Path=/; Max-Age=0; Expires=Wed, 22-Apr-2026 07:34:36 GMT
23 апр 2026;10:34:36.796 [default-nioEventLoopGroup-1-10] TRACE i.m.h.client.netty.DefaultHttpClient - Server: WildFly/8
23 апр 2026;10:34:36.796 [default-nioEventLoopGroup-1-10] TRACE i.m.h.client.netty.DefaultHttpClient - X-XSS-Protection: 1
23 апр 2026;10:34:36.796 [default-nioEventLoopGroup-1-10] TRACE i.m.h.client.netty.DefaultHttpClient - X-Frame-Options: SAMEORIGIN
23 апр 2026;10:34:36.796 [default-nioEventLoopGroup-1-10] TRACE i.m.h.client.netty.DefaultHttpClient - Content-Security-Policy: default-src *; style-src * 'unsafe-inline'; script-src * 'unsafe-inline' 'unsafe-eval'; img-src * data: 'unsafe-inline'; connect-src * 'unsafe-inline'; frame-src *;
23 апр 2026;10:34:36.796 [default-nioEventLoopGroup-1-10] TRACE i.m.h.client.netty.DefaultHttpClient - Date: Thu, 23 Apr 2026 07:34:36 GMT
23 апр 2026;10:34:36.796 [default-nioEventLoopGroup-1-10] TRACE i.m.h.client.netty.DefaultHttpClient - X-Content-Type-Options: nosniff
23 апр 2026;10:34:36.796 [default-nioEventLoopGroup-1-10] TRACE i.m.h.client.netty.DefaultHttpClient - Strict-Transport-Security: max-age=31536000; includeSubDomains
23 апр 2026;10:34:36.796 [default-nioEventLoopGroup-1-10] TRACE i.m.h.client.netty.DefaultHttpClient - Response Body
23 апр 2026;10:34:36.796 [default-nioEventLoopGroup-1-10] TRACE i.m.h.client.netty.DefaultHttpClient - ----
23 апр 2026;10:34:36.796 [default-nioEventLoopGroup-1-10] TRACE i.m.h.client.netty.DefaultHttpClient - 
23 апр 2026;10:34:36.796 [default-nioEventLoopGroup-1-10] TRACE i.m.h.client.netty.DefaultHttpClient - ----
23 апр 2026;10:34:36.796 [default-nioEventLoopGroup-1-10] TRACE i.m.h.client.netty.DefaultHttpClient - Full HTTP response received an empty body
23 апр 2026;10:34:36.796 [default-nioEventLoopGroup-1-10] TRACE i.m.h.client.netty.DefaultHttpClient - Unable to convert response body to target type class [B
23 апр 2026;10:34:36.796 [SimpleAsyncTaskExecutor-1] TRACE i.m.h.client.netty.DefaultHttpClient - Unable to convert response body to target type class [B
23 апр 2026;10:34:36.803 [default-nioEventLoopGroup-1-11] DEBUG i.m.h.client.netty.DefaultHttpClient - Sending HTTP GET to http://192.168.0.77:8080/rest/entrypoint/branches/6/visits/182057/
23 апр 2026;10:34:36.803 [default-nioEventLoopGroup-1-11] TRACE i.m.h.client.netty.DefaultHttpClient - Authorization: Basic c3VwZXJhZG1pbjp1bGFu
23 апр 2026;10:34:36.803 [default-nioEventLoopGroup-1-11] TRACE i.m.h.client.netty.DefaultHttpClient - Cookie: SSOcookie=57b46714-2f27-46b7-9921-8d8de8bba70d
23 апр 2026;10:34:36.803 [default-nioEventLoopGroup-1-11] TRACE i.m.h.client.netty.DefaultHttpClient - host: 192.168.0.77:8080
23 апр 2026;10:34:36.803 [default-nioEventLoopGroup-1-11] TRACE i.m.h.client.netty.DefaultHttpClient - connection: close
23 апр 2026;10:34:36.828 [default-nioEventLoopGroup-1-11] DEBUG i.m.h.client.netty.DefaultHttpClient - Received response 200 from http://192.168.0.77:8080/rest/entrypoint/branches/6/visits/182057/
23 апр 2026;10:34:36.828 [default-nioEventLoopGroup-1-11] TRACE i.m.h.client.netty.DefaultHttpClient - HTTP Client Response Received (200 OK) for Request: GET http://192.168.0.77:8080/rest/entrypoint/branches/6/visits/182057/
23 апр 2026;10:34:36.828 [default-nioEventLoopGroup-1-11] TRACE i.m.h.client.netty.DefaultHttpClient - Cache-Control: no-store, no-cache, max-age=0, must-revalidate
23 апр 2026;10:34:36.828 [default-nioEventLoopGroup-1-11] TRACE i.m.h.client.netty.DefaultHttpClient - X-Powered-By: Undertow/1
23 апр 2026;10:34:36.829 [default-nioEventLoopGroup-1-11] TRACE i.m.h.client.netty.DefaultHttpClient - Server: WildFly/8
23 апр 2026;10:34:36.829 [default-nioEventLoopGroup-1-11] TRACE i.m.h.client.netty.DefaultHttpClient - X-XSS-Protection: 1
23 апр 2026;10:34:36.829 [default-nioEventLoopGroup-1-11] TRACE i.m.h.client.netty.DefaultHttpClient - X-Frame-Options: SAMEORIGIN
23 апр 2026;10:34:36.829 [default-nioEventLoopGroup-1-11] TRACE i.m.h.client.netty.DefaultHttpClient - Content-Security-Policy: default-src *; style-src * 'unsafe-inline'; script-src * 'unsafe-inline' 'unsafe-eval'; img-src * data: 'unsafe-inline'; connect-src * 'unsafe-inline'; frame-src *;
23 апр 2026;10:34:36.829 [default-nioEventLoopGroup-1-11] TRACE i.m.h.client.netty.DefaultHttpClient - Date: Thu, 23 Apr 2026 07:34:36 GMT
23 апр 2026;10:34:36.829 [default-nioEventLoopGroup-1-11] TRACE i.m.h.client.netty.DefaultHttpClient - Connection: close
23 апр 2026;10:34:36.829 [default-nioEventLoopGroup-1-11] TRACE i.m.h.client.netty.DefaultHttpClient - X-Content-Type-Options: nosniff
23 апр 2026;10:34:36.829 [default-nioEventLoopGroup-1-11] TRACE i.m.h.client.netty.DefaultHttpClient - Strict-Transport-Security: max-age=31536000; includeSubDomains
23 апр 2026;10:34:36.829 [default-nioEventLoopGroup-1-11] TRACE i.m.h.client.netty.DefaultHttpClient - Content-Type: application/json
23 апр 2026;10:34:36.829 [default-nioEventLoopGroup-1-11] TRACE i.m.h.client.netty.DefaultHttpClient - content-length: 1617
23 апр 2026;10:34:36.830 [default-nioEventLoopGroup-1-11] TRACE i.m.h.client.netty.DefaultHttpClient - Response Body
23 апр 2026;10:34:36.831 [default-nioEventLoopGroup-1-11] TRACE i.m.h.client.netty.DefaultHttpClient - ----
23 апр 2026;10:34:36.831 [default-nioEventLoopGroup-1-11] TRACE i.m.h.client.netty.DefaultHttpClient - {"id":182057,"checksum":"1419594066","ticketId":"A2206","unservedVisitServices":[{"id":191026,"eventTime":"10:33","serviceId":7,"serviceInternalName":"Оккулист","serviceExternalName":"Оккулист","visitDeliveredServices":[],"visitOutcome":null,"outcomeExists":false,"deliveredServiceExists":false},{"id":191027,"eventTime":"10:33","serviceId":6,"serviceInternalName":"Стоматолог","serviceExternalName":"Стоматолог","visitDeliveredServices":[],"visitOutcome":null,"outcomeExists":false,"deliveredServiceExists":false},{"id":191028,"eventTime":"10:33","serviceId":5,"serviceInternalName":"Терапевт","serviceExternalName":"Терапевт","visitDeliveredServices":[],"visitOutcome":null,"outcomeExists":false,"deliveredServiceExists":false},{"id":191029,"eventTime":"10:33","serviceId":4,"serviceInternalName":"Хирург","serviceExternalName":"Хирург","visitDeliveredServices":[],"visitOutcome":null,"outcomeExists":false,"deliveredServiceExists":false}],"currentVisitService":{"id":191025,"eventTime":"10:33","serviceId":4,"serviceInternalName":"Хирург","serviceExternalName":"Хирург","visitDeliveredServices":[],"visitOutcome":null,"outcomeExists":false,"deliveredServiceExists":false},"servedVisitServices":[],"visitMarks":[],"customerIds":[],"waitingTime":51,"totalWaitingTime":0,"timeSinceCalled":0,"recycleAllowed":false,"noshowAllowed":false,"recallAllowed":false,"parameterMap":{"currentQueueOrigId":10,"branchName":"Chat_Bot_Demo","startQueueOrigId":98,"totWaitTime":0},"appointmentId":null,"appointmentTime":null,"branchCurrentTime":"10:34:36"}
23 апр 2026;10:34:36.831 [default-nioEventLoopGroup-1-11] TRACE i.m.h.client.netty.DefaultHttpClient - ----
23 апр 2026;10:34:36.844 [default-nioEventLoopGroup-1-12] DEBUG i.m.h.client.netty.DefaultHttpClient - Sending HTTP GET to http://192.168.0.77:8080/rest/entrypoint/branches/6/visits/182058/
23 апр 2026;10:34:36.845 [default-nioEventLoopGroup-1-12] TRACE i.m.h.client.netty.DefaultHttpClient - Authorization: Basic c3VwZXJhZG1pbjp1bGFu
23 апр 2026;10:34:36.845 [default-nioEventLoopGroup-1-12] TRACE i.m.h.client.netty.DefaultHttpClient - Cookie: SSOcookie=57b46714-2f27-46b7-9921-8d8de8bba70d
23 апр 2026;10:34:36.845 [default-nioEventLoopGroup-1-12] TRACE i.m.h.client.netty.DefaultHttpClient - host: 192.168.0.77:8080
23 апр 2026;10:34:36.845 [default-nioEventLoopGroup-1-12] TRACE i.m.h.client.netty.DefaultHttpClient - connection: close
23 апр 2026;10:34:36.869 [default-nioEventLoopGroup-1-12] DEBUG i.m.h.client.netty.DefaultHttpClient - Received response 200 from http://192.168.0.77:8080/rest/entrypoint/branches/6/visits/182058/
23 апр 2026;10:34:36.869 [default-nioEventLoopGroup-1-12] TRACE i.m.h.client.netty.DefaultHttpClient - HTTP Client Response Received (200 OK) for Request: GET http://192.168.0.77:8080/rest/entrypoint/branches/6/visits/182058/
23 апр 2026;10:34:36.869 [default-nioEventLoopGroup-1-12] TRACE i.m.h.client.netty.DefaultHttpClient - Cache-Control: no-store, no-cache, max-age=0, must-revalidate
23 апр 2026;10:34:36.869 [default-nioEventLoopGroup-1-12] TRACE i.m.h.client.netty.DefaultHttpClient - X-Powered-By: Undertow/1
23 апр 2026;10:34:36.869 [default-nioEventLoopGroup-1-12] TRACE i.m.h.client.netty.DefaultHttpClient - Server: WildFly/8
23 апр 2026;10:34:36.869 [default-nioEventLoopGroup-1-12] TRACE i.m.h.client.netty.DefaultHttpClient - X-XSS-Protection: 1
23 апр 2026;10:34:36.870 [default-nioEventLoopGroup-1-12] TRACE i.m.h.client.netty.DefaultHttpClient - X-Frame-Options: SAMEORIGIN
23 апр 2026;10:34:36.870 [default-nioEventLoopGroup-1-12] TRACE i.m.h.client.netty.DefaultHttpClient - Content-Security-Policy: default-src *; style-src * 'unsafe-inline'; script-src * 'unsafe-inline' 'unsafe-eval'; img-src * data: 'unsafe-inline'; connect-src * 'unsafe-inline'; frame-src *;
23 апр 2026;10:34:36.870 [default-nioEventLoopGroup-1-12] TRACE i.m.h.client.netty.DefaultHttpClient - Date: Thu, 23 Apr 2026 07:34:36 GMT
23 апр 2026;10:34:36.870 [default-nioEventLoopGroup-1-12] TRACE i.m.h.client.netty.DefaultHttpClient - Connection: close
23 апр 2026;10:34:36.870 [default-nioEventLoopGroup-1-12] TRACE i.m.h.client.netty.DefaultHttpClient - X-Content-Type-Options: nosniff
23 апр 2026;10:34:36.870 [default-nioEventLoopGroup-1-12] TRACE i.m.h.client.netty.DefaultHttpClient - Strict-Transport-Security: max-age=31536000; includeSubDomains
23 апр 2026;10:34:36.870 [default-nioEventLoopGroup-1-12] TRACE i.m.h.client.netty.DefaultHttpClient - Content-Type: application/json
23 апр 2026;10:34:36.870 [default-nioEventLoopGroup-1-12] TRACE i.m.h.client.netty.DefaultHttpClient - content-length: 1653
23 апр 2026;10:34:36.870 [default-nioEventLoopGroup-1-12] TRACE i.m.h.client.netty.DefaultHttpClient - Response Body
23 апр 2026;10:34:36.870 [default-nioEventLoopGroup-1-12] TRACE i.m.h.client.netty.DefaultHttpClient - ----
23 апр 2026;10:34:36.871 [default-nioEventLoopGroup-1-12] TRACE i.m.h.client.netty.DefaultHttpClient - {"id":182058,"checksum":"722344279","ticketId":"A2207","unservedVisitServices":[{"id":191031,"eventTime":"10:33","serviceId":7,"serviceInternalName":"Оккулист","serviceExternalName":"Оккулист","visitDeliveredServices":[],"visitOutcome":null,"outcomeExists":false,"deliveredServiceExists":false},{"id":191032,"eventTime":"10:33","serviceId":6,"serviceInternalName":"Стоматолог","serviceExternalName":"Стоматолог","visitDeliveredServices":[],"visitOutcome":null,"outcomeExists":false,"deliveredServiceExists":false},{"id":191033,"eventTime":"10:33","serviceId":5,"serviceInternalName":"Терапевт","serviceExternalName":"Терапевт","visitDeliveredServices":[],"visitOutcome":null,"outcomeExists":false,"deliveredServiceExists":false},{"id":191034,"eventTime":"10:33","serviceId":4,"serviceInternalName":"Хирург","serviceExternalName":"Хирург","visitDeliveredServices":[],"visitOutcome":null,"outcomeExists":false,"deliveredServiceExists":false}],"currentVisitService":{"id":191030,"eventTime":"10:33","serviceId":72,"serviceInternalName":"Врач не назначен","serviceExternalName":"Врач не назначен","visitDeliveredServices":[],"visitOutcome":null,"outcomeExists":false,"deliveredServiceExists":false},"servedVisitServices":[],"visitMarks":[],"customerIds":[],"waitingTime":51,"totalWaitingTime":0,"timeSinceCalled":0,"recycleAllowed":false,"noshowAllowed":false,"recallAllowed":false,"parameterMap":{"currentQueueOrigId":98,"startQueueOrigId":98,"branchName":"Chat_Bot_Demo","totWaitTime":0},"appointmentId":null,"appointmentTime":null,"branchCurrentTime":"10:34:36"}
23 апр 2026;10:34:36.871 [default-nioEventLoopGroup-1-12] TRACE i.m.h.client.netty.DefaultHttpClient - ----
23 апр 2026;10:34:37.885 [default-nioEventLoopGroup-1-14] DEBUG i.m.h.client.netty.DefaultHttpClient - Sending HTTP GET to http://192.168.0.77:8080/rest/entrypoint/branches/6/visits/182058/
23 апр 2026;10:34:37.885 [default-nioEventLoopGroup-1-14] TRACE i.m.h.client.netty.DefaultHttpClient - Authorization: Basic c3VwZXJhZG1pbjp1bGFu
23 апр 2026;10:34:37.885 [default-nioEventLoopGroup-1-14] TRACE i.m.h.client.netty.DefaultHttpClient - Cookie: SSOcookie=57b46714-2f27-46b7-9921-8d8de8bba70d
23 апр 2026;10:34:37.885 [default-nioEventLoopGroup-1-14] TRACE i.m.h.client.netty.DefaultHttpClient - host: 192.168.0.77:8080
23 апр 2026;10:34:37.885 [default-nioEventLoopGroup-1-14] TRACE i.m.h.client.netty.DefaultHttpClient - connection: close
23 апр 2026;10:34:37.903 [default-nioEventLoopGroup-1-14] DEBUG i.m.h.client.netty.DefaultHttpClient - Received response 200 from http://192.168.0.77:8080/rest/entrypoint/branches/6/visits/182058/
23 апр 2026;10:34:37.904 [default-nioEventLoopGroup-1-14] TRACE i.m.h.client.netty.DefaultHttpClient - HTTP Client Response Received (200 OK) for Request: GET http://192.168.0.77:8080/rest/entrypoint/branches/6/visits/182058/
23 апр 2026;10:34:37.904 [default-nioEventLoopGroup-1-14] TRACE i.m.h.client.netty.DefaultHttpClient - Cache-Control: no-store, no-cache, max-age=0, must-revalidate
23 апр 2026;10:34:37.904 [default-nioEventLoopGroup-1-14] TRACE i.m.h.client.netty.DefaultHttpClient - X-Powered-By: Undertow/1
23 апр 2026;10:34:37.904 [default-nioEventLoopGroup-1-14] TRACE i.m.h.client.netty.DefaultHttpClient - Server: WildFly/8
23 апр 2026;10:34:37.904 [default-nioEventLoopGroup-1-14] TRACE i.m.h.client.netty.DefaultHttpClient - X-XSS-Protection: 1
23 апр 2026;10:34:37.904 [default-nioEventLoopGroup-1-14] TRACE i.m.h.client.netty.DefaultHttpClient - X-Frame-Options: SAMEORIGIN
23 апр 2026;10:34:37.904 [default-nioEventLoopGroup-1-14] TRACE i.m.h.client.netty.DefaultHttpClient - Content-Security-Policy: default-src *; style-src * 'unsafe-inline'; script-src * 'unsafe-inline' 'unsafe-eval'; img-src * data: 'unsafe-inline'; connect-src * 'unsafe-inline'; frame-src *;
23 апр 2026;10:34:37.904 [default-nioEventLoopGroup-1-14] TRACE i.m.h.client.netty.DefaultHttpClient - Date: Thu, 23 Apr 2026 07:34:37 GMT
23 апр 2026;10:34:37.904 [default-nioEventLoopGroup-1-14] TRACE i.m.h.client.netty.DefaultHttpClient - Connection: close
23 апр 2026;10:34:37.904 [default-nioEventLoopGroup-1-14] TRACE i.m.h.client.netty.DefaultHttpClient - X-Content-Type-Options: nosniff
23 апр 2026;10:34:37.904 [default-nioEventLoopGroup-1-14] TRACE i.m.h.client.netty.DefaultHttpClient - Strict-Transport-Security: max-age=31536000; includeSubDomains
23 апр 2026;10:34:37.904 [default-nioEventLoopGroup-1-14] TRACE i.m.h.client.netty.DefaultHttpClient - Content-Type: application/json
23 апр 2026;10:34:37.904 [default-nioEventLoopGroup-1-14] TRACE i.m.h.client.netty.DefaultHttpClient - content-length: 1653
23 апр 2026;10:34:37.904 [default-nioEventLoopGroup-1-14] TRACE i.m.h.client.netty.DefaultHttpClient - Response Body
23 апр 2026;10:34:37.904 [default-nioEventLoopGroup-1-14] TRACE i.m.h.client.netty.DefaultHttpClient - ----
23 апр 2026;10:34:37.904 [default-nioEventLoopGroup-1-14] TRACE i.m.h.client.netty.DefaultHttpClient - {"id":182058,"checksum":"722344279","ticketId":"A2207","unservedVisitServices":[{"id":191031,"eventTime":"10:33","serviceId":7,"serviceInternalName":"Оккулист","serviceExternalName":"Оккулист","visitDeliveredServices":[],"visitOutcome":null,"outcomeExists":false,"deliveredServiceExists":false},{"id":191032,"eventTime":"10:33","serviceId":6,"serviceInternalName":"Стоматолог","serviceExternalName":"Стоматолог","visitDeliveredServices":[],"visitOutcome":null,"outcomeExists":false,"deliveredServiceExists":false},{"id":191033,"eventTime":"10:33","serviceId":5,"serviceInternalName":"Терапевт","serviceExternalName":"Терапевт","visitDeliveredServices":[],"visitOutcome":null,"outcomeExists":false,"deliveredServiceExists":false},{"id":191034,"eventTime":"10:33","serviceId":4,"serviceInternalName":"Хирург","serviceExternalName":"Хирург","visitDeliveredServices":[],"visitOutcome":null,"outcomeExists":false,"deliveredServiceExists":false}],"currentVisitService":{"id":191030,"eventTime":"10:33","serviceId":72,"serviceInternalName":"Врач не назначен","serviceExternalName":"Врач не назначен","visitDeliveredServices":[],"visitOutcome":null,"outcomeExists":false,"deliveredServiceExists":false},"servedVisitServices":[],"visitMarks":[],"customerIds":[],"waitingTime":52,"totalWaitingTime":0,"timeSinceCalled":0,"recycleAllowed":false,"noshowAllowed":false,"recallAllowed":false,"parameterMap":{"currentQueueOrigId":98,"startQueueOrigId":98,"branchName":"Chat_Bot_Demo","totWaitTime":0},"appointmentId":null,"appointmentTime":null,"branchCurrentTime":"10:34:37"}
23 апр 2026;10:34:37.904 [default-nioEventLoopGroup-1-14] TRACE i.m.h.client.netty.DefaultHttpClient - ----
23 апр 2026;10:34:37.910 [default-nioEventLoopGroup-1-15] DEBUG i.m.h.client.netty.DefaultHttpClient - Sending HTTP PUT to http://192.168.0.77:8080/rest/entrypoint/branches/6/visits/182058/services/4/
23 апр 2026;10:34:37.910 [default-nioEventLoopGroup-1-15] TRACE i.m.h.client.netty.DefaultHttpClient - Authorization: Basic c3VwZXJhZG1pbjp1bGFu
23 апр 2026;10:34:37.910 [default-nioEventLoopGroup-1-15] TRACE i.m.h.client.netty.DefaultHttpClient - Content-Type: application/json
23 апр 2026;10:34:37.910 [default-nioEventLoopGroup-1-15] TRACE i.m.h.client.netty.DefaultHttpClient - Accept: application/json
23 апр 2026;10:34:37.910 [default-nioEventLoopGroup-1-15] TRACE i.m.h.client.netty.DefaultHttpClient - host: 192.168.0.77:8080
23 апр 2026;10:34:37.910 [default-nioEventLoopGroup-1-15] TRACE i.m.h.client.netty.DefaultHttpClient - connection: close
23 апр 2026;10:34:37.910 [default-nioEventLoopGroup-1-15] TRACE i.m.h.client.netty.DefaultHttpClient - content-length: 0
23 апр 2026;10:34:37.910 [default-nioEventLoopGroup-1-15] TRACE i.m.h.client.netty.DefaultHttpClient - Request Body
23 апр 2026;10:34:37.910 [default-nioEventLoopGroup-1-15] TRACE i.m.h.client.netty.DefaultHttpClient - ----
23 апр 2026;10:34:37.910 [default-nioEventLoopGroup-1-15] TRACE i.m.h.client.netty.DefaultHttpClient - 
23 апр 2026;10:34:37.910 [default-nioEventLoopGroup-1-15] TRACE i.m.h.client.netty.DefaultHttpClient - ----
23 апр 2026;10:34:38.363 [default-nioEventLoopGroup-1-15] DEBUG i.m.h.client.netty.DefaultHttpClient - Received response 200 from http://192.168.0.77:8080/rest/entrypoint/branches/6/visits/182058/services/4/
23 апр 2026;10:34:38.363 [default-nioEventLoopGroup-1-15] TRACE i.m.h.client.netty.DefaultHttpClient - HTTP Client Response Received (200 OK) for Request: PUT http://192.168.0.77:8080/rest/entrypoint/branches/6/visits/182058/services/4/
23 апр 2026;10:34:38.363 [default-nioEventLoopGroup-1-15] TRACE i.m.h.client.netty.DefaultHttpClient - X-Powered-By: Undertow/1
23 апр 2026;10:34:38.363 [default-nioEventLoopGroup-1-15] TRACE i.m.h.client.netty.DefaultHttpClient - Set-Cookie: SSOcookie=c182bd57-9831-4a45-9902-6c5fdd7031d0; Path=/; HttpOnly
23 апр 2026;10:34:38.363 [default-nioEventLoopGroup-1-15] TRACE i.m.h.client.netty.DefaultHttpClient - Set-Cookie: rememberMe=deleteMe; Path=/; Max-Age=0; Expires=Wed, 22-Apr-2026 07:34:38 GMT
23 апр 2026;10:34:38.363 [default-nioEventLoopGroup-1-15] TRACE i.m.h.client.netty.DefaultHttpClient - Server: WildFly/8
23 апр 2026;10:34:38.363 [default-nioEventLoopGroup-1-15] TRACE i.m.h.client.netty.DefaultHttpClient - X-XSS-Protection: 1
23 апр 2026;10:34:38.364 [default-nioEventLoopGroup-1-15] TRACE i.m.h.client.netty.DefaultHttpClient - X-Frame-Options: SAMEORIGIN
23 апр 2026;10:34:38.364 [default-nioEventLoopGroup-1-15] TRACE i.m.h.client.netty.DefaultHttpClient - Content-Security-Policy: default-src *; style-src * 'unsafe-inline'; script-src * 'unsafe-inline' 'unsafe-eval'; img-src * data: 'unsafe-inline'; connect-src * 'unsafe-inline'; frame-src *;
23 апр 2026;10:34:38.364 [default-nioEventLoopGroup-1-15] TRACE i.m.h.client.netty.DefaultHttpClient - Date: Thu, 23 Apr 2026 07:34:38 GMT
23 апр 2026;10:34:38.364 [default-nioEventLoopGroup-1-15] TRACE i.m.h.client.netty.DefaultHttpClient - Connection: close
23 апр 2026;10:34:38.364 [default-nioEventLoopGroup-1-15] TRACE i.m.h.client.netty.DefaultHttpClient - X-Content-Type-Options: nosniff
23 апр 2026;10:34:38.364 [default-nioEventLoopGroup-1-15] TRACE i.m.h.client.netty.DefaultHttpClient - Strict-Transport-Security: max-age=31536000; includeSubDomains
23 апр 2026;10:34:38.364 [default-nioEventLoopGroup-1-15] TRACE i.m.h.client.netty.DefaultHttpClient - Content-Type: application/json
23 апр 2026;10:34:38.364 [default-nioEventLoopGroup-1-15] TRACE i.m.h.client.netty.DefaultHttpClient - content-length: 1870
23 апр 2026;10:34:38.364 [default-nioEventLoopGroup-1-15] TRACE i.m.h.client.netty.DefaultHttpClient - Response Body
23 апр 2026;10:34:38.364 [default-nioEventLoopGroup-1-15] TRACE i.m.h.client.netty.DefaultHttpClient - ----
23 апр 2026;10:34:38.364 [default-nioEventLoopGroup-1-15] TRACE i.m.h.client.netty.DefaultHttpClient - {"branchId":6,"userState":"INACTIVE","visitState":"OK","servicePointId":1,"servicePointName":"Кабинет 13","servicePointState":"OPEN","visit":{"id":182058,"checksum":"722344279","ticketId":"A2207","unservedVisitServices":[{"id":191031,"eventTime":"10:33","serviceId":7,"serviceInternalName":"Оккулист","serviceExternalName":"Оккулист","visitDeliveredServices":[],"visitOutcome":null,"outcomeExists":false,"deliveredServiceExists":false},{"id":191032,"eventTime":"10:33","serviceId":6,"serviceInternalName":"Стоматолог","serviceExternalName":"Стоматолог","visitDeliveredServices":[],"visitOutcome":null,"outcomeExists":false,"deliveredServiceExists":false},{"id":191033,"eventTime":"10:33","serviceId":5,"serviceInternalName":"Терапевт","serviceExternalName":"Терапевт","visitDeliveredServices":[],"visitOutcome":null,"outcomeExists":false,"deliveredServiceExists":false},{"id":191034,"eventTime":"10:33","serviceId":4,"serviceInternalName":"Хирург","serviceExternalName":"Хирург","visitDeliveredServices":[],"visitOutcome":null,"outcomeExists":false,"deliveredServiceExists":false}],"currentVisitService":{"id":191030,"eventTime":"10:33","serviceId":4,"serviceInternalName":"Хирург","serviceExternalName":"Хирург","visitDeliveredServices":[],"visitOutcome":null,"outcomeExists":false,"deliveredServiceExists":false},"servedVisitServices":[],"visitMarks":[],"customerIds":[],"waitingTime":50,"totalWaitingTime":0,"timeSinceCalled":0,"recycleAllowed":false,"noshowAllowed":false,"recallAllowed":false,"parameterMap":{"startQueueOrigId":98,"branchName":"Chat_Bot_Demo","totWaitTime":0},"appointmentId":null,"appointmentTime":null,"branchCurrentTime":"10:34:38"},"workProfileId":7,"workProfileName":"Универсал","servicePointDeviceTypes":["POSITIONAL","SW_SERVICE_POINT","Spotlight"]}
23 апр 2026;10:34:38.364 [default-nioEventLoopGroup-1-15] TRACE i.m.h.client.netty.DefaultHttpClient - ----
23 апр 2026;10:34:38.369 [default-nioEventLoopGroup-1-16] DEBUG i.m.h.client.netty.DefaultHttpClient - Sending HTTP PUT to http://192.168.0.77:8080/rest/entrypoint/branches/6/queues/10/visits/
23 апр 2026;10:34:38.370 [default-nioEventLoopGroup-1-16] TRACE i.m.h.client.netty.DefaultHttpClient - Authorization: Basic c3VwZXJhZG1pbjp1bGFu
23 апр 2026;10:34:38.370 [default-nioEventLoopGroup-1-16] TRACE i.m.h.client.netty.DefaultHttpClient - Content-Type: application/json
23 апр 2026;10:34:38.370 [default-nioEventLoopGroup-1-16] TRACE i.m.h.client.netty.DefaultHttpClient - Accept: application/json
23 апр 2026;10:34:38.370 [default-nioEventLoopGroup-1-16] TRACE i.m.h.client.netty.DefaultHttpClient - host: 192.168.0.77:8080
23 апр 2026;10:34:38.370 [default-nioEventLoopGroup-1-16] TRACE i.m.h.client.netty.DefaultHttpClient - connection: close
23 апр 2026;10:34:38.370 [default-nioEventLoopGroup-1-16] TRACE i.m.h.client.netty.DefaultHttpClient - content-length: 46
23 апр 2026;10:34:38.370 [default-nioEventLoopGroup-1-16] TRACE i.m.h.client.netty.DefaultHttpClient - Request Body
23 апр 2026;10:34:38.370 [default-nioEventLoopGroup-1-16] TRACE i.m.h.client.netty.DefaultHttpClient - ----
23 апр 2026;10:34:38.370 [default-nioEventLoopGroup-1-16] TRACE i.m.h.client.netty.DefaultHttpClient - {"visitId":182058,"fromBranchId":6,"fromId":1}
23 апр 2026;10:34:38.370 [default-nioEventLoopGroup-1-16] TRACE i.m.h.client.netty.DefaultHttpClient - ----
23 апр 2026;10:34:39.102 [default-nioEventLoopGroup-1-16] DEBUG i.m.h.client.netty.DefaultHttpClient - Received response 204 from http://192.168.0.77:8080/rest/entrypoint/branches/6/queues/10/visits/
23 апр 2026;10:34:39.102 [default-nioEventLoopGroup-1-16] TRACE i.m.h.client.netty.DefaultHttpClient - HTTP Client Response Received (204 No Content) for Request: PUT http://192.168.0.77:8080/rest/entrypoint/branches/6/queues/10/visits/
23 апр 2026;10:34:39.102 [default-nioEventLoopGroup-1-16] TRACE i.m.h.client.netty.DefaultHttpClient - X-Powered-By: Undertow/1
23 апр 2026;10:34:39.102 [default-nioEventLoopGroup-1-16] TRACE i.m.h.client.netty.DefaultHttpClient - Set-Cookie: SSOcookie=92f8d94c-a6cd-4d17-acc6-6b3cfdcbe7bf; Path=/; HttpOnly
23 апр 2026;10:34:39.102 [default-nioEventLoopGroup-1-16] TRACE i.m.h.client.netty.DefaultHttpClient - Set-Cookie: rememberMe=deleteMe; Path=/; Max-Age=0; Expires=Wed, 22-Apr-2026 07:34:38 GMT
23 апр 2026;10:34:39.102 [default-nioEventLoopGroup-1-16] TRACE i.m.h.client.netty.DefaultHttpClient - Server: WildFly/8
23 апр 2026;10:34:39.103 [default-nioEventLoopGroup-1-16] TRACE i.m.h.client.netty.DefaultHttpClient - X-XSS-Protection: 1
23 апр 2026;10:34:39.103 [default-nioEventLoopGroup-1-16] TRACE i.m.h.client.netty.DefaultHttpClient - X-Frame-Options: SAMEORIGIN
23 апр 2026;10:34:39.103 [default-nioEventLoopGroup-1-16] TRACE i.m.h.client.netty.DefaultHttpClient - Content-Security-Policy: default-src *; style-src * 'unsafe-inline'; script-src * 'unsafe-inline' 'unsafe-eval'; img-src * data: 'unsafe-inline'; connect-src * 'unsafe-inline'; frame-src *;
23 апр 2026;10:34:39.103 [default-nioEventLoopGroup-1-16] TRACE i.m.h.client.netty.DefaultHttpClient - Date: Thu, 23 Apr 2026 07:34:39 GMT
23 апр 2026;10:34:39.103 [default-nioEventLoopGroup-1-16] TRACE i.m.h.client.netty.DefaultHttpClient - X-Content-Type-Options: nosniff
23 апр 2026;10:34:39.103 [default-nioEventLoopGroup-1-16] TRACE i.m.h.client.netty.DefaultHttpClient - Strict-Transport-Security: max-age=31536000; includeSubDomains
23 апр 2026;10:34:39.103 [default-nioEventLoopGroup-1-16] TRACE i.m.h.client.netty.DefaultHttpClient - Response Body
23 апр 2026;10:34:39.103 [default-nioEventLoopGroup-1-16] TRACE i.m.h.client.netty.DefaultHttpClient - ----
23 апр 2026;10:34:39.103 [default-nioEventLoopGroup-1-16] TRACE i.m.h.client.netty.DefaultHttpClient - 
23 апр 2026;10:34:39.103 [default-nioEventLoopGroup-1-16] TRACE i.m.h.client.netty.DefaultHttpClient - ----
23 апр 2026;10:34:39.103 [default-nioEventLoopGroup-1-16] TRACE i.m.h.client.netty.DefaultHttpClient - Full HTTP response received an empty body
23 апр 2026;10:34:39.103 [default-nioEventLoopGroup-1-16] TRACE i.m.h.client.netty.DefaultHttpClient - Unable to convert response body to target type class [B
23 апр 2026;10:34:39.103 [SimpleAsyncTaskExecutor-1] TRACE i.m.h.client.netty.DefaultHttpClient - Unable to convert response body to target type class [B
23 апр 2026;10:34:39.111 [default-nioEventLoopGroup-1-17] DEBUG i.m.h.client.netty.DefaultHttpClient - Sending HTTP GET to http://192.168.0.77:8080/rest/entrypoint/branches/6/visits/182058/
23 апр 2026;10:34:39.111 [default-nioEventLoopGroup-1-17] TRACE i.m.h.client.netty.DefaultHttpClient - Authorization: Basic c3VwZXJhZG1pbjp1bGFu
23 апр 2026;10:34:39.111 [default-nioEventLoopGroup-1-17] TRACE i.m.h.client.netty.DefaultHttpClient - Cookie: SSOcookie=57b46714-2f27-46b7-9921-8d8de8bba70d
23 апр 2026;10:34:39.111 [default-nioEventLoopGroup-1-17] TRACE i.m.h.client.netty.DefaultHttpClient - host: 192.168.0.77:8080
23 апр 2026;10:34:39.111 [default-nioEventLoopGroup-1-17] TRACE i.m.h.client.netty.DefaultHttpClient - connection: close
23 апр 2026;10:34:39.132 [default-nioEventLoopGroup-1-17] DEBUG i.m.h.client.netty.DefaultHttpClient - Received response 200 from http://192.168.0.77:8080/rest/entrypoint/branches/6/visits/182058/
23 апр 2026;10:34:39.132 [default-nioEventLoopGroup-1-17] TRACE i.m.h.client.netty.DefaultHttpClient - HTTP Client Response Received (200 OK) for Request: GET http://192.168.0.77:8080/rest/entrypoint/branches/6/visits/182058/
23 апр 2026;10:34:39.132 [default-nioEventLoopGroup-1-17] TRACE i.m.h.client.netty.DefaultHttpClient - Cache-Control: no-store, no-cache, max-age=0, must-revalidate
23 апр 2026;10:34:39.132 [default-nioEventLoopGroup-1-17] TRACE i.m.h.client.netty.DefaultHttpClient - X-Powered-By: Undertow/1
23 апр 2026;10:34:39.132 [default-nioEventLoopGroup-1-17] TRACE i.m.h.client.netty.DefaultHttpClient - Server: WildFly/8
23 апр 2026;10:34:39.132 [default-nioEventLoopGroup-1-17] TRACE i.m.h.client.netty.DefaultHttpClient - X-XSS-Protection: 1
23 апр 2026;10:34:39.132 [default-nioEventLoopGroup-1-17] TRACE i.m.h.client.netty.DefaultHttpClient - X-Frame-Options: SAMEORIGIN
23 апр 2026;10:34:39.132 [default-nioEventLoopGroup-1-17] TRACE i.m.h.client.netty.DefaultHttpClient - Content-Security-Policy: default-src *; style-src * 'unsafe-inline'; script-src * 'unsafe-inline' 'unsafe-eval'; img-src * data: 'unsafe-inline'; connect-src * 'unsafe-inline'; frame-src *;
23 апр 2026;10:34:39.132 [default-nioEventLoopGroup-1-17] TRACE i.m.h.client.netty.DefaultHttpClient - Date: Thu, 23 Apr 2026 07:34:39 GMT
23 апр 2026;10:34:39.133 [default-nioEventLoopGroup-1-17] TRACE i.m.h.client.netty.DefaultHttpClient - Connection: close
23 апр 2026;10:34:39.133 [default-nioEventLoopGroup-1-17] TRACE i.m.h.client.netty.DefaultHttpClient - X-Content-Type-Options: nosniff
23 апр 2026;10:34:39.133 [default-nioEventLoopGroup-1-17] TRACE i.m.h.client.netty.DefaultHttpClient - Strict-Transport-Security: max-age=31536000; includeSubDomains
23 апр 2026;10:34:39.133 [default-nioEventLoopGroup-1-17] TRACE i.m.h.client.netty.DefaultHttpClient - Content-Type: application/json
23 апр 2026;10:34:39.133 [default-nioEventLoopGroup-1-17] TRACE i.m.h.client.netty.DefaultHttpClient - content-length: 1616
23 апр 2026;10:34:39.133 [default-nioEventLoopGroup-1-17] TRACE i.m.h.client.netty.DefaultHttpClient - Response Body
23 апр 2026;10:34:39.133 [default-nioEventLoopGroup-1-17] TRACE i.m.h.client.netty.DefaultHttpClient - ----
23 апр 2026;10:34:39.133 [default-nioEventLoopGroup-1-17] TRACE i.m.h.client.netty.DefaultHttpClient - {"id":182058,"checksum":"722344279","ticketId":"A2207","unservedVisitServices":[{"id":191031,"eventTime":"10:33","serviceId":7,"serviceInternalName":"Оккулист","serviceExternalName":"Оккулист","visitDeliveredServices":[],"visitOutcome":null,"outcomeExists":false,"deliveredServiceExists":false},{"id":191032,"eventTime":"10:33","serviceId":6,"serviceInternalName":"Стоматолог","serviceExternalName":"Стоматолог","visitDeliveredServices":[],"visitOutcome":null,"outcomeExists":false,"deliveredServiceExists":false},{"id":191033,"eventTime":"10:33","serviceId":5,"serviceInternalName":"Терапевт","serviceExternalName":"Терапевт","visitDeliveredServices":[],"visitOutcome":null,"outcomeExists":false,"deliveredServiceExists":false},{"id":191034,"eventTime":"10:33","serviceId":4,"serviceInternalName":"Хирург","serviceExternalName":"Хирург","visitDeliveredServices":[],"visitOutcome":null,"outcomeExists":false,"deliveredServiceExists":false}],"currentVisitService":{"id":191030,"eventTime":"10:33","serviceId":4,"serviceInternalName":"Хирург","serviceExternalName":"Хирург","visitDeliveredServices":[],"visitOutcome":null,"outcomeExists":false,"deliveredServiceExists":false},"servedVisitServices":[],"visitMarks":[],"customerIds":[],"waitingTime":53,"totalWaitingTime":0,"timeSinceCalled":0,"recycleAllowed":false,"noshowAllowed":false,"recallAllowed":false,"parameterMap":{"currentQueueOrigId":10,"branchName":"Chat_Bot_Demo","startQueueOrigId":98,"totWaitTime":0},"appointmentId":null,"appointmentTime":null,"branchCurrentTime":"10:34:39"}
23 апр 2026;10:34:39.133 [default-nioEventLoopGroup-1-17] TRACE i.m.h.client.netty.DefaultHttpClient - ----
23 апр 2026;10:34:39.143 [default-nioEventLoopGroup-1-1] DEBUG i.m.h.client.netty.DefaultHttpClient - Sending HTTP GET to http://192.168.0.77:8080/rest/entrypoint/branches/6/visits/182059/
23 апр 2026;10:34:39.143 [default-nioEventLoopGroup-1-1] TRACE i.m.h.client.netty.DefaultHttpClient - Authorization: Basic c3VwZXJhZG1pbjp1bGFu
23 апр 2026;10:34:39.143 [default-nioEventLoopGroup-1-1] TRACE i.m.h.client.netty.DefaultHttpClient - Cookie: SSOcookie=57b46714-2f27-46b7-9921-8d8de8bba70d
23 апр 2026;10:34:39.143 [default-nioEventLoopGroup-1-1] TRACE i.m.h.client.netty.DefaultHttpClient - host: 192.168.0.77:8080
23 апр 2026;10:34:39.143 [default-nioEventLoopGroup-1-1] TRACE i.m.h.client.netty.DefaultHttpClient - connection: close
23 апр 2026;10:34:39.162 [default-nioEventLoopGroup-1-1] DEBUG i.m.h.client.netty.DefaultHttpClient - Received response 200 from http://192.168.0.77:8080/rest/entrypoint/branches/6/visits/182059/
23 апр 2026;10:34:39.162 [default-nioEventLoopGroup-1-1] TRACE i.m.h.client.netty.DefaultHttpClient - HTTP Client Response Received (200 OK) for Request: GET http://192.168.0.77:8080/rest/entrypoint/branches/6/visits/182059/
23 апр 2026;10:34:39.162 [default-nioEventLoopGroup-1-1] TRACE i.m.h.client.netty.DefaultHttpClient - Cache-Control: no-store, no-cache, max-age=0, must-revalidate
23 апр 2026;10:34:39.162 [default-nioEventLoopGroup-1-1] TRACE i.m.h.client.netty.DefaultHttpClient - X-Powered-By: Undertow/1
23 апр 2026;10:34:39.162 [default-nioEventLoopGroup-1-1] TRACE i.m.h.client.netty.DefaultHttpClient - Server: WildFly/8
23 апр 2026;10:34:39.162 [default-nioEventLoopGroup-1-1] TRACE i.m.h.client.netty.DefaultHttpClient - X-XSS-Protection: 1
23 апр 2026;10:34:39.162 [default-nioEventLoopGroup-1-1] TRACE i.m.h.client.netty.DefaultHttpClient - X-Frame-Options: SAMEORIGIN
23 апр 2026;10:34:39.162 [default-nioEventLoopGroup-1-1] TRACE i.m.h.client.netty.DefaultHttpClient - Content-Security-Policy: default-src *; style-src * 'unsafe-inline'; script-src * 'unsafe-inline' 'unsafe-eval'; img-src * data: 'unsafe-inline'; connect-src * 'unsafe-inline'; frame-src *;
23 апр 2026;10:34:39.162 [default-nioEventLoopGroup-1-1] TRACE i.m.h.client.netty.DefaultHttpClient - Date: Thu, 23 Apr 2026 07:34:39 GMT
23 апр 2026;10:34:39.162 [default-nioEventLoopGroup-1-1] TRACE i.m.h.client.netty.DefaultHttpClient - Connection: close
23 апр 2026;10:34:39.162 [default-nioEventLoopGroup-1-1] TRACE i.m.h.client.netty.DefaultHttpClient - X-Content-Type-Options: nosniff
23 апр 2026;10:34:39.162 [default-nioEventLoopGroup-1-1] TRACE i.m.h.client.netty.DefaultHttpClient - Strict-Transport-Security: max-age=31536000; includeSubDomains
23 апр 2026;10:34:39.162 [default-nioEventLoopGroup-1-1] TRACE i.m.h.client.netty.DefaultHttpClient - Content-Type: application/json
23 апр 2026;10:34:39.162 [default-nioEventLoopGroup-1-1] TRACE i.m.h.client.netty.DefaultHttpClient - content-length: 1654
23 апр 2026;10:34:39.162 [default-nioEventLoopGroup-1-1] TRACE i.m.h.client.netty.DefaultHttpClient - Response Body
23 апр 2026;10:34:39.162 [default-nioEventLoopGroup-1-1] TRACE i.m.h.client.netty.DefaultHttpClient - ----
23 апр 2026;10:34:39.162 [default-nioEventLoopGroup-1-1] TRACE i.m.h.client.netty.DefaultHttpClient - {"id":182059,"checksum":"1237375067","ticketId":"A2208","unservedVisitServices":[{"id":191036,"eventTime":"10:33","serviceId":7,"serviceInternalName":"Оккулист","serviceExternalName":"Оккулист","visitDeliveredServices":[],"visitOutcome":null,"outcomeExists":false,"deliveredServiceExists":false},{"id":191037,"eventTime":"10:33","serviceId":6,"serviceInternalName":"Стоматолог","serviceExternalName":"Стоматолог","visitDeliveredServices":[],"visitOutcome":null,"outcomeExists":false,"deliveredServiceExists":false},{"id":191038,"eventTime":"10:33","serviceId":5,"serviceInternalName":"Терапевт","serviceExternalName":"Терапевт","visitDeliveredServices":[],"visitOutcome":null,"outcomeExists":false,"deliveredServiceExists":false},{"id":191039,"eventTime":"10:33","serviceId":4,"serviceInternalName":"Хирург","serviceExternalName":"Хирург","visitDeliveredServices":[],"visitOutcome":null,"outcomeExists":false,"deliveredServiceExists":false}],"currentVisitService":{"id":191035,"eventTime":"10:33","serviceId":72,"serviceInternalName":"Врач не назначен","serviceExternalName":"Врач не назначен","visitDeliveredServices":[],"visitOutcome":null,"outcomeExists":false,"deliveredServiceExists":false},"servedVisitServices":[],"visitMarks":[],"customerIds":[],"waitingTime":52,"totalWaitingTime":0,"timeSinceCalled":0,"recycleAllowed":false,"noshowAllowed":false,"recallAllowed":false,"parameterMap":{"currentQueueOrigId":98,"startQueueOrigId":98,"branchName":"Chat_Bot_Demo","totWaitTime":0},"appointmentId":null,"appointmentTime":null,"branchCurrentTime":"10:34:39"}
23 апр 2026;10:34:39.162 [default-nioEventLoopGroup-1-1] TRACE i.m.h.client.netty.DefaultHttpClient - ----
23 апр 2026;10:34:39.170 [default-nioEventLoopGroup-1-2] DEBUG i.m.h.client.netty.DefaultHttpClient - Sending HTTP GET to http://192.168.0.77:8080/rest/entrypoint/branches/6/visits/182059/
23 апр 2026;10:34:39.171 [default-nioEventLoopGroup-1-2] TRACE i.m.h.client.netty.DefaultHttpClient - Authorization: Basic c3VwZXJhZG1pbjp1bGFu
23 апр 2026;10:34:39.171 [default-nioEventLoopGroup-1-2] TRACE i.m.h.client.netty.DefaultHttpClient - Cookie: SSOcookie=57b46714-2f27-46b7-9921-8d8de8bba70d
23 апр 2026;10:34:39.171 [default-nioEventLoopGroup-1-2] TRACE i.m.h.client.netty.DefaultHttpClient - host: 192.168.0.77:8080
23 апр 2026;10:34:39.171 [default-nioEventLoopGroup-1-2] TRACE i.m.h.client.netty.DefaultHttpClient - connection: close
23 апр 2026;10:34:39.190 [default-nioEventLoopGroup-1-2] DEBUG i.m.h.client.netty.DefaultHttpClient - Received response 200 from http://192.168.0.77:8080/rest/entrypoint/branches/6/visits/182059/
23 апр 2026;10:34:39.190 [default-nioEventLoopGroup-1-2] TRACE i.m.h.client.netty.DefaultHttpClient - HTTP Client Response Received (200 OK) for Request: GET http://192.168.0.77:8080/rest/entrypoint/branches/6/visits/182059/
23 апр 2026;10:34:39.190 [default-nioEventLoopGroup-1-2] TRACE i.m.h.client.netty.DefaultHttpClient - Cache-Control: no-store, no-cache, max-age=0, must-revalidate
23 апр 2026;10:34:39.190 [default-nioEventLoopGroup-1-2] TRACE i.m.h.client.netty.DefaultHttpClient - X-Powered-By: Undertow/1
23 апр 2026;10:34:39.190 [default-nioEventLoopGroup-1-2] TRACE i.m.h.client.netty.DefaultHttpClient - Server: WildFly/8
23 апр 2026;10:34:39.191 [default-nioEventLoopGroup-1-2] TRACE i.m.h.client.netty.DefaultHttpClient - X-XSS-Protection: 1
23 апр 2026;10:34:39.191 [default-nioEventLoopGroup-1-2] TRACE i.m.h.client.netty.DefaultHttpClient - X-Frame-Options: SAMEORIGIN
23 апр 2026;10:34:39.191 [default-nioEventLoopGroup-1-2] TRACE i.m.h.client.netty.DefaultHttpClient - Content-Security-Policy: default-src *; style-src * 'unsafe-inline'; script-src * 'unsafe-inline' 'unsafe-eval'; img-src * data: 'unsafe-inline'; connect-src * 'unsafe-inline'; frame-src *;
23 апр 2026;10:34:39.191 [default-nioEventLoopGroup-1-2] TRACE i.m.h.client.netty.DefaultHttpClient - Date: Thu, 23 Apr 2026 07:34:39 GMT
23 апр 2026;10:34:39.191 [default-nioEventLoopGroup-1-2] TRACE i.m.h.client.netty.DefaultHttpClient - Connection: close
23 апр 2026;10:34:39.191 [default-nioEventLoopGroup-1-2] TRACE i.m.h.client.netty.DefaultHttpClient - X-Content-Type-Options: nosniff
23 апр 2026;10:34:39.191 [default-nioEventLoopGroup-1-2] TRACE i.m.h.client.netty.DefaultHttpClient - Strict-Transport-Security: max-age=31536000; includeSubDomains
23 апр 2026;10:34:39.191 [default-nioEventLoopGroup-1-2] TRACE i.m.h.client.netty.DefaultHttpClient - Content-Type: application/json
23 апр 2026;10:34:39.191 [default-nioEventLoopGroup-1-2] TRACE i.m.h.client.netty.DefaultHttpClient - content-length: 1654
23 апр 2026;10:34:39.191 [default-nioEventLoopGroup-1-2] TRACE i.m.h.client.netty.DefaultHttpClient - Response Body
23 апр 2026;10:34:39.191 [default-nioEventLoopGroup-1-2] TRACE i.m.h.client.netty.DefaultHttpClient - ----
23 апр 2026;10:34:39.191 [default-nioEventLoopGroup-1-2] TRACE i.m.h.client.netty.DefaultHttpClient - {"id":182059,"checksum":"1237375067","ticketId":"A2208","unservedVisitServices":[{"id":191036,"eventTime":"10:33","serviceId":7,"serviceInternalName":"Оккулист","serviceExternalName":"Оккулист","visitDeliveredServices":[],"visitOutcome":null,"outcomeExists":false,"deliveredServiceExists":false},{"id":191037,"eventTime":"10:33","serviceId":6,"serviceInternalName":"Стоматолог","serviceExternalName":"Стоматолог","visitDeliveredServices":[],"visitOutcome":null,"outcomeExists":false,"deliveredServiceExists":false},{"id":191038,"eventTime":"10:33","serviceId":5,"serviceInternalName":"Терапевт","serviceExternalName":"Терапевт","visitDeliveredServices":[],"visitOutcome":null,"outcomeExists":false,"deliveredServiceExists":false},{"id":191039,"eventTime":"10:33","serviceId":4,"serviceInternalName":"Хирург","serviceExternalName":"Хирург","visitDeliveredServices":[],"visitOutcome":null,"outcomeExists":false,"deliveredServiceExists":false}],"currentVisitService":{"id":191035,"eventTime":"10:33","serviceId":72,"serviceInternalName":"Врач не назначен","serviceExternalName":"Врач не назначен","visitDeliveredServices":[],"visitOutcome":null,"outcomeExists":false,"deliveredServiceExists":false},"servedVisitServices":[],"visitMarks":[],"customerIds":[],"waitingTime":52,"totalWaitingTime":0,"timeSinceCalled":0,"recycleAllowed":false,"noshowAllowed":false,"recallAllowed":false,"parameterMap":{"currentQueueOrigId":98,"startQueueOrigId":98,"branchName":"Chat_Bot_Demo","totWaitTime":0},"appointmentId":null,"appointmentTime":null,"branchCurrentTime":"10:34:39"}
23 апр 2026;10:34:39.191 [default-nioEventLoopGroup-1-2] TRACE i.m.h.client.netty.DefaultHttpClient - ----
23 апр 2026;10:34:39.202 [default-nioEventLoopGroup-1-3] DEBUG i.m.h.client.netty.DefaultHttpClient - Sending HTTP PUT to http://192.168.0.77:8080/rest/entrypoint/branches/6/visits/182059/services/4/
23 апр 2026;10:34:39.202 [default-nioEventLoopGroup-1-3] TRACE i.m.h.client.netty.DefaultHttpClient - Authorization: Basic c3VwZXJhZG1pbjp1bGFu
23 апр 2026;10:34:39.203 [default-nioEventLoopGroup-1-3] TRACE i.m.h.client.netty.DefaultHttpClient - Content-Type: application/json
23 апр 2026;10:34:39.203 [default-nioEventLoopGroup-1-3] TRACE i.m.h.client.netty.DefaultHttpClient - Accept: application/json
23 апр 2026;10:34:39.203 [default-nioEventLoopGroup-1-3] TRACE i.m.h.client.netty.DefaultHttpClient - host: 192.168.0.77:8080
23 апр 2026;10:34:39.203 [default-nioEventLoopGroup-1-3] TRACE i.m.h.client.netty.DefaultHttpClient - connection: close
23 апр 2026;10:34:39.203 [default-nioEventLoopGroup-1-3] TRACE i.m.h.client.netty.DefaultHttpClient - content-length: 0
23 апр 2026;10:34:39.203 [default-nioEventLoopGroup-1-3] TRACE i.m.h.client.netty.DefaultHttpClient - Request Body
23 апр 2026;10:34:39.203 [default-nioEventLoopGroup-1-3] TRACE i.m.h.client.netty.DefaultHttpClient - ----
23 апр 2026;10:34:39.203 [default-nioEventLoopGroup-1-3] TRACE i.m.h.client.netty.DefaultHttpClient - 
23 апр 2026;10:34:39.203 [default-nioEventLoopGroup-1-3] TRACE i.m.h.client.netty.DefaultHttpClient - ----
23 апр 2026;10:34:39.695 [default-nioEventLoopGroup-1-3] DEBUG i.m.h.client.netty.DefaultHttpClient - Received response 200 from http://192.168.0.77:8080/rest/entrypoint/branches/6/visits/182059/services/4/
23 апр 2026;10:34:39.696 [default-nioEventLoopGroup-1-3] TRACE i.m.h.client.netty.DefaultHttpClient - HTTP Client Response Received (200 OK) for Request: PUT http://192.168.0.77:8080/rest/entrypoint/branches/6/visits/182059/services/4/
23 апр 2026;10:34:39.696 [default-nioEventLoopGroup-1-3] TRACE i.m.h.client.netty.DefaultHttpClient - X-Powered-By: Undertow/1
23 апр 2026;10:34:39.696 [default-nioEventLoopGroup-1-3] TRACE i.m.h.client.netty.DefaultHttpClient - Set-Cookie: SSOcookie=99d76d3e-6fad-4466-8c7a-0c9763195c03; Path=/; HttpOnly
23 апр 2026;10:34:39.696 [default-nioEventLoopGroup-1-3] TRACE i.m.h.client.netty.DefaultHttpClient - Set-Cookie: rememberMe=deleteMe; Path=/; Max-Age=0; Expires=Wed, 22-Apr-2026 07:34:39 GMT
23 апр 2026;10:34:39.696 [default-nioEventLoopGroup-1-3] TRACE i.m.h.client.netty.DefaultHttpClient - Server: WildFly/8
23 апр 2026;10:34:39.696 [default-nioEventLoopGroup-1-3] TRACE i.m.h.client.netty.DefaultHttpClient - X-XSS-Protection: 1
23 апр 2026;10:34:39.696 [default-nioEventLoopGroup-1-3] TRACE i.m.h.client.netty.DefaultHttpClient - X-Frame-Options: SAMEORIGIN
23 апр 2026;10:34:39.696 [default-nioEventLoopGroup-1-3] TRACE i.m.h.client.netty.DefaultHttpClient - Content-Security-Policy: default-src *; style-src * 'unsafe-inline'; script-src * 'unsafe-inline' 'unsafe-eval'; img-src * data: 'unsafe-inline'; connect-src * 'unsafe-inline'; frame-src *;
23 апр 2026;10:34:39.696 [default-nioEventLoopGroup-1-3] TRACE i.m.h.client.netty.DefaultHttpClient - Date: Thu, 23 Apr 2026 07:34:39 GMT
23 апр 2026;10:34:39.696 [default-nioEventLoopGroup-1-3] TRACE i.m.h.client.netty.DefaultHttpClient - Connection: close
23 апр 2026;10:34:39.696 [default-nioEventLoopGroup-1-3] TRACE i.m.h.client.netty.DefaultHttpClient - X-Content-Type-Options: nosniff
23 апр 2026;10:34:39.696 [default-nioEventLoopGroup-1-3] TRACE i.m.h.client.netty.DefaultHttpClient - Strict-Transport-Security: max-age=31536000; includeSubDomains
23 апр 2026;10:34:39.696 [default-nioEventLoopGroup-1-3] TRACE i.m.h.client.netty.DefaultHttpClient - Content-Type: application/json
23 апр 2026;10:34:39.696 [default-nioEventLoopGroup-1-3] TRACE i.m.h.client.netty.DefaultHttpClient - content-length: 1871
23 апр 2026;10:34:39.696 [default-nioEventLoopGroup-1-3] TRACE i.m.h.client.netty.DefaultHttpClient - Response Body
23 апр 2026;10:34:39.696 [default-nioEventLoopGroup-1-3] TRACE i.m.h.client.netty.DefaultHttpClient - ----
23 апр 2026;10:34:39.696 [default-nioEventLoopGroup-1-3] TRACE i.m.h.client.netty.DefaultHttpClient - {"branchId":6,"userState":"INACTIVE","visitState":"OK","servicePointId":1,"servicePointName":"Кабинет 13","servicePointState":"OPEN","visit":{"id":182059,"checksum":"1237375067","ticketId":"A2208","unservedVisitServices":[{"id":191036,"eventTime":"10:33","serviceId":7,"serviceInternalName":"Оккулист","serviceExternalName":"Оккулист","visitDeliveredServices":[],"visitOutcome":null,"outcomeExists":false,"deliveredServiceExists":false},{"id":191037,"eventTime":"10:33","serviceId":6,"serviceInternalName":"Стоматолог","serviceExternalName":"Стоматолог","visitDeliveredServices":[],"visitOutcome":null,"outcomeExists":false,"deliveredServiceExists":false},{"id":191038,"eventTime":"10:33","serviceId":5,"serviceInternalName":"Терапевт","serviceExternalName":"Терапевт","visitDeliveredServices":[],"visitOutcome":null,"outcomeExists":false,"deliveredServiceExists":false},{"id":191039,"eventTime":"10:33","serviceId":4,"serviceInternalName":"Хирург","serviceExternalName":"Хирург","visitDeliveredServices":[],"visitOutcome":null,"outcomeExists":false,"deliveredServiceExists":false}],"currentVisitService":{"id":191035,"eventTime":"10:33","serviceId":4,"serviceInternalName":"Хирург","serviceExternalName":"Хирург","visitDeliveredServices":[],"visitOutcome":null,"outcomeExists":false,"deliveredServiceExists":false},"servedVisitServices":[],"visitMarks":[],"customerIds":[],"waitingTime":52,"totalWaitingTime":0,"timeSinceCalled":0,"recycleAllowed":false,"noshowAllowed":false,"recallAllowed":false,"parameterMap":{"startQueueOrigId":98,"branchName":"Chat_Bot_Demo","totWaitTime":0},"appointmentId":null,"appointmentTime":null,"branchCurrentTime":"10:34:39"},"workProfileId":7,"workProfileName":"Универсал","servicePointDeviceTypes":["POSITIONAL","SW_SERVICE_POINT","Spotlight"]}
23 апр 2026;10:34:39.696 [default-nioEventLoopGroup-1-3] TRACE i.m.h.client.netty.DefaultHttpClient - ----
23 апр 2026;10:34:39.705 [default-nioEventLoopGroup-1-4] DEBUG i.m.h.client.netty.DefaultHttpClient - Sending HTTP PUT to http://192.168.0.77:8080/rest/entrypoint/branches/6/queues/10/visits/
23 апр 2026;10:34:39.705 [default-nioEventLoopGroup-1-4] TRACE i.m.h.client.netty.DefaultHttpClient - Authorization: Basic c3VwZXJhZG1pbjp1bGFu
23 апр 2026;10:34:39.705 [default-nioEventLoopGroup-1-4] TRACE i.m.h.client.netty.DefaultHttpClient - Content-Type: application/json
23 апр 2026;10:34:39.705 [default-nioEventLoopGroup-1-4] TRACE i.m.h.client.netty.DefaultHttpClient - Accept: application/json
23 апр 2026;10:34:39.705 [default-nioEventLoopGroup-1-4] TRACE i.m.h.client.netty.DefaultHttpClient - host: 192.168.0.77:8080
23 апр 2026;10:34:39.705 [default-nioEventLoopGroup-1-4] TRACE i.m.h.client.netty.DefaultHttpClient - connection: close
23 апр 2026;10:34:39.705 [default-nioEventLoopGroup-1-4] TRACE i.m.h.client.netty.DefaultHttpClient - content-length: 46
23 апр 2026;10:34:39.705 [default-nioEventLoopGroup-1-4] TRACE i.m.h.client.netty.DefaultHttpClient - Request Body
23 апр 2026;10:34:39.705 [default-nioEventLoopGroup-1-4] TRACE i.m.h.client.netty.DefaultHttpClient - ----
23 апр 2026;10:34:39.705 [default-nioEventLoopGroup-1-4] TRACE i.m.h.client.netty.DefaultHttpClient - {"visitId":182059,"fromBranchId":6,"fromId":1}
23 апр 2026;10:34:39.705 [default-nioEventLoopGroup-1-4] TRACE i.m.h.client.netty.DefaultHttpClient - ----
23 апр 2026;10:34:40.381 [default-nioEventLoopGroup-1-4] DEBUG i.m.h.client.netty.DefaultHttpClient - Received response 204 from http://192.168.0.77:8080/rest/entrypoint/branches/6/queues/10/visits/
23 апр 2026;10:34:40.381 [default-nioEventLoopGroup-1-4] TRACE i.m.h.client.netty.DefaultHttpClient - HTTP Client Response Received (204 No Content) for Request: PUT http://192.168.0.77:8080/rest/entrypoint/branches/6/queues/10/visits/
23 апр 2026;10:34:40.381 [default-nioEventLoopGroup-1-4] TRACE i.m.h.client.netty.DefaultHttpClient - X-Powered-By: Undertow/1
23 апр 2026;10:34:40.381 [default-nioEventLoopGroup-1-4] TRACE i.m.h.client.netty.DefaultHttpClient - Set-Cookie: SSOcookie=96d75102-e1c6-4802-8e8d-5aa7b4c795c2; Path=/; HttpOnly
23 апр 2026;10:34:40.381 [default-nioEventLoopGroup-1-4] TRACE i.m.h.client.netty.DefaultHttpClient - Set-Cookie: rememberMe=deleteMe; Path=/; Max-Age=0; Expires=Wed, 22-Apr-2026 07:34:40 GMT
23 апр 2026;10:34:40.381 [default-nioEventLoopGroup-1-4] TRACE i.m.h.client.netty.DefaultHttpClient - Server: WildFly/8
23 апр 2026;10:34:40.381 [default-nioEventLoopGroup-1-4] TRACE i.m.h.client.netty.DefaultHttpClient - X-XSS-Protection: 1
23 апр 2026;10:34:40.381 [default-nioEventLoopGroup-1-4] TRACE i.m.h.client.netty.DefaultHttpClient - X-Frame-Options: SAMEORIGIN
23 апр 2026;10:34:40.381 [default-nioEventLoopGroup-1-4] TRACE i.m.h.client.netty.DefaultHttpClient - Content-Security-Policy: default-src *; style-src * 'unsafe-inline'; script-src * 'unsafe-inline' 'unsafe-eval'; img-src * data: 'unsafe-inline'; connect-src * 'unsafe-inline'; frame-src *;
23 апр 2026;10:34:40.381 [default-nioEventLoopGroup-1-4] TRACE i.m.h.client.netty.DefaultHttpClient - Date: Thu, 23 Apr 2026 07:34:40 GMT
23 апр 2026;10:34:40.381 [default-nioEventLoopGroup-1-4] TRACE i.m.h.client.netty.DefaultHttpClient - X-Content-Type-Options: nosniff
23 апр 2026;10:34:40.381 [default-nioEventLoopGroup-1-4] TRACE i.m.h.client.netty.DefaultHttpClient - Strict-Transport-Security: max-age=31536000; includeSubDomains
23 апр 2026;10:34:40.381 [default-nioEventLoopGroup-1-4] TRACE i.m.h.client.netty.DefaultHttpClient - Response Body
23 апр 2026;10:34:40.381 [default-nioEventLoopGroup-1-4] TRACE i.m.h.client.netty.DefaultHttpClient - ----
23 апр 2026;10:34:40.381 [default-nioEventLoopGroup-1-4] TRACE i.m.h.client.netty.DefaultHttpClient - 
23 апр 2026;10:34:40.381 [default-nioEventLoopGroup-1-4] TRACE i.m.h.client.netty.DefaultHttpClient - ----
23 апр 2026;10:34:40.381 [default-nioEventLoopGroup-1-4] TRACE i.m.h.client.netty.DefaultHttpClient - Full HTTP response received an empty body
23 апр 2026;10:34:40.381 [default-nioEventLoopGroup-1-4] TRACE i.m.h.client.netty.DefaultHttpClient - Unable to convert response body to target type class [B
23 апр 2026;10:34:40.381 [SimpleAsyncTaskExecutor-1] TRACE i.m.h.client.netty.DefaultHttpClient - Unable to convert response body to target type class [B
23 апр 2026;10:34:40.387 [default-nioEventLoopGroup-1-5] DEBUG i.m.h.client.netty.DefaultHttpClient - Sending HTTP GET to http://192.168.0.77:8080/rest/entrypoint/branches/6/visits/182059/
23 апр 2026;10:34:40.387 [default-nioEventLoopGroup-1-5] TRACE i.m.h.client.netty.DefaultHttpClient - Authorization: Basic c3VwZXJhZG1pbjp1bGFu
23 апр 2026;10:34:40.387 [default-nioEventLoopGroup-1-5] TRACE i.m.h.client.netty.DefaultHttpClient - Cookie: SSOcookie=57b46714-2f27-46b7-9921-8d8de8bba70d
23 апр 2026;10:34:40.387 [default-nioEventLoopGroup-1-5] TRACE i.m.h.client.netty.DefaultHttpClient - host: 192.168.0.77:8080
23 апр 2026;10:34:40.387 [default-nioEventLoopGroup-1-5] TRACE i.m.h.client.netty.DefaultHttpClient - connection: close
23 апр 2026;10:34:40.408 [default-nioEventLoopGroup-1-5] DEBUG i.m.h.client.netty.DefaultHttpClient - Received response 200 from http://192.168.0.77:8080/rest/entrypoint/branches/6/visits/182059/
23 апр 2026;10:34:40.408 [default-nioEventLoopGroup-1-5] TRACE i.m.h.client.netty.DefaultHttpClient - HTTP Client Response Received (200 OK) for Request: GET http://192.168.0.77:8080/rest/entrypoint/branches/6/visits/182059/
23 апр 2026;10:34:40.408 [default-nioEventLoopGroup-1-5] TRACE i.m.h.client.netty.DefaultHttpClient - Cache-Control: no-store, no-cache, max-age=0, must-revalidate
23 апр 2026;10:34:40.408 [default-nioEventLoopGroup-1-5] TRACE i.m.h.client.netty.DefaultHttpClient - X-Powered-By: Undertow/1
23 апр 2026;10:34:40.408 [default-nioEventLoopGroup-1-5] TRACE i.m.h.client.netty.DefaultHttpClient - Server: WildFly/8
23 апр 2026;10:34:40.408 [default-nioEventLoopGroup-1-5] TRACE i.m.h.client.netty.DefaultHttpClient - X-XSS-Protection: 1
23 апр 2026;10:34:40.408 [default-nioEventLoopGroup-1-5] TRACE i.m.h.client.netty.DefaultHttpClient - X-Frame-Options: SAMEORIGIN
23 апр 2026;10:34:40.408 [default-nioEventLoopGroup-1-5] TRACE i.m.h.client.netty.DefaultHttpClient - Content-Security-Policy: default-src *; style-src * 'unsafe-inline'; script-src * 'unsafe-inline' 'unsafe-eval'; img-src * data: 'unsafe-inline'; connect-src * 'unsafe-inline'; frame-src *;
23 апр 2026;10:34:40.408 [default-nioEventLoopGroup-1-5] TRACE i.m.h.client.netty.DefaultHttpClient - Date: Thu, 23 Apr 2026 07:34:40 GMT
23 апр 2026;10:34:40.408 [default-nioEventLoopGroup-1-5] TRACE i.m.h.client.netty.DefaultHttpClient - Connection: close
23 апр 2026;10:34:40.408 [default-nioEventLoopGroup-1-5] TRACE i.m.h.client.netty.DefaultHttpClient - X-Content-Type-Options: nosniff
23 апр 2026;10:34:40.408 [default-nioEventLoopGroup-1-5] TRACE i.m.h.client.netty.DefaultHttpClient - Strict-Transport-Security: max-age=31536000; includeSubDomains
23 апр 2026;10:34:40.408 [default-nioEventLoopGroup-1-5] TRACE i.m.h.client.netty.DefaultHttpClient - Content-Type: application/json
23 апр 2026;10:34:40.408 [default-nioEventLoopGroup-1-5] TRACE i.m.h.client.netty.DefaultHttpClient - content-length: 1617
23 апр 2026;10:34:40.408 [default-nioEventLoopGroup-1-5] TRACE i.m.h.client.netty.DefaultHttpClient - Response Body
23 апр 2026;10:34:40.408 [default-nioEventLoopGroup-1-5] TRACE i.m.h.client.netty.DefaultHttpClient - ----
23 апр 2026;10:34:40.408 [default-nioEventLoopGroup-1-5] TRACE i.m.h.client.netty.DefaultHttpClient - {"id":182059,"checksum":"1237375067","ticketId":"A2208","unservedVisitServices":[{"id":191036,"eventTime":"10:33","serviceId":7,"serviceInternalName":"Оккулист","serviceExternalName":"Оккулист","visitDeliveredServices":[],"visitOutcome":null,"outcomeExists":false,"deliveredServiceExists":false},{"id":191037,"eventTime":"10:33","serviceId":6,"serviceInternalName":"Стоматолог","serviceExternalName":"Стоматолог","visitDeliveredServices":[],"visitOutcome":null,"outcomeExists":false,"deliveredServiceExists":false},{"id":191038,"eventTime":"10:33","serviceId":5,"serviceInternalName":"Терапевт","serviceExternalName":"Терапевт","visitDeliveredServices":[],"visitOutcome":null,"outcomeExists":false,"deliveredServiceExists":false},{"id":191039,"eventTime":"10:33","serviceId":4,"serviceInternalName":"Хирург","serviceExternalName":"Хирург","visitDeliveredServices":[],"visitOutcome":null,"outcomeExists":false,"deliveredServiceExists":false}],"currentVisitService":{"id":191035,"eventTime":"10:33","serviceId":4,"serviceInternalName":"Хирург","serviceExternalName":"Хирург","visitDeliveredServices":[],"visitOutcome":null,"outcomeExists":false,"deliveredServiceExists":false},"servedVisitServices":[],"visitMarks":[],"customerIds":[],"waitingTime":54,"totalWaitingTime":0,"timeSinceCalled":0,"recycleAllowed":false,"noshowAllowed":false,"recallAllowed":false,"parameterMap":{"currentQueueOrigId":10,"branchName":"Chat_Bot_Demo","startQueueOrigId":98,"totWaitTime":0},"appointmentId":null,"appointmentTime":null,"branchCurrentTime":"10:34:40"}
23 апр 2026;10:34:40.408 [default-nioEventLoopGroup-1-5] TRACE i.m.h.client.netty.DefaultHttpClient - ----
23 апр 2026;10:35:00.399 [default-nioEventLoopGroup-1-6] DEBUG i.m.h.client.netty.DefaultHttpClient - Sending HTTP GET to http://192.168.0.77:8080/rest/entrypoint/branches/6/queues/98/visits/full/
23 апр 2026;10:35:00.399 [default-nioEventLoopGroup-1-6] TRACE i.m.h.client.netty.DefaultHttpClient - Authorization: Basic c3VwZXJhZG1pbjp1bGFu
23 апр 2026;10:35:00.399 [default-nioEventLoopGroup-1-6] TRACE i.m.h.client.netty.DefaultHttpClient - Cookie: SSOcookie=57b46714-2f27-46b7-9921-8d8de8bba70d
23 апр 2026;10:35:00.399 [default-nioEventLoopGroup-1-6] TRACE i.m.h.client.netty.DefaultHttpClient - host: 192.168.0.77:8080
23 апр 2026;10:35:00.399 [default-nioEventLoopGroup-1-6] TRACE i.m.h.client.netty.DefaultHttpClient - connection: close
23 апр 2026;10:35:00.513 [default-nioEventLoopGroup-1-6] DEBUG i.m.h.client.netty.DefaultHttpClient - Received response 200 from http://192.168.0.77:8080/rest/entrypoint/branches/6/queues/98/visits/full/
23 апр 2026;10:35:00.514 [default-nioEventLoopGroup-1-6] TRACE i.m.h.client.netty.DefaultHttpClient - HTTP Client Response Received (200 OK) for Request: GET http://192.168.0.77:8080/rest/entrypoint/branches/6/queues/98/visits/full/
23 апр 2026;10:35:00.514 [default-nioEventLoopGroup-1-6] TRACE i.m.h.client.netty.DefaultHttpClient - Cache-Control: no-store, no-cache, max-age=0, must-revalidate
23 апр 2026;10:35:00.514 [default-nioEventLoopGroup-1-6] TRACE i.m.h.client.netty.DefaultHttpClient - X-Powered-By: Undertow/1
23 апр 2026;10:35:00.514 [default-nioEventLoopGroup-1-6] TRACE i.m.h.client.netty.DefaultHttpClient - Server: WildFly/8
23 апр 2026;10:35:00.514 [default-nioEventLoopGroup-1-6] TRACE i.m.h.client.netty.DefaultHttpClient - X-XSS-Protection: 1
23 апр 2026;10:35:00.514 [default-nioEventLoopGroup-1-6] TRACE i.m.h.client.netty.DefaultHttpClient - X-Frame-Options: SAMEORIGIN
23 апр 2026;10:35:00.514 [default-nioEventLoopGroup-1-6] TRACE i.m.h.client.netty.DefaultHttpClient - Content-Security-Policy: default-src *; style-src * 'unsafe-inline'; script-src * 'unsafe-inline' 'unsafe-eval'; img-src * data: 'unsafe-inline'; connect-src * 'unsafe-inline'; frame-src *;
23 апр 2026;10:35:00.514 [default-nioEventLoopGroup-1-6] TRACE i.m.h.client.netty.DefaultHttpClient - Date: Thu, 23 Apr 2026 07:35:00 GMT
23 апр 2026;10:35:00.514 [default-nioEventLoopGroup-1-6] TRACE i.m.h.client.netty.DefaultHttpClient - Connection: close
23 апр 2026;10:35:00.514 [default-nioEventLoopGroup-1-6] TRACE i.m.h.client.netty.DefaultHttpClient - X-Content-Type-Options: nosniff
23 апр 2026;10:35:00.514 [default-nioEventLoopGroup-1-6] TRACE i.m.h.client.netty.DefaultHttpClient - Strict-Transport-Security: max-age=31536000; includeSubDomains
23 апр 2026;10:35:00.515 [default-nioEventLoopGroup-1-6] TRACE i.m.h.client.netty.DefaultHttpClient - Content-Type: application/json
23 апр 2026;10:35:00.515 [default-nioEventLoopGroup-1-6] TRACE i.m.h.client.netty.DefaultHttpClient - content-length: 2
23 апр 2026;10:35:00.515 [default-nioEventLoopGroup-1-6] TRACE i.m.h.client.netty.DefaultHttpClient - Response Body
23 апр 2026;10:35:00.515 [default-nioEventLoopGroup-1-6] TRACE i.m.h.client.netty.DefaultHttpClient - ----
23 апр 2026;10:35:00.515 [default-nioEventLoopGroup-1-6] TRACE i.m.h.client.netty.DefaultHttpClient - []
23 апр 2026;10:35:00.515 [default-nioEventLoopGroup-1-6] TRACE i.m.h.client.netty.DefaultHttpClient - ----
23 апр 2026;10:40:00.008 [default-nioEventLoopGroup-1-7] DEBUG i.m.h.client.netty.DefaultHttpClient - Sending HTTP GET to http://192.168.0.77:8080/rest/servicepoint/branches/6/services
23 апр 2026;10:40:00.009 [default-nioEventLoopGroup-1-7] TRACE i.m.h.client.netty.DefaultHttpClient - Authorization: Basic c3VwZXJhZG1pbjp1bGFu
23 апр 2026;10:40:00.009 [default-nioEventLoopGroup-1-7] TRACE i.m.h.client.netty.DefaultHttpClient - Cookie: SSOcookie=57b46714-2f27-46b7-9921-8d8de8bba70d
23 апр 2026;10:40:00.009 [default-nioEventLoopGroup-1-7] TRACE i.m.h.client.netty.DefaultHttpClient - host: 192.168.0.77:8080
23 апр 2026;10:40:00.009 [default-nioEventLoopGroup-1-7] TRACE i.m.h.client.netty.DefaultHttpClient - connection: close
23 апр 2026;10:40:00.019 [default-nioEventLoopGroup-1-7] DEBUG i.m.h.client.netty.DefaultHttpClient - Received response 200 from http://192.168.0.77:8080/rest/servicepoint/branches/6/services
23 апр 2026;10:40:00.019 [default-nioEventLoopGroup-1-7] TRACE i.m.h.client.netty.DefaultHttpClient - HTTP Client Response Received (200 OK) for Request: GET http://192.168.0.77:8080/rest/servicepoint/branches/6/services
23 апр 2026;10:40:00.019 [default-nioEventLoopGroup-1-7] TRACE i.m.h.client.netty.DefaultHttpClient - Cache-Control: no-store, no-cache, max-age=0, must-revalidate
23 апр 2026;10:40:00.019 [default-nioEventLoopGroup-1-7] TRACE i.m.h.client.netty.DefaultHttpClient - X-Powered-By: Undertow/1
23 апр 2026;10:40:00.019 [default-nioEventLoopGroup-1-7] TRACE i.m.h.client.netty.DefaultHttpClient - Server: WildFly/8
23 апр 2026;10:40:00.019 [default-nioEventLoopGroup-1-7] TRACE i.m.h.client.netty.DefaultHttpClient - X-XSS-Protection: 1
23 апр 2026;10:40:00.019 [default-nioEventLoopGroup-1-7] TRACE i.m.h.client.netty.DefaultHttpClient - X-Frame-Options: SAMEORIGIN
23 апр 2026;10:40:00.019 [default-nioEventLoopGroup-1-7] TRACE i.m.h.client.netty.DefaultHttpClient - Content-Security-Policy: default-src *; style-src * 'unsafe-inline'; script-src * 'unsafe-inline' 'unsafe-eval'; img-src * data: 'unsafe-inline'; connect-src * 'unsafe-inline'; frame-src *;
23 апр 2026;10:40:00.019 [default-nioEventLoopGroup-1-7] TRACE i.m.h.client.netty.DefaultHttpClient - Date: Thu, 23 Apr 2026 07:39:59 GMT
23 апр 2026;10:40:00.019 [default-nioEventLoopGroup-1-7] TRACE i.m.h.client.netty.DefaultHttpClient - Connection: close
23 апр 2026;10:40:00.019 [default-nioEventLoopGroup-1-7] TRACE i.m.h.client.netty.DefaultHttpClient - X-Content-Type-Options: nosniff
23 апр 2026;10:40:00.019 [default-nioEventLoopGroup-1-7] TRACE i.m.h.client.netty.DefaultHttpClient - Strict-Transport-Security: max-age=31536000; includeSubDomains
23 апр 2026;10:40:00.019 [default-nioEventLoopGroup-1-7] TRACE i.m.h.client.netty.DefaultHttpClient - Content-Type: application/json
23 апр 2026;10:40:00.019 [default-nioEventLoopGroup-1-7] TRACE i.m.h.client.netty.DefaultHttpClient - content-length: 819
23 апр 2026;10:40:00.019 [default-nioEventLoopGroup-1-7] TRACE i.m.h.client.netty.DefaultHttpClient - Response Body
23 апр 2026;10:40:00.019 [default-nioEventLoopGroup-1-7] TRACE i.m.h.client.netty.DefaultHttpClient - ----
23 апр 2026;10:40:00.019 [default-nioEventLoopGroup-1-7] TRACE i.m.h.client.netty.DefaultHttpClient - [{"id":5,"internalName":"Терапевт","externalName":"Терапевт","internalDescription":null,"externalDescription":null,"targetTransactionTime":0},{"id":4,"internalName":"Хирург","externalName":"Хирург","internalDescription":null,"externalDescription":null,"targetTransactionTime":300},{"id":7,"internalName":"Оккулист","externalName":"Оккулист","internalDescription":null,"externalDescription":null,"targetTransactionTime":0},{"id":6,"internalName":"Стоматолог","externalName":"Стоматолог","internalDescription":null,"externalDescription":null,"targetTransactionTime":300},{"id":72,"internalName":"Врач не назначен","externalName":"Врач не назначен","internalDescription":null,"externalDescription":null,"targetTransactionTime":0}]
23 апр 2026;10:40:00.020 [default-nioEventLoopGroup-1-7] TRACE i.m.h.client.netty.DefaultHttpClient - ----
23 апр 2026;10:40:00.023 [default-nioEventLoopGroup-1-8] DEBUG i.m.h.client.netty.DefaultHttpClient - Sending HTTP GET to http://192.168.0.77:8080/rest/entrypoint/branches/6/services/5/queue
23 апр 2026;10:40:00.023 [default-nioEventLoopGroup-1-8] TRACE i.m.h.client.netty.DefaultHttpClient - Authorization: Basic c3VwZXJhZG1pbjp1bGFu
23 апр 2026;10:40:00.023 [default-nioEventLoopGroup-1-8] TRACE i.m.h.client.netty.DefaultHttpClient - Cookie: SSOcookie=57b46714-2f27-46b7-9921-8d8de8bba70d
23 апр 2026;10:40:00.023 [default-nioEventLoopGroup-1-8] TRACE i.m.h.client.netty.DefaultHttpClient - host: 192.168.0.77:8080
23 апр 2026;10:40:00.023 [default-nioEventLoopGroup-1-8] TRACE i.m.h.client.netty.DefaultHttpClient - connection: close
23 апр 2026;10:40:00.036 [default-nioEventLoopGroup-1-8] DEBUG i.m.h.client.netty.DefaultHttpClient - Received response 200 from http://192.168.0.77:8080/rest/entrypoint/branches/6/services/5/queue
23 апр 2026;10:40:00.036 [default-nioEventLoopGroup-1-8] TRACE i.m.h.client.netty.DefaultHttpClient - HTTP Client Response Received (200 OK) for Request: GET http://192.168.0.77:8080/rest/entrypoint/branches/6/services/5/queue
23 апр 2026;10:40:00.036 [default-nioEventLoopGroup-1-8] TRACE i.m.h.client.netty.DefaultHttpClient - Cache-Control: no-store, no-cache, max-age=0, must-revalidate
23 апр 2026;10:40:00.036 [default-nioEventLoopGroup-1-8] TRACE i.m.h.client.netty.DefaultHttpClient - X-Powered-By: Undertow/1
23 апр 2026;10:40:00.036 [default-nioEventLoopGroup-1-8] TRACE i.m.h.client.netty.DefaultHttpClient - Server: WildFly/8
23 апр 2026;10:40:00.036 [default-nioEventLoopGroup-1-8] TRACE i.m.h.client.netty.DefaultHttpClient - X-XSS-Protection: 1
23 апр 2026;10:40:00.036 [default-nioEventLoopGroup-1-8] TRACE i.m.h.client.netty.DefaultHttpClient - X-Frame-Options: SAMEORIGIN
23 апр 2026;10:40:00.036 [default-nioEventLoopGroup-1-8] TRACE i.m.h.client.netty.DefaultHttpClient - Content-Security-Policy: default-src *; style-src * 'unsafe-inline'; script-src * 'unsafe-inline' 'unsafe-eval'; img-src * data: 'unsafe-inline'; connect-src * 'unsafe-inline'; frame-src *;
23 апр 2026;10:40:00.036 [default-nioEventLoopGroup-1-8] TRACE i.m.h.client.netty.DefaultHttpClient - Date: Thu, 23 Apr 2026 07:39:59 GMT
23 апр 2026;10:40:00.036 [default-nioEventLoopGroup-1-8] TRACE i.m.h.client.netty.DefaultHttpClient - Connection: close
23 апр 2026;10:40:00.036 [default-nioEventLoopGroup-1-8] TRACE i.m.h.client.netty.DefaultHttpClient - X-Content-Type-Options: nosniff
23 апр 2026;10:40:00.036 [default-nioEventLoopGroup-1-8] TRACE i.m.h.client.netty.DefaultHttpClient - Strict-Transport-Security: max-age=31536000; includeSubDomains
23 апр 2026;10:40:00.036 [default-nioEventLoopGroup-1-8] TRACE i.m.h.client.netty.DefaultHttpClient - Content-Type: application/json
23 апр 2026;10:40:00.036 [default-nioEventLoopGroup-1-8] TRACE i.m.h.client.netty.DefaultHttpClient - content-length: 135
23 апр 2026;10:40:00.036 [default-nioEventLoopGroup-1-8] TRACE i.m.h.client.netty.DefaultHttpClient - Response Body
23 апр 2026;10:40:00.036 [default-nioEventLoopGroup-1-8] TRACE i.m.h.client.netty.DefaultHttpClient - ----
23 апр 2026;10:40:00.036 [default-nioEventLoopGroup-1-8] TRACE i.m.h.client.netty.DefaultHttpClient - {"id":9,"name":"Очередь по умолчанию","queueType":"QUEUE","customersWaiting":9,"waitingTime":685310,"serviceLevel":5}
23 апр 2026;10:40:00.036 [default-nioEventLoopGroup-1-8] TRACE i.m.h.client.netty.DefaultHttpClient - ----
23 апр 2026;10:40:00.040 [default-nioEventLoopGroup-1-9] DEBUG i.m.h.client.netty.DefaultHttpClient - Sending HTTP GET to http://192.168.0.77:8080/rest/entrypoint/branches/6/services/4/queue
23 апр 2026;10:40:00.040 [default-nioEventLoopGroup-1-9] TRACE i.m.h.client.netty.DefaultHttpClient - Authorization: Basic c3VwZXJhZG1pbjp1bGFu
23 апр 2026;10:40:00.040 [default-nioEventLoopGroup-1-9] TRACE i.m.h.client.netty.DefaultHttpClient - Cookie: SSOcookie=57b46714-2f27-46b7-9921-8d8de8bba70d
23 апр 2026;10:40:00.040 [default-nioEventLoopGroup-1-9] TRACE i.m.h.client.netty.DefaultHttpClient - host: 192.168.0.77:8080
23 апр 2026;10:40:00.040 [default-nioEventLoopGroup-1-9] TRACE i.m.h.client.netty.DefaultHttpClient - connection: close
23 апр 2026;10:40:00.049 [default-nioEventLoopGroup-1-9] DEBUG i.m.h.client.netty.DefaultHttpClient - Received response 200 from http://192.168.0.77:8080/rest/entrypoint/branches/6/services/4/queue
23 апр 2026;10:40:00.049 [default-nioEventLoopGroup-1-9] TRACE i.m.h.client.netty.DefaultHttpClient - HTTP Client Response Received (200 OK) for Request: GET http://192.168.0.77:8080/rest/entrypoint/branches/6/services/4/queue
23 апр 2026;10:40:00.049 [default-nioEventLoopGroup-1-9] TRACE i.m.h.client.netty.DefaultHttpClient - Cache-Control: no-store, no-cache, max-age=0, must-revalidate
23 апр 2026;10:40:00.049 [default-nioEventLoopGroup-1-9] TRACE i.m.h.client.netty.DefaultHttpClient - X-Powered-By: Undertow/1
23 апр 2026;10:40:00.049 [default-nioEventLoopGroup-1-9] TRACE i.m.h.client.netty.DefaultHttpClient - Server: WildFly/8
23 апр 2026;10:40:00.049 [default-nioEventLoopGroup-1-9] TRACE i.m.h.client.netty.DefaultHttpClient - X-XSS-Protection: 1
23 апр 2026;10:40:00.049 [default-nioEventLoopGroup-1-9] TRACE i.m.h.client.netty.DefaultHttpClient - X-Frame-Options: SAMEORIGIN
23 апр 2026;10:40:00.049 [default-nioEventLoopGroup-1-9] TRACE i.m.h.client.netty.DefaultHttpClient - Content-Security-Policy: default-src *; style-src * 'unsafe-inline'; script-src * 'unsafe-inline' 'unsafe-eval'; img-src * data: 'unsafe-inline'; connect-src * 'unsafe-inline'; frame-src *;
23 апр 2026;10:40:00.049 [default-nioEventLoopGroup-1-9] TRACE i.m.h.client.netty.DefaultHttpClient - Date: Thu, 23 Apr 2026 07:39:59 GMT
23 апр 2026;10:40:00.049 [default-nioEventLoopGroup-1-9] TRACE i.m.h.client.netty.DefaultHttpClient - Connection: close
23 апр 2026;10:40:00.049 [default-nioEventLoopGroup-1-9] TRACE i.m.h.client.netty.DefaultHttpClient - X-Content-Type-Options: nosniff
23 апр 2026;10:40:00.049 [default-nioEventLoopGroup-1-9] TRACE i.m.h.client.netty.DefaultHttpClient - Strict-Transport-Security: max-age=31536000; includeSubDomains
23 апр 2026;10:40:00.049 [default-nioEventLoopGroup-1-9] TRACE i.m.h.client.netty.DefaultHttpClient - Content-Type: application/json
23 апр 2026;10:40:00.049 [default-nioEventLoopGroup-1-9] TRACE i.m.h.client.netty.DefaultHttpClient - content-length: 140
23 апр 2026;10:40:00.049 [default-nioEventLoopGroup-1-9] TRACE i.m.h.client.netty.DefaultHttpClient - Response Body
23 апр 2026;10:40:00.049 [default-nioEventLoopGroup-1-9] TRACE i.m.h.client.netty.DefaultHttpClient - ----
23 апр 2026;10:40:00.049 [default-nioEventLoopGroup-1-9] TRACE i.m.h.client.netty.DefaultHttpClient - {"id":10,"name":"Очередь по умолчанию 2","queueType":"QUEUE","customersWaiting":207,"waitingTime":685386,"serviceLevel":5}
23 апр 2026;10:40:00.049 [default-nioEventLoopGroup-1-9] TRACE i.m.h.client.netty.DefaultHttpClient - ----
23 апр 2026;10:40:00.053 [default-nioEventLoopGroup-1-10] DEBUG i.m.h.client.netty.DefaultHttpClient - Sending HTTP GET to http://192.168.0.77:8080/rest/entrypoint/branches/6/services/7/queue
23 апр 2026;10:40:00.053 [default-nioEventLoopGroup-1-10] TRACE i.m.h.client.netty.DefaultHttpClient - Authorization: Basic c3VwZXJhZG1pbjp1bGFu
23 апр 2026;10:40:00.053 [default-nioEventLoopGroup-1-10] TRACE i.m.h.client.netty.DefaultHttpClient - Cookie: SSOcookie=57b46714-2f27-46b7-9921-8d8de8bba70d
23 апр 2026;10:40:00.053 [default-nioEventLoopGroup-1-10] TRACE i.m.h.client.netty.DefaultHttpClient - host: 192.168.0.77:8080
23 апр 2026;10:40:00.053 [default-nioEventLoopGroup-1-10] TRACE i.m.h.client.netty.DefaultHttpClient - connection: close
23 апр 2026;10:40:00.062 [default-nioEventLoopGroup-1-10] DEBUG i.m.h.client.netty.DefaultHttpClient - Received response 200 from http://192.168.0.77:8080/rest/entrypoint/branches/6/services/7/queue
23 апр 2026;10:40:00.062 [default-nioEventLoopGroup-1-10] TRACE i.m.h.client.netty.DefaultHttpClient - HTTP Client Response Received (200 OK) for Request: GET http://192.168.0.77:8080/rest/entrypoint/branches/6/services/7/queue
23 апр 2026;10:40:00.062 [default-nioEventLoopGroup-1-10] TRACE i.m.h.client.netty.DefaultHttpClient - Cache-Control: no-store, no-cache, max-age=0, must-revalidate
23 апр 2026;10:40:00.062 [default-nioEventLoopGroup-1-10] TRACE i.m.h.client.netty.DefaultHttpClient - X-Powered-By: Undertow/1
23 апр 2026;10:40:00.062 [default-nioEventLoopGroup-1-10] TRACE i.m.h.client.netty.DefaultHttpClient - Server: WildFly/8
23 апр 2026;10:40:00.062 [default-nioEventLoopGroup-1-10] TRACE i.m.h.client.netty.DefaultHttpClient - X-XSS-Protection: 1
23 апр 2026;10:40:00.062 [default-nioEventLoopGroup-1-10] TRACE i.m.h.client.netty.DefaultHttpClient - X-Frame-Options: SAMEORIGIN
23 апр 2026;10:40:00.062 [default-nioEventLoopGroup-1-10] TRACE i.m.h.client.netty.DefaultHttpClient - Content-Security-Policy: default-src *; style-src * 'unsafe-inline'; script-src * 'unsafe-inline' 'unsafe-eval'; img-src * data: 'unsafe-inline'; connect-src * 'unsafe-inline'; frame-src *;
23 апр 2026;10:40:00.062 [default-nioEventLoopGroup-1-10] TRACE i.m.h.client.netty.DefaultHttpClient - Date: Thu, 23 Apr 2026 07:39:59 GMT
23 апр 2026;10:40:00.062 [default-nioEventLoopGroup-1-10] TRACE i.m.h.client.netty.DefaultHttpClient - Connection: close
23 апр 2026;10:40:00.062 [default-nioEventLoopGroup-1-10] TRACE i.m.h.client.netty.DefaultHttpClient - X-Content-Type-Options: nosniff
23 апр 2026;10:40:00.062 [default-nioEventLoopGroup-1-10] TRACE i.m.h.client.netty.DefaultHttpClient - Strict-Transport-Security: max-age=31536000; includeSubDomains
23 апр 2026;10:40:00.062 [default-nioEventLoopGroup-1-10] TRACE i.m.h.client.netty.DefaultHttpClient - Content-Type: application/json
23 апр 2026;10:40:00.062 [default-nioEventLoopGroup-1-10] TRACE i.m.h.client.netty.DefaultHttpClient - content-length: 133
23 апр 2026;10:40:00.062 [default-nioEventLoopGroup-1-10] TRACE i.m.h.client.netty.DefaultHttpClient - Response Body
23 апр 2026;10:40:00.063 [default-nioEventLoopGroup-1-10] TRACE i.m.h.client.netty.DefaultHttpClient - ----
23 апр 2026;10:40:00.063 [default-nioEventLoopGroup-1-10] TRACE i.m.h.client.netty.DefaultHttpClient - {"id":11,"name":"Очередь по умолчанию 3","queueType":"QUEUE","customersWaiting":0,"waitingTime":0,"serviceLevel":5}
23 апр 2026;10:40:00.063 [default-nioEventLoopGroup-1-10] TRACE i.m.h.client.netty.DefaultHttpClient - ----
23 апр 2026;10:40:00.066 [default-nioEventLoopGroup-1-11] DEBUG i.m.h.client.netty.DefaultHttpClient - Sending HTTP GET to http://192.168.0.77:8080/rest/entrypoint/branches/6/services/6/queue
23 апр 2026;10:40:00.066 [default-nioEventLoopGroup-1-11] TRACE i.m.h.client.netty.DefaultHttpClient - Authorization: Basic c3VwZXJhZG1pbjp1bGFu
23 апр 2026;10:40:00.066 [default-nioEventLoopGroup-1-11] TRACE i.m.h.client.netty.DefaultHttpClient - Cookie: SSOcookie=57b46714-2f27-46b7-9921-8d8de8bba70d
23 апр 2026;10:40:00.066 [default-nioEventLoopGroup-1-11] TRACE i.m.h.client.netty.DefaultHttpClient - host: 192.168.0.77:8080
23 апр 2026;10:40:00.066 [default-nioEventLoopGroup-1-11] TRACE i.m.h.client.netty.DefaultHttpClient - connection: close
23 апр 2026;10:40:00.075 [default-nioEventLoopGroup-1-11] DEBUG i.m.h.client.netty.DefaultHttpClient - Received response 200 from http://192.168.0.77:8080/rest/entrypoint/branches/6/services/6/queue
23 апр 2026;10:40:00.075 [default-nioEventLoopGroup-1-11] TRACE i.m.h.client.netty.DefaultHttpClient - HTTP Client Response Received (200 OK) for Request: GET http://192.168.0.77:8080/rest/entrypoint/branches/6/services/6/queue
23 апр 2026;10:40:00.075 [default-nioEventLoopGroup-1-11] TRACE i.m.h.client.netty.DefaultHttpClient - Cache-Control: no-store, no-cache, max-age=0, must-revalidate
23 апр 2026;10:40:00.075 [default-nioEventLoopGroup-1-11] TRACE i.m.h.client.netty.DefaultHttpClient - X-Powered-By: Undertow/1
23 апр 2026;10:40:00.075 [default-nioEventLoopGroup-1-11] TRACE i.m.h.client.netty.DefaultHttpClient - Server: WildFly/8
23 апр 2026;10:40:00.075 [default-nioEventLoopGroup-1-11] TRACE i.m.h.client.netty.DefaultHttpClient - X-XSS-Protection: 1
23 апр 2026;10:40:00.075 [default-nioEventLoopGroup-1-11] TRACE i.m.h.client.netty.DefaultHttpClient - X-Frame-Options: SAMEORIGIN
23 апр 2026;10:40:00.075 [default-nioEventLoopGroup-1-11] TRACE i.m.h.client.netty.DefaultHttpClient - Content-Security-Policy: default-src *; style-src * 'unsafe-inline'; script-src * 'unsafe-inline' 'unsafe-eval'; img-src * data: 'unsafe-inline'; connect-src * 'unsafe-inline'; frame-src *;
23 апр 2026;10:40:00.075 [default-nioEventLoopGroup-1-11] TRACE i.m.h.client.netty.DefaultHttpClient - Date: Thu, 23 Apr 2026 07:39:59 GMT
23 апр 2026;10:40:00.075 [default-nioEventLoopGroup-1-11] TRACE i.m.h.client.netty.DefaultHttpClient - Connection: close
23 апр 2026;10:40:00.075 [default-nioEventLoopGroup-1-11] TRACE i.m.h.client.netty.DefaultHttpClient - X-Content-Type-Options: nosniff
23 апр 2026;10:40:00.075 [default-nioEventLoopGroup-1-11] TRACE i.m.h.client.netty.DefaultHttpClient - Strict-Transport-Security: max-age=31536000; includeSubDomains
23 апр 2026;10:40:00.075 [default-nioEventLoopGroup-1-11] TRACE i.m.h.client.netty.DefaultHttpClient - Content-Type: application/json
23 апр 2026;10:40:00.075 [default-nioEventLoopGroup-1-11] TRACE i.m.h.client.netty.DefaultHttpClient - content-length: 133
23 апр 2026;10:40:00.075 [default-nioEventLoopGroup-1-11] TRACE i.m.h.client.netty.DefaultHttpClient - Response Body
23 апр 2026;10:40:00.075 [default-nioEventLoopGroup-1-11] TRACE i.m.h.client.netty.DefaultHttpClient - ----
23 апр 2026;10:40:00.075 [default-nioEventLoopGroup-1-11] TRACE i.m.h.client.netty.DefaultHttpClient - {"id":12,"name":"Очередь по умолчанию 4","queueType":"QUEUE","customersWaiting":0,"waitingTime":0,"serviceLevel":5}
23 апр 2026;10:40:00.075 [default-nioEventLoopGroup-1-11] TRACE i.m.h.client.netty.DefaultHttpClient - ----
23 апр 2026;10:40:00.079 [default-nioEventLoopGroup-1-12] DEBUG i.m.h.client.netty.DefaultHttpClient - Sending HTTP GET to http://192.168.0.77:8080/rest/entrypoint/branches/6/services/72/queue
23 апр 2026;10:40:00.079 [default-nioEventLoopGroup-1-12] TRACE i.m.h.client.netty.DefaultHttpClient - Authorization: Basic c3VwZXJhZG1pbjp1bGFu
23 апр 2026;10:40:00.079 [default-nioEventLoopGroup-1-12] TRACE i.m.h.client.netty.DefaultHttpClient - Cookie: SSOcookie=57b46714-2f27-46b7-9921-8d8de8bba70d
23 апр 2026;10:40:00.079 [default-nioEventLoopGroup-1-12] TRACE i.m.h.client.netty.DefaultHttpClient - host: 192.168.0.77:8080
23 апр 2026;10:40:00.079 [default-nioEventLoopGroup-1-12] TRACE i.m.h.client.netty.DefaultHttpClient - connection: close
23 апр 2026;10:40:00.087 [default-nioEventLoopGroup-1-12] DEBUG i.m.h.client.netty.DefaultHttpClient - Received response 200 from http://192.168.0.77:8080/rest/entrypoint/branches/6/services/72/queue
23 апр 2026;10:40:00.087 [default-nioEventLoopGroup-1-12] TRACE i.m.h.client.netty.DefaultHttpClient - HTTP Client Response Received (200 OK) for Request: GET http://192.168.0.77:8080/rest/entrypoint/branches/6/services/72/queue
23 апр 2026;10:40:00.087 [default-nioEventLoopGroup-1-12] TRACE i.m.h.client.netty.DefaultHttpClient - Cache-Control: no-store, no-cache, max-age=0, must-revalidate
23 апр 2026;10:40:00.087 [default-nioEventLoopGroup-1-12] TRACE i.m.h.client.netty.DefaultHttpClient - X-Powered-By: Undertow/1
23 апр 2026;10:40:00.087 [default-nioEventLoopGroup-1-12] TRACE i.m.h.client.netty.DefaultHttpClient - Server: WildFly/8
23 апр 2026;10:40:00.087 [default-nioEventLoopGroup-1-12] TRACE i.m.h.client.netty.DefaultHttpClient - X-XSS-Protection: 1
23 апр 2026;10:40:00.087 [default-nioEventLoopGroup-1-12] TRACE i.m.h.client.netty.DefaultHttpClient - X-Frame-Options: SAMEORIGIN
23 апр 2026;10:40:00.087 [default-nioEventLoopGroup-1-12] TRACE i.m.h.client.netty.DefaultHttpClient - Content-Security-Policy: default-src *; style-src * 'unsafe-inline'; script-src * 'unsafe-inline' 'unsafe-eval'; img-src * data: 'unsafe-inline'; connect-src * 'unsafe-inline'; frame-src *;
23 апр 2026;10:40:00.087 [default-nioEventLoopGroup-1-12] TRACE i.m.h.client.netty.DefaultHttpClient - Date: Thu, 23 Apr 2026 07:39:59 GMT
23 апр 2026;10:40:00.087 [default-nioEventLoopGroup-1-12] TRACE i.m.h.client.netty.DefaultHttpClient - Connection: close
23 апр 2026;10:40:00.087 [default-nioEventLoopGroup-1-12] TRACE i.m.h.client.netty.DefaultHttpClient - X-Content-Type-Options: nosniff
23 апр 2026;10:40:00.087 [default-nioEventLoopGroup-1-12] TRACE i.m.h.client.netty.DefaultHttpClient - Strict-Transport-Security: max-age=31536000; includeSubDomains
23 апр 2026;10:40:00.087 [default-nioEventLoopGroup-1-12] TRACE i.m.h.client.netty.DefaultHttpClient - Content-Type: application/json
23 апр 2026;10:40:00.087 [default-nioEventLoopGroup-1-12] TRACE i.m.h.client.netty.DefaultHttpClient - content-length: 123
23 апр 2026;10:40:00.087 [default-nioEventLoopGroup-1-12] TRACE i.m.h.client.netty.DefaultHttpClient - Response Body
23 апр 2026;10:40:00.087 [default-nioEventLoopGroup-1-12] TRACE i.m.h.client.netty.DefaultHttpClient - ----
23 апр 2026;10:40:00.088 [default-nioEventLoopGroup-1-12] TRACE i.m.h.client.netty.DefaultHttpClient - {"id":98,"name":"Врач не назначен","queueType":"QUEUE","customersWaiting":0,"waitingTime":0,"serviceLevel":5}
23 апр 2026;10:40:00.088 [default-nioEventLoopGroup-1-12] TRACE i.m.h.client.netty.DefaultHttpClient - ----
23 апр 2026;10:40:00.091 [default-nioEventLoopGroup-1-14] DEBUG i.m.h.client.netty.DefaultHttpClient - Sending HTTP GET to http://192.168.0.77:8080/rest/servicepoint/branches/6/workProfiles
23 апр 2026;10:40:00.091 [default-nioEventLoopGroup-1-14] TRACE i.m.h.client.netty.DefaultHttpClient - Authorization: Basic c3VwZXJhZG1pbjp1bGFu
23 апр 2026;10:40:00.091 [default-nioEventLoopGroup-1-14] TRACE i.m.h.client.netty.DefaultHttpClient - Cookie: SSOcookie=57b46714-2f27-46b7-9921-8d8de8bba70d
23 апр 2026;10:40:00.091 [default-nioEventLoopGroup-1-14] TRACE i.m.h.client.netty.DefaultHttpClient - host: 192.168.0.77:8080
23 апр 2026;10:40:00.092 [default-nioEventLoopGroup-1-14] TRACE i.m.h.client.netty.DefaultHttpClient - connection: close
23 апр 2026;10:40:00.101 [default-nioEventLoopGroup-1-14] DEBUG i.m.h.client.netty.DefaultHttpClient - Received response 200 from http://192.168.0.77:8080/rest/servicepoint/branches/6/workProfiles
23 апр 2026;10:40:00.101 [default-nioEventLoopGroup-1-14] TRACE i.m.h.client.netty.DefaultHttpClient - HTTP Client Response Received (200 OK) for Request: GET http://192.168.0.77:8080/rest/servicepoint/branches/6/workProfiles
23 апр 2026;10:40:00.101 [default-nioEventLoopGroup-1-14] TRACE i.m.h.client.netty.DefaultHttpClient - Cache-Control: no-store, no-cache, max-age=0, must-revalidate
23 апр 2026;10:40:00.101 [default-nioEventLoopGroup-1-14] TRACE i.m.h.client.netty.DefaultHttpClient - X-Powered-By: Undertow/1
23 апр 2026;10:40:00.101 [default-nioEventLoopGroup-1-14] TRACE i.m.h.client.netty.DefaultHttpClient - Server: WildFly/8
23 апр 2026;10:40:00.101 [default-nioEventLoopGroup-1-14] TRACE i.m.h.client.netty.DefaultHttpClient - X-XSS-Protection: 1
23 апр 2026;10:40:00.101 [default-nioEventLoopGroup-1-14] TRACE i.m.h.client.netty.DefaultHttpClient - X-Frame-Options: SAMEORIGIN
23 апр 2026;10:40:00.101 [default-nioEventLoopGroup-1-14] TRACE i.m.h.client.netty.DefaultHttpClient - Content-Security-Policy: default-src *; style-src * 'unsafe-inline'; script-src * 'unsafe-inline' 'unsafe-eval'; img-src * data: 'unsafe-inline'; connect-src * 'unsafe-inline'; frame-src *;
23 апр 2026;10:40:00.101 [default-nioEventLoopGroup-1-14] TRACE i.m.h.client.netty.DefaultHttpClient - Date: Thu, 23 Apr 2026 07:39:59 GMT
23 апр 2026;10:40:00.101 [default-nioEventLoopGroup-1-14] TRACE i.m.h.client.netty.DefaultHttpClient - Connection: close
23 апр 2026;10:40:00.101 [default-nioEventLoopGroup-1-14] TRACE i.m.h.client.netty.DefaultHttpClient - X-Content-Type-Options: nosniff
23 апр 2026;10:40:00.101 [default-nioEventLoopGroup-1-14] TRACE i.m.h.client.netty.DefaultHttpClient - Strict-Transport-Security: max-age=31536000; includeSubDomains
23 апр 2026;10:40:00.101 [default-nioEventLoopGroup-1-14] TRACE i.m.h.client.netty.DefaultHttpClient - Content-Type: application/json
23 апр 2026;10:40:00.101 [default-nioEventLoopGroup-1-14] TRACE i.m.h.client.netty.DefaultHttpClient - content-length: 87
23 апр 2026;10:40:00.101 [default-nioEventLoopGroup-1-14] TRACE i.m.h.client.netty.DefaultHttpClient - Response Body
23 апр 2026;10:40:00.101 [default-nioEventLoopGroup-1-14] TRACE i.m.h.client.netty.DefaultHttpClient - ----
23 апр 2026;10:40:00.101 [default-nioEventLoopGroup-1-14] TRACE i.m.h.client.netty.DefaultHttpClient - [{"id":8,"name":"Ser1"},{"id":14,"name":"test05"},{"id":7,"name":"Универсал"}]
23 апр 2026;10:40:00.101 [default-nioEventLoopGroup-1-14] TRACE i.m.h.client.netty.DefaultHttpClient - ----
23 апр 2026;10:40:00.105 [default-nioEventLoopGroup-1-15] DEBUG i.m.h.client.netty.DefaultHttpClient - Sending HTTP GET to http://192.168.0.77:8080/rest/servicepoint/branches/6/workProfiles/8/queues
23 апр 2026;10:40:00.105 [default-nioEventLoopGroup-1-15] TRACE i.m.h.client.netty.DefaultHttpClient - Authorization: Basic c3VwZXJhZG1pbjp1bGFu
23 апр 2026;10:40:00.106 [default-nioEventLoopGroup-1-15] TRACE i.m.h.client.netty.DefaultHttpClient - Cookie: SSOcookie=57b46714-2f27-46b7-9921-8d8de8bba70d
23 апр 2026;10:40:00.106 [default-nioEventLoopGroup-1-15] TRACE i.m.h.client.netty.DefaultHttpClient - host: 192.168.0.77:8080
23 апр 2026;10:40:00.106 [default-nioEventLoopGroup-1-15] TRACE i.m.h.client.netty.DefaultHttpClient - connection: close
23 апр 2026;10:40:00.139 [default-nioEventLoopGroup-1-15] DEBUG i.m.h.client.netty.DefaultHttpClient - Received response 200 from http://192.168.0.77:8080/rest/servicepoint/branches/6/workProfiles/8/queues
23 апр 2026;10:40:00.139 [default-nioEventLoopGroup-1-15] TRACE i.m.h.client.netty.DefaultHttpClient - HTTP Client Response Received (200 OK) for Request: GET http://192.168.0.77:8080/rest/servicepoint/branches/6/workProfiles/8/queues
23 апр 2026;10:40:00.139 [default-nioEventLoopGroup-1-15] TRACE i.m.h.client.netty.DefaultHttpClient - Cache-Control: no-store, no-cache, max-age=0, must-revalidate
23 апр 2026;10:40:00.139 [default-nioEventLoopGroup-1-15] TRACE i.m.h.client.netty.DefaultHttpClient - X-Powered-By: Undertow/1
23 апр 2026;10:40:00.139 [default-nioEventLoopGroup-1-15] TRACE i.m.h.client.netty.DefaultHttpClient - Server: WildFly/8
23 апр 2026;10:40:00.139 [default-nioEventLoopGroup-1-15] TRACE i.m.h.client.netty.DefaultHttpClient - X-XSS-Protection: 1
23 апр 2026;10:40:00.139 [default-nioEventLoopGroup-1-15] TRACE i.m.h.client.netty.DefaultHttpClient - X-Frame-Options: SAMEORIGIN
23 апр 2026;10:40:00.139 [default-nioEventLoopGroup-1-15] TRACE i.m.h.client.netty.DefaultHttpClient - Content-Security-Policy: default-src *; style-src * 'unsafe-inline'; script-src * 'unsafe-inline' 'unsafe-eval'; img-src * data: 'unsafe-inline'; connect-src * 'unsafe-inline'; frame-src *;
23 апр 2026;10:40:00.140 [default-nioEventLoopGroup-1-15] TRACE i.m.h.client.netty.DefaultHttpClient - Date: Thu, 23 Apr 2026 07:40:00 GMT
23 апр 2026;10:40:00.140 [default-nioEventLoopGroup-1-15] TRACE i.m.h.client.netty.DefaultHttpClient - Connection: close
23 апр 2026;10:40:00.140 [default-nioEventLoopGroup-1-15] TRACE i.m.h.client.netty.DefaultHttpClient - X-Content-Type-Options: nosniff
23 апр 2026;10:40:00.140 [default-nioEventLoopGroup-1-15] TRACE i.m.h.client.netty.DefaultHttpClient - Strict-Transport-Security: max-age=31536000; includeSubDomains
23 апр 2026;10:40:00.140 [default-nioEventLoopGroup-1-15] TRACE i.m.h.client.netty.DefaultHttpClient - Content-Type: application/json
23 апр 2026;10:40:00.140 [default-nioEventLoopGroup-1-15] TRACE i.m.h.client.netty.DefaultHttpClient - content-length: 137
23 апр 2026;10:40:00.140 [default-nioEventLoopGroup-1-15] TRACE i.m.h.client.netty.DefaultHttpClient - Response Body
23 апр 2026;10:40:00.140 [default-nioEventLoopGroup-1-15] TRACE i.m.h.client.netty.DefaultHttpClient - ----
23 апр 2026;10:40:00.140 [default-nioEventLoopGroup-1-15] TRACE i.m.h.client.netty.DefaultHttpClient - [{"id":9,"name":"Очередь по умолчанию","queueType":"QUEUE","customersWaiting":9,"waitingTime":685310,"serviceLevel":5}]
23 апр 2026;10:40:00.140 [default-nioEventLoopGroup-1-15] TRACE i.m.h.client.netty.DefaultHttpClient - ----
23 апр 2026;10:40:00.145 [default-nioEventLoopGroup-1-16] DEBUG i.m.h.client.netty.DefaultHttpClient - Sending HTTP GET to http://192.168.0.77:8080/rest/servicepoint/branches/6/workProfiles/14/queues
23 апр 2026;10:40:00.145 [default-nioEventLoopGroup-1-16] TRACE i.m.h.client.netty.DefaultHttpClient - Authorization: Basic c3VwZXJhZG1pbjp1bGFu
23 апр 2026;10:40:00.145 [default-nioEventLoopGroup-1-16] TRACE i.m.h.client.netty.DefaultHttpClient - Cookie: SSOcookie=57b46714-2f27-46b7-9921-8d8de8bba70d
23 апр 2026;10:40:00.145 [default-nioEventLoopGroup-1-16] TRACE i.m.h.client.netty.DefaultHttpClient - host: 192.168.0.77:8080
23 апр 2026;10:40:00.145 [default-nioEventLoopGroup-1-16] TRACE i.m.h.client.netty.DefaultHttpClient - connection: close
23 апр 2026;10:40:00.171 [default-nioEventLoopGroup-1-16] DEBUG i.m.h.client.netty.DefaultHttpClient - Received response 200 from http://192.168.0.77:8080/rest/servicepoint/branches/6/workProfiles/14/queues
23 апр 2026;10:40:00.171 [default-nioEventLoopGroup-1-16] TRACE i.m.h.client.netty.DefaultHttpClient - HTTP Client Response Received (200 OK) for Request: GET http://192.168.0.77:8080/rest/servicepoint/branches/6/workProfiles/14/queues
23 апр 2026;10:40:00.171 [default-nioEventLoopGroup-1-16] TRACE i.m.h.client.netty.DefaultHttpClient - Cache-Control: no-store, no-cache, max-age=0, must-revalidate
23 апр 2026;10:40:00.171 [default-nioEventLoopGroup-1-16] TRACE i.m.h.client.netty.DefaultHttpClient - X-Powered-By: Undertow/1
23 апр 2026;10:40:00.171 [default-nioEventLoopGroup-1-16] TRACE i.m.h.client.netty.DefaultHttpClient - Server: WildFly/8
23 апр 2026;10:40:00.171 [default-nioEventLoopGroup-1-16] TRACE i.m.h.client.netty.DefaultHttpClient - X-XSS-Protection: 1
23 апр 2026;10:40:00.171 [default-nioEventLoopGroup-1-16] TRACE i.m.h.client.netty.DefaultHttpClient - X-Frame-Options: SAMEORIGIN
23 апр 2026;10:40:00.171 [default-nioEventLoopGroup-1-16] TRACE i.m.h.client.netty.DefaultHttpClient - Content-Security-Policy: default-src *; style-src * 'unsafe-inline'; script-src * 'unsafe-inline' 'unsafe-eval'; img-src * data: 'unsafe-inline'; connect-src * 'unsafe-inline'; frame-src *;
23 апр 2026;10:40:00.171 [default-nioEventLoopGroup-1-16] TRACE i.m.h.client.netty.DefaultHttpClient - Date: Thu, 23 Apr 2026 07:40:00 GMT
23 апр 2026;10:40:00.171 [default-nioEventLoopGroup-1-16] TRACE i.m.h.client.netty.DefaultHttpClient - Connection: close
23 апр 2026;10:40:00.171 [default-nioEventLoopGroup-1-16] TRACE i.m.h.client.netty.DefaultHttpClient - X-Content-Type-Options: nosniff
23 апр 2026;10:40:00.171 [default-nioEventLoopGroup-1-16] TRACE i.m.h.client.netty.DefaultHttpClient - Strict-Transport-Security: max-age=31536000; includeSubDomains
23 апр 2026;10:40:00.171 [default-nioEventLoopGroup-1-16] TRACE i.m.h.client.netty.DefaultHttpClient - Content-Type: application/json
23 апр 2026;10:40:00.171 [default-nioEventLoopGroup-1-16] TRACE i.m.h.client.netty.DefaultHttpClient - content-length: 278
23 апр 2026;10:40:00.171 [default-nioEventLoopGroup-1-16] TRACE i.m.h.client.netty.DefaultHttpClient - Response Body
23 апр 2026;10:40:00.171 [default-nioEventLoopGroup-1-16] TRACE i.m.h.client.netty.DefaultHttpClient - ----
23 апр 2026;10:40:00.171 [default-nioEventLoopGroup-1-16] TRACE i.m.h.client.netty.DefaultHttpClient - [{"id":9,"name":"Очередь по умолчанию","queueType":"QUEUE","customersWaiting":9,"waitingTime":685311,"serviceLevel":5},{"id":10,"name":"Очередь по умолчанию 2","queueType":"QUEUE","customersWaiting":207,"waitingTime":685387,"serviceLevel":5}]
23 апр 2026;10:40:00.171 [default-nioEventLoopGroup-1-16] TRACE i.m.h.client.netty.DefaultHttpClient - ----
23 апр 2026;10:40:00.177 [default-nioEventLoopGroup-1-17] DEBUG i.m.h.client.netty.DefaultHttpClient - Sending HTTP GET to http://192.168.0.77:8080/rest/servicepoint/branches/6/workProfiles/7/queues
23 апр 2026;10:40:00.177 [default-nioEventLoopGroup-1-17] TRACE i.m.h.client.netty.DefaultHttpClient - Authorization: Basic c3VwZXJhZG1pbjp1bGFu
23 апр 2026;10:40:00.177 [default-nioEventLoopGroup-1-17] TRACE i.m.h.client.netty.DefaultHttpClient - Cookie: SSOcookie=57b46714-2f27-46b7-9921-8d8de8bba70d
23 апр 2026;10:40:00.177 [default-nioEventLoopGroup-1-17] TRACE i.m.h.client.netty.DefaultHttpClient - host: 192.168.0.77:8080
23 апр 2026;10:40:00.177 [default-nioEventLoopGroup-1-17] TRACE i.m.h.client.netty.DefaultHttpClient - connection: close
23 апр 2026;10:40:00.186 [default-nioEventLoopGroup-1-17] DEBUG i.m.h.client.netty.DefaultHttpClient - Received response 200 from http://192.168.0.77:8080/rest/servicepoint/branches/6/workProfiles/7/queues
23 апр 2026;10:40:00.186 [default-nioEventLoopGroup-1-17] TRACE i.m.h.client.netty.DefaultHttpClient - HTTP Client Response Received (200 OK) for Request: GET http://192.168.0.77:8080/rest/servicepoint/branches/6/workProfiles/7/queues
23 апр 2026;10:40:00.186 [default-nioEventLoopGroup-1-17] TRACE i.m.h.client.netty.DefaultHttpClient - Cache-Control: no-store, no-cache, max-age=0, must-revalidate
23 апр 2026;10:40:00.186 [default-nioEventLoopGroup-1-17] TRACE i.m.h.client.netty.DefaultHttpClient - X-Powered-By: Undertow/1
23 апр 2026;10:40:00.186 [default-nioEventLoopGroup-1-17] TRACE i.m.h.client.netty.DefaultHttpClient - Server: WildFly/8
23 апр 2026;10:40:00.186 [default-nioEventLoopGroup-1-17] TRACE i.m.h.client.netty.DefaultHttpClient - X-XSS-Protection: 1
23 апр 2026;10:40:00.186 [default-nioEventLoopGroup-1-17] TRACE i.m.h.client.netty.DefaultHttpClient - X-Frame-Options: SAMEORIGIN
23 апр 2026;10:40:00.186 [default-nioEventLoopGroup-1-17] TRACE i.m.h.client.netty.DefaultHttpClient - Content-Security-Policy: default-src *; style-src * 'unsafe-inline'; script-src * 'unsafe-inline' 'unsafe-eval'; img-src * data: 'unsafe-inline'; connect-src * 'unsafe-inline'; frame-src *;
23 апр 2026;10:40:00.186 [default-nioEventLoopGroup-1-17] TRACE i.m.h.client.netty.DefaultHttpClient - Date: Thu, 23 Apr 2026 07:40:00 GMT
23 апр 2026;10:40:00.186 [default-nioEventLoopGroup-1-17] TRACE i.m.h.client.netty.DefaultHttpClient - Connection: close
23 апр 2026;10:40:00.186 [default-nioEventLoopGroup-1-17] TRACE i.m.h.client.netty.DefaultHttpClient - X-Content-Type-Options: nosniff
23 апр 2026;10:40:00.186 [default-nioEventLoopGroup-1-17] TRACE i.m.h.client.netty.DefaultHttpClient - Strict-Transport-Security: max-age=31536000; includeSubDomains
23 апр 2026;10:40:00.186 [default-nioEventLoopGroup-1-17] TRACE i.m.h.client.netty.DefaultHttpClient - Content-Type: application/json
23 апр 2026;10:40:00.186 [default-nioEventLoopGroup-1-17] TRACE i.m.h.client.netty.DefaultHttpClient - content-length: 546
23 апр 2026;10:40:00.186 [default-nioEventLoopGroup-1-17] TRACE i.m.h.client.netty.DefaultHttpClient - Response Body
23 апр 2026;10:40:00.186 [default-nioEventLoopGroup-1-17] TRACE i.m.h.client.netty.DefaultHttpClient - ----
23 апр 2026;10:40:00.186 [default-nioEventLoopGroup-1-17] TRACE i.m.h.client.netty.DefaultHttpClient - [{"id":11,"name":"Очередь по умолчанию 3","queueType":"QUEUE","customersWaiting":0,"waitingTime":0,"serviceLevel":5},{"id":12,"name":"Очередь по умолчанию 4","queueType":"QUEUE","customersWaiting":0,"waitingTime":0,"serviceLevel":5},{"id":9,"name":"Очередь по умолчанию","queueType":"QUEUE","customersWaiting":9,"waitingTime":685311,"serviceLevel":5},{"id":10,"name":"Очередь по умолчанию 2","queueType":"QUEUE","customersWaiting":207,"waitingTime":685387,"serviceLevel":5}]
23 апр 2026;10:40:00.186 [default-nioEventLoopGroup-1-17] TRACE i.m.h.client.netty.DefaultHttpClient - ----
23 апр 2026;10:40:00.191 [default-nioEventLoopGroup-1-1] DEBUG i.m.h.client.netty.DefaultHttpClient - Sending HTTP GET to http://192.168.0.77:8080/rest/servicepoint/branches/6/queues/
23 апр 2026;10:40:00.191 [default-nioEventLoopGroup-1-1] TRACE i.m.h.client.netty.DefaultHttpClient - Authorization: Basic c3VwZXJhZG1pbjp1bGFu
23 апр 2026;10:40:00.191 [default-nioEventLoopGroup-1-1] TRACE i.m.h.client.netty.DefaultHttpClient - Cookie: SSOcookie=57b46714-2f27-46b7-9921-8d8de8bba70d
23 апр 2026;10:40:00.191 [default-nioEventLoopGroup-1-1] TRACE i.m.h.client.netty.DefaultHttpClient - host: 192.168.0.77:8080
23 апр 2026;10:40:00.191 [default-nioEventLoopGroup-1-1] TRACE i.m.h.client.netty.DefaultHttpClient - connection: close
23 апр 2026;10:40:00.201 [default-nioEventLoopGroup-1-1] DEBUG i.m.h.client.netty.DefaultHttpClient - Received response 200 from http://192.168.0.77:8080/rest/servicepoint/branches/6/queues/
23 апр 2026;10:40:00.201 [default-nioEventLoopGroup-1-1] TRACE i.m.h.client.netty.DefaultHttpClient - HTTP Client Response Received (200 OK) for Request: GET http://192.168.0.77:8080/rest/servicepoint/branches/6/queues/
23 апр 2026;10:40:00.201 [default-nioEventLoopGroup-1-1] TRACE i.m.h.client.netty.DefaultHttpClient - Cache-Control: no-store, no-cache, max-age=0, must-revalidate
23 апр 2026;10:40:00.201 [default-nioEventLoopGroup-1-1] TRACE i.m.h.client.netty.DefaultHttpClient - X-Powered-By: Undertow/1
23 апр 2026;10:40:00.201 [default-nioEventLoopGroup-1-1] TRACE i.m.h.client.netty.DefaultHttpClient - Server: WildFly/8
23 апр 2026;10:40:00.201 [default-nioEventLoopGroup-1-1] TRACE i.m.h.client.netty.DefaultHttpClient - X-XSS-Protection: 1
23 апр 2026;10:40:00.201 [default-nioEventLoopGroup-1-1] TRACE i.m.h.client.netty.DefaultHttpClient - X-Frame-Options: SAMEORIGIN
23 апр 2026;10:40:00.201 [default-nioEventLoopGroup-1-1] TRACE i.m.h.client.netty.DefaultHttpClient - Content-Security-Policy: default-src *; style-src * 'unsafe-inline'; script-src * 'unsafe-inline' 'unsafe-eval'; img-src * data: 'unsafe-inline'; connect-src * 'unsafe-inline'; frame-src *;
23 апр 2026;10:40:00.201 [default-nioEventLoopGroup-1-1] TRACE i.m.h.client.netty.DefaultHttpClient - Date: Thu, 23 Apr 2026 07:40:00 GMT
23 апр 2026;10:40:00.201 [default-nioEventLoopGroup-1-1] TRACE i.m.h.client.netty.DefaultHttpClient - Connection: close
23 апр 2026;10:40:00.201 [default-nioEventLoopGroup-1-1] TRACE i.m.h.client.netty.DefaultHttpClient - X-Content-Type-Options: nosniff
23 апр 2026;10:40:00.201 [default-nioEventLoopGroup-1-1] TRACE i.m.h.client.netty.DefaultHttpClient - Strict-Transport-Security: max-age=31536000; includeSubDomains
23 апр 2026;10:40:00.201 [default-nioEventLoopGroup-1-1] TRACE i.m.h.client.netty.DefaultHttpClient - Content-Type: application/json
23 апр 2026;10:40:00.201 [default-nioEventLoopGroup-1-1] TRACE i.m.h.client.netty.DefaultHttpClient - content-length: 670
23 апр 2026;10:40:00.201 [default-nioEventLoopGroup-1-1] TRACE i.m.h.client.netty.DefaultHttpClient - Response Body
23 апр 2026;10:40:00.201 [default-nioEventLoopGroup-1-1] TRACE i.m.h.client.netty.DefaultHttpClient - ----
23 апр 2026;10:40:00.201 [default-nioEventLoopGroup-1-1] TRACE i.m.h.client.netty.DefaultHttpClient - [{"id":12,"name":"Очередь по умолчанию 4","queueType":"QUEUE","customersWaiting":0,"waitingTime":0,"serviceLevel":5},{"id":9,"name":"Очередь по умолчанию","queueType":"QUEUE","customersWaiting":9,"waitingTime":685311,"serviceLevel":5},{"id":10,"name":"Очередь по умолчанию 2","queueType":"QUEUE","customersWaiting":207,"waitingTime":685387,"serviceLevel":5},{"id":11,"name":"Очередь по умолчанию 3","queueType":"QUEUE","customersWaiting":0,"waitingTime":0,"serviceLevel":5},{"id":98,"name":"Врач не назначен","queueType":"QUEUE","customersWaiting":0,"waitingTime":0,"serviceLevel":5}]
23 апр 2026;10:40:00.201 [default-nioEventLoopGroup-1-1] TRACE i.m.h.client.netty.DefaultHttpClient - ----
23 апр 2026;10:40:00.206 [default-nioEventLoopGroup-1-2] DEBUG i.m.h.client.netty.DefaultHttpClient - Sending HTTP GET to http://192.168.0.77:8080/rest/managementinformation/v2/branches/6/servicePoints
23 апр 2026;10:40:00.206 [default-nioEventLoopGroup-1-2] TRACE i.m.h.client.netty.DefaultHttpClient - Authorization: Basic c3VwZXJhZG1pbjp1bGFu
23 апр 2026;10:40:00.207 [default-nioEventLoopGroup-1-2] TRACE i.m.h.client.netty.DefaultHttpClient - Cookie: SSOcookie=57b46714-2f27-46b7-9921-8d8de8bba70d
23 апр 2026;10:40:00.207 [default-nioEventLoopGroup-1-2] TRACE i.m.h.client.netty.DefaultHttpClient - host: 192.168.0.77:8080
23 апр 2026;10:40:00.207 [default-nioEventLoopGroup-1-2] TRACE i.m.h.client.netty.DefaultHttpClient - connection: close
23 апр 2026;10:40:00.227 [default-nioEventLoopGroup-1-2] DEBUG i.m.h.client.netty.DefaultHttpClient - Received response 200 from http://192.168.0.77:8080/rest/managementinformation/v2/branches/6/servicePoints
23 апр 2026;10:40:00.227 [default-nioEventLoopGroup-1-2] TRACE i.m.h.client.netty.DefaultHttpClient - HTTP Client Response Received (200 OK) for Request: GET http://192.168.0.77:8080/rest/managementinformation/v2/branches/6/servicePoints
23 апр 2026;10:40:00.227 [default-nioEventLoopGroup-1-2] TRACE i.m.h.client.netty.DefaultHttpClient - Cache-Control: no-store, no-cache, max-age=0, must-revalidate
23 апр 2026;10:40:00.227 [default-nioEventLoopGroup-1-2] TRACE i.m.h.client.netty.DefaultHttpClient - X-Powered-By: Undertow/1
23 апр 2026;10:40:00.227 [default-nioEventLoopGroup-1-2] TRACE i.m.h.client.netty.DefaultHttpClient - Server: WildFly/8
23 апр 2026;10:40:00.227 [default-nioEventLoopGroup-1-2] TRACE i.m.h.client.netty.DefaultHttpClient - X-XSS-Protection: 1
23 апр 2026;10:40:00.227 [default-nioEventLoopGroup-1-2] TRACE i.m.h.client.netty.DefaultHttpClient - X-Frame-Options: SAMEORIGIN
23 апр 2026;10:40:00.227 [default-nioEventLoopGroup-1-2] TRACE i.m.h.client.netty.DefaultHttpClient - Content-Security-Policy: default-src *; style-src * 'unsafe-inline'; script-src * 'unsafe-inline' 'unsafe-eval'; img-src * data: 'unsafe-inline'; connect-src * 'unsafe-inline'; frame-src *;
23 апр 2026;10:40:00.227 [default-nioEventLoopGroup-1-2] TRACE i.m.h.client.netty.DefaultHttpClient - Date: Thu, 23 Apr 2026 07:40:00 GMT
23 апр 2026;10:40:00.227 [default-nioEventLoopGroup-1-2] TRACE i.m.h.client.netty.DefaultHttpClient - Connection: close
23 апр 2026;10:40:00.227 [default-nioEventLoopGroup-1-2] TRACE i.m.h.client.netty.DefaultHttpClient - X-Content-Type-Options: nosniff
23 апр 2026;10:40:00.227 [default-nioEventLoopGroup-1-2] TRACE i.m.h.client.netty.DefaultHttpClient - Strict-Transport-Security: max-age=31536000; includeSubDomains
23 апр 2026;10:40:00.227 [default-nioEventLoopGroup-1-2] TRACE i.m.h.client.netty.DefaultHttpClient - Content-Type: application/json
23 апр 2026;10:40:00.227 [default-nioEventLoopGroup-1-2] TRACE i.m.h.client.netty.DefaultHttpClient - content-length: 853
23 апр 2026;10:40:00.227 [default-nioEventLoopGroup-1-2] TRACE i.m.h.client.netty.DefaultHttpClient - Response Body
23 апр 2026;10:40:00.227 [default-nioEventLoopGroup-1-2] TRACE i.m.h.client.netty.DefaultHttpClient - ----
23 апр 2026;10:40:00.227 [default-nioEventLoopGroup-1-2] TRACE i.m.h.client.netty.DefaultHttpClient - [{"id":120000000006,"name":"Кабинет 13","branchId":6,"branchName":"Chat_Bot_Demo","staffId":1,"staffName":"superadmin","staffFullName":"Super Administrator","workProfileId":7,"workProfileName":"Универсал","currentServiceName":"","currentCustomerName":"","currentTicketNumber":"","currentVisitId":null,"status":"OPEN","currentTransactionTime":0,"customersServed":0,"currentServiceCurrentTransactionTime":0,"serviceTargetTransTime":null},{"id":110000000006,"name":null,"branchId":6,"branchName":"Chat_Bot_Demo","staffId":null,"staffName":null,"staffFullName":null,"workProfileId":null,"workProfileName":null,"currentServiceName":"","currentCustomerName":"","currentTicketNumber":"","currentVisitId":null,"status":"OPEN","currentTransactionTime":0,"customersServed":0,"currentServiceCurrentTransactionTime":0,"serviceTargetTransTime":null}]
23 апр 2026;10:40:00.228 [default-nioEventLoopGroup-1-2] TRACE i.m.h.client.netty.DefaultHttpClient - ----
23 апр 2026;10:40:00.247 [default-nioEventLoopGroup-1-3] DEBUG i.m.h.client.netty.DefaultHttpClient - Sending HTTP GET to http://192.168.0.77:8080/rest/entrypoint/branches/6/queues/98/visits/full/
23 апр 2026;10:40:00.247 [default-nioEventLoopGroup-1-3] TRACE i.m.h.client.netty.DefaultHttpClient - Authorization: Basic c3VwZXJhZG1pbjp1bGFu
23 апр 2026;10:40:00.247 [default-nioEventLoopGroup-1-3] TRACE i.m.h.client.netty.DefaultHttpClient - Cookie: SSOcookie=57b46714-2f27-46b7-9921-8d8de8bba70d
23 апр 2026;10:40:00.247 [default-nioEventLoopGroup-1-3] TRACE i.m.h.client.netty.DefaultHttpClient - host: 192.168.0.77:8080
23 апр 2026;10:40:00.247 [default-nioEventLoopGroup-1-3] TRACE i.m.h.client.netty.DefaultHttpClient - connection: close
23 апр 2026;10:40:00.262 [default-nioEventLoopGroup-1-3] DEBUG i.m.h.client.netty.DefaultHttpClient - Received response 200 from http://192.168.0.77:8080/rest/entrypoint/branches/6/queues/98/visits/full/
23 апр 2026;10:40:00.262 [default-nioEventLoopGroup-1-3] TRACE i.m.h.client.netty.DefaultHttpClient - HTTP Client Response Received (200 OK) for Request: GET http://192.168.0.77:8080/rest/entrypoint/branches/6/queues/98/visits/full/
23 апр 2026;10:40:00.262 [default-nioEventLoopGroup-1-3] TRACE i.m.h.client.netty.DefaultHttpClient - Cache-Control: no-store, no-cache, max-age=0, must-revalidate
23 апр 2026;10:40:00.262 [default-nioEventLoopGroup-1-3] TRACE i.m.h.client.netty.DefaultHttpClient - X-Powered-By: Undertow/1
23 апр 2026;10:40:00.262 [default-nioEventLoopGroup-1-3] TRACE i.m.h.client.netty.DefaultHttpClient - Server: WildFly/8
23 апр 2026;10:40:00.262 [default-nioEventLoopGroup-1-3] TRACE i.m.h.client.netty.DefaultHttpClient - X-XSS-Protection: 1
23 апр 2026;10:40:00.262 [default-nioEventLoopGroup-1-3] TRACE i.m.h.client.netty.DefaultHttpClient - X-Frame-Options: SAMEORIGIN
23 апр 2026;10:40:00.262 [default-nioEventLoopGroup-1-3] TRACE i.m.h.client.netty.DefaultHttpClient - Content-Security-Policy: default-src *; style-src * 'unsafe-inline'; script-src * 'unsafe-inline' 'unsafe-eval'; img-src * data: 'unsafe-inline'; connect-src * 'unsafe-inline'; frame-src *;
23 апр 2026;10:40:00.262 [default-nioEventLoopGroup-1-3] TRACE i.m.h.client.netty.DefaultHttpClient - Date: Thu, 23 Apr 2026 07:40:00 GMT
23 апр 2026;10:40:00.262 [default-nioEventLoopGroup-1-3] TRACE i.m.h.client.netty.DefaultHttpClient - Connection: close
23 апр 2026;10:40:00.262 [default-nioEventLoopGroup-1-3] TRACE i.m.h.client.netty.DefaultHttpClient - X-Content-Type-Options: nosniff
23 апр 2026;10:40:00.262 [default-nioEventLoopGroup-1-3] TRACE i.m.h.client.netty.DefaultHttpClient - Strict-Transport-Security: max-age=31536000; includeSubDomains
23 апр 2026;10:40:00.262 [default-nioEventLoopGroup-1-3] TRACE i.m.h.client.netty.DefaultHttpClient - Content-Type: application/json
23 апр 2026;10:40:00.262 [default-nioEventLoopGroup-1-3] TRACE i.m.h.client.netty.DefaultHttpClient - content-length: 2
23 апр 2026;10:40:00.262 [default-nioEventLoopGroup-1-3] TRACE i.m.h.client.netty.DefaultHttpClient - Response Body
23 апр 2026;10:40:00.262 [default-nioEventLoopGroup-1-3] TRACE i.m.h.client.netty.DefaultHttpClient - ----
23 апр 2026;10:40:00.262 [default-nioEventLoopGroup-1-3] TRACE i.m.h.client.netty.DefaultHttpClient - []
23 апр 2026;10:40:00.262 [default-nioEventLoopGroup-1-3] TRACE i.m.h.client.netty.DefaultHttpClient - ----
23 апр 2026;10:45:00.019 [default-nioEventLoopGroup-1-4] DEBUG i.m.h.client.netty.DefaultHttpClient - Sending HTTP GET to http://192.168.0.77:8080/rest/entrypoint/branches/6/queues/98/visits/full/
23 апр 2026;10:45:00.019 [default-nioEventLoopGroup-1-4] TRACE i.m.h.client.netty.DefaultHttpClient - Authorization: Basic c3VwZXJhZG1pbjp1bGFu
23 апр 2026;10:45:00.019 [default-nioEventLoopGroup-1-4] TRACE i.m.h.client.netty.DefaultHttpClient - Cookie: SSOcookie=57b46714-2f27-46b7-9921-8d8de8bba70d
23 апр 2026;10:45:00.019 [default-nioEventLoopGroup-1-4] TRACE i.m.h.client.netty.DefaultHttpClient - host: 192.168.0.77:8080
23 апр 2026;10:45:00.019 [default-nioEventLoopGroup-1-4] TRACE i.m.h.client.netty.DefaultHttpClient - connection: close
23 апр 2026;10:45:00.034 [default-nioEventLoopGroup-1-4] DEBUG i.m.h.client.netty.DefaultHttpClient - Received response 200 from http://192.168.0.77:8080/rest/entrypoint/branches/6/queues/98/visits/full/
23 апр 2026;10:45:00.035 [default-nioEventLoopGroup-1-4] TRACE i.m.h.client.netty.DefaultHttpClient - HTTP Client Response Received (200 OK) for Request: GET http://192.168.0.77:8080/rest/entrypoint/branches/6/queues/98/visits/full/
23 апр 2026;10:45:00.035 [default-nioEventLoopGroup-1-4] TRACE i.m.h.client.netty.DefaultHttpClient - Cache-Control: no-store, no-cache, max-age=0, must-revalidate
23 апр 2026;10:45:00.035 [default-nioEventLoopGroup-1-4] TRACE i.m.h.client.netty.DefaultHttpClient - X-Powered-By: Undertow/1
23 апр 2026;10:45:00.035 [default-nioEventLoopGroup-1-4] TRACE i.m.h.client.netty.DefaultHttpClient - Server: WildFly/8
23 апр 2026;10:45:00.035 [default-nioEventLoopGroup-1-4] TRACE i.m.h.client.netty.DefaultHttpClient - X-XSS-Protection: 1
23 апр 2026;10:45:00.035 [default-nioEventLoopGroup-1-4] TRACE i.m.h.client.netty.DefaultHttpClient - X-Frame-Options: SAMEORIGIN
23 апр 2026;10:45:00.035 [default-nioEventLoopGroup-1-4] TRACE i.m.h.client.netty.DefaultHttpClient - Content-Security-Policy: default-src *; style-src * 'unsafe-inline'; script-src * 'unsafe-inline' 'unsafe-eval'; img-src * data: 'unsafe-inline'; connect-src * 'unsafe-inline'; frame-src *;
23 апр 2026;10:45:00.035 [default-nioEventLoopGroup-1-4] TRACE i.m.h.client.netty.DefaultHttpClient - Date: Thu, 23 Apr 2026 07:44:59 GMT
23 апр 2026;10:45:00.035 [default-nioEventLoopGroup-1-4] TRACE i.m.h.client.netty.DefaultHttpClient - Connection: close
23 апр 2026;10:45:00.035 [default-nioEventLoopGroup-1-4] TRACE i.m.h.client.netty.DefaultHttpClient - X-Content-Type-Options: nosniff
23 апр 2026;10:45:00.035 [default-nioEventLoopGroup-1-4] TRACE i.m.h.client.netty.DefaultHttpClient - Strict-Transport-Security: max-age=31536000; includeSubDomains
23 апр 2026;10:45:00.035 [default-nioEventLoopGroup-1-4] TRACE i.m.h.client.netty.DefaultHttpClient - Content-Type: application/json
23 апр 2026;10:45:00.035 [default-nioEventLoopGroup-1-4] TRACE i.m.h.client.netty.DefaultHttpClient - content-length: 2
23 апр 2026;10:45:00.035 [default-nioEventLoopGroup-1-4] TRACE i.m.h.client.netty.DefaultHttpClient - Response Body
23 апр 2026;10:45:00.035 [default-nioEventLoopGroup-1-4] TRACE i.m.h.client.netty.DefaultHttpClient - ----
23 апр 2026;10:45:00.035 [default-nioEventLoopGroup-1-4] TRACE i.m.h.client.netty.DefaultHttpClient - []
23 апр 2026;10:45:00.035 [default-nioEventLoopGroup-1-4] TRACE i.m.h.client.netty.DefaultHttpClient - ----
23 апр 2026;10:50:00.007 [default-nioEventLoopGroup-1-5] DEBUG i.m.h.client.netty.DefaultHttpClient - Sending HTTP GET to http://192.168.0.77:8080/rest/servicepoint/branches/6/services
23 апр 2026;10:50:00.008 [default-nioEventLoopGroup-1-5] TRACE i.m.h.client.netty.DefaultHttpClient - Authorization: Basic c3VwZXJhZG1pbjp1bGFu
23 апр 2026;10:50:00.008 [default-nioEventLoopGroup-1-5] TRACE i.m.h.client.netty.DefaultHttpClient - Cookie: SSOcookie=57b46714-2f27-46b7-9921-8d8de8bba70d
23 апр 2026;10:50:00.008 [default-nioEventLoopGroup-1-5] TRACE i.m.h.client.netty.DefaultHttpClient - host: 192.168.0.77:8080
23 апр 2026;10:50:00.008 [default-nioEventLoopGroup-1-5] TRACE i.m.h.client.netty.DefaultHttpClient - connection: close
23 апр 2026;10:50:00.018 [default-nioEventLoopGroup-1-5] DEBUG i.m.h.client.netty.DefaultHttpClient - Received response 200 from http://192.168.0.77:8080/rest/servicepoint/branches/6/services
23 апр 2026;10:50:00.018 [default-nioEventLoopGroup-1-5] TRACE i.m.h.client.netty.DefaultHttpClient - HTTP Client Response Received (200 OK) for Request: GET http://192.168.0.77:8080/rest/servicepoint/branches/6/services
23 апр 2026;10:50:00.018 [default-nioEventLoopGroup-1-5] TRACE i.m.h.client.netty.DefaultHttpClient - Cache-Control: no-store, no-cache, max-age=0, must-revalidate
23 апр 2026;10:50:00.018 [default-nioEventLoopGroup-1-5] TRACE i.m.h.client.netty.DefaultHttpClient - X-Powered-By: Undertow/1
23 апр 2026;10:50:00.018 [default-nioEventLoopGroup-1-5] TRACE i.m.h.client.netty.DefaultHttpClient - Server: WildFly/8
23 апр 2026;10:50:00.018 [default-nioEventLoopGroup-1-5] TRACE i.m.h.client.netty.DefaultHttpClient - X-XSS-Protection: 1
23 апр 2026;10:50:00.018 [default-nioEventLoopGroup-1-5] TRACE i.m.h.client.netty.DefaultHttpClient - X-Frame-Options: SAMEORIGIN
23 апр 2026;10:50:00.018 [default-nioEventLoopGroup-1-5] TRACE i.m.h.client.netty.DefaultHttpClient - Content-Security-Policy: default-src *; style-src * 'unsafe-inline'; script-src * 'unsafe-inline' 'unsafe-eval'; img-src * data: 'unsafe-inline'; connect-src * 'unsafe-inline'; frame-src *;
23 апр 2026;10:50:00.018 [default-nioEventLoopGroup-1-5] TRACE i.m.h.client.netty.DefaultHttpClient - Date: Thu, 23 Apr 2026 07:49:59 GMT
23 апр 2026;10:50:00.018 [default-nioEventLoopGroup-1-5] TRACE i.m.h.client.netty.DefaultHttpClient - Connection: close
23 апр 2026;10:50:00.018 [default-nioEventLoopGroup-1-5] TRACE i.m.h.client.netty.DefaultHttpClient - X-Content-Type-Options: nosniff
23 апр 2026;10:50:00.018 [default-nioEventLoopGroup-1-5] TRACE i.m.h.client.netty.DefaultHttpClient - Strict-Transport-Security: max-age=31536000; includeSubDomains
23 апр 2026;10:50:00.018 [default-nioEventLoopGroup-1-5] TRACE i.m.h.client.netty.DefaultHttpClient - Content-Type: application/json
23 апр 2026;10:50:00.018 [default-nioEventLoopGroup-1-5] TRACE i.m.h.client.netty.DefaultHttpClient - content-length: 819
23 апр 2026;10:50:00.018 [default-nioEventLoopGroup-1-5] TRACE i.m.h.client.netty.DefaultHttpClient - Response Body
23 апр 2026;10:50:00.018 [default-nioEventLoopGroup-1-5] TRACE i.m.h.client.netty.DefaultHttpClient - ----
23 апр 2026;10:50:00.018 [default-nioEventLoopGroup-1-5] TRACE i.m.h.client.netty.DefaultHttpClient - [{"id":5,"internalName":"Терапевт","externalName":"Терапевт","internalDescription":null,"externalDescription":null,"targetTransactionTime":0},{"id":4,"internalName":"Хирург","externalName":"Хирург","internalDescription":null,"externalDescription":null,"targetTransactionTime":300},{"id":7,"internalName":"Оккулист","externalName":"Оккулист","internalDescription":null,"externalDescription":null,"targetTransactionTime":0},{"id":6,"internalName":"Стоматолог","externalName":"Стоматолог","internalDescription":null,"externalDescription":null,"targetTransactionTime":300},{"id":72,"internalName":"Врач не назначен","externalName":"Врач не назначен","internalDescription":null,"externalDescription":null,"targetTransactionTime":0}]
23 апр 2026;10:50:00.018 [default-nioEventLoopGroup-1-5] TRACE i.m.h.client.netty.DefaultHttpClient - ----
23 апр 2026;10:50:00.022 [default-nioEventLoopGroup-1-6] DEBUG i.m.h.client.netty.DefaultHttpClient - Sending HTTP GET to http://192.168.0.77:8080/rest/entrypoint/branches/6/services/5/queue
23 апр 2026;10:50:00.022 [default-nioEventLoopGroup-1-6] TRACE i.m.h.client.netty.DefaultHttpClient - Authorization: Basic c3VwZXJhZG1pbjp1bGFu
23 апр 2026;10:50:00.022 [default-nioEventLoopGroup-1-6] TRACE i.m.h.client.netty.DefaultHttpClient - Cookie: SSOcookie=57b46714-2f27-46b7-9921-8d8de8bba70d
23 апр 2026;10:50:00.022 [default-nioEventLoopGroup-1-6] TRACE i.m.h.client.netty.DefaultHttpClient - host: 192.168.0.77:8080
23 апр 2026;10:50:00.022 [default-nioEventLoopGroup-1-6] TRACE i.m.h.client.netty.DefaultHttpClient - connection: close
23 апр 2026;10:50:00.033 [default-nioEventLoopGroup-1-6] DEBUG i.m.h.client.netty.DefaultHttpClient - Received response 200 from http://192.168.0.77:8080/rest/entrypoint/branches/6/services/5/queue
23 апр 2026;10:50:00.033 [default-nioEventLoopGroup-1-6] TRACE i.m.h.client.netty.DefaultHttpClient - HTTP Client Response Received (200 OK) for Request: GET http://192.168.0.77:8080/rest/entrypoint/branches/6/services/5/queue
23 апр 2026;10:50:00.033 [default-nioEventLoopGroup-1-6] TRACE i.m.h.client.netty.DefaultHttpClient - Cache-Control: no-store, no-cache, max-age=0, must-revalidate
23 апр 2026;10:50:00.033 [default-nioEventLoopGroup-1-6] TRACE i.m.h.client.netty.DefaultHttpClient - X-Powered-By: Undertow/1
23 апр 2026;10:50:00.033 [default-nioEventLoopGroup-1-6] TRACE i.m.h.client.netty.DefaultHttpClient - Server: WildFly/8
23 апр 2026;10:50:00.033 [default-nioEventLoopGroup-1-6] TRACE i.m.h.client.netty.DefaultHttpClient - X-XSS-Protection: 1
23 апр 2026;10:50:00.033 [default-nioEventLoopGroup-1-6] TRACE i.m.h.client.netty.DefaultHttpClient - X-Frame-Options: SAMEORIGIN
23 апр 2026;10:50:00.033 [default-nioEventLoopGroup-1-6] TRACE i.m.h.client.netty.DefaultHttpClient - Content-Security-Policy: default-src *; style-src * 'unsafe-inline'; script-src * 'unsafe-inline' 'unsafe-eval'; img-src * data: 'unsafe-inline'; connect-src * 'unsafe-inline'; frame-src *;
23 апр 2026;10:50:00.033 [default-nioEventLoopGroup-1-6] TRACE i.m.h.client.netty.DefaultHttpClient - Date: Thu, 23 Apr 2026 07:49:59 GMT
23 апр 2026;10:50:00.033 [default-nioEventLoopGroup-1-6] TRACE i.m.h.client.netty.DefaultHttpClient - Connection: close
23 апр 2026;10:50:00.033 [default-nioEventLoopGroup-1-6] TRACE i.m.h.client.netty.DefaultHttpClient - X-Content-Type-Options: nosniff
23 апр 2026;10:50:00.033 [default-nioEventLoopGroup-1-6] TRACE i.m.h.client.netty.DefaultHttpClient - Strict-Transport-Security: max-age=31536000; includeSubDomains
23 апр 2026;10:50:00.033 [default-nioEventLoopGroup-1-6] TRACE i.m.h.client.netty.DefaultHttpClient - Content-Type: application/json
23 апр 2026;10:50:00.033 [default-nioEventLoopGroup-1-6] TRACE i.m.h.client.netty.DefaultHttpClient - content-length: 135
23 апр 2026;10:50:00.033 [default-nioEventLoopGroup-1-6] TRACE i.m.h.client.netty.DefaultHttpClient - Response Body
23 апр 2026;10:50:00.033 [default-nioEventLoopGroup-1-6] TRACE i.m.h.client.netty.DefaultHttpClient - ----
23 апр 2026;10:50:00.033 [default-nioEventLoopGroup-1-6] TRACE i.m.h.client.netty.DefaultHttpClient - {"id":9,"name":"Очередь по умолчанию","queueType":"QUEUE","customersWaiting":9,"waitingTime":685910,"serviceLevel":5}
23 апр 2026;10:50:00.033 [default-nioEventLoopGroup-1-6] TRACE i.m.h.client.netty.DefaultHttpClient - ----
23 апр 2026;10:50:00.037 [default-nioEventLoopGroup-1-7] DEBUG i.m.h.client.netty.DefaultHttpClient - Sending HTTP GET to http://192.168.0.77:8080/rest/entrypoint/branches/6/services/4/queue
23 апр 2026;10:50:00.037 [default-nioEventLoopGroup-1-7] TRACE i.m.h.client.netty.DefaultHttpClient - Authorization: Basic c3VwZXJhZG1pbjp1bGFu
23 апр 2026;10:50:00.037 [default-nioEventLoopGroup-1-7] TRACE i.m.h.client.netty.DefaultHttpClient - Cookie: SSOcookie=57b46714-2f27-46b7-9921-8d8de8bba70d
23 апр 2026;10:50:00.037 [default-nioEventLoopGroup-1-7] TRACE i.m.h.client.netty.DefaultHttpClient - host: 192.168.0.77:8080
23 апр 2026;10:50:00.037 [default-nioEventLoopGroup-1-7] TRACE i.m.h.client.netty.DefaultHttpClient - connection: close
23 апр 2026;10:50:00.046 [default-nioEventLoopGroup-1-7] DEBUG i.m.h.client.netty.DefaultHttpClient - Received response 200 from http://192.168.0.77:8080/rest/entrypoint/branches/6/services/4/queue
23 апр 2026;10:50:00.046 [default-nioEventLoopGroup-1-7] TRACE i.m.h.client.netty.DefaultHttpClient - HTTP Client Response Received (200 OK) for Request: GET http://192.168.0.77:8080/rest/entrypoint/branches/6/services/4/queue
23 апр 2026;10:50:00.046 [default-nioEventLoopGroup-1-7] TRACE i.m.h.client.netty.DefaultHttpClient - Cache-Control: no-store, no-cache, max-age=0, must-revalidate
23 апр 2026;10:50:00.046 [default-nioEventLoopGroup-1-7] TRACE i.m.h.client.netty.DefaultHttpClient - X-Powered-By: Undertow/1
23 апр 2026;10:50:00.046 [default-nioEventLoopGroup-1-7] TRACE i.m.h.client.netty.DefaultHttpClient - Server: WildFly/8
23 апр 2026;10:50:00.046 [default-nioEventLoopGroup-1-7] TRACE i.m.h.client.netty.DefaultHttpClient - X-XSS-Protection: 1
23 апр 2026;10:50:00.046 [default-nioEventLoopGroup-1-7] TRACE i.m.h.client.netty.DefaultHttpClient - X-Frame-Options: SAMEORIGIN
23 апр 2026;10:50:00.046 [default-nioEventLoopGroup-1-7] TRACE i.m.h.client.netty.DefaultHttpClient - Content-Security-Policy: default-src *; style-src * 'unsafe-inline'; script-src * 'unsafe-inline' 'unsafe-eval'; img-src * data: 'unsafe-inline'; connect-src * 'unsafe-inline'; frame-src *;
23 апр 2026;10:50:00.046 [default-nioEventLoopGroup-1-7] TRACE i.m.h.client.netty.DefaultHttpClient - Date: Thu, 23 Apr 2026 07:49:59 GMT
23 апр 2026;10:50:00.046 [default-nioEventLoopGroup-1-7] TRACE i.m.h.client.netty.DefaultHttpClient - Connection: close
23 апр 2026;10:50:00.046 [default-nioEventLoopGroup-1-7] TRACE i.m.h.client.netty.DefaultHttpClient - X-Content-Type-Options: nosniff
23 апр 2026;10:50:00.046 [default-nioEventLoopGroup-1-7] TRACE i.m.h.client.netty.DefaultHttpClient - Strict-Transport-Security: max-age=31536000; includeSubDomains
23 апр 2026;10:50:00.046 [default-nioEventLoopGroup-1-7] TRACE i.m.h.client.netty.DefaultHttpClient - Content-Type: application/json
23 апр 2026;10:50:00.046 [default-nioEventLoopGroup-1-7] TRACE i.m.h.client.netty.DefaultHttpClient - content-length: 140
23 апр 2026;10:50:00.046 [default-nioEventLoopGroup-1-7] TRACE i.m.h.client.netty.DefaultHttpClient - Response Body
23 апр 2026;10:50:00.046 [default-nioEventLoopGroup-1-7] TRACE i.m.h.client.netty.DefaultHttpClient - ----
23 апр 2026;10:50:00.046 [default-nioEventLoopGroup-1-7] TRACE i.m.h.client.netty.DefaultHttpClient - {"id":10,"name":"Очередь по умолчанию 2","queueType":"QUEUE","customersWaiting":207,"waitingTime":685986,"serviceLevel":5}
23 апр 2026;10:50:00.046 [default-nioEventLoopGroup-1-7] TRACE i.m.h.client.netty.DefaultHttpClient - ----
23 апр 2026;10:50:00.050 [default-nioEventLoopGroup-1-8] DEBUG i.m.h.client.netty.DefaultHttpClient - Sending HTTP GET to http://192.168.0.77:8080/rest/entrypoint/branches/6/services/7/queue
23 апр 2026;10:50:00.050 [default-nioEventLoopGroup-1-8] TRACE i.m.h.client.netty.DefaultHttpClient - Authorization: Basic c3VwZXJhZG1pbjp1bGFu
23 апр 2026;10:50:00.050 [default-nioEventLoopGroup-1-8] TRACE i.m.h.client.netty.DefaultHttpClient - Cookie: SSOcookie=57b46714-2f27-46b7-9921-8d8de8bba70d
23 апр 2026;10:50:00.050 [default-nioEventLoopGroup-1-8] TRACE i.m.h.client.netty.DefaultHttpClient - host: 192.168.0.77:8080
23 апр 2026;10:50:00.050 [default-nioEventLoopGroup-1-8] TRACE i.m.h.client.netty.DefaultHttpClient - connection: close
23 апр 2026;10:50:00.059 [default-nioEventLoopGroup-1-8] DEBUG i.m.h.client.netty.DefaultHttpClient - Received response 200 from http://192.168.0.77:8080/rest/entrypoint/branches/6/services/7/queue
23 апр 2026;10:50:00.059 [default-nioEventLoopGroup-1-8] TRACE i.m.h.client.netty.DefaultHttpClient - HTTP Client Response Received (200 OK) for Request: GET http://192.168.0.77:8080/rest/entrypoint/branches/6/services/7/queue
23 апр 2026;10:50:00.059 [default-nioEventLoopGroup-1-8] TRACE i.m.h.client.netty.DefaultHttpClient - Cache-Control: no-store, no-cache, max-age=0, must-revalidate
23 апр 2026;10:50:00.059 [default-nioEventLoopGroup-1-8] TRACE i.m.h.client.netty.DefaultHttpClient - X-Powered-By: Undertow/1
23 апр 2026;10:50:00.059 [default-nioEventLoopGroup-1-8] TRACE i.m.h.client.netty.DefaultHttpClient - Server: WildFly/8
23 апр 2026;10:50:00.059 [default-nioEventLoopGroup-1-8] TRACE i.m.h.client.netty.DefaultHttpClient - X-XSS-Protection: 1
23 апр 2026;10:50:00.059 [default-nioEventLoopGroup-1-8] TRACE i.m.h.client.netty.DefaultHttpClient - X-Frame-Options: SAMEORIGIN
23 апр 2026;10:50:00.059 [default-nioEventLoopGroup-1-8] TRACE i.m.h.client.netty.DefaultHttpClient - Content-Security-Policy: default-src *; style-src * 'unsafe-inline'; script-src * 'unsafe-inline' 'unsafe-eval'; img-src * data: 'unsafe-inline'; connect-src * 'unsafe-inline'; frame-src *;
23 апр 2026;10:50:00.059 [default-nioEventLoopGroup-1-8] TRACE i.m.h.client.netty.DefaultHttpClient - Date: Thu, 23 Apr 2026 07:49:59 GMT
23 апр 2026;10:50:00.059 [default-nioEventLoopGroup-1-8] TRACE i.m.h.client.netty.DefaultHttpClient - Connection: close
23 апр 2026;10:50:00.059 [default-nioEventLoopGroup-1-8] TRACE i.m.h.client.netty.DefaultHttpClient - X-Content-Type-Options: nosniff
23 апр 2026;10:50:00.059 [default-nioEventLoopGroup-1-8] TRACE i.m.h.client.netty.DefaultHttpClient - Strict-Transport-Security: max-age=31536000; includeSubDomains
23 апр 2026;10:50:00.059 [default-nioEventLoopGroup-1-8] TRACE i.m.h.client.netty.DefaultHttpClient - Content-Type: application/json
23 апр 2026;10:50:00.059 [default-nioEventLoopGroup-1-8] TRACE i.m.h.client.netty.DefaultHttpClient - content-length: 133
23 апр 2026;10:50:00.059 [default-nioEventLoopGroup-1-8] TRACE i.m.h.client.netty.DefaultHttpClient - Response Body
23 апр 2026;10:50:00.059 [default-nioEventLoopGroup-1-8] TRACE i.m.h.client.netty.DefaultHttpClient - ----
23 апр 2026;10:50:00.059 [default-nioEventLoopGroup-1-8] TRACE i.m.h.client.netty.DefaultHttpClient - {"id":11,"name":"Очередь по умолчанию 3","queueType":"QUEUE","customersWaiting":0,"waitingTime":0,"serviceLevel":5}
23 апр 2026;10:50:00.059 [default-nioEventLoopGroup-1-8] TRACE i.m.h.client.netty.DefaultHttpClient - ----
23 апр 2026;10:50:00.062 [default-nioEventLoopGroup-1-9] DEBUG i.m.h.client.netty.DefaultHttpClient - Sending HTTP GET to http://192.168.0.77:8080/rest/entrypoint/branches/6/services/6/queue
23 апр 2026;10:50:00.062 [default-nioEventLoopGroup-1-9] TRACE i.m.h.client.netty.DefaultHttpClient - Authorization: Basic c3VwZXJhZG1pbjp1bGFu
23 апр 2026;10:50:00.062 [default-nioEventLoopGroup-1-9] TRACE i.m.h.client.netty.DefaultHttpClient - Cookie: SSOcookie=57b46714-2f27-46b7-9921-8d8de8bba70d
23 апр 2026;10:50:00.062 [default-nioEventLoopGroup-1-9] TRACE i.m.h.client.netty.DefaultHttpClient - host: 192.168.0.77:8080
23 апр 2026;10:50:00.062 [default-nioEventLoopGroup-1-9] TRACE i.m.h.client.netty.DefaultHttpClient - connection: close
23 апр 2026;10:50:00.071 [default-nioEventLoopGroup-1-9] DEBUG i.m.h.client.netty.DefaultHttpClient - Received response 200 from http://192.168.0.77:8080/rest/entrypoint/branches/6/services/6/queue
23 апр 2026;10:50:00.071 [default-nioEventLoopGroup-1-9] TRACE i.m.h.client.netty.DefaultHttpClient - HTTP Client Response Received (200 OK) for Request: GET http://192.168.0.77:8080/rest/entrypoint/branches/6/services/6/queue
23 апр 2026;10:50:00.071 [default-nioEventLoopGroup-1-9] TRACE i.m.h.client.netty.DefaultHttpClient - Cache-Control: no-store, no-cache, max-age=0, must-revalidate
23 апр 2026;10:50:00.071 [default-nioEventLoopGroup-1-9] TRACE i.m.h.client.netty.DefaultHttpClient - X-Powered-By: Undertow/1
23 апр 2026;10:50:00.071 [default-nioEventLoopGroup-1-9] TRACE i.m.h.client.netty.DefaultHttpClient - Server: WildFly/8
23 апр 2026;10:50:00.071 [default-nioEventLoopGroup-1-9] TRACE i.m.h.client.netty.DefaultHttpClient - X-XSS-Protection: 1
23 апр 2026;10:50:00.071 [default-nioEventLoopGroup-1-9] TRACE i.m.h.client.netty.DefaultHttpClient - X-Frame-Options: SAMEORIGIN
23 апр 2026;10:50:00.071 [default-nioEventLoopGroup-1-9] TRACE i.m.h.client.netty.DefaultHttpClient - Content-Security-Policy: default-src *; style-src * 'unsafe-inline'; script-src * 'unsafe-inline' 'unsafe-eval'; img-src * data: 'unsafe-inline'; connect-src * 'unsafe-inline'; frame-src *;
23 апр 2026;10:50:00.071 [default-nioEventLoopGroup-1-9] TRACE i.m.h.client.netty.DefaultHttpClient - Date: Thu, 23 Apr 2026 07:49:59 GMT
23 апр 2026;10:50:00.071 [default-nioEventLoopGroup-1-9] TRACE i.m.h.client.netty.DefaultHttpClient - Connection: close
23 апр 2026;10:50:00.072 [default-nioEventLoopGroup-1-9] TRACE i.m.h.client.netty.DefaultHttpClient - X-Content-Type-Options: nosniff
23 апр 2026;10:50:00.072 [default-nioEventLoopGroup-1-9] TRACE i.m.h.client.netty.DefaultHttpClient - Strict-Transport-Security: max-age=31536000; includeSubDomains
23 апр 2026;10:50:00.072 [default-nioEventLoopGroup-1-9] TRACE i.m.h.client.netty.DefaultHttpClient - Content-Type: application/json
23 апр 2026;10:50:00.072 [default-nioEventLoopGroup-1-9] TRACE i.m.h.client.netty.DefaultHttpClient - content-length: 133
23 апр 2026;10:50:00.072 [default-nioEventLoopGroup-1-9] TRACE i.m.h.client.netty.DefaultHttpClient - Response Body
23 апр 2026;10:50:00.072 [default-nioEventLoopGroup-1-9] TRACE i.m.h.client.netty.DefaultHttpClient - ----
23 апр 2026;10:50:00.072 [default-nioEventLoopGroup-1-9] TRACE i.m.h.client.netty.DefaultHttpClient - {"id":12,"name":"Очередь по умолчанию 4","queueType":"QUEUE","customersWaiting":0,"waitingTime":0,"serviceLevel":5}
23 апр 2026;10:50:00.072 [default-nioEventLoopGroup-1-9] TRACE i.m.h.client.netty.DefaultHttpClient - ----
23 апр 2026;10:50:00.075 [default-nioEventLoopGroup-1-10] DEBUG i.m.h.client.netty.DefaultHttpClient - Sending HTTP GET to http://192.168.0.77:8080/rest/entrypoint/branches/6/services/72/queue
23 апр 2026;10:50:00.075 [default-nioEventLoopGroup-1-10] TRACE i.m.h.client.netty.DefaultHttpClient - Authorization: Basic c3VwZXJhZG1pbjp1bGFu
23 апр 2026;10:50:00.075 [default-nioEventLoopGroup-1-10] TRACE i.m.h.client.netty.DefaultHttpClient - Cookie: SSOcookie=57b46714-2f27-46b7-9921-8d8de8bba70d
23 апр 2026;10:50:00.075 [default-nioEventLoopGroup-1-10] TRACE i.m.h.client.netty.DefaultHttpClient - host: 192.168.0.77:8080
23 апр 2026;10:50:00.075 [default-nioEventLoopGroup-1-10] TRACE i.m.h.client.netty.DefaultHttpClient - connection: close
23 апр 2026;10:50:00.083 [default-nioEventLoopGroup-1-10] DEBUG i.m.h.client.netty.DefaultHttpClient - Received response 200 from http://192.168.0.77:8080/rest/entrypoint/branches/6/services/72/queue
23 апр 2026;10:50:00.084 [default-nioEventLoopGroup-1-10] TRACE i.m.h.client.netty.DefaultHttpClient - HTTP Client Response Received (200 OK) for Request: GET http://192.168.0.77:8080/rest/entrypoint/branches/6/services/72/queue
23 апр 2026;10:50:00.084 [default-nioEventLoopGroup-1-10] TRACE i.m.h.client.netty.DefaultHttpClient - Cache-Control: no-store, no-cache, max-age=0, must-revalidate
23 апр 2026;10:50:00.084 [default-nioEventLoopGroup-1-10] TRACE i.m.h.client.netty.DefaultHttpClient - X-Powered-By: Undertow/1
23 апр 2026;10:50:00.084 [default-nioEventLoopGroup-1-10] TRACE i.m.h.client.netty.DefaultHttpClient - Server: WildFly/8
23 апр 2026;10:50:00.084 [default-nioEventLoopGroup-1-10] TRACE i.m.h.client.netty.DefaultHttpClient - X-XSS-Protection: 1
23 апр 2026;10:50:00.084 [default-nioEventLoopGroup-1-10] TRACE i.m.h.client.netty.DefaultHttpClient - X-Frame-Options: SAMEORIGIN
23 апр 2026;10:50:00.084 [default-nioEventLoopGroup-1-10] TRACE i.m.h.client.netty.DefaultHttpClient - Content-Security-Policy: default-src *; style-src * 'unsafe-inline'; script-src * 'unsafe-inline' 'unsafe-eval'; img-src * data: 'unsafe-inline'; connect-src * 'unsafe-inline'; frame-src *;
23 апр 2026;10:50:00.084 [default-nioEventLoopGroup-1-10] TRACE i.m.h.client.netty.DefaultHttpClient - Date: Thu, 23 Apr 2026 07:49:59 GMT
23 апр 2026;10:50:00.084 [default-nioEventLoopGroup-1-10] TRACE i.m.h.client.netty.DefaultHttpClient - Connection: close
23 апр 2026;10:50:00.084 [default-nioEventLoopGroup-1-10] TRACE i.m.h.client.netty.DefaultHttpClient - X-Content-Type-Options: nosniff
23 апр 2026;10:50:00.084 [default-nioEventLoopGroup-1-10] TRACE i.m.h.client.netty.DefaultHttpClient - Strict-Transport-Security: max-age=31536000; includeSubDomains
23 апр 2026;10:50:00.084 [default-nioEventLoopGroup-1-10] TRACE i.m.h.client.netty.DefaultHttpClient - Content-Type: application/json
23 апр 2026;10:50:00.084 [default-nioEventLoopGroup-1-10] TRACE i.m.h.client.netty.DefaultHttpClient - content-length: 123
23 апр 2026;10:50:00.084 [default-nioEventLoopGroup-1-10] TRACE i.m.h.client.netty.DefaultHttpClient - Response Body
23 апр 2026;10:50:00.084 [default-nioEventLoopGroup-1-10] TRACE i.m.h.client.netty.DefaultHttpClient - ----
23 апр 2026;10:50:00.084 [default-nioEventLoopGroup-1-10] TRACE i.m.h.client.netty.DefaultHttpClient - {"id":98,"name":"Врач не назначен","queueType":"QUEUE","customersWaiting":0,"waitingTime":0,"serviceLevel":5}
23 апр 2026;10:50:00.084 [default-nioEventLoopGroup-1-10] TRACE i.m.h.client.netty.DefaultHttpClient - ----
23 апр 2026;10:50:00.087 [default-nioEventLoopGroup-1-11] DEBUG i.m.h.client.netty.DefaultHttpClient - Sending HTTP GET to http://192.168.0.77:8080/rest/servicepoint/branches/6/workProfiles
23 апр 2026;10:50:00.087 [default-nioEventLoopGroup-1-11] TRACE i.m.h.client.netty.DefaultHttpClient - Authorization: Basic c3VwZXJhZG1pbjp1bGFu
23 апр 2026;10:50:00.087 [default-nioEventLoopGroup-1-11] TRACE i.m.h.client.netty.DefaultHttpClient - Cookie: SSOcookie=57b46714-2f27-46b7-9921-8d8de8bba70d
23 апр 2026;10:50:00.087 [default-nioEventLoopGroup-1-11] TRACE i.m.h.client.netty.DefaultHttpClient - host: 192.168.0.77:8080
23 апр 2026;10:50:00.087 [default-nioEventLoopGroup-1-11] TRACE i.m.h.client.netty.DefaultHttpClient - connection: close
23 апр 2026;10:50:00.112 [default-nioEventLoopGroup-1-11] DEBUG i.m.h.client.netty.DefaultHttpClient - Received response 200 from http://192.168.0.77:8080/rest/servicepoint/branches/6/workProfiles
23 апр 2026;10:50:00.112 [default-nioEventLoopGroup-1-11] TRACE i.m.h.client.netty.DefaultHttpClient - HTTP Client Response Received (200 OK) for Request: GET http://192.168.0.77:8080/rest/servicepoint/branches/6/workProfiles
23 апр 2026;10:50:00.112 [default-nioEventLoopGroup-1-11] TRACE i.m.h.client.netty.DefaultHttpClient - Cache-Control: no-store, no-cache, max-age=0, must-revalidate
23 апр 2026;10:50:00.112 [default-nioEventLoopGroup-1-11] TRACE i.m.h.client.netty.DefaultHttpClient - X-Powered-By: Undertow/1
23 апр 2026;10:50:00.112 [default-nioEventLoopGroup-1-11] TRACE i.m.h.client.netty.DefaultHttpClient - Server: WildFly/8
23 апр 2026;10:50:00.112 [default-nioEventLoopGroup-1-11] TRACE i.m.h.client.netty.DefaultHttpClient - X-XSS-Protection: 1
23 апр 2026;10:50:00.112 [default-nioEventLoopGroup-1-11] TRACE i.m.h.client.netty.DefaultHttpClient - X-Frame-Options: SAMEORIGIN
23 апр 2026;10:50:00.112 [default-nioEventLoopGroup-1-11] TRACE i.m.h.client.netty.DefaultHttpClient - Content-Security-Policy: default-src *; style-src * 'unsafe-inline'; script-src * 'unsafe-inline' 'unsafe-eval'; img-src * data: 'unsafe-inline'; connect-src * 'unsafe-inline'; frame-src *;
23 апр 2026;10:50:00.112 [default-nioEventLoopGroup-1-11] TRACE i.m.h.client.netty.DefaultHttpClient - Date: Thu, 23 Apr 2026 07:50:00 GMT
23 апр 2026;10:50:00.112 [default-nioEventLoopGroup-1-11] TRACE i.m.h.client.netty.DefaultHttpClient - Connection: close
23 апр 2026;10:50:00.112 [default-nioEventLoopGroup-1-11] TRACE i.m.h.client.netty.DefaultHttpClient - X-Content-Type-Options: nosniff
23 апр 2026;10:50:00.112 [default-nioEventLoopGroup-1-11] TRACE i.m.h.client.netty.DefaultHttpClient - Strict-Transport-Security: max-age=31536000; includeSubDomains
23 апр 2026;10:50:00.112 [default-nioEventLoopGroup-1-11] TRACE i.m.h.client.netty.DefaultHttpClient - Content-Type: application/json
23 апр 2026;10:50:00.112 [default-nioEventLoopGroup-1-11] TRACE i.m.h.client.netty.DefaultHttpClient - content-length: 87
23 апр 2026;10:50:00.112 [default-nioEventLoopGroup-1-11] TRACE i.m.h.client.netty.DefaultHttpClient - Response Body
23 апр 2026;10:50:00.112 [default-nioEventLoopGroup-1-11] TRACE i.m.h.client.netty.DefaultHttpClient - ----
23 апр 2026;10:50:00.112 [default-nioEventLoopGroup-1-11] TRACE i.m.h.client.netty.DefaultHttpClient - [{"id":8,"name":"Ser1"},{"id":14,"name":"test05"},{"id":7,"name":"Универсал"}]
23 апр 2026;10:50:00.112 [default-nioEventLoopGroup-1-11] TRACE i.m.h.client.netty.DefaultHttpClient - ----
23 апр 2026;10:50:00.115 [default-nioEventLoopGroup-1-12] DEBUG i.m.h.client.netty.DefaultHttpClient - Sending HTTP GET to http://192.168.0.77:8080/rest/servicepoint/branches/6/workProfiles/8/queues
23 апр 2026;10:50:00.115 [default-nioEventLoopGroup-1-12] TRACE i.m.h.client.netty.DefaultHttpClient - Authorization: Basic c3VwZXJhZG1pbjp1bGFu
23 апр 2026;10:50:00.115 [default-nioEventLoopGroup-1-12] TRACE i.m.h.client.netty.DefaultHttpClient - Cookie: SSOcookie=57b46714-2f27-46b7-9921-8d8de8bba70d
23 апр 2026;10:50:00.115 [default-nioEventLoopGroup-1-12] TRACE i.m.h.client.netty.DefaultHttpClient - host: 192.168.0.77:8080
23 апр 2026;10:50:00.115 [default-nioEventLoopGroup-1-12] TRACE i.m.h.client.netty.DefaultHttpClient - connection: close
23 апр 2026;10:50:00.132 [default-nioEventLoopGroup-1-12] DEBUG i.m.h.client.netty.DefaultHttpClient - Received response 200 from http://192.168.0.77:8080/rest/servicepoint/branches/6/workProfiles/8/queues
23 апр 2026;10:50:00.132 [default-nioEventLoopGroup-1-12] TRACE i.m.h.client.netty.DefaultHttpClient - HTTP Client Response Received (200 OK) for Request: GET http://192.168.0.77:8080/rest/servicepoint/branches/6/workProfiles/8/queues
23 апр 2026;10:50:00.132 [default-nioEventLoopGroup-1-12] TRACE i.m.h.client.netty.DefaultHttpClient - Cache-Control: no-store, no-cache, max-age=0, must-revalidate
23 апр 2026;10:50:00.132 [default-nioEventLoopGroup-1-12] TRACE i.m.h.client.netty.DefaultHttpClient - X-Powered-By: Undertow/1
23 апр 2026;10:50:00.132 [default-nioEventLoopGroup-1-12] TRACE i.m.h.client.netty.DefaultHttpClient - Server: WildFly/8
23 апр 2026;10:50:00.132 [default-nioEventLoopGroup-1-12] TRACE i.m.h.client.netty.DefaultHttpClient - X-XSS-Protection: 1
23 апр 2026;10:50:00.132 [default-nioEventLoopGroup-1-12] TRACE i.m.h.client.netty.DefaultHttpClient - X-Frame-Options: SAMEORIGIN
23 апр 2026;10:50:00.132 [default-nioEventLoopGroup-1-12] TRACE i.m.h.client.netty.DefaultHttpClient - Content-Security-Policy: default-src *; style-src * 'unsafe-inline'; script-src * 'unsafe-inline' 'unsafe-eval'; img-src * data: 'unsafe-inline'; connect-src * 'unsafe-inline'; frame-src *;
23 апр 2026;10:50:00.132 [default-nioEventLoopGroup-1-12] TRACE i.m.h.client.netty.DefaultHttpClient - Date: Thu, 23 Apr 2026 07:50:00 GMT
23 апр 2026;10:50:00.132 [default-nioEventLoopGroup-1-12] TRACE i.m.h.client.netty.DefaultHttpClient - Connection: close
23 апр 2026;10:50:00.132 [default-nioEventLoopGroup-1-12] TRACE i.m.h.client.netty.DefaultHttpClient - X-Content-Type-Options: nosniff
23 апр 2026;10:50:00.132 [default-nioEventLoopGroup-1-12] TRACE i.m.h.client.netty.DefaultHttpClient - Strict-Transport-Security: max-age=31536000; includeSubDomains
23 апр 2026;10:50:00.132 [default-nioEventLoopGroup-1-12] TRACE i.m.h.client.netty.DefaultHttpClient - Content-Type: application/json
23 апр 2026;10:50:00.132 [default-nioEventLoopGroup-1-12] TRACE i.m.h.client.netty.DefaultHttpClient - content-length: 137
23 апр 2026;10:50:00.132 [default-nioEventLoopGroup-1-12] TRACE i.m.h.client.netty.DefaultHttpClient - Response Body
23 апр 2026;10:50:00.132 [default-nioEventLoopGroup-1-12] TRACE i.m.h.client.netty.DefaultHttpClient - ----
23 апр 2026;10:50:00.132 [default-nioEventLoopGroup-1-12] TRACE i.m.h.client.netty.DefaultHttpClient - [{"id":9,"name":"Очередь по умолчанию","queueType":"QUEUE","customersWaiting":9,"waitingTime":685911,"serviceLevel":5}]
23 апр 2026;10:50:00.132 [default-nioEventLoopGroup-1-12] TRACE i.m.h.client.netty.DefaultHttpClient - ----
23 апр 2026;10:50:00.137 [default-nioEventLoopGroup-1-14] DEBUG i.m.h.client.netty.DefaultHttpClient - Sending HTTP GET to http://192.168.0.77:8080/rest/servicepoint/branches/6/workProfiles/14/queues
23 апр 2026;10:50:00.137 [default-nioEventLoopGroup-1-14] TRACE i.m.h.client.netty.DefaultHttpClient - Authorization: Basic c3VwZXJhZG1pbjp1bGFu
23 апр 2026;10:50:00.137 [default-nioEventLoopGroup-1-14] TRACE i.m.h.client.netty.DefaultHttpClient - Cookie: SSOcookie=57b46714-2f27-46b7-9921-8d8de8bba70d
23 апр 2026;10:50:00.137 [default-nioEventLoopGroup-1-14] TRACE i.m.h.client.netty.DefaultHttpClient - host: 192.168.0.77:8080
23 апр 2026;10:50:00.137 [default-nioEventLoopGroup-1-14] TRACE i.m.h.client.netty.DefaultHttpClient - connection: close
23 апр 2026;10:50:00.190 [default-nioEventLoopGroup-1-14] DEBUG i.m.h.client.netty.DefaultHttpClient - Received response 200 from http://192.168.0.77:8080/rest/servicepoint/branches/6/workProfiles/14/queues
23 апр 2026;10:50:00.190 [default-nioEventLoopGroup-1-14] TRACE i.m.h.client.netty.DefaultHttpClient - HTTP Client Response Received (200 OK) for Request: GET http://192.168.0.77:8080/rest/servicepoint/branches/6/workProfiles/14/queues
23 апр 2026;10:50:00.190 [default-nioEventLoopGroup-1-14] TRACE i.m.h.client.netty.DefaultHttpClient - Cache-Control: no-store, no-cache, max-age=0, must-revalidate
23 апр 2026;10:50:00.190 [default-nioEventLoopGroup-1-14] TRACE i.m.h.client.netty.DefaultHttpClient - X-Powered-By: Undertow/1
23 апр 2026;10:50:00.190 [default-nioEventLoopGroup-1-14] TRACE i.m.h.client.netty.DefaultHttpClient - Server: WildFly/8
23 апр 2026;10:50:00.190 [default-nioEventLoopGroup-1-14] TRACE i.m.h.client.netty.DefaultHttpClient - X-XSS-Protection: 1
23 апр 2026;10:50:00.190 [default-nioEventLoopGroup-1-14] TRACE i.m.h.client.netty.DefaultHttpClient - X-Frame-Options: SAMEORIGIN
23 апр 2026;10:50:00.190 [default-nioEventLoopGroup-1-14] TRACE i.m.h.client.netty.DefaultHttpClient - Content-Security-Policy: default-src *; style-src * 'unsafe-inline'; script-src * 'unsafe-inline' 'unsafe-eval'; img-src * data: 'unsafe-inline'; connect-src * 'unsafe-inline'; frame-src *;
23 апр 2026;10:50:00.190 [default-nioEventLoopGroup-1-14] TRACE i.m.h.client.netty.DefaultHttpClient - Date: Thu, 23 Apr 2026 07:50:00 GMT
23 апр 2026;10:50:00.190 [default-nioEventLoopGroup-1-14] TRACE i.m.h.client.netty.DefaultHttpClient - Connection: close
23 апр 2026;10:50:00.190 [default-nioEventLoopGroup-1-14] TRACE i.m.h.client.netty.DefaultHttpClient - X-Content-Type-Options: nosniff
23 апр 2026;10:50:00.190 [default-nioEventLoopGroup-1-14] TRACE i.m.h.client.netty.DefaultHttpClient - Strict-Transport-Security: max-age=31536000; includeSubDomains
23 апр 2026;10:50:00.190 [default-nioEventLoopGroup-1-14] TRACE i.m.h.client.netty.DefaultHttpClient - Content-Type: application/json
23 апр 2026;10:50:00.190 [default-nioEventLoopGroup-1-14] TRACE i.m.h.client.netty.DefaultHttpClient - content-length: 278
23 апр 2026;10:50:00.190 [default-nioEventLoopGroup-1-14] TRACE i.m.h.client.netty.DefaultHttpClient - Response Body
23 апр 2026;10:50:00.190 [default-nioEventLoopGroup-1-14] TRACE i.m.h.client.netty.DefaultHttpClient - ----
23 апр 2026;10:50:00.190 [default-nioEventLoopGroup-1-14] TRACE i.m.h.client.netty.DefaultHttpClient - [{"id":9,"name":"Очередь по умолчанию","queueType":"QUEUE","customersWaiting":9,"waitingTime":685911,"serviceLevel":5},{"id":10,"name":"Очередь по умолчанию 2","queueType":"QUEUE","customersWaiting":207,"waitingTime":685987,"serviceLevel":5}]
23 апр 2026;10:50:00.190 [default-nioEventLoopGroup-1-14] TRACE i.m.h.client.netty.DefaultHttpClient - ----
23 апр 2026;10:50:00.194 [default-nioEventLoopGroup-1-15] DEBUG i.m.h.client.netty.DefaultHttpClient - Sending HTTP GET to http://192.168.0.77:8080/rest/servicepoint/branches/6/workProfiles/7/queues
23 апр 2026;10:50:00.195 [default-nioEventLoopGroup-1-15] TRACE i.m.h.client.netty.DefaultHttpClient - Authorization: Basic c3VwZXJhZG1pbjp1bGFu
23 апр 2026;10:50:00.195 [default-nioEventLoopGroup-1-15] TRACE i.m.h.client.netty.DefaultHttpClient - Cookie: SSOcookie=57b46714-2f27-46b7-9921-8d8de8bba70d
23 апр 2026;10:50:00.195 [default-nioEventLoopGroup-1-15] TRACE i.m.h.client.netty.DefaultHttpClient - host: 192.168.0.77:8080
23 апр 2026;10:50:00.195 [default-nioEventLoopGroup-1-15] TRACE i.m.h.client.netty.DefaultHttpClient - connection: close
23 апр 2026;10:50:00.203 [default-nioEventLoopGroup-1-15] DEBUG i.m.h.client.netty.DefaultHttpClient - Received response 200 from http://192.168.0.77:8080/rest/servicepoint/branches/6/workProfiles/7/queues
23 апр 2026;10:50:00.203 [default-nioEventLoopGroup-1-15] TRACE i.m.h.client.netty.DefaultHttpClient - HTTP Client Response Received (200 OK) for Request: GET http://192.168.0.77:8080/rest/servicepoint/branches/6/workProfiles/7/queues
23 апр 2026;10:50:00.203 [default-nioEventLoopGroup-1-15] TRACE i.m.h.client.netty.DefaultHttpClient - Cache-Control: no-store, no-cache, max-age=0, must-revalidate
23 апр 2026;10:50:00.203 [default-nioEventLoopGroup-1-15] TRACE i.m.h.client.netty.DefaultHttpClient - X-Powered-By: Undertow/1
23 апр 2026;10:50:00.203 [default-nioEventLoopGroup-1-15] TRACE i.m.h.client.netty.DefaultHttpClient - Server: WildFly/8
23 апр 2026;10:50:00.203 [default-nioEventLoopGroup-1-15] TRACE i.m.h.client.netty.DefaultHttpClient - X-XSS-Protection: 1
23 апр 2026;10:50:00.203 [default-nioEventLoopGroup-1-15] TRACE i.m.h.client.netty.DefaultHttpClient - X-Frame-Options: SAMEORIGIN
23 апр 2026;10:50:00.203 [default-nioEventLoopGroup-1-15] TRACE i.m.h.client.netty.DefaultHttpClient - Content-Security-Policy: default-src *; style-src * 'unsafe-inline'; script-src * 'unsafe-inline' 'unsafe-eval'; img-src * data: 'unsafe-inline'; connect-src * 'unsafe-inline'; frame-src *;
23 апр 2026;10:50:00.203 [default-nioEventLoopGroup-1-15] TRACE i.m.h.client.netty.DefaultHttpClient - Date: Thu, 23 Apr 2026 07:50:00 GMT
23 апр 2026;10:50:00.203 [default-nioEventLoopGroup-1-15] TRACE i.m.h.client.netty.DefaultHttpClient - Connection: close
23 апр 2026;10:50:00.203 [default-nioEventLoopGroup-1-15] TRACE i.m.h.client.netty.DefaultHttpClient - X-Content-Type-Options: nosniff
23 апр 2026;10:50:00.203 [default-nioEventLoopGroup-1-15] TRACE i.m.h.client.netty.DefaultHttpClient - Strict-Transport-Security: max-age=31536000; includeSubDomains
23 апр 2026;10:50:00.203 [default-nioEventLoopGroup-1-15] TRACE i.m.h.client.netty.DefaultHttpClient - Content-Type: application/json
23 апр 2026;10:50:00.203 [default-nioEventLoopGroup-1-15] TRACE i.m.h.client.netty.DefaultHttpClient - content-length: 546
23 апр 2026;10:50:00.203 [default-nioEventLoopGroup-1-15] TRACE i.m.h.client.netty.DefaultHttpClient - Response Body
23 апр 2026;10:50:00.203 [default-nioEventLoopGroup-1-15] TRACE i.m.h.client.netty.DefaultHttpClient - ----
23 апр 2026;10:50:00.204 [default-nioEventLoopGroup-1-15] TRACE i.m.h.client.netty.DefaultHttpClient - [{"id":11,"name":"Очередь по умолчанию 3","queueType":"QUEUE","customersWaiting":0,"waitingTime":0,"serviceLevel":5},{"id":12,"name":"Очередь по умолчанию 4","queueType":"QUEUE","customersWaiting":0,"waitingTime":0,"serviceLevel":5},{"id":9,"name":"Очередь по умолчанию","queueType":"QUEUE","customersWaiting":9,"waitingTime":685911,"serviceLevel":5},{"id":10,"name":"Очередь по умолчанию 2","queueType":"QUEUE","customersWaiting":207,"waitingTime":685987,"serviceLevel":5}]
23 апр 2026;10:50:00.204 [default-nioEventLoopGroup-1-15] TRACE i.m.h.client.netty.DefaultHttpClient - ----
23 апр 2026;10:50:00.207 [default-nioEventLoopGroup-1-16] DEBUG i.m.h.client.netty.DefaultHttpClient - Sending HTTP GET to http://192.168.0.77:8080/rest/servicepoint/branches/6/queues/
23 апр 2026;10:50:00.207 [default-nioEventLoopGroup-1-16] TRACE i.m.h.client.netty.DefaultHttpClient - Authorization: Basic c3VwZXJhZG1pbjp1bGFu
23 апр 2026;10:50:00.207 [default-nioEventLoopGroup-1-16] TRACE i.m.h.client.netty.DefaultHttpClient - Cookie: SSOcookie=57b46714-2f27-46b7-9921-8d8de8bba70d
23 апр 2026;10:50:00.207 [default-nioEventLoopGroup-1-16] TRACE i.m.h.client.netty.DefaultHttpClient - host: 192.168.0.77:8080
23 апр 2026;10:50:00.207 [default-nioEventLoopGroup-1-16] TRACE i.m.h.client.netty.DefaultHttpClient - connection: close
23 апр 2026;10:50:00.216 [default-nioEventLoopGroup-1-16] DEBUG i.m.h.client.netty.DefaultHttpClient - Received response 200 from http://192.168.0.77:8080/rest/servicepoint/branches/6/queues/
23 апр 2026;10:50:00.216 [default-nioEventLoopGroup-1-16] TRACE i.m.h.client.netty.DefaultHttpClient - HTTP Client Response Received (200 OK) for Request: GET http://192.168.0.77:8080/rest/servicepoint/branches/6/queues/
23 апр 2026;10:50:00.216 [default-nioEventLoopGroup-1-16] TRACE i.m.h.client.netty.DefaultHttpClient - Cache-Control: no-store, no-cache, max-age=0, must-revalidate
23 апр 2026;10:50:00.216 [default-nioEventLoopGroup-1-16] TRACE i.m.h.client.netty.DefaultHttpClient - X-Powered-By: Undertow/1
23 апр 2026;10:50:00.216 [default-nioEventLoopGroup-1-16] TRACE i.m.h.client.netty.DefaultHttpClient - Server: WildFly/8
23 апр 2026;10:50:00.216 [default-nioEventLoopGroup-1-16] TRACE i.m.h.client.netty.DefaultHttpClient - X-XSS-Protection: 1
23 апр 2026;10:50:00.216 [default-nioEventLoopGroup-1-16] TRACE i.m.h.client.netty.DefaultHttpClient - X-Frame-Options: SAMEORIGIN
23 апр 2026;10:50:00.216 [default-nioEventLoopGroup-1-16] TRACE i.m.h.client.netty.DefaultHttpClient - Content-Security-Policy: default-src *; style-src * 'unsafe-inline'; script-src * 'unsafe-inline' 'unsafe-eval'; img-src * data: 'unsafe-inline'; connect-src * 'unsafe-inline'; frame-src *;
23 апр 2026;10:50:00.216 [default-nioEventLoopGroup-1-16] TRACE i.m.h.client.netty.DefaultHttpClient - Date: Thu, 23 Apr 2026 07:50:00 GMT
23 апр 2026;10:50:00.216 [default-nioEventLoopGroup-1-16] TRACE i.m.h.client.netty.DefaultHttpClient - Connection: close
23 апр 2026;10:50:00.216 [default-nioEventLoopGroup-1-16] TRACE i.m.h.client.netty.DefaultHttpClient - X-Content-Type-Options: nosniff
23 апр 2026;10:50:00.216 [default-nioEventLoopGroup-1-16] TRACE i.m.h.client.netty.DefaultHttpClient - Strict-Transport-Security: max-age=31536000; includeSubDomains
23 апр 2026;10:50:00.216 [default-nioEventLoopGroup-1-16] TRACE i.m.h.client.netty.DefaultHttpClient - Content-Type: application/json
23 апр 2026;10:50:00.216 [default-nioEventLoopGroup-1-16] TRACE i.m.h.client.netty.DefaultHttpClient - content-length: 670
23 апр 2026;10:50:00.216 [default-nioEventLoopGroup-1-16] TRACE i.m.h.client.netty.DefaultHttpClient - Response Body
23 апр 2026;10:50:00.216 [default-nioEventLoopGroup-1-16] TRACE i.m.h.client.netty.DefaultHttpClient - ----
23 апр 2026;10:50:00.216 [default-nioEventLoopGroup-1-16] TRACE i.m.h.client.netty.DefaultHttpClient - [{"id":12,"name":"Очередь по умолчанию 4","queueType":"QUEUE","customersWaiting":0,"waitingTime":0,"serviceLevel":5},{"id":9,"name":"Очередь по умолчанию","queueType":"QUEUE","customersWaiting":9,"waitingTime":685911,"serviceLevel":5},{"id":10,"name":"Очередь по умолчанию 2","queueType":"QUEUE","customersWaiting":207,"waitingTime":685987,"serviceLevel":5},{"id":11,"name":"Очередь по умолчанию 3","queueType":"QUEUE","customersWaiting":0,"waitingTime":0,"serviceLevel":5},{"id":98,"name":"Врач не назначен","queueType":"QUEUE","customersWaiting":0,"waitingTime":0,"serviceLevel":5}]
23 апр 2026;10:50:00.216 [default-nioEventLoopGroup-1-16] TRACE i.m.h.client.netty.DefaultHttpClient - ----
23 апр 2026;10:50:00.220 [default-nioEventLoopGroup-1-17] DEBUG i.m.h.client.netty.DefaultHttpClient - Sending HTTP GET to http://192.168.0.77:8080/rest/managementinformation/v2/branches/6/servicePoints
23 апр 2026;10:50:00.220 [default-nioEventLoopGroup-1-17] TRACE i.m.h.client.netty.DefaultHttpClient - Authorization: Basic c3VwZXJhZG1pbjp1bGFu
23 апр 2026;10:50:00.220 [default-nioEventLoopGroup-1-17] TRACE i.m.h.client.netty.DefaultHttpClient - Cookie: SSOcookie=57b46714-2f27-46b7-9921-8d8de8bba70d
23 апр 2026;10:50:00.220 [default-nioEventLoopGroup-1-17] TRACE i.m.h.client.netty.DefaultHttpClient - host: 192.168.0.77:8080
23 апр 2026;10:50:00.220 [default-nioEventLoopGroup-1-17] TRACE i.m.h.client.netty.DefaultHttpClient - connection: close
23 апр 2026;10:50:00.244 [default-nioEventLoopGroup-1-17] DEBUG i.m.h.client.netty.DefaultHttpClient - Received response 200 from http://192.168.0.77:8080/rest/managementinformation/v2/branches/6/servicePoints
23 апр 2026;10:50:00.244 [default-nioEventLoopGroup-1-17] TRACE i.m.h.client.netty.DefaultHttpClient - HTTP Client Response Received (200 OK) for Request: GET http://192.168.0.77:8080/rest/managementinformation/v2/branches/6/servicePoints
23 апр 2026;10:50:00.244 [default-nioEventLoopGroup-1-17] TRACE i.m.h.client.netty.DefaultHttpClient - Cache-Control: no-store, no-cache, max-age=0, must-revalidate
23 апр 2026;10:50:00.245 [default-nioEventLoopGroup-1-17] TRACE i.m.h.client.netty.DefaultHttpClient - X-Powered-By: Undertow/1
23 апр 2026;10:50:00.245 [default-nioEventLoopGroup-1-17] TRACE i.m.h.client.netty.DefaultHttpClient - Server: WildFly/8
23 апр 2026;10:50:00.245 [default-nioEventLoopGroup-1-17] TRACE i.m.h.client.netty.DefaultHttpClient - X-XSS-Protection: 1
23 апр 2026;10:50:00.245 [default-nioEventLoopGroup-1-17] TRACE i.m.h.client.netty.DefaultHttpClient - X-Frame-Options: SAMEORIGIN
23 апр 2026;10:50:00.245 [default-nioEventLoopGroup-1-17] TRACE i.m.h.client.netty.DefaultHttpClient - Content-Security-Policy: default-src *; style-src * 'unsafe-inline'; script-src * 'unsafe-inline' 'unsafe-eval'; img-src * data: 'unsafe-inline'; connect-src * 'unsafe-inline'; frame-src *;
23 апр 2026;10:50:00.245 [default-nioEventLoopGroup-1-17] TRACE i.m.h.client.netty.DefaultHttpClient - Date: Thu, 23 Apr 2026 07:50:00 GMT
23 апр 2026;10:50:00.245 [default-nioEventLoopGroup-1-17] TRACE i.m.h.client.netty.DefaultHttpClient - Connection: close
23 апр 2026;10:50:00.245 [default-nioEventLoopGroup-1-17] TRACE i.m.h.client.netty.DefaultHttpClient - X-Content-Type-Options: nosniff
23 апр 2026;10:50:00.245 [default-nioEventLoopGroup-1-17] TRACE i.m.h.client.netty.DefaultHttpClient - Strict-Transport-Security: max-age=31536000; includeSubDomains
23 апр 2026;10:50:00.245 [default-nioEventLoopGroup-1-17] TRACE i.m.h.client.netty.DefaultHttpClient - Content-Type: application/json
23 апр 2026;10:50:00.245 [default-nioEventLoopGroup-1-17] TRACE i.m.h.client.netty.DefaultHttpClient - content-length: 853
23 апр 2026;10:50:00.245 [default-nioEventLoopGroup-1-17] TRACE i.m.h.client.netty.DefaultHttpClient - Response Body
23 апр 2026;10:50:00.245 [default-nioEventLoopGroup-1-17] TRACE i.m.h.client.netty.DefaultHttpClient - ----
23 апр 2026;10:50:00.245 [default-nioEventLoopGroup-1-17] TRACE i.m.h.client.netty.DefaultHttpClient - [{"id":120000000006,"name":"Кабинет 13","branchId":6,"branchName":"Chat_Bot_Demo","staffId":1,"staffName":"superadmin","staffFullName":"Super Administrator","workProfileId":7,"workProfileName":"Универсал","currentServiceName":"","currentCustomerName":"","currentTicketNumber":"","currentVisitId":null,"status":"OPEN","currentTransactionTime":0,"customersServed":0,"currentServiceCurrentTransactionTime":0,"serviceTargetTransTime":null},{"id":110000000006,"name":null,"branchId":6,"branchName":"Chat_Bot_Demo","staffId":null,"staffName":null,"staffFullName":null,"workProfileId":null,"workProfileName":null,"currentServiceName":"","currentCustomerName":"","currentTicketNumber":"","currentVisitId":null,"status":"OPEN","currentTransactionTime":0,"customersServed":0,"currentServiceCurrentTransactionTime":0,"serviceTargetTransTime":null}]
23 апр 2026;10:50:00.245 [default-nioEventLoopGroup-1-17] TRACE i.m.h.client.netty.DefaultHttpClient - ----
23 апр 2026;10:50:00.250 [default-nioEventLoopGroup-1-1] DEBUG i.m.h.client.netty.DefaultHttpClient - Sending HTTP GET to http://192.168.0.77:8080/rest/entrypoint/branches/6/queues/98/visits/full/
23 апр 2026;10:50:00.250 [default-nioEventLoopGroup-1-1] TRACE i.m.h.client.netty.DefaultHttpClient - Authorization: Basic c3VwZXJhZG1pbjp1bGFu
23 апр 2026;10:50:00.250 [default-nioEventLoopGroup-1-1] TRACE i.m.h.client.netty.DefaultHttpClient - Cookie: SSOcookie=57b46714-2f27-46b7-9921-8d8de8bba70d
23 апр 2026;10:50:00.250 [default-nioEventLoopGroup-1-1] TRACE i.m.h.client.netty.DefaultHttpClient - host: 192.168.0.77:8080
23 апр 2026;10:50:00.250 [default-nioEventLoopGroup-1-1] TRACE i.m.h.client.netty.DefaultHttpClient - connection: close
23 апр 2026;10:50:00.263 [default-nioEventLoopGroup-1-1] DEBUG i.m.h.client.netty.DefaultHttpClient - Received response 200 from http://192.168.0.77:8080/rest/entrypoint/branches/6/queues/98/visits/full/
23 апр 2026;10:50:00.263 [default-nioEventLoopGroup-1-1] TRACE i.m.h.client.netty.DefaultHttpClient - HTTP Client Response Received (200 OK) for Request: GET http://192.168.0.77:8080/rest/entrypoint/branches/6/queues/98/visits/full/
23 апр 2026;10:50:00.263 [default-nioEventLoopGroup-1-1] TRACE i.m.h.client.netty.DefaultHttpClient - Cache-Control: no-store, no-cache, max-age=0, must-revalidate
23 апр 2026;10:50:00.263 [default-nioEventLoopGroup-1-1] TRACE i.m.h.client.netty.DefaultHttpClient - X-Powered-By: Undertow/1
23 апр 2026;10:50:00.263 [default-nioEventLoopGroup-1-1] TRACE i.m.h.client.netty.DefaultHttpClient - Server: WildFly/8
23 апр 2026;10:50:00.263 [default-nioEventLoopGroup-1-1] TRACE i.m.h.client.netty.DefaultHttpClient - X-XSS-Protection: 1
23 апр 2026;10:50:00.263 [default-nioEventLoopGroup-1-1] TRACE i.m.h.client.netty.DefaultHttpClient - X-Frame-Options: SAMEORIGIN
23 апр 2026;10:50:00.263 [default-nioEventLoopGroup-1-1] TRACE i.m.h.client.netty.DefaultHttpClient - Content-Security-Policy: default-src *; style-src * 'unsafe-inline'; script-src * 'unsafe-inline' 'unsafe-eval'; img-src * data: 'unsafe-inline'; connect-src * 'unsafe-inline'; frame-src *;
23 апр 2026;10:50:00.263 [default-nioEventLoopGroup-1-1] TRACE i.m.h.client.netty.DefaultHttpClient - Date: Thu, 23 Apr 2026 07:50:00 GMT
23 апр 2026;10:50:00.263 [default-nioEventLoopGroup-1-1] TRACE i.m.h.client.netty.DefaultHttpClient - Connection: close
23 апр 2026;10:50:00.263 [default-nioEventLoopGroup-1-1] TRACE i.m.h.client.netty.DefaultHttpClient - X-Content-Type-Options: nosniff
23 апр 2026;10:50:00.263 [default-nioEventLoopGroup-1-1] TRACE i.m.h.client.netty.DefaultHttpClient - Strict-Transport-Security: max-age=31536000; includeSubDomains
23 апр 2026;10:50:00.263 [default-nioEventLoopGroup-1-1] TRACE i.m.h.client.netty.DefaultHttpClient - Content-Type: application/json
23 апр 2026;10:50:00.263 [default-nioEventLoopGroup-1-1] TRACE i.m.h.client.netty.DefaultHttpClient - content-length: 2
23 апр 2026;10:50:00.263 [default-nioEventLoopGroup-1-1] TRACE i.m.h.client.netty.DefaultHttpClient - Response Body
23 апр 2026;10:50:00.263 [default-nioEventLoopGroup-1-1] TRACE i.m.h.client.netty.DefaultHttpClient - ----
23 апр 2026;10:50:00.263 [default-nioEventLoopGroup-1-1] TRACE i.m.h.client.netty.DefaultHttpClient - []
23 апр 2026;10:50:00.263 [default-nioEventLoopGroup-1-1] TRACE i.m.h.client.netty.DefaultHttpClient - ----
23 апр 2026;10:55:00.018 [default-nioEventLoopGroup-1-2] DEBUG i.m.h.client.netty.DefaultHttpClient - Sending HTTP GET to http://192.168.0.77:8080/rest/entrypoint/branches/6/queues/98/visits/full/
23 апр 2026;10:55:00.019 [default-nioEventLoopGroup-1-2] TRACE i.m.h.client.netty.DefaultHttpClient - Authorization: Basic c3VwZXJhZG1pbjp1bGFu
23 апр 2026;10:55:00.019 [default-nioEventLoopGroup-1-2] TRACE i.m.h.client.netty.DefaultHttpClient - Cookie: SSOcookie=57b46714-2f27-46b7-9921-8d8de8bba70d
23 апр 2026;10:55:00.019 [default-nioEventLoopGroup-1-2] TRACE i.m.h.client.netty.DefaultHttpClient - host: 192.168.0.77:8080
23 апр 2026;10:55:00.019 [default-nioEventLoopGroup-1-2] TRACE i.m.h.client.netty.DefaultHttpClient - connection: close
23 апр 2026;10:55:00.032 [default-nioEventLoopGroup-1-2] DEBUG i.m.h.client.netty.DefaultHttpClient - Received response 200 from http://192.168.0.77:8080/rest/entrypoint/branches/6/queues/98/visits/full/
23 апр 2026;10:55:00.032 [default-nioEventLoopGroup-1-2] TRACE i.m.h.client.netty.DefaultHttpClient - HTTP Client Response Received (200 OK) for Request: GET http://192.168.0.77:8080/rest/entrypoint/branches/6/queues/98/visits/full/
23 апр 2026;10:55:00.033 [default-nioEventLoopGroup-1-2] TRACE i.m.h.client.netty.DefaultHttpClient - Cache-Control: no-store, no-cache, max-age=0, must-revalidate
23 апр 2026;10:55:00.033 [default-nioEventLoopGroup-1-2] TRACE i.m.h.client.netty.DefaultHttpClient - X-Powered-By: Undertow/1
23 апр 2026;10:55:00.033 [default-nioEventLoopGroup-1-2] TRACE i.m.h.client.netty.DefaultHttpClient - Server: WildFly/8
23 апр 2026;10:55:00.033 [default-nioEventLoopGroup-1-2] TRACE i.m.h.client.netty.DefaultHttpClient - X-XSS-Protection: 1
23 апр 2026;10:55:00.033 [default-nioEventLoopGroup-1-2] TRACE i.m.h.client.netty.DefaultHttpClient - X-Frame-Options: SAMEORIGIN
23 апр 2026;10:55:00.033 [default-nioEventLoopGroup-1-2] TRACE i.m.h.client.netty.DefaultHttpClient - Content-Security-Policy: default-src *; style-src * 'unsafe-inline'; script-src * 'unsafe-inline' 'unsafe-eval'; img-src * data: 'unsafe-inline'; connect-src * 'unsafe-inline'; frame-src *;
23 апр 2026;10:55:00.033 [default-nioEventLoopGroup-1-2] TRACE i.m.h.client.netty.DefaultHttpClient - Date: Thu, 23 Apr 2026 07:54:59 GMT
23 апр 2026;10:55:00.033 [default-nioEventLoopGroup-1-2] TRACE i.m.h.client.netty.DefaultHttpClient - Connection: close
23 апр 2026;10:55:00.033 [default-nioEventLoopGroup-1-2] TRACE i.m.h.client.netty.DefaultHttpClient - X-Content-Type-Options: nosniff
23 апр 2026;10:55:00.033 [default-nioEventLoopGroup-1-2] TRACE i.m.h.client.netty.DefaultHttpClient - Strict-Transport-Security: max-age=31536000; includeSubDomains
23 апр 2026;10:55:00.033 [default-nioEventLoopGroup-1-2] TRACE i.m.h.client.netty.DefaultHttpClient - Content-Type: application/json
23 апр 2026;10:55:00.033 [default-nioEventLoopGroup-1-2] TRACE i.m.h.client.netty.DefaultHttpClient - content-length: 2
23 апр 2026;10:55:00.033 [default-nioEventLoopGroup-1-2] TRACE i.m.h.client.netty.DefaultHttpClient - Response Body
23 апр 2026;10:55:00.033 [default-nioEventLoopGroup-1-2] TRACE i.m.h.client.netty.DefaultHttpClient - ----
23 апр 2026;10:55:00.033 [default-nioEventLoopGroup-1-2] TRACE i.m.h.client.netty.DefaultHttpClient - []
23 апр 2026;10:55:00.033 [default-nioEventLoopGroup-1-2] TRACE i.m.h.client.netty.DefaultHttpClient - ----
23 апр 2026;11:00:00.022 [default-nioEventLoopGroup-1-3] DEBUG i.m.h.client.netty.DefaultHttpClient - Sending HTTP GET to http://192.168.0.77:8080/rest/servicepoint/branches/6/services
23 апр 2026;11:00:00.022 [default-nioEventLoopGroup-1-3] TRACE i.m.h.client.netty.DefaultHttpClient - Authorization: Basic c3VwZXJhZG1pbjp1bGFu
23 апр 2026;11:00:00.022 [default-nioEventLoopGroup-1-3] TRACE i.m.h.client.netty.DefaultHttpClient - Cookie: SSOcookie=57b46714-2f27-46b7-9921-8d8de8bba70d
23 апр 2026;11:00:00.022 [default-nioEventLoopGroup-1-3] TRACE i.m.h.client.netty.DefaultHttpClient - host: 192.168.0.77:8080
23 апр 2026;11:00:00.022 [default-nioEventLoopGroup-1-3] TRACE i.m.h.client.netty.DefaultHttpClient - connection: close
23 апр 2026;11:00:00.032 [default-nioEventLoopGroup-1-3] DEBUG i.m.h.client.netty.DefaultHttpClient - Received response 200 from http://192.168.0.77:8080/rest/servicepoint/branches/6/services
23 апр 2026;11:00:00.032 [default-nioEventLoopGroup-1-3] TRACE i.m.h.client.netty.DefaultHttpClient - HTTP Client Response Received (200 OK) for Request: GET http://192.168.0.77:8080/rest/servicepoint/branches/6/services
23 апр 2026;11:00:00.032 [default-nioEventLoopGroup-1-3] TRACE i.m.h.client.netty.DefaultHttpClient - Cache-Control: no-store, no-cache, max-age=0, must-revalidate
23 апр 2026;11:00:00.032 [default-nioEventLoopGroup-1-3] TRACE i.m.h.client.netty.DefaultHttpClient - X-Powered-By: Undertow/1
23 апр 2026;11:00:00.032 [default-nioEventLoopGroup-1-3] TRACE i.m.h.client.netty.DefaultHttpClient - Server: WildFly/8
23 апр 2026;11:00:00.032 [default-nioEventLoopGroup-1-3] TRACE i.m.h.client.netty.DefaultHttpClient - X-XSS-Protection: 1
23 апр 2026;11:00:00.032 [default-nioEventLoopGroup-1-3] TRACE i.m.h.client.netty.DefaultHttpClient - X-Frame-Options: SAMEORIGIN
23 апр 2026;11:00:00.032 [default-nioEventLoopGroup-1-3] TRACE i.m.h.client.netty.DefaultHttpClient - Content-Security-Policy: default-src *; style-src * 'unsafe-inline'; script-src * 'unsafe-inline' 'unsafe-eval'; img-src * data: 'unsafe-inline'; connect-src * 'unsafe-inline'; frame-src *;
23 апр 2026;11:00:00.032 [default-nioEventLoopGroup-1-3] TRACE i.m.h.client.netty.DefaultHttpClient - Date: Thu, 23 Apr 2026 07:59:59 GMT
23 апр 2026;11:00:00.032 [default-nioEventLoopGroup-1-3] TRACE i.m.h.client.netty.DefaultHttpClient - Connection: close
23 апр 2026;11:00:00.032 [default-nioEventLoopGroup-1-3] TRACE i.m.h.client.netty.DefaultHttpClient - X-Content-Type-Options: nosniff
23 апр 2026;11:00:00.032 [default-nioEventLoopGroup-1-3] TRACE i.m.h.client.netty.DefaultHttpClient - Strict-Transport-Security: max-age=31536000; includeSubDomains
23 апр 2026;11:00:00.032 [default-nioEventLoopGroup-1-3] TRACE i.m.h.client.netty.DefaultHttpClient - Content-Type: application/json
23 апр 2026;11:00:00.032 [default-nioEventLoopGroup-1-3] TRACE i.m.h.client.netty.DefaultHttpClient - content-length: 819
23 апр 2026;11:00:00.032 [default-nioEventLoopGroup-1-3] TRACE i.m.h.client.netty.DefaultHttpClient - Response Body
23 апр 2026;11:00:00.032 [default-nioEventLoopGroup-1-3] TRACE i.m.h.client.netty.DefaultHttpClient - ----
23 апр 2026;11:00:00.033 [default-nioEventLoopGroup-1-3] TRACE i.m.h.client.netty.DefaultHttpClient - [{"id":5,"internalName":"Терапевт","externalName":"Терапевт","internalDescription":null,"externalDescription":null,"targetTransactionTime":0},{"id":4,"internalName":"Хирург","externalName":"Хирург","internalDescription":null,"externalDescription":null,"targetTransactionTime":300},{"id":7,"internalName":"Оккулист","externalName":"Оккулист","internalDescription":null,"externalDescription":null,"targetTransactionTime":0},{"id":6,"internalName":"Стоматолог","externalName":"Стоматолог","internalDescription":null,"externalDescription":null,"targetTransactionTime":300},{"id":72,"internalName":"Врач не назначен","externalName":"Врач не назначен","internalDescription":null,"externalDescription":null,"targetTransactionTime":0}]
23 апр 2026;11:00:00.033 [default-nioEventLoopGroup-1-3] TRACE i.m.h.client.netty.DefaultHttpClient - ----
23 апр 2026;11:00:00.038 [default-nioEventLoopGroup-1-4] DEBUG i.m.h.client.netty.DefaultHttpClient - Sending HTTP GET to http://192.168.0.77:8080/rest/entrypoint/branches/6/services/5/queue
23 апр 2026;11:00:00.038 [default-nioEventLoopGroup-1-4] TRACE i.m.h.client.netty.DefaultHttpClient - Authorization: Basic c3VwZXJhZG1pbjp1bGFu
23 апр 2026;11:00:00.038 [default-nioEventLoopGroup-1-4] TRACE i.m.h.client.netty.DefaultHttpClient - Cookie: SSOcookie=57b46714-2f27-46b7-9921-8d8de8bba70d
23 апр 2026;11:00:00.038 [default-nioEventLoopGroup-1-4] TRACE i.m.h.client.netty.DefaultHttpClient - host: 192.168.0.77:8080
23 апр 2026;11:00:00.038 [default-nioEventLoopGroup-1-4] TRACE i.m.h.client.netty.DefaultHttpClient - connection: close
23 апр 2026;11:00:00.049 [default-nioEventLoopGroup-1-4] DEBUG i.m.h.client.netty.DefaultHttpClient - Received response 200 from http://192.168.0.77:8080/rest/entrypoint/branches/6/services/5/queue
23 апр 2026;11:00:00.049 [default-nioEventLoopGroup-1-4] TRACE i.m.h.client.netty.DefaultHttpClient - HTTP Client Response Received (200 OK) for Request: GET http://192.168.0.77:8080/rest/entrypoint/branches/6/services/5/queue
23 апр 2026;11:00:00.049 [default-nioEventLoopGroup-1-4] TRACE i.m.h.client.netty.DefaultHttpClient - Cache-Control: no-store, no-cache, max-age=0, must-revalidate
23 апр 2026;11:00:00.049 [default-nioEventLoopGroup-1-4] TRACE i.m.h.client.netty.DefaultHttpClient - X-Powered-By: Undertow/1
23 апр 2026;11:00:00.050 [default-nioEventLoopGroup-1-4] TRACE i.m.h.client.netty.DefaultHttpClient - Server: WildFly/8
23 апр 2026;11:00:00.050 [default-nioEventLoopGroup-1-4] TRACE i.m.h.client.netty.DefaultHttpClient - X-XSS-Protection: 1
23 апр 2026;11:00:00.050 [default-nioEventLoopGroup-1-4] TRACE i.m.h.client.netty.DefaultHttpClient - X-Frame-Options: SAMEORIGIN
23 апр 2026;11:00:00.050 [default-nioEventLoopGroup-1-4] TRACE i.m.h.client.netty.DefaultHttpClient - Content-Security-Policy: default-src *; style-src * 'unsafe-inline'; script-src * 'unsafe-inline' 'unsafe-eval'; img-src * data: 'unsafe-inline'; connect-src * 'unsafe-inline'; frame-src *;
23 апр 2026;11:00:00.050 [default-nioEventLoopGroup-1-4] TRACE i.m.h.client.netty.DefaultHttpClient - Date: Thu, 23 Apr 2026 07:59:59 GMT
23 апр 2026;11:00:00.050 [default-nioEventLoopGroup-1-4] TRACE i.m.h.client.netty.DefaultHttpClient - Connection: close
23 апр 2026;11:00:00.050 [default-nioEventLoopGroup-1-4] TRACE i.m.h.client.netty.DefaultHttpClient - X-Content-Type-Options: nosniff
23 апр 2026;11:00:00.050 [default-nioEventLoopGroup-1-4] TRACE i.m.h.client.netty.DefaultHttpClient - Strict-Transport-Security: max-age=31536000; includeSubDomains
23 апр 2026;11:00:00.050 [default-nioEventLoopGroup-1-4] TRACE i.m.h.client.netty.DefaultHttpClient - Content-Type: application/json
23 апр 2026;11:00:00.050 [default-nioEventLoopGroup-1-4] TRACE i.m.h.client.netty.DefaultHttpClient - content-length: 135
23 апр 2026;11:00:00.050 [default-nioEventLoopGroup-1-4] TRACE i.m.h.client.netty.DefaultHttpClient - Response Body
23 апр 2026;11:00:00.050 [default-nioEventLoopGroup-1-4] TRACE i.m.h.client.netty.DefaultHttpClient - ----
23 апр 2026;11:00:00.050 [default-nioEventLoopGroup-1-4] TRACE i.m.h.client.netty.DefaultHttpClient - {"id":9,"name":"Очередь по умолчанию","queueType":"QUEUE","customersWaiting":9,"waitingTime":686510,"serviceLevel":5}
23 апр 2026;11:00:00.050 [default-nioEventLoopGroup-1-4] TRACE i.m.h.client.netty.DefaultHttpClient - ----
23 апр 2026;11:00:00.054 [default-nioEventLoopGroup-1-5] DEBUG i.m.h.client.netty.DefaultHttpClient - Sending HTTP GET to http://192.168.0.77:8080/rest/entrypoint/branches/6/services/4/queue
23 апр 2026;11:00:00.054 [default-nioEventLoopGroup-1-5] TRACE i.m.h.client.netty.DefaultHttpClient - Authorization: Basic c3VwZXJhZG1pbjp1bGFu
23 апр 2026;11:00:00.054 [default-nioEventLoopGroup-1-5] TRACE i.m.h.client.netty.DefaultHttpClient - Cookie: SSOcookie=57b46714-2f27-46b7-9921-8d8de8bba70d
23 апр 2026;11:00:00.054 [default-nioEventLoopGroup-1-5] TRACE i.m.h.client.netty.DefaultHttpClient - host: 192.168.0.77:8080
23 апр 2026;11:00:00.054 [default-nioEventLoopGroup-1-5] TRACE i.m.h.client.netty.DefaultHttpClient - connection: close
23 апр 2026;11:00:00.063 [default-nioEventLoopGroup-1-5] DEBUG i.m.h.client.netty.DefaultHttpClient - Received response 200 from http://192.168.0.77:8080/rest/entrypoint/branches/6/services/4/queue
23 апр 2026;11:00:00.063 [default-nioEventLoopGroup-1-5] TRACE i.m.h.client.netty.DefaultHttpClient - HTTP Client Response Received (200 OK) for Request: GET http://192.168.0.77:8080/rest/entrypoint/branches/6/services/4/queue
23 апр 2026;11:00:00.063 [default-nioEventLoopGroup-1-5] TRACE i.m.h.client.netty.DefaultHttpClient - Cache-Control: no-store, no-cache, max-age=0, must-revalidate
23 апр 2026;11:00:00.063 [default-nioEventLoopGroup-1-5] TRACE i.m.h.client.netty.DefaultHttpClient - X-Powered-By: Undertow/1
23 апр 2026;11:00:00.063 [default-nioEventLoopGroup-1-5] TRACE i.m.h.client.netty.DefaultHttpClient - Server: WildFly/8
23 апр 2026;11:00:00.063 [default-nioEventLoopGroup-1-5] TRACE i.m.h.client.netty.DefaultHttpClient - X-XSS-Protection: 1
23 апр 2026;11:00:00.063 [default-nioEventLoopGroup-1-5] TRACE i.m.h.client.netty.DefaultHttpClient - X-Frame-Options: SAMEORIGIN
23 апр 2026;11:00:00.063 [default-nioEventLoopGroup-1-5] TRACE i.m.h.client.netty.DefaultHttpClient - Content-Security-Policy: default-src *; style-src * 'unsafe-inline'; script-src * 'unsafe-inline' 'unsafe-eval'; img-src * data: 'unsafe-inline'; connect-src * 'unsafe-inline'; frame-src *;
23 апр 2026;11:00:00.063 [default-nioEventLoopGroup-1-5] TRACE i.m.h.client.netty.DefaultHttpClient - Date: Thu, 23 Apr 2026 07:59:59 GMT
23 апр 2026;11:00:00.063 [default-nioEventLoopGroup-1-5] TRACE i.m.h.client.netty.DefaultHttpClient - Connection: close
23 апр 2026;11:00:00.063 [default-nioEventLoopGroup-1-5] TRACE i.m.h.client.netty.DefaultHttpClient - X-Content-Type-Options: nosniff
23 апр 2026;11:00:00.063 [default-nioEventLoopGroup-1-5] TRACE i.m.h.client.netty.DefaultHttpClient - Strict-Transport-Security: max-age=31536000; includeSubDomains
23 апр 2026;11:00:00.063 [default-nioEventLoopGroup-1-5] TRACE i.m.h.client.netty.DefaultHttpClient - Content-Type: application/json
23 апр 2026;11:00:00.063 [default-nioEventLoopGroup-1-5] TRACE i.m.h.client.netty.DefaultHttpClient - content-length: 140
23 апр 2026;11:00:00.063 [default-nioEventLoopGroup-1-5] TRACE i.m.h.client.netty.DefaultHttpClient - Response Body
23 апр 2026;11:00:00.063 [default-nioEventLoopGroup-1-5] TRACE i.m.h.client.netty.DefaultHttpClient - ----
23 апр 2026;11:00:00.063 [default-nioEventLoopGroup-1-5] TRACE i.m.h.client.netty.DefaultHttpClient - {"id":10,"name":"Очередь по умолчанию 2","queueType":"QUEUE","customersWaiting":207,"waitingTime":686586,"serviceLevel":5}
23 апр 2026;11:00:00.063 [default-nioEventLoopGroup-1-5] TRACE i.m.h.client.netty.DefaultHttpClient - ----
23 апр 2026;11:00:00.071 [default-nioEventLoopGroup-1-6] DEBUG i.m.h.client.netty.DefaultHttpClient - Sending HTTP GET to http://192.168.0.77:8080/rest/entrypoint/branches/6/services/7/queue
23 апр 2026;11:00:00.071 [default-nioEventLoopGroup-1-6] TRACE i.m.h.client.netty.DefaultHttpClient - Authorization: Basic c3VwZXJhZG1pbjp1bGFu
23 апр 2026;11:00:00.071 [default-nioEventLoopGroup-1-6] TRACE i.m.h.client.netty.DefaultHttpClient - Cookie: SSOcookie=57b46714-2f27-46b7-9921-8d8de8bba70d
23 апр 2026;11:00:00.071 [default-nioEventLoopGroup-1-6] TRACE i.m.h.client.netty.DefaultHttpClient - host: 192.168.0.77:8080
23 апр 2026;11:00:00.071 [default-nioEventLoopGroup-1-6] TRACE i.m.h.client.netty.DefaultHttpClient - connection: close
23 апр 2026;11:00:00.079 [default-nioEventLoopGroup-1-6] DEBUG i.m.h.client.netty.DefaultHttpClient - Received response 200 from http://192.168.0.77:8080/rest/entrypoint/branches/6/services/7/queue
23 апр 2026;11:00:00.079 [default-nioEventLoopGroup-1-6] TRACE i.m.h.client.netty.DefaultHttpClient - HTTP Client Response Received (200 OK) for Request: GET http://192.168.0.77:8080/rest/entrypoint/branches/6/services/7/queue
23 апр 2026;11:00:00.079 [default-nioEventLoopGroup-1-6] TRACE i.m.h.client.netty.DefaultHttpClient - Cache-Control: no-store, no-cache, max-age=0, must-revalidate
23 апр 2026;11:00:00.079 [default-nioEventLoopGroup-1-6] TRACE i.m.h.client.netty.DefaultHttpClient - X-Powered-By: Undertow/1
23 апр 2026;11:00:00.079 [default-nioEventLoopGroup-1-6] TRACE i.m.h.client.netty.DefaultHttpClient - Server: WildFly/8
23 апр 2026;11:00:00.079 [default-nioEventLoopGroup-1-6] TRACE i.m.h.client.netty.DefaultHttpClient - X-XSS-Protection: 1
23 апр 2026;11:00:00.079 [default-nioEventLoopGroup-1-6] TRACE i.m.h.client.netty.DefaultHttpClient - X-Frame-Options: SAMEORIGIN
23 апр 2026;11:00:00.079 [default-nioEventLoopGroup-1-6] TRACE i.m.h.client.netty.DefaultHttpClient - Content-Security-Policy: default-src *; style-src * 'unsafe-inline'; script-src * 'unsafe-inline' 'unsafe-eval'; img-src * data: 'unsafe-inline'; connect-src * 'unsafe-inline'; frame-src *;
23 апр 2026;11:00:00.079 [default-nioEventLoopGroup-1-6] TRACE i.m.h.client.netty.DefaultHttpClient - Date: Thu, 23 Apr 2026 07:59:59 GMT
23 апр 2026;11:00:00.079 [default-nioEventLoopGroup-1-6] TRACE i.m.h.client.netty.DefaultHttpClient - Connection: close
23 апр 2026;11:00:00.079 [default-nioEventLoopGroup-1-6] TRACE i.m.h.client.netty.DefaultHttpClient - X-Content-Type-Options: nosniff
23 апр 2026;11:00:00.079 [default-nioEventLoopGroup-1-6] TRACE i.m.h.client.netty.DefaultHttpClient - Strict-Transport-Security: max-age=31536000; includeSubDomains
23 апр 2026;11:00:00.079 [default-nioEventLoopGroup-1-6] TRACE i.m.h.client.netty.DefaultHttpClient - Content-Type: application/json
23 апр 2026;11:00:00.079 [default-nioEventLoopGroup-1-6] TRACE i.m.h.client.netty.DefaultHttpClient - content-length: 133
23 апр 2026;11:00:00.079 [default-nioEventLoopGroup-1-6] TRACE i.m.h.client.netty.DefaultHttpClient - Response Body
23 апр 2026;11:00:00.079 [default-nioEventLoopGroup-1-6] TRACE i.m.h.client.netty.DefaultHttpClient - ----
23 апр 2026;11:00:00.079 [default-nioEventLoopGroup-1-6] TRACE i.m.h.client.netty.DefaultHttpClient - {"id":11,"name":"Очередь по умолчанию 3","queueType":"QUEUE","customersWaiting":0,"waitingTime":0,"serviceLevel":5}
23 апр 2026;11:00:00.079 [default-nioEventLoopGroup-1-6] TRACE i.m.h.client.netty.DefaultHttpClient - ----
23 апр 2026;11:00:00.083 [default-nioEventLoopGroup-1-7] DEBUG i.m.h.client.netty.DefaultHttpClient - Sending HTTP GET to http://192.168.0.77:8080/rest/entrypoint/branches/6/services/6/queue
23 апр 2026;11:00:00.083 [default-nioEventLoopGroup-1-7] TRACE i.m.h.client.netty.DefaultHttpClient - Authorization: Basic c3VwZXJhZG1pbjp1bGFu
23 апр 2026;11:00:00.083 [default-nioEventLoopGroup-1-7] TRACE i.m.h.client.netty.DefaultHttpClient - Cookie: SSOcookie=57b46714-2f27-46b7-9921-8d8de8bba70d
23 апр 2026;11:00:00.083 [default-nioEventLoopGroup-1-7] TRACE i.m.h.client.netty.DefaultHttpClient - host: 192.168.0.77:8080
23 апр 2026;11:00:00.083 [default-nioEventLoopGroup-1-7] TRACE i.m.h.client.netty.DefaultHttpClient - connection: close
23 апр 2026;11:00:00.093 [default-nioEventLoopGroup-1-7] DEBUG i.m.h.client.netty.DefaultHttpClient - Received response 200 from http://192.168.0.77:8080/rest/entrypoint/branches/6/services/6/queue
23 апр 2026;11:00:00.093 [default-nioEventLoopGroup-1-7] TRACE i.m.h.client.netty.DefaultHttpClient - HTTP Client Response Received (200 OK) for Request: GET http://192.168.0.77:8080/rest/entrypoint/branches/6/services/6/queue
23 апр 2026;11:00:00.093 [default-nioEventLoopGroup-1-7] TRACE i.m.h.client.netty.DefaultHttpClient - Cache-Control: no-store, no-cache, max-age=0, must-revalidate
23 апр 2026;11:00:00.093 [default-nioEventLoopGroup-1-7] TRACE i.m.h.client.netty.DefaultHttpClient - X-Powered-By: Undertow/1
23 апр 2026;11:00:00.093 [default-nioEventLoopGroup-1-7] TRACE i.m.h.client.netty.DefaultHttpClient - Server: WildFly/8
23 апр 2026;11:00:00.093 [default-nioEventLoopGroup-1-7] TRACE i.m.h.client.netty.DefaultHttpClient - X-XSS-Protection: 1
23 апр 2026;11:00:00.093 [default-nioEventLoopGroup-1-7] TRACE i.m.h.client.netty.DefaultHttpClient - X-Frame-Options: SAMEORIGIN
23 апр 2026;11:00:00.093 [default-nioEventLoopGroup-1-7] TRACE i.m.h.client.netty.DefaultHttpClient - Content-Security-Policy: default-src *; style-src * 'unsafe-inline'; script-src * 'unsafe-inline' 'unsafe-eval'; img-src * data: 'unsafe-inline'; connect-src * 'unsafe-inline'; frame-src *;
23 апр 2026;11:00:00.093 [default-nioEventLoopGroup-1-7] TRACE i.m.h.client.netty.DefaultHttpClient - Date: Thu, 23 Apr 2026 07:59:59 GMT
23 апр 2026;11:00:00.093 [default-nioEventLoopGroup-1-7] TRACE i.m.h.client.netty.DefaultHttpClient - Connection: close
23 апр 2026;11:00:00.093 [default-nioEventLoopGroup-1-7] TRACE i.m.h.client.netty.DefaultHttpClient - X-Content-Type-Options: nosniff
23 апр 2026;11:00:00.093 [default-nioEventLoopGroup-1-7] TRACE i.m.h.client.netty.DefaultHttpClient - Strict-Transport-Security: max-age=31536000; includeSubDomains
23 апр 2026;11:00:00.093 [default-nioEventLoopGroup-1-7] TRACE i.m.h.client.netty.DefaultHttpClient - Content-Type: application/json
23 апр 2026;11:00:00.093 [default-nioEventLoopGroup-1-7] TRACE i.m.h.client.netty.DefaultHttpClient - content-length: 133
23 апр 2026;11:00:00.093 [default-nioEventLoopGroup-1-7] TRACE i.m.h.client.netty.DefaultHttpClient - Response Body
23 апр 2026;11:00:00.093 [default-nioEventLoopGroup-1-7] TRACE i.m.h.client.netty.DefaultHttpClient - ----
23 апр 2026;11:00:00.093 [default-nioEventLoopGroup-1-7] TRACE i.m.h.client.netty.DefaultHttpClient - {"id":12,"name":"Очередь по умолчанию 4","queueType":"QUEUE","customersWaiting":0,"waitingTime":0,"serviceLevel":5}
23 апр 2026;11:00:00.093 [default-nioEventLoopGroup-1-7] TRACE i.m.h.client.netty.DefaultHttpClient - ----
23 апр 2026;11:00:00.096 [default-nioEventLoopGroup-1-8] DEBUG i.m.h.client.netty.DefaultHttpClient - Sending HTTP GET to http://192.168.0.77:8080/rest/entrypoint/branches/6/services/72/queue
23 апр 2026;11:00:00.096 [default-nioEventLoopGroup-1-8] TRACE i.m.h.client.netty.DefaultHttpClient - Authorization: Basic c3VwZXJhZG1pbjp1bGFu
23 апр 2026;11:00:00.096 [default-nioEventLoopGroup-1-8] TRACE i.m.h.client.netty.DefaultHttpClient - Cookie: SSOcookie=57b46714-2f27-46b7-9921-8d8de8bba70d
23 апр 2026;11:00:00.096 [default-nioEventLoopGroup-1-8] TRACE i.m.h.client.netty.DefaultHttpClient - host: 192.168.0.77:8080
23 апр 2026;11:00:00.096 [default-nioEventLoopGroup-1-8] TRACE i.m.h.client.netty.DefaultHttpClient - connection: close
23 апр 2026;11:00:00.126 [default-nioEventLoopGroup-1-8] DEBUG i.m.h.client.netty.DefaultHttpClient - Received response 200 from http://192.168.0.77:8080/rest/entrypoint/branches/6/services/72/queue
23 апр 2026;11:00:00.126 [default-nioEventLoopGroup-1-8] TRACE i.m.h.client.netty.DefaultHttpClient - HTTP Client Response Received (200 OK) for Request: GET http://192.168.0.77:8080/rest/entrypoint/branches/6/services/72/queue
23 апр 2026;11:00:00.126 [default-nioEventLoopGroup-1-8] TRACE i.m.h.client.netty.DefaultHttpClient - Cache-Control: no-store, no-cache, max-age=0, must-revalidate
23 апр 2026;11:00:00.126 [default-nioEventLoopGroup-1-8] TRACE i.m.h.client.netty.DefaultHttpClient - X-Powered-By: Undertow/1
23 апр 2026;11:00:00.126 [default-nioEventLoopGroup-1-8] TRACE i.m.h.client.netty.DefaultHttpClient - Server: WildFly/8
23 апр 2026;11:00:00.126 [default-nioEventLoopGroup-1-8] TRACE i.m.h.client.netty.DefaultHttpClient - X-XSS-Protection: 1
23 апр 2026;11:00:00.126 [default-nioEventLoopGroup-1-8] TRACE i.m.h.client.netty.DefaultHttpClient - X-Frame-Options: SAMEORIGIN
23 апр 2026;11:00:00.126 [default-nioEventLoopGroup-1-8] TRACE i.m.h.client.netty.DefaultHttpClient - Content-Security-Policy: default-src *; style-src * 'unsafe-inline'; script-src * 'unsafe-inline' 'unsafe-eval'; img-src * data: 'unsafe-inline'; connect-src * 'unsafe-inline'; frame-src *;
23 апр 2026;11:00:00.126 [default-nioEventLoopGroup-1-8] TRACE i.m.h.client.netty.DefaultHttpClient - Date: Thu, 23 Apr 2026 08:00:00 GMT
23 апр 2026;11:00:00.126 [default-nioEventLoopGroup-1-8] TRACE i.m.h.client.netty.DefaultHttpClient - Connection: close
23 апр 2026;11:00:00.127 [default-nioEventLoopGroup-1-8] TRACE i.m.h.client.netty.DefaultHttpClient - X-Content-Type-Options: nosniff
23 апр 2026;11:00:00.127 [default-nioEventLoopGroup-1-8] TRACE i.m.h.client.netty.DefaultHttpClient - Strict-Transport-Security: max-age=31536000; includeSubDomains
23 апр 2026;11:00:00.127 [default-nioEventLoopGroup-1-8] TRACE i.m.h.client.netty.DefaultHttpClient - Content-Type: application/json
23 апр 2026;11:00:00.127 [default-nioEventLoopGroup-1-8] TRACE i.m.h.client.netty.DefaultHttpClient - content-length: 123
23 апр 2026;11:00:00.127 [default-nioEventLoopGroup-1-8] TRACE i.m.h.client.netty.DefaultHttpClient - Response Body
23 апр 2026;11:00:00.127 [default-nioEventLoopGroup-1-8] TRACE i.m.h.client.netty.DefaultHttpClient - ----
23 апр 2026;11:00:00.127 [default-nioEventLoopGroup-1-8] TRACE i.m.h.client.netty.DefaultHttpClient - {"id":98,"name":"Врач не назначен","queueType":"QUEUE","customersWaiting":0,"waitingTime":0,"serviceLevel":5}
23 апр 2026;11:00:00.127 [default-nioEventLoopGroup-1-8] TRACE i.m.h.client.netty.DefaultHttpClient - ----
23 апр 2026;11:00:00.131 [default-nioEventLoopGroup-1-9] DEBUG i.m.h.client.netty.DefaultHttpClient - Sending HTTP GET to http://192.168.0.77:8080/rest/servicepoint/branches/6/workProfiles
23 апр 2026;11:00:00.131 [default-nioEventLoopGroup-1-9] TRACE i.m.h.client.netty.DefaultHttpClient - Authorization: Basic c3VwZXJhZG1pbjp1bGFu
23 апр 2026;11:00:00.131 [default-nioEventLoopGroup-1-9] TRACE i.m.h.client.netty.DefaultHttpClient - Cookie: SSOcookie=57b46714-2f27-46b7-9921-8d8de8bba70d
23 апр 2026;11:00:00.131 [default-nioEventLoopGroup-1-9] TRACE i.m.h.client.netty.DefaultHttpClient - host: 192.168.0.77:8080
23 апр 2026;11:00:00.131 [default-nioEventLoopGroup-1-9] TRACE i.m.h.client.netty.DefaultHttpClient - connection: close
23 апр 2026;11:00:00.143 [default-nioEventLoopGroup-1-9] DEBUG i.m.h.client.netty.DefaultHttpClient - Received response 200 from http://192.168.0.77:8080/rest/servicepoint/branches/6/workProfiles
23 апр 2026;11:00:00.143 [default-nioEventLoopGroup-1-9] TRACE i.m.h.client.netty.DefaultHttpClient - HTTP Client Response Received (200 OK) for Request: GET http://192.168.0.77:8080/rest/servicepoint/branches/6/workProfiles
23 апр 2026;11:00:00.143 [default-nioEventLoopGroup-1-9] TRACE i.m.h.client.netty.DefaultHttpClient - Cache-Control: no-store, no-cache, max-age=0, must-revalidate
23 апр 2026;11:00:00.143 [default-nioEventLoopGroup-1-9] TRACE i.m.h.client.netty.DefaultHttpClient - X-Powered-By: Undertow/1
23 апр 2026;11:00:00.143 [default-nioEventLoopGroup-1-9] TRACE i.m.h.client.netty.DefaultHttpClient - Server: WildFly/8
23 апр 2026;11:00:00.143 [default-nioEventLoopGroup-1-9] TRACE i.m.h.client.netty.DefaultHttpClient - X-XSS-Protection: 1
23 апр 2026;11:00:00.143 [default-nioEventLoopGroup-1-9] TRACE i.m.h.client.netty.DefaultHttpClient - X-Frame-Options: SAMEORIGIN
23 апр 2026;11:00:00.143 [default-nioEventLoopGroup-1-9] TRACE i.m.h.client.netty.DefaultHttpClient - Content-Security-Policy: default-src *; style-src * 'unsafe-inline'; script-src * 'unsafe-inline' 'unsafe-eval'; img-src * data: 'unsafe-inline'; connect-src * 'unsafe-inline'; frame-src *;
23 апр 2026;11:00:00.143 [default-nioEventLoopGroup-1-9] TRACE i.m.h.client.netty.DefaultHttpClient - Date: Thu, 23 Apr 2026 08:00:00 GMT
23 апр 2026;11:00:00.143 [default-nioEventLoopGroup-1-9] TRACE i.m.h.client.netty.DefaultHttpClient - Connection: close
23 апр 2026;11:00:00.143 [default-nioEventLoopGroup-1-9] TRACE i.m.h.client.netty.DefaultHttpClient - X-Content-Type-Options: nosniff
23 апр 2026;11:00:00.143 [default-nioEventLoopGroup-1-9] TRACE i.m.h.client.netty.DefaultHttpClient - Strict-Transport-Security: max-age=31536000; includeSubDomains
23 апр 2026;11:00:00.143 [default-nioEventLoopGroup-1-9] TRACE i.m.h.client.netty.DefaultHttpClient - Content-Type: application/json
23 апр 2026;11:00:00.143 [default-nioEventLoopGroup-1-9] TRACE i.m.h.client.netty.DefaultHttpClient - content-length: 87
23 апр 2026;11:00:00.143 [default-nioEventLoopGroup-1-9] TRACE i.m.h.client.netty.DefaultHttpClient - Response Body
23 апр 2026;11:00:00.143 [default-nioEventLoopGroup-1-9] TRACE i.m.h.client.netty.DefaultHttpClient - ----
23 апр 2026;11:00:00.143 [default-nioEventLoopGroup-1-9] TRACE i.m.h.client.netty.DefaultHttpClient - [{"id":8,"name":"Ser1"},{"id":14,"name":"test05"},{"id":7,"name":"Универсал"}]
23 апр 2026;11:00:00.144 [default-nioEventLoopGroup-1-9] TRACE i.m.h.client.netty.DefaultHttpClient - ----
23 апр 2026;11:00:00.149 [default-nioEventLoopGroup-1-10] DEBUG i.m.h.client.netty.DefaultHttpClient - Sending HTTP GET to http://192.168.0.77:8080/rest/servicepoint/branches/6/workProfiles/8/queues
23 апр 2026;11:00:00.149 [default-nioEventLoopGroup-1-10] TRACE i.m.h.client.netty.DefaultHttpClient - Authorization: Basic c3VwZXJhZG1pbjp1bGFu
23 апр 2026;11:00:00.149 [default-nioEventLoopGroup-1-10] TRACE i.m.h.client.netty.DefaultHttpClient - Cookie: SSOcookie=57b46714-2f27-46b7-9921-8d8de8bba70d
23 апр 2026;11:00:00.149 [default-nioEventLoopGroup-1-10] TRACE i.m.h.client.netty.DefaultHttpClient - host: 192.168.0.77:8080
23 апр 2026;11:00:00.149 [default-nioEventLoopGroup-1-10] TRACE i.m.h.client.netty.DefaultHttpClient - connection: close
23 апр 2026;11:00:00.189 [default-nioEventLoopGroup-1-10] DEBUG i.m.h.client.netty.DefaultHttpClient - Received response 200 from http://192.168.0.77:8080/rest/servicepoint/branches/6/workProfiles/8/queues
23 апр 2026;11:00:00.189 [default-nioEventLoopGroup-1-10] TRACE i.m.h.client.netty.DefaultHttpClient - HTTP Client Response Received (200 OK) for Request: GET http://192.168.0.77:8080/rest/servicepoint/branches/6/workProfiles/8/queues
23 апр 2026;11:00:00.189 [default-nioEventLoopGroup-1-10] TRACE i.m.h.client.netty.DefaultHttpClient - Cache-Control: no-store, no-cache, max-age=0, must-revalidate
23 апр 2026;11:00:00.189 [default-nioEventLoopGroup-1-10] TRACE i.m.h.client.netty.DefaultHttpClient - X-Powered-By: Undertow/1
23 апр 2026;11:00:00.189 [default-nioEventLoopGroup-1-10] TRACE i.m.h.client.netty.DefaultHttpClient - Server: WildFly/8
23 апр 2026;11:00:00.189 [default-nioEventLoopGroup-1-10] TRACE i.m.h.client.netty.DefaultHttpClient - X-XSS-Protection: 1
23 апр 2026;11:00:00.189 [default-nioEventLoopGroup-1-10] TRACE i.m.h.client.netty.DefaultHttpClient - X-Frame-Options: SAMEORIGIN
23 апр 2026;11:00:00.189 [default-nioEventLoopGroup-1-10] TRACE i.m.h.client.netty.DefaultHttpClient - Content-Security-Policy: default-src *; style-src * 'unsafe-inline'; script-src * 'unsafe-inline' 'unsafe-eval'; img-src * data: 'unsafe-inline'; connect-src * 'unsafe-inline'; frame-src *;
23 апр 2026;11:00:00.189 [default-nioEventLoopGroup-1-10] TRACE i.m.h.client.netty.DefaultHttpClient - Date: Thu, 23 Apr 2026 08:00:00 GMT
23 апр 2026;11:00:00.189 [default-nioEventLoopGroup-1-10] TRACE i.m.h.client.netty.DefaultHttpClient - Connection: close
23 апр 2026;11:00:00.189 [default-nioEventLoopGroup-1-10] TRACE i.m.h.client.netty.DefaultHttpClient - X-Content-Type-Options: nosniff
23 апр 2026;11:00:00.189 [default-nioEventLoopGroup-1-10] TRACE i.m.h.client.netty.DefaultHttpClient - Strict-Transport-Security: max-age=31536000; includeSubDomains
23 апр 2026;11:00:00.189 [default-nioEventLoopGroup-1-10] TRACE i.m.h.client.netty.DefaultHttpClient - Content-Type: application/json
23 апр 2026;11:00:00.189 [default-nioEventLoopGroup-1-10] TRACE i.m.h.client.netty.DefaultHttpClient - content-length: 137
23 апр 2026;11:00:00.189 [default-nioEventLoopGroup-1-10] TRACE i.m.h.client.netty.DefaultHttpClient - Response Body
23 апр 2026;11:00:00.189 [default-nioEventLoopGroup-1-10] TRACE i.m.h.client.netty.DefaultHttpClient - ----
23 апр 2026;11:00:00.189 [default-nioEventLoopGroup-1-10] TRACE i.m.h.client.netty.DefaultHttpClient - [{"id":9,"name":"Очередь по умолчанию","queueType":"QUEUE","customersWaiting":9,"waitingTime":686511,"serviceLevel":5}]
23 апр 2026;11:00:00.189 [default-nioEventLoopGroup-1-10] TRACE i.m.h.client.netty.DefaultHttpClient - ----
23 апр 2026;11:00:00.196 [default-nioEventLoopGroup-1-11] DEBUG i.m.h.client.netty.DefaultHttpClient - Sending HTTP GET to http://192.168.0.77:8080/rest/servicepoint/branches/6/workProfiles/14/queues
23 апр 2026;11:00:00.196 [default-nioEventLoopGroup-1-11] TRACE i.m.h.client.netty.DefaultHttpClient - Authorization: Basic c3VwZXJhZG1pbjp1bGFu
23 апр 2026;11:00:00.196 [default-nioEventLoopGroup-1-11] TRACE i.m.h.client.netty.DefaultHttpClient - Cookie: SSOcookie=57b46714-2f27-46b7-9921-8d8de8bba70d
23 апр 2026;11:00:00.196 [default-nioEventLoopGroup-1-11] TRACE i.m.h.client.netty.DefaultHttpClient - host: 192.168.0.77:8080
23 апр 2026;11:00:00.196 [default-nioEventLoopGroup-1-11] TRACE i.m.h.client.netty.DefaultHttpClient - connection: close
23 апр 2026;11:00:00.210 [default-nioEventLoopGroup-1-11] DEBUG i.m.h.client.netty.DefaultHttpClient - Received response 200 from http://192.168.0.77:8080/rest/servicepoint/branches/6/workProfiles/14/queues
23 апр 2026;11:00:00.210 [default-nioEventLoopGroup-1-11] TRACE i.m.h.client.netty.DefaultHttpClient - HTTP Client Response Received (200 OK) for Request: GET http://192.168.0.77:8080/rest/servicepoint/branches/6/workProfiles/14/queues
23 апр 2026;11:00:00.210 [default-nioEventLoopGroup-1-11] TRACE i.m.h.client.netty.DefaultHttpClient - Cache-Control: no-store, no-cache, max-age=0, must-revalidate
23 апр 2026;11:00:00.210 [default-nioEventLoopGroup-1-11] TRACE i.m.h.client.netty.DefaultHttpClient - X-Powered-By: Undertow/1
23 апр 2026;11:00:00.210 [default-nioEventLoopGroup-1-11] TRACE i.m.h.client.netty.DefaultHttpClient - Server: WildFly/8
23 апр 2026;11:00:00.210 [default-nioEventLoopGroup-1-11] TRACE i.m.h.client.netty.DefaultHttpClient - X-XSS-Protection: 1
23 апр 2026;11:00:00.210 [default-nioEventLoopGroup-1-11] TRACE i.m.h.client.netty.DefaultHttpClient - X-Frame-Options: SAMEORIGIN
23 апр 2026;11:00:00.210 [default-nioEventLoopGroup-1-11] TRACE i.m.h.client.netty.DefaultHttpClient - Content-Security-Policy: default-src *; style-src * 'unsafe-inline'; script-src * 'unsafe-inline' 'unsafe-eval'; img-src * data: 'unsafe-inline'; connect-src * 'unsafe-inline'; frame-src *;
23 апр 2026;11:00:00.210 [default-nioEventLoopGroup-1-11] TRACE i.m.h.client.netty.DefaultHttpClient - Date: Thu, 23 Apr 2026 08:00:00 GMT
23 апр 2026;11:00:00.210 [default-nioEventLoopGroup-1-11] TRACE i.m.h.client.netty.DefaultHttpClient - Connection: close
23 апр 2026;11:00:00.210 [default-nioEventLoopGroup-1-11] TRACE i.m.h.client.netty.DefaultHttpClient - X-Content-Type-Options: nosniff
23 апр 2026;11:00:00.210 [default-nioEventLoopGroup-1-11] TRACE i.m.h.client.netty.DefaultHttpClient - Strict-Transport-Security: max-age=31536000; includeSubDomains
23 апр 2026;11:00:00.210 [default-nioEventLoopGroup-1-11] TRACE i.m.h.client.netty.DefaultHttpClient - Content-Type: application/json
23 апр 2026;11:00:00.210 [default-nioEventLoopGroup-1-11] TRACE i.m.h.client.netty.DefaultHttpClient - content-length: 278
23 апр 2026;11:00:00.210 [default-nioEventLoopGroup-1-11] TRACE i.m.h.client.netty.DefaultHttpClient - Response Body
23 апр 2026;11:00:00.210 [default-nioEventLoopGroup-1-11] TRACE i.m.h.client.netty.DefaultHttpClient - ----
23 апр 2026;11:00:00.210 [default-nioEventLoopGroup-1-11] TRACE i.m.h.client.netty.DefaultHttpClient - [{"id":9,"name":"Очередь по умолчанию","queueType":"QUEUE","customersWaiting":9,"waitingTime":686511,"serviceLevel":5},{"id":10,"name":"Очередь по умолчанию 2","queueType":"QUEUE","customersWaiting":207,"waitingTime":686587,"serviceLevel":5}]
23 апр 2026;11:00:00.210 [default-nioEventLoopGroup-1-11] TRACE i.m.h.client.netty.DefaultHttpClient - ----
23 апр 2026;11:00:00.214 [default-nioEventLoopGroup-1-12] DEBUG i.m.h.client.netty.DefaultHttpClient - Sending HTTP GET to http://192.168.0.77:8080/rest/servicepoint/branches/6/workProfiles/7/queues
23 апр 2026;11:00:00.214 [default-nioEventLoopGroup-1-12] TRACE i.m.h.client.netty.DefaultHttpClient - Authorization: Basic c3VwZXJhZG1pbjp1bGFu
23 апр 2026;11:00:00.214 [default-nioEventLoopGroup-1-12] TRACE i.m.h.client.netty.DefaultHttpClient - Cookie: SSOcookie=57b46714-2f27-46b7-9921-8d8de8bba70d
23 апр 2026;11:00:00.215 [default-nioEventLoopGroup-1-12] TRACE i.m.h.client.netty.DefaultHttpClient - host: 192.168.0.77:8080
23 апр 2026;11:00:00.215 [default-nioEventLoopGroup-1-12] TRACE i.m.h.client.netty.DefaultHttpClient - connection: close
23 апр 2026;11:00:00.225 [default-nioEventLoopGroup-1-12] DEBUG i.m.h.client.netty.DefaultHttpClient - Received response 200 from http://192.168.0.77:8080/rest/servicepoint/branches/6/workProfiles/7/queues
23 апр 2026;11:00:00.225 [default-nioEventLoopGroup-1-12] TRACE i.m.h.client.netty.DefaultHttpClient - HTTP Client Response Received (200 OK) for Request: GET http://192.168.0.77:8080/rest/servicepoint/branches/6/workProfiles/7/queues
23 апр 2026;11:00:00.225 [default-nioEventLoopGroup-1-12] TRACE i.m.h.client.netty.DefaultHttpClient - Cache-Control: no-store, no-cache, max-age=0, must-revalidate
23 апр 2026;11:00:00.225 [default-nioEventLoopGroup-1-12] TRACE i.m.h.client.netty.DefaultHttpClient - X-Powered-By: Undertow/1
23 апр 2026;11:00:00.225 [default-nioEventLoopGroup-1-12] TRACE i.m.h.client.netty.DefaultHttpClient - Server: WildFly/8
23 апр 2026;11:00:00.225 [default-nioEventLoopGroup-1-12] TRACE i.m.h.client.netty.DefaultHttpClient - X-XSS-Protection: 1
23 апр 2026;11:00:00.225 [default-nioEventLoopGroup-1-12] TRACE i.m.h.client.netty.DefaultHttpClient - X-Frame-Options: SAMEORIGIN
23 апр 2026;11:00:00.225 [default-nioEventLoopGroup-1-12] TRACE i.m.h.client.netty.DefaultHttpClient - Content-Security-Policy: default-src *; style-src * 'unsafe-inline'; script-src * 'unsafe-inline' 'unsafe-eval'; img-src * data: 'unsafe-inline'; connect-src * 'unsafe-inline'; frame-src *;
23 апр 2026;11:00:00.225 [default-nioEventLoopGroup-1-12] TRACE i.m.h.client.netty.DefaultHttpClient - Date: Thu, 23 Apr 2026 08:00:00 GMT
23 апр 2026;11:00:00.225 [default-nioEventLoopGroup-1-12] TRACE i.m.h.client.netty.DefaultHttpClient - Connection: close
23 апр 2026;11:00:00.225 [default-nioEventLoopGroup-1-12] TRACE i.m.h.client.netty.DefaultHttpClient - X-Content-Type-Options: nosniff
23 апр 2026;11:00:00.225 [default-nioEventLoopGroup-1-12] TRACE i.m.h.client.netty.DefaultHttpClient - Strict-Transport-Security: max-age=31536000; includeSubDomains
23 апр 2026;11:00:00.225 [default-nioEventLoopGroup-1-12] TRACE i.m.h.client.netty.DefaultHttpClient - Content-Type: application/json
23 апр 2026;11:00:00.225 [default-nioEventLoopGroup-1-12] TRACE i.m.h.client.netty.DefaultHttpClient - content-length: 546
23 апр 2026;11:00:00.225 [default-nioEventLoopGroup-1-12] TRACE i.m.h.client.netty.DefaultHttpClient - Response Body
23 апр 2026;11:00:00.225 [default-nioEventLoopGroup-1-12] TRACE i.m.h.client.netty.DefaultHttpClient - ----
23 апр 2026;11:00:00.225 [default-nioEventLoopGroup-1-12] TRACE i.m.h.client.netty.DefaultHttpClient - [{"id":11,"name":"Очередь по умолчанию 3","queueType":"QUEUE","customersWaiting":0,"waitingTime":0,"serviceLevel":5},{"id":12,"name":"Очередь по умолчанию 4","queueType":"QUEUE","customersWaiting":0,"waitingTime":0,"serviceLevel":5},{"id":9,"name":"Очередь по умолчанию","queueType":"QUEUE","customersWaiting":9,"waitingTime":686511,"serviceLevel":5},{"id":10,"name":"Очередь по умолчанию 2","queueType":"QUEUE","customersWaiting":207,"waitingTime":686587,"serviceLevel":5}]
23 апр 2026;11:00:00.225 [default-nioEventLoopGroup-1-12] TRACE i.m.h.client.netty.DefaultHttpClient - ----
23 апр 2026;11:00:00.231 [default-nioEventLoopGroup-1-14] DEBUG i.m.h.client.netty.DefaultHttpClient - Sending HTTP GET to http://192.168.0.77:8080/rest/servicepoint/branches/6/queues/
23 апр 2026;11:00:00.231 [default-nioEventLoopGroup-1-14] TRACE i.m.h.client.netty.DefaultHttpClient - Authorization: Basic c3VwZXJhZG1pbjp1bGFu
23 апр 2026;11:00:00.231 [default-nioEventLoopGroup-1-14] TRACE i.m.h.client.netty.DefaultHttpClient - Cookie: SSOcookie=57b46714-2f27-46b7-9921-8d8de8bba70d
23 апр 2026;11:00:00.231 [default-nioEventLoopGroup-1-14] TRACE i.m.h.client.netty.DefaultHttpClient - host: 192.168.0.77:8080
23 апр 2026;11:00:00.231 [default-nioEventLoopGroup-1-14] TRACE i.m.h.client.netty.DefaultHttpClient - connection: close
23 апр 2026;11:00:00.242 [default-nioEventLoopGroup-1-14] DEBUG i.m.h.client.netty.DefaultHttpClient - Received response 200 from http://192.168.0.77:8080/rest/servicepoint/branches/6/queues/
23 апр 2026;11:00:00.242 [default-nioEventLoopGroup-1-14] TRACE i.m.h.client.netty.DefaultHttpClient - HTTP Client Response Received (200 OK) for Request: GET http://192.168.0.77:8080/rest/servicepoint/branches/6/queues/
23 апр 2026;11:00:00.242 [default-nioEventLoopGroup-1-14] TRACE i.m.h.client.netty.DefaultHttpClient - Cache-Control: no-store, no-cache, max-age=0, must-revalidate
23 апр 2026;11:00:00.242 [default-nioEventLoopGroup-1-14] TRACE i.m.h.client.netty.DefaultHttpClient - X-Powered-By: Undertow/1
23 апр 2026;11:00:00.242 [default-nioEventLoopGroup-1-14] TRACE i.m.h.client.netty.DefaultHttpClient - Server: WildFly/8
23 апр 2026;11:00:00.242 [default-nioEventLoopGroup-1-14] TRACE i.m.h.client.netty.DefaultHttpClient - X-XSS-Protection: 1
23 апр 2026;11:00:00.242 [default-nioEventLoopGroup-1-14] TRACE i.m.h.client.netty.DefaultHttpClient - X-Frame-Options: SAMEORIGIN
23 апр 2026;11:00:00.242 [default-nioEventLoopGroup-1-14] TRACE i.m.h.client.netty.DefaultHttpClient - Content-Security-Policy: default-src *; style-src * 'unsafe-inline'; script-src * 'unsafe-inline' 'unsafe-eval'; img-src * data: 'unsafe-inline'; connect-src * 'unsafe-inline'; frame-src *;
23 апр 2026;11:00:00.242 [default-nioEventLoopGroup-1-14] TRACE i.m.h.client.netty.DefaultHttpClient - Date: Thu, 23 Apr 2026 08:00:00 GMT
23 апр 2026;11:00:00.242 [default-nioEventLoopGroup-1-14] TRACE i.m.h.client.netty.DefaultHttpClient - Connection: close
23 апр 2026;11:00:00.242 [default-nioEventLoopGroup-1-14] TRACE i.m.h.client.netty.DefaultHttpClient - X-Content-Type-Options: nosniff
23 апр 2026;11:00:00.242 [default-nioEventLoopGroup-1-14] TRACE i.m.h.client.netty.DefaultHttpClient - Strict-Transport-Security: max-age=31536000; includeSubDomains
23 апр 2026;11:00:00.242 [default-nioEventLoopGroup-1-14] TRACE i.m.h.client.netty.DefaultHttpClient - Content-Type: application/json
23 апр 2026;11:00:00.242 [default-nioEventLoopGroup-1-14] TRACE i.m.h.client.netty.DefaultHttpClient - content-length: 670
23 апр 2026;11:00:00.242 [default-nioEventLoopGroup-1-14] TRACE i.m.h.client.netty.DefaultHttpClient - Response Body
23 апр 2026;11:00:00.242 [default-nioEventLoopGroup-1-14] TRACE i.m.h.client.netty.DefaultHttpClient - ----
23 апр 2026;11:00:00.242 [default-nioEventLoopGroup-1-14] TRACE i.m.h.client.netty.DefaultHttpClient - [{"id":12,"name":"Очередь по умолчанию 4","queueType":"QUEUE","customersWaiting":0,"waitingTime":0,"serviceLevel":5},{"id":9,"name":"Очередь по умолчанию","queueType":"QUEUE","customersWaiting":9,"waitingTime":686511,"serviceLevel":5},{"id":10,"name":"Очередь по умолчанию 2","queueType":"QUEUE","customersWaiting":207,"waitingTime":686587,"serviceLevel":5},{"id":11,"name":"Очередь по умолчанию 3","queueType":"QUEUE","customersWaiting":0,"waitingTime":0,"serviceLevel":5},{"id":98,"name":"Врач не назначен","queueType":"QUEUE","customersWaiting":0,"waitingTime":0,"serviceLevel":5}]
23 апр 2026;11:00:00.242 [default-nioEventLoopGroup-1-14] TRACE i.m.h.client.netty.DefaultHttpClient - ----
23 апр 2026;11:00:00.246 [default-nioEventLoopGroup-1-15] DEBUG i.m.h.client.netty.DefaultHttpClient - Sending HTTP GET to http://192.168.0.77:8080/rest/managementinformation/v2/branches/6/servicePoints
23 апр 2026;11:00:00.246 [default-nioEventLoopGroup-1-15] TRACE i.m.h.client.netty.DefaultHttpClient - Authorization: Basic c3VwZXJhZG1pbjp1bGFu
23 апр 2026;11:00:00.246 [default-nioEventLoopGroup-1-15] TRACE i.m.h.client.netty.DefaultHttpClient - Cookie: SSOcookie=57b46714-2f27-46b7-9921-8d8de8bba70d
23 апр 2026;11:00:00.246 [default-nioEventLoopGroup-1-15] TRACE i.m.h.client.netty.DefaultHttpClient - host: 192.168.0.77:8080
23 апр 2026;11:00:00.246 [default-nioEventLoopGroup-1-15] TRACE i.m.h.client.netty.DefaultHttpClient - connection: close
23 апр 2026;11:00:00.275 [default-nioEventLoopGroup-1-15] DEBUG i.m.h.client.netty.DefaultHttpClient - Received response 200 from http://192.168.0.77:8080/rest/managementinformation/v2/branches/6/servicePoints
23 апр 2026;11:00:00.275 [default-nioEventLoopGroup-1-15] TRACE i.m.h.client.netty.DefaultHttpClient - HTTP Client Response Received (200 OK) for Request: GET http://192.168.0.77:8080/rest/managementinformation/v2/branches/6/servicePoints
23 апр 2026;11:00:00.275 [default-nioEventLoopGroup-1-15] TRACE i.m.h.client.netty.DefaultHttpClient - Cache-Control: no-store, no-cache, max-age=0, must-revalidate
23 апр 2026;11:00:00.275 [default-nioEventLoopGroup-1-15] TRACE i.m.h.client.netty.DefaultHttpClient - X-Powered-By: Undertow/1
23 апр 2026;11:00:00.276 [default-nioEventLoopGroup-1-15] TRACE i.m.h.client.netty.DefaultHttpClient - Server: WildFly/8
23 апр 2026;11:00:00.276 [default-nioEventLoopGroup-1-15] TRACE i.m.h.client.netty.DefaultHttpClient - X-XSS-Protection: 1
23 апр 2026;11:00:00.276 [default-nioEventLoopGroup-1-15] TRACE i.m.h.client.netty.DefaultHttpClient - X-Frame-Options: SAMEORIGIN
23 апр 2026;11:00:00.276 [default-nioEventLoopGroup-1-15] TRACE i.m.h.client.netty.DefaultHttpClient - Content-Security-Policy: default-src *; style-src * 'unsafe-inline'; script-src * 'unsafe-inline' 'unsafe-eval'; img-src * data: 'unsafe-inline'; connect-src * 'unsafe-inline'; frame-src *;
23 апр 2026;11:00:00.276 [default-nioEventLoopGroup-1-15] TRACE i.m.h.client.netty.DefaultHttpClient - Date: Thu, 23 Apr 2026 08:00:00 GMT
23 апр 2026;11:00:00.276 [default-nioEventLoopGroup-1-15] TRACE i.m.h.client.netty.DefaultHttpClient - Connection: close
23 апр 2026;11:00:00.276 [default-nioEventLoopGroup-1-15] TRACE i.m.h.client.netty.DefaultHttpClient - X-Content-Type-Options: nosniff
23 апр 2026;11:00:00.276 [default-nioEventLoopGroup-1-15] TRACE i.m.h.client.netty.DefaultHttpClient - Strict-Transport-Security: max-age=31536000; includeSubDomains
23 апр 2026;11:00:00.276 [default-nioEventLoopGroup-1-15] TRACE i.m.h.client.netty.DefaultHttpClient - Content-Type: application/json
23 апр 2026;11:00:00.276 [default-nioEventLoopGroup-1-15] TRACE i.m.h.client.netty.DefaultHttpClient - content-length: 853
23 апр 2026;11:00:00.276 [default-nioEventLoopGroup-1-15] TRACE i.m.h.client.netty.DefaultHttpClient - Response Body
23 апр 2026;11:00:00.276 [default-nioEventLoopGroup-1-15] TRACE i.m.h.client.netty.DefaultHttpClient - ----
23 апр 2026;11:00:00.276 [default-nioEventLoopGroup-1-15] TRACE i.m.h.client.netty.DefaultHttpClient - [{"id":120000000006,"name":"Кабинет 13","branchId":6,"branchName":"Chat_Bot_Demo","staffId":1,"staffName":"superadmin","staffFullName":"Super Administrator","workProfileId":7,"workProfileName":"Универсал","currentServiceName":"","currentCustomerName":"","currentTicketNumber":"","currentVisitId":null,"status":"OPEN","currentTransactionTime":0,"customersServed":0,"currentServiceCurrentTransactionTime":0,"serviceTargetTransTime":null},{"id":110000000006,"name":null,"branchId":6,"branchName":"Chat_Bot_Demo","staffId":null,"staffName":null,"staffFullName":null,"workProfileId":null,"workProfileName":null,"currentServiceName":"","currentCustomerName":"","currentTicketNumber":"","currentVisitId":null,"status":"OPEN","currentTransactionTime":0,"customersServed":0,"currentServiceCurrentTransactionTime":0,"serviceTargetTransTime":null}]
23 апр 2026;11:00:00.276 [default-nioEventLoopGroup-1-15] TRACE i.m.h.client.netty.DefaultHttpClient - ----
23 апр 2026;11:00:00.281 [default-nioEventLoopGroup-1-16] DEBUG i.m.h.client.netty.DefaultHttpClient - Sending HTTP GET to http://192.168.0.77:8080/rest/entrypoint/branches/6/queues/98/visits/full/
23 апр 2026;11:00:00.281 [default-nioEventLoopGroup-1-16] TRACE i.m.h.client.netty.DefaultHttpClient - Authorization: Basic c3VwZXJhZG1pbjp1bGFu
23 апр 2026;11:00:00.281 [default-nioEventLoopGroup-1-16] TRACE i.m.h.client.netty.DefaultHttpClient - Cookie: SSOcookie=57b46714-2f27-46b7-9921-8d8de8bba70d
23 апр 2026;11:00:00.281 [default-nioEventLoopGroup-1-16] TRACE i.m.h.client.netty.DefaultHttpClient - host: 192.168.0.77:8080
23 апр 2026;11:00:00.281 [default-nioEventLoopGroup-1-16] TRACE i.m.h.client.netty.DefaultHttpClient - connection: close
23 апр 2026;11:00:00.299 [default-nioEventLoopGroup-1-16] DEBUG i.m.h.client.netty.DefaultHttpClient - Received response 200 from http://192.168.0.77:8080/rest/entrypoint/branches/6/queues/98/visits/full/
23 апр 2026;11:00:00.299 [default-nioEventLoopGroup-1-16] TRACE i.m.h.client.netty.DefaultHttpClient - HTTP Client Response Received (200 OK) for Request: GET http://192.168.0.77:8080/rest/entrypoint/branches/6/queues/98/visits/full/
23 апр 2026;11:00:00.299 [default-nioEventLoopGroup-1-16] TRACE i.m.h.client.netty.DefaultHttpClient - Cache-Control: no-store, no-cache, max-age=0, must-revalidate
23 апр 2026;11:00:00.299 [default-nioEventLoopGroup-1-16] TRACE i.m.h.client.netty.DefaultHttpClient - X-Powered-By: Undertow/1
23 апр 2026;11:00:00.299 [default-nioEventLoopGroup-1-16] TRACE i.m.h.client.netty.DefaultHttpClient - Server: WildFly/8
23 апр 2026;11:00:00.299 [default-nioEventLoopGroup-1-16] TRACE i.m.h.client.netty.DefaultHttpClient - X-XSS-Protection: 1
23 апр 2026;11:00:00.299 [default-nioEventLoopGroup-1-16] TRACE i.m.h.client.netty.DefaultHttpClient - X-Frame-Options: SAMEORIGIN
23 апр 2026;11:00:00.299 [default-nioEventLoopGroup-1-16] TRACE i.m.h.client.netty.DefaultHttpClient - Content-Security-Policy: default-src *; style-src * 'unsafe-inline'; script-src * 'unsafe-inline' 'unsafe-eval'; img-src * data: 'unsafe-inline'; connect-src * 'unsafe-inline'; frame-src *;
23 апр 2026;11:00:00.299 [default-nioEventLoopGroup-1-16] TRACE i.m.h.client.netty.DefaultHttpClient - Date: Thu, 23 Apr 2026 08:00:00 GMT
23 апр 2026;11:00:00.299 [default-nioEventLoopGroup-1-16] TRACE i.m.h.client.netty.DefaultHttpClient - Connection: close
23 апр 2026;11:00:00.299 [default-nioEventLoopGroup-1-16] TRACE i.m.h.client.netty.DefaultHttpClient - X-Content-Type-Options: nosniff
23 апр 2026;11:00:00.299 [default-nioEventLoopGroup-1-16] TRACE i.m.h.client.netty.DefaultHttpClient - Strict-Transport-Security: max-age=31536000; includeSubDomains
23 апр 2026;11:00:00.299 [default-nioEventLoopGroup-1-16] TRACE i.m.h.client.netty.DefaultHttpClient - Content-Type: application/json
23 апр 2026;11:00:00.299 [default-nioEventLoopGroup-1-16] TRACE i.m.h.client.netty.DefaultHttpClient - content-length: 2
23 апр 2026;11:00:00.299 [default-nioEventLoopGroup-1-16] TRACE i.m.h.client.netty.DefaultHttpClient - Response Body
23 апр 2026;11:00:00.299 [default-nioEventLoopGroup-1-16] TRACE i.m.h.client.netty.DefaultHttpClient - ----
23 апр 2026;11:00:00.299 [default-nioEventLoopGroup-1-16] TRACE i.m.h.client.netty.DefaultHttpClient - []
23 апр 2026;11:00:00.299 [default-nioEventLoopGroup-1-16] TRACE i.m.h.client.netty.DefaultHttpClient - ----
23 апр 2026;11:05:00.010 [default-nioEventLoopGroup-1-17] DEBUG i.m.h.client.netty.DefaultHttpClient - Sending HTTP GET to http://192.168.0.77:8080/rest/entrypoint/branches/6/queues/98/visits/full/
23 апр 2026;11:05:00.010 [default-nioEventLoopGroup-1-17] TRACE i.m.h.client.netty.DefaultHttpClient - Authorization: Basic c3VwZXJhZG1pbjp1bGFu
23 апр 2026;11:05:00.010 [default-nioEventLoopGroup-1-17] TRACE i.m.h.client.netty.DefaultHttpClient - Cookie: SSOcookie=57b46714-2f27-46b7-9921-8d8de8bba70d
23 апр 2026;11:05:00.010 [default-nioEventLoopGroup-1-17] TRACE i.m.h.client.netty.DefaultHttpClient - host: 192.168.0.77:8080
23 апр 2026;11:05:00.010 [default-nioEventLoopGroup-1-17] TRACE i.m.h.client.netty.DefaultHttpClient - connection: close
23 апр 2026;11:05:02.742 [default-nioEventLoopGroup-1-17] DEBUG i.m.h.client.netty.DefaultHttpClient - Received response 200 from http://192.168.0.77:8080/rest/entrypoint/branches/6/queues/98/visits/full/
23 апр 2026;11:05:02.742 [default-nioEventLoopGroup-1-17] TRACE i.m.h.client.netty.DefaultHttpClient - HTTP Client Response Received (200 OK) for Request: GET http://192.168.0.77:8080/rest/entrypoint/branches/6/queues/98/visits/full/
23 апр 2026;11:05:02.742 [default-nioEventLoopGroup-1-17] TRACE i.m.h.client.netty.DefaultHttpClient - Cache-Control: no-store, no-cache, max-age=0, must-revalidate
23 апр 2026;11:05:02.742 [default-nioEventLoopGroup-1-17] TRACE i.m.h.client.netty.DefaultHttpClient - X-Powered-By: Undertow/1
23 апр 2026;11:05:02.742 [default-nioEventLoopGroup-1-17] TRACE i.m.h.client.netty.DefaultHttpClient - Server: WildFly/8
23 апр 2026;11:05:02.742 [default-nioEventLoopGroup-1-17] TRACE i.m.h.client.netty.DefaultHttpClient - X-XSS-Protection: 1
23 апр 2026;11:05:02.742 [default-nioEventLoopGroup-1-17] TRACE i.m.h.client.netty.DefaultHttpClient - X-Frame-Options: SAMEORIGIN
23 апр 2026;11:05:02.742 [default-nioEventLoopGroup-1-17] TRACE i.m.h.client.netty.DefaultHttpClient - Content-Security-Policy: default-src *; style-src * 'unsafe-inline'; script-src * 'unsafe-inline' 'unsafe-eval'; img-src * data: 'unsafe-inline'; connect-src * 'unsafe-inline'; frame-src *;
23 апр 2026;11:05:02.742 [default-nioEventLoopGroup-1-17] TRACE i.m.h.client.netty.DefaultHttpClient - Date: Thu, 23 Apr 2026 08:05:02 GMT
23 апр 2026;11:05:02.742 [default-nioEventLoopGroup-1-17] TRACE i.m.h.client.netty.DefaultHttpClient - Connection: close
23 апр 2026;11:05:02.742 [default-nioEventLoopGroup-1-17] TRACE i.m.h.client.netty.DefaultHttpClient - X-Content-Type-Options: nosniff
23 апр 2026;11:05:02.742 [default-nioEventLoopGroup-1-17] TRACE i.m.h.client.netty.DefaultHttpClient - Strict-Transport-Security: max-age=31536000; includeSubDomains
23 апр 2026;11:05:02.742 [default-nioEventLoopGroup-1-17] TRACE i.m.h.client.netty.DefaultHttpClient - Content-Type: application/json
23 апр 2026;11:05:02.742 [default-nioEventLoopGroup-1-17] TRACE i.m.h.client.netty.DefaultHttpClient - content-length: 2
23 апр 2026;11:05:02.742 [default-nioEventLoopGroup-1-17] TRACE i.m.h.client.netty.DefaultHttpClient - Response Body
23 апр 2026;11:05:02.742 [default-nioEventLoopGroup-1-17] TRACE i.m.h.client.netty.DefaultHttpClient - ----
23 апр 2026;11:05:02.743 [default-nioEventLoopGroup-1-17] TRACE i.m.h.client.netty.DefaultHttpClient - []
23 апр 2026;11:05:02.743 [default-nioEventLoopGroup-1-17] TRACE i.m.h.client.netty.DefaultHttpClient - ----
