27 апр 2026;12:29:03.022 [main] DEBUG i.n.u.i.l.InternalLoggerFactory - Using SLF4J as the default logging framework
27 апр 2026;12:29:03.027 [main] DEBUG i.n.u.i.InternalThreadLocalMap - -Dio.netty.threadLocalMap.stringBuilder.initialSize: 1024
27 апр 2026;12:29:03.028 [main] DEBUG i.n.u.i.InternalThreadLocalMap - -Dio.netty.threadLocalMap.stringBuilder.maxSize: 4096
27 апр 2026;12:29:03.047 [main] DEBUG i.n.util.internal.PlatformDependent0 - -Dio.netty.noUnsafe: false
27 апр 2026;12:29:03.048 [main] DEBUG i.n.util.internal.PlatformDependent0 - Java version: 8
27 апр 2026;12:29:03.049 [main] DEBUG i.n.util.internal.PlatformDependent0 - sun.misc.Unsafe.theUnsafe: available
27 апр 2026;12:29:03.049 [main] DEBUG i.n.util.internal.PlatformDependent0 - sun.misc.Unsafe.copyMemory: available
27 апр 2026;12:29:03.050 [main] DEBUG i.n.util.internal.PlatformDependent0 - sun.misc.Unsafe.storeFence: available
27 апр 2026;12:29:03.050 [main] DEBUG i.n.util.internal.PlatformDependent0 - java.nio.Buffer.address: available
27 апр 2026;12:29:03.051 [main] DEBUG i.n.util.internal.PlatformDependent0 - direct buffer constructor: available
27 апр 2026;12:29:03.052 [main] DEBUG i.n.util.internal.PlatformDependent0 - java.nio.Bits.unaligned: available, true
27 апр 2026;12:29:03.052 [main] DEBUG i.n.util.internal.PlatformDependent0 - jdk.internal.misc.Unsafe.allocateUninitializedArray(int): unavailable prior to Java9
27 апр 2026;12:29:03.052 [main] DEBUG i.n.util.internal.PlatformDependent0 - java.nio.DirectByteBuffer.<init>(long, int): available
27 апр 2026;12:29:03.052 [main] DEBUG i.n.util.internal.PlatformDependent - sun.misc.Unsafe: available
27 апр 2026;12:29:03.052 [main] DEBUG i.n.util.internal.PlatformDependent - -Dio.netty.tmpdir: C:\Users\psoko\AppData\Local\Temp (java.io.tmpdir)
27 апр 2026;12:29:03.052 [main] DEBUG i.n.util.internal.PlatformDependent - -Dio.netty.bitMode: 64 (sun.arch.data.model)
27 апр 2026;12:29:03.052 [main] DEBUG i.n.util.internal.PlatformDependent - Platform: Windows
27 апр 2026;12:29:03.053 [main] DEBUG i.n.util.internal.PlatformDependent - -Dio.netty.maxDirectMemory: 7628390400 bytes
27 апр 2026;12:29:03.053 [main] DEBUG i.n.util.internal.PlatformDependent - -Dio.netty.uninitializedArrayAllocationThreshold: -1
27 апр 2026;12:29:03.054 [main] DEBUG io.netty.util.internal.CleanerJava6 - java.nio.ByteBuffer.cleaner(): available
27 апр 2026;12:29:03.055 [main] DEBUG i.n.util.internal.PlatformDependent - -Dio.netty.noPreferDirect: false
27 апр 2026;12:29:03.063 [main] DEBUG io.netty.util.ResourceLeakDetector - -Dio.netty.leakDetection.level: simple
27 апр 2026;12:29:03.063 [main] DEBUG io.netty.util.ResourceLeakDetector - -Dio.netty.leakDetection.targetRecords: 4
27 апр 2026;12:29:03.065 [main] DEBUG i.n.buffer.PooledByteBufAllocator - -Dio.netty.allocator.numHeapArenas: 16
27 апр 2026;12:29:03.066 [main] DEBUG i.n.buffer.PooledByteBufAllocator - -Dio.netty.allocator.numDirectArenas: 16
27 апр 2026;12:29:03.066 [main] DEBUG i.n.buffer.PooledByteBufAllocator - -Dio.netty.allocator.pageSize: 8192
27 апр 2026;12:29:03.066 [main] DEBUG i.n.buffer.PooledByteBufAllocator - -Dio.netty.allocator.maxOrder: 9
27 апр 2026;12:29:03.066 [main] DEBUG i.n.buffer.PooledByteBufAllocator - -Dio.netty.allocator.chunkSize: 4194304
27 апр 2026;12:29:03.066 [main] DEBUG i.n.buffer.PooledByteBufAllocator - -Dio.netty.allocator.smallCacheSize: 256
27 апр 2026;12:29:03.066 [main] DEBUG i.n.buffer.PooledByteBufAllocator - -Dio.netty.allocator.normalCacheSize: 64
27 апр 2026;12:29:03.066 [main] DEBUG i.n.buffer.PooledByteBufAllocator - -Dio.netty.allocator.maxCachedBufferCapacity: 32768
27 апр 2026;12:29:03.066 [main] DEBUG i.n.buffer.PooledByteBufAllocator - -Dio.netty.allocator.cacheTrimInterval: 8192
27 апр 2026;12:29:03.066 [main] DEBUG i.n.buffer.PooledByteBufAllocator - -Dio.netty.allocator.cacheTrimIntervalMillis: 0
27 апр 2026;12:29:03.066 [main] DEBUG i.n.buffer.PooledByteBufAllocator - -Dio.netty.allocator.useCacheForAllThreads: false
27 апр 2026;12:29:03.066 [main] DEBUG i.n.buffer.PooledByteBufAllocator - -Dio.netty.allocator.maxCachedByteBuffersPerChunk: 1023
27 апр 2026;12:29:03.082 [main] DEBUG io.netty.buffer.ByteBufUtil - -Dio.netty.allocator.type: pooled
27 апр 2026;12:29:03.082 [main] DEBUG io.netty.buffer.ByteBufUtil - -Dio.netty.threadLocalDirectBufferSize: 0
27 апр 2026;12:29:03.082 [main] DEBUG io.netty.buffer.ByteBufUtil - -Dio.netty.maxThreadLocalCharBufferSize: 16384
27 апр 2026;12:29:03.454 [main] DEBUG i.n.c.MultithreadEventLoopGroup - -Dio.netty.eventLoopThreads: 16
27 апр 2026;12:29:03.473 [main] DEBUG io.netty.channel.nio.NioEventLoop - -Dio.netty.noKeySetOptimization: false
27 апр 2026;12:29:03.474 [main] DEBUG io.netty.channel.nio.NioEventLoop - -Dio.netty.selectorAutoRebuildThreshold: 512
27 апр 2026;12:29:03.483 [main] DEBUG i.n.util.internal.PlatformDependent - org.jctools-core.MpscChunkedArrayQueue: available
27 апр 2026;12:29:03.588 [main] DEBUG io.netty.handler.ssl.OpenSsl - netty-tcnative not in the classpath; OpenSslEngine will be unavailable.
27 апр 2026;12:29:03.851 [main] DEBUG io.netty.handler.ssl.JdkSslContext - Default protocols (JDK): [TLSv1.3, TLSv1.2] 
27 апр 2026;12:29:03.851 [main] DEBUG io.netty.handler.ssl.JdkSslContext - Default cipher suites (JDK): [TLS_ECDHE_ECDSA_WITH_AES_256_GCM_SHA384, TLS_ECDHE_ECDSA_WITH_AES_128_GCM_SHA256, TLS_ECDHE_RSA_WITH_AES_128_GCM_SHA256, TLS_ECDHE_RSA_WITH_AES_256_GCM_SHA384, TLS_ECDHE_RSA_WITH_AES_128_CBC_SHA, TLS_ECDHE_RSA_WITH_AES_256_CBC_SHA, TLS_RSA_WITH_AES_128_GCM_SHA256, TLS_RSA_WITH_AES_128_CBC_SHA, TLS_RSA_WITH_AES_256_CBC_SHA, TLS_AES_128_GCM_SHA256, TLS_AES_256_GCM_SHA384]
27 апр 2026;12:29:03.858 [main] DEBUG reactor.util.Loggers - Using Slf4j logging framework
27 апр 2026;12:29:03.948 [main] DEBUG reactor.core.publisher.Hooks - Hooking onEachOperator: micronaut
27 апр 2026;12:29:09.260 [main] DEBUG io.netty.channel.DefaultChannelId - -Dio.netty.processId: 12904 (auto-detected)
27 апр 2026;12:29:09.261 [main] DEBUG io.netty.util.NetUtil - -Djava.net.preferIPv4Stack: false
27 апр 2026;12:29:09.261 [main] DEBUG io.netty.util.NetUtil - -Djava.net.preferIPv6Addresses: false
27 апр 2026;12:29:09.561 [main] DEBUG io.netty.util.NetUtilInitializations - Loopback interface: lo (Software Loopback Interface 1, 127.0.0.1)
27 апр 2026;12:29:09.562 [main] DEBUG io.netty.util.NetUtil - Failed to get SOMAXCONN from sysctl and file \proc\sys\net\core\somaxconn. Default: 200
27 апр 2026;12:29:09.904 [main] DEBUG io.netty.channel.DefaultChannelId - -Dio.netty.machineId: 30:9c:23:ff:fe:02:cb:6e (auto-detected)
27 апр 2026;12:29:09.942 [default-nioEventLoopGroup-1-1] DEBUG io.netty.buffer.AbstractByteBuf - -Dio.netty.buffer.checkAccessible: true
27 апр 2026;12:29:09.942 [default-nioEventLoopGroup-1-1] DEBUG io.netty.buffer.AbstractByteBuf - -Dio.netty.buffer.checkBounds: true
27 апр 2026;12:29:09.943 [default-nioEventLoopGroup-1-1] DEBUG i.n.util.ResourceLeakDetectorFactory - Loaded default ResourceLeakDetector: io.netty.util.ResourceLeakDetector@26558952
27 апр 2026;12:29:09.983 [default-nioEventLoopGroup-1-1] DEBUG io.netty.util.Recycler - -Dio.netty.recycler.maxCapacityPerThread: 4096
27 апр 2026;12:29:09.984 [default-nioEventLoopGroup-1-1] DEBUG io.netty.util.Recycler - -Dio.netty.recycler.ratio: 8
27 апр 2026;12:29:09.984 [default-nioEventLoopGroup-1-1] DEBUG io.netty.util.Recycler - -Dio.netty.recycler.chunkSize: 32
27 апр 2026;12:29:09.984 [default-nioEventLoopGroup-1-1] DEBUG io.netty.util.Recycler - -Dio.netty.recycler.blocking: false
27 апр 2026;12:29:10.061 [default-nioEventLoopGroup-1-1] DEBUG i.n.handler.codec.compression.Brotli - brotli4j not in the classpath; Brotli support will be unavailable.
27 апр 2026;12:29:10.150 [main] ERROR io.micronaut.runtime.Micronaut - Error starting Micronaut server: Unauthorized
io.micronaut.http.client.exceptions.HttpClientResponseException: Unauthorized
	at io.micronaut.http.client.netty.DefaultHttpClient$FullHttpResponseHandler.makeErrorFromRequestBody(DefaultHttpClient.java:3317)
	at io.micronaut.http.client.netty.DefaultHttpClient$FullHttpResponseHandler.buildResponse(DefaultHttpClient.java:3279)
	at io.micronaut.http.client.netty.DefaultHttpClient$FullHttpResponseHandler.buildResponse(DefaultHttpClient.java:3200)
	at io.micronaut.http.client.netty.DefaultHttpClient$BaseHttpResponseHandler.channelReadInstrumented(DefaultHttpClient.java:3175)
	at io.micronaut.http.client.netty.DefaultHttpClient$FullHttpResponseHandler.channelReadInstrumented(DefaultHttpClient.java:3238)
	at io.micronaut.http.client.netty.DefaultHttpClient$FullHttpResponseHandler.channelReadInstrumented(DefaultHttpClient.java:3200)
	at io.micronaut.http.client.netty.SimpleChannelInboundHandlerInstrumented.channelRead0(SimpleChannelInboundHandlerInstrumented.java:49)
	at io.netty.channel.SimpleChannelInboundHandler.channelRead(SimpleChannelInboundHandler.java:99)
	at io.netty.channel.AbstractChannelHandlerContext.invokeChannelRead(AbstractChannelHandlerContext.java:379)
	at io.netty.channel.AbstractChannelHandlerContext.invokeChannelRead(AbstractChannelHandlerContext.java:365)
	at io.netty.channel.AbstractChannelHandlerContext.fireChannelRead(AbstractChannelHandlerContext.java:357)
	at io.micronaut.http.netty.stream.HttpStreamsHandler.channelRead(HttpStreamsHandler.java:215)
	at io.micronaut.http.netty.stream.HttpStreamsClientHandler.channelRead(HttpStreamsClientHandler.java:180)
	at io.netty.channel.AbstractChannelHandlerContext.invokeChannelRead(AbstractChannelHandlerContext.java:379)
	at io.netty.channel.AbstractChannelHandlerContext.invokeChannelRead(AbstractChannelHandlerContext.java:365)
	at io.netty.channel.AbstractChannelHandlerContext.fireChannelRead(AbstractChannelHandlerContext.java:357)
	at io.netty.handler.codec.MessageToMessageDecoder.channelRead(MessageToMessageDecoder.java:103)
	at io.netty.channel.AbstractChannelHandlerContext.invokeChannelRead(AbstractChannelHandlerContext.java:379)
	at io.netty.channel.AbstractChannelHandlerContext.invokeChannelRead(AbstractChannelHandlerContext.java:365)
	at io.netty.channel.AbstractChannelHandlerContext.fireChannelRead(AbstractChannelHandlerContext.java:357)
	at io.netty.handler.codec.MessageToMessageDecoder.channelRead(MessageToMessageDecoder.java:103)
	at io.netty.channel.AbstractChannelHandlerContext.invokeChannelRead(AbstractChannelHandlerContext.java:379)
	at io.netty.channel.AbstractChannelHandlerContext.invokeChannelRead(AbstractChannelHandlerContext.java:365)
	at io.netty.channel.AbstractChannelHandlerContext.fireChannelRead(AbstractChannelHandlerContext.java:357)
	at io.netty.channel.CombinedChannelDuplexHandler$DelegatingChannelHandlerContext.fireChannelRead(CombinedChannelDuplexHandler.java:436)
	at io.netty.handler.codec.ByteToMessageDecoder.fireChannelRead(ByteToMessageDecoder.java:327)
	at io.netty.handler.codec.ByteToMessageDecoder.channelRead(ByteToMessageDecoder.java:299)
	at io.netty.channel.CombinedChannelDuplexHandler.channelRead(CombinedChannelDuplexHandler.java:251)
	at io.netty.channel.AbstractChannelHandlerContext.invokeChannelRead(AbstractChannelHandlerContext.java:379)
	at io.netty.channel.AbstractChannelHandlerContext.invokeChannelRead(AbstractChannelHandlerContext.java:365)
	at io.netty.channel.AbstractChannelHandlerContext.fireChannelRead(AbstractChannelHandlerContext.java:357)
	at io.netty.handler.timeout.IdleStateHandler.channelRead(IdleStateHandler.java:286)
	at io.netty.channel.AbstractChannelHandlerContext.invokeChannelRead(AbstractChannelHandlerContext.java:379)
	at io.netty.channel.AbstractChannelHandlerContext.invokeChannelRead(AbstractChannelHandlerContext.java:365)
	at io.netty.channel.AbstractChannelHandlerContext.fireChannelRead(AbstractChannelHandlerContext.java:357)
	at io.netty.channel.DefaultChannelPipeline$HeadContext.channelRead(DefaultChannelPipeline.java:1410)
	at io.netty.channel.AbstractChannelHandlerContext.invokeChannelRead(AbstractChannelHandlerContext.java:379)
	at io.netty.channel.AbstractChannelHandlerContext.invokeChannelRead(AbstractChannelHandlerContext.java:365)
	at io.netty.channel.DefaultChannelPipeline.fireChannelRead(DefaultChannelPipeline.java:919)
	at io.netty.channel.nio.AbstractNioByteChannel$NioByteUnsafe.read(AbstractNioByteChannel.java:166)
	at io.netty.channel.nio.NioEventLoop.processSelectedKey(NioEventLoop.java:722)
	at io.netty.channel.nio.NioEventLoop.processSelectedKeysOptimized(NioEventLoop.java:658)
	at io.netty.channel.nio.NioEventLoop.processSelectedKeys(NioEventLoop.java:584)
	at io.netty.channel.nio.NioEventLoop.run(NioEventLoop.java:496)
	at io.netty.util.concurrent.SingleThreadEventExecutor$4.run(SingleThreadEventExecutor.java:995)
	at io.netty.util.internal.ThreadExecutorMap$2.run(ThreadExecutorMap.java:74)
	at io.netty.util.concurrent.FastThreadLocalRunnable.run(FastThreadLocalRunnable.java:30)
	at java.lang.Thread.run(Thread.java:750)
	Suppressed: java.lang.Exception: #block terminated with an error
		at reactor.core.publisher.BlockingSingleSubscriber.blockingGet(BlockingSingleSubscriber.java:99)
		at reactor.core.publisher.Flux.blockFirst(Flux.java:2600)
		at io.micronaut.http.client.netty.DefaultHttpClient$3.exchange(DefaultHttpClient.java:617)
		at io.micronaut.http.client.BlockingHttpClient.retrieve(BlockingHttpClient.java:140)
		at io.micronaut.http.client.BlockingHttpClient.retrieve(BlockingHttpClient.java:122)
		at com.qsystems.meddoctorassignment.adapter.gateway.impl.OrchestraMetadataGatewayImpl.getList(OrchestraMetadataGatewayImpl.java:74)
		at com.qsystems.meddoctorassignment.adapter.gateway.impl.OrchestraMetadataGatewayImpl.getServicesFromBranch(OrchestraMetadataGatewayImpl.java:45)
		at com.qsystems.meddoctorassignment.cache.BranchCacheUpdater.updateBranchCache(BranchCacheUpdater.java:58)
		at com.qsystems.meddoctorassignment.cache.service.OrchestraDataCacheUpdateService.refreshConfiguredBranches(OrchestraDataCacheUpdateService.java:63)
		at com.qsystems.meddoctorassignment.cache.service.OrchestraDataCacheUpdateService.onApplicationEvent(OrchestraDataCacheUpdateService.java:53)
		at com.qsystems.meddoctorassignment.cache.service.OrchestraDataCacheUpdateService.onApplicationEvent(OrchestraDataCacheUpdateService.java:25)
		at io.micronaut.context.event.ApplicationEventPublisherFactory.notifyEventListeners(ApplicationEventPublisherFactory.java:262)
		at io.micronaut.context.event.ApplicationEventPublisherFactory.access$200(ApplicationEventPublisherFactory.java:60)
		at io.micronaut.context.event.ApplicationEventPublisherFactory$2.publishEvent(ApplicationEventPublisherFactory.java:229)
		at io.micronaut.context.DefaultBeanContext.publishEvent(DefaultBeanContext.java:1682)
		at io.micronaut.context.DefaultBeanContext.start(DefaultBeanContext.java:354)
		at io.micronaut.context.DefaultApplicationContext.start(DefaultApplicationContext.java:190)
		at io.micronaut.runtime.Micronaut.start(Micronaut.java:72)
		at io.micronaut.runtime.Micronaut.run(Micronaut.java:320)
		at io.micronaut.runtime.Micronaut.run(Micronaut.java:306)
		at com.qsystems.meddoctorassignment.DoctorAssignmentApplication.main(DoctorAssignmentApplication.java:15)
27 апр 2026;12:36:08.964 [main] DEBUG i.n.u.i.l.InternalLoggerFactory - Using SLF4J as the default logging framework
27 апр 2026;12:36:08.977 [main] DEBUG i.n.u.i.InternalThreadLocalMap - -Dio.netty.threadLocalMap.stringBuilder.initialSize: 1024
27 апр 2026;12:36:08.977 [main] DEBUG i.n.u.i.InternalThreadLocalMap - -Dio.netty.threadLocalMap.stringBuilder.maxSize: 4096
27 апр 2026;12:36:09.005 [main] DEBUG i.n.util.internal.PlatformDependent0 - -Dio.netty.noUnsafe: false
27 апр 2026;12:36:09.006 [main] DEBUG i.n.util.internal.PlatformDependent0 - Java version: 8
27 апр 2026;12:36:09.007 [main] DEBUG i.n.util.internal.PlatformDependent0 - sun.misc.Unsafe.theUnsafe: available
27 апр 2026;12:36:09.008 [main] DEBUG i.n.util.internal.PlatformDependent0 - sun.misc.Unsafe.copyMemory: available
27 апр 2026;12:36:09.009 [main] DEBUG i.n.util.internal.PlatformDependent0 - sun.misc.Unsafe.storeFence: available
27 апр 2026;12:36:09.010 [main] DEBUG i.n.util.internal.PlatformDependent0 - java.nio.Buffer.address: available
27 апр 2026;12:36:09.010 [main] DEBUG i.n.util.internal.PlatformDependent0 - direct buffer constructor: available
27 апр 2026;12:36:09.011 [main] DEBUG i.n.util.internal.PlatformDependent0 - java.nio.Bits.unaligned: available, true
27 апр 2026;12:36:09.012 [main] DEBUG i.n.util.internal.PlatformDependent0 - jdk.internal.misc.Unsafe.allocateUninitializedArray(int): unavailable prior to Java9
27 апр 2026;12:36:09.012 [main] DEBUG i.n.util.internal.PlatformDependent0 - java.nio.DirectByteBuffer.<init>(long, int): available
27 апр 2026;12:36:09.012 [main] DEBUG i.n.util.internal.PlatformDependent - sun.misc.Unsafe: available
27 апр 2026;12:36:09.013 [main] DEBUG i.n.util.internal.PlatformDependent - -Dio.netty.tmpdir: C:\Users\psoko\AppData\Local\Temp (java.io.tmpdir)
27 апр 2026;12:36:09.013 [main] DEBUG i.n.util.internal.PlatformDependent - -Dio.netty.bitMode: 64 (sun.arch.data.model)
27 апр 2026;12:36:09.013 [main] DEBUG i.n.util.internal.PlatformDependent - Platform: Windows
27 апр 2026;12:36:09.015 [main] DEBUG i.n.util.internal.PlatformDependent - -Dio.netty.maxDirectMemory: 7628390400 bytes
27 апр 2026;12:36:09.015 [main] DEBUG i.n.util.internal.PlatformDependent - -Dio.netty.uninitializedArrayAllocationThreshold: -1
27 апр 2026;12:36:09.017 [main] DEBUG io.netty.util.internal.CleanerJava6 - java.nio.ByteBuffer.cleaner(): available
27 апр 2026;12:36:09.017 [main] DEBUG i.n.util.internal.PlatformDependent - -Dio.netty.noPreferDirect: false
27 апр 2026;12:36:09.029 [main] DEBUG io.netty.util.ResourceLeakDetector - -Dio.netty.leakDetection.level: simple
27 апр 2026;12:36:09.029 [main] DEBUG io.netty.util.ResourceLeakDetector - -Dio.netty.leakDetection.targetRecords: 4
27 апр 2026;12:36:09.032 [main] DEBUG i.n.buffer.PooledByteBufAllocator - -Dio.netty.allocator.numHeapArenas: 16
27 апр 2026;12:36:09.032 [main] DEBUG i.n.buffer.PooledByteBufAllocator - -Dio.netty.allocator.numDirectArenas: 16
27 апр 2026;12:36:09.032 [main] DEBUG i.n.buffer.PooledByteBufAllocator - -Dio.netty.allocator.pageSize: 8192
27 апр 2026;12:36:09.032 [main] DEBUG i.n.buffer.PooledByteBufAllocator - -Dio.netty.allocator.maxOrder: 9
27 апр 2026;12:36:09.032 [main] DEBUG i.n.buffer.PooledByteBufAllocator - -Dio.netty.allocator.chunkSize: 4194304
27 апр 2026;12:36:09.032 [main] DEBUG i.n.buffer.PooledByteBufAllocator - -Dio.netty.allocator.smallCacheSize: 256
27 апр 2026;12:36:09.032 [main] DEBUG i.n.buffer.PooledByteBufAllocator - -Dio.netty.allocator.normalCacheSize: 64
27 апр 2026;12:36:09.032 [main] DEBUG i.n.buffer.PooledByteBufAllocator - -Dio.netty.allocator.maxCachedBufferCapacity: 32768
27 апр 2026;12:36:09.032 [main] DEBUG i.n.buffer.PooledByteBufAllocator - -Dio.netty.allocator.cacheTrimInterval: 8192
27 апр 2026;12:36:09.033 [main] DEBUG i.n.buffer.PooledByteBufAllocator - -Dio.netty.allocator.cacheTrimIntervalMillis: 0
27 апр 2026;12:36:09.033 [main] DEBUG i.n.buffer.PooledByteBufAllocator - -Dio.netty.allocator.useCacheForAllThreads: false
27 апр 2026;12:36:09.033 [main] DEBUG i.n.buffer.PooledByteBufAllocator - -Dio.netty.allocator.maxCachedByteBuffersPerChunk: 1023
27 апр 2026;12:36:09.053 [main] DEBUG io.netty.buffer.ByteBufUtil - -Dio.netty.allocator.type: pooled
27 апр 2026;12:36:09.053 [main] DEBUG io.netty.buffer.ByteBufUtil - -Dio.netty.threadLocalDirectBufferSize: 0
27 апр 2026;12:36:09.053 [main] DEBUG io.netty.buffer.ByteBufUtil - -Dio.netty.maxThreadLocalCharBufferSize: 16384
27 апр 2026;12:36:09.552 [main] DEBUG i.n.c.MultithreadEventLoopGroup - -Dio.netty.eventLoopThreads: 16
27 апр 2026;12:36:09.594 [main] DEBUG io.netty.channel.nio.NioEventLoop - -Dio.netty.noKeySetOptimization: false
27 апр 2026;12:36:09.594 [main] DEBUG io.netty.channel.nio.NioEventLoop - -Dio.netty.selectorAutoRebuildThreshold: 512
27 апр 2026;12:36:09.602 [main] DEBUG i.n.util.internal.PlatformDependent - org.jctools-core.MpscChunkedArrayQueue: available
27 апр 2026;12:36:10.456 [main] DEBUG io.netty.handler.ssl.OpenSsl - netty-tcnative not in the classpath; OpenSslEngine will be unavailable.
27 апр 2026;12:36:10.650 [main] DEBUG io.netty.handler.ssl.JdkSslContext - Default protocols (JDK): [TLSv1.3, TLSv1.2] 
27 апр 2026;12:36:10.650 [main] DEBUG io.netty.handler.ssl.JdkSslContext - Default cipher suites (JDK): [TLS_ECDHE_ECDSA_WITH_AES_256_GCM_SHA384, TLS_ECDHE_ECDSA_WITH_AES_128_GCM_SHA256, TLS_ECDHE_RSA_WITH_AES_128_GCM_SHA256, TLS_ECDHE_RSA_WITH_AES_256_GCM_SHA384, TLS_ECDHE_RSA_WITH_AES_128_CBC_SHA, TLS_ECDHE_RSA_WITH_AES_256_CBC_SHA, TLS_RSA_WITH_AES_128_GCM_SHA256, TLS_RSA_WITH_AES_128_CBC_SHA, TLS_RSA_WITH_AES_256_CBC_SHA, TLS_AES_128_GCM_SHA256, TLS_AES_256_GCM_SHA384]
27 апр 2026;12:36:10.663 [main] DEBUG reactor.util.Loggers - Using Slf4j logging framework
27 апр 2026;12:36:10.765 [main] DEBUG reactor.core.publisher.Hooks - Hooking onEachOperator: micronaut
27 апр 2026;12:36:10.984 [main] DEBUG io.netty.channel.DefaultChannelId - -Dio.netty.processId: 17932 (auto-detected)
27 апр 2026;12:36:10.987 [main] DEBUG io.netty.util.NetUtil - -Djava.net.preferIPv4Stack: false
27 апр 2026;12:36:10.987 [main] DEBUG io.netty.util.NetUtil - -Djava.net.preferIPv6Addresses: false
27 апр 2026;12:36:11.301 [main] DEBUG io.netty.util.NetUtilInitializations - Loopback interface: lo (Software Loopback Interface 1, 127.0.0.1)
27 апр 2026;12:36:11.302 [main] DEBUG io.netty.util.NetUtil - Failed to get SOMAXCONN from sysctl and file \proc\sys\net\core\somaxconn. Default: 200
27 апр 2026;12:36:11.649 [main] DEBUG io.netty.channel.DefaultChannelId - -Dio.netty.machineId: 30:9c:23:ff:fe:02:cb:6e (auto-detected)
27 апр 2026;12:36:11.734 [default-nioEventLoopGroup-1-1] DEBUG io.netty.buffer.AbstractByteBuf - -Dio.netty.buffer.checkAccessible: true
27 апр 2026;12:36:11.734 [default-nioEventLoopGroup-1-1] DEBUG io.netty.buffer.AbstractByteBuf - -Dio.netty.buffer.checkBounds: true
27 апр 2026;12:36:11.735 [default-nioEventLoopGroup-1-1] DEBUG i.n.util.ResourceLeakDetectorFactory - Loaded default ResourceLeakDetector: io.netty.util.ResourceLeakDetector@6392b69e
27 апр 2026;12:36:11.821 [default-nioEventLoopGroup-1-1] DEBUG io.netty.util.Recycler - -Dio.netty.recycler.maxCapacityPerThread: 4096
27 апр 2026;12:36:11.821 [default-nioEventLoopGroup-1-1] DEBUG io.netty.util.Recycler - -Dio.netty.recycler.ratio: 8
27 апр 2026;12:36:11.821 [default-nioEventLoopGroup-1-1] DEBUG io.netty.util.Recycler - -Dio.netty.recycler.chunkSize: 32
27 апр 2026;12:36:11.821 [default-nioEventLoopGroup-1-1] DEBUG io.netty.util.Recycler - -Dio.netty.recycler.blocking: false
27 апр 2026;12:36:11.953 [default-nioEventLoopGroup-1-1] DEBUG i.n.handler.codec.compression.Brotli - brotli4j not in the classpath; Brotli support will be unavailable.
27 апр 2026;12:36:12.232 [main] ERROR io.micronaut.runtime.Micronaut - Error starting Micronaut server: Not Found
io.micronaut.http.client.exceptions.HttpClientResponseException: Not Found
	at io.micronaut.http.client.netty.DefaultHttpClient$FullHttpResponseHandler.makeErrorFromRequestBody(DefaultHttpClient.java:3317)
	at io.micronaut.http.client.netty.DefaultHttpClient$FullHttpResponseHandler.buildResponse(DefaultHttpClient.java:3279)
	at io.micronaut.http.client.netty.DefaultHttpClient$FullHttpResponseHandler.buildResponse(DefaultHttpClient.java:3200)
	at io.micronaut.http.client.netty.DefaultHttpClient$BaseHttpResponseHandler.channelReadInstrumented(DefaultHttpClient.java:3175)
	at io.micronaut.http.client.netty.DefaultHttpClient$FullHttpResponseHandler.channelReadInstrumented(DefaultHttpClient.java:3238)
	at io.micronaut.http.client.netty.DefaultHttpClient$FullHttpResponseHandler.channelReadInstrumented(DefaultHttpClient.java:3200)
	at io.micronaut.http.client.netty.SimpleChannelInboundHandlerInstrumented.channelRead0(SimpleChannelInboundHandlerInstrumented.java:49)
	at io.netty.channel.SimpleChannelInboundHandler.channelRead(SimpleChannelInboundHandler.java:99)
	at io.netty.channel.AbstractChannelHandlerContext.invokeChannelRead(AbstractChannelHandlerContext.java:379)
	at io.netty.channel.AbstractChannelHandlerContext.invokeChannelRead(AbstractChannelHandlerContext.java:365)
	at io.netty.channel.AbstractChannelHandlerContext.fireChannelRead(AbstractChannelHandlerContext.java:357)
	at io.micronaut.http.netty.stream.HttpStreamsHandler.channelRead(HttpStreamsHandler.java:215)
	at io.micronaut.http.netty.stream.HttpStreamsClientHandler.channelRead(HttpStreamsClientHandler.java:180)
	at io.netty.channel.AbstractChannelHandlerContext.invokeChannelRead(AbstractChannelHandlerContext.java:379)
	at io.netty.channel.AbstractChannelHandlerContext.invokeChannelRead(AbstractChannelHandlerContext.java:365)
	at io.netty.channel.AbstractChannelHandlerContext.fireChannelRead(AbstractChannelHandlerContext.java:357)
	at io.netty.handler.codec.MessageToMessageDecoder.channelRead(MessageToMessageDecoder.java:103)
	at io.netty.channel.AbstractChannelHandlerContext.invokeChannelRead(AbstractChannelHandlerContext.java:379)
	at io.netty.channel.AbstractChannelHandlerContext.invokeChannelRead(AbstractChannelHandlerContext.java:365)
	at io.netty.channel.AbstractChannelHandlerContext.fireChannelRead(AbstractChannelHandlerContext.java:357)
	at io.netty.handler.codec.MessageToMessageDecoder.channelRead(MessageToMessageDecoder.java:103)
	at io.netty.channel.AbstractChannelHandlerContext.invokeChannelRead(AbstractChannelHandlerContext.java:379)
	at io.netty.channel.AbstractChannelHandlerContext.invokeChannelRead(AbstractChannelHandlerContext.java:365)
	at io.netty.channel.AbstractChannelHandlerContext.fireChannelRead(AbstractChannelHandlerContext.java:357)
	at io.netty.channel.CombinedChannelDuplexHandler$DelegatingChannelHandlerContext.fireChannelRead(CombinedChannelDuplexHandler.java:436)
	at io.netty.handler.codec.ByteToMessageDecoder.fireChannelRead(ByteToMessageDecoder.java:327)
	at io.netty.handler.codec.ByteToMessageDecoder.channelRead(ByteToMessageDecoder.java:299)
	at io.netty.channel.CombinedChannelDuplexHandler.channelRead(CombinedChannelDuplexHandler.java:251)
	at io.netty.channel.AbstractChannelHandlerContext.invokeChannelRead(AbstractChannelHandlerContext.java:379)
	at io.netty.channel.AbstractChannelHandlerContext.invokeChannelRead(AbstractChannelHandlerContext.java:365)
	at io.netty.channel.AbstractChannelHandlerContext.fireChannelRead(AbstractChannelHandlerContext.java:357)
	at io.netty.handler.timeout.IdleStateHandler.channelRead(IdleStateHandler.java:286)
	at io.netty.channel.AbstractChannelHandlerContext.invokeChannelRead(AbstractChannelHandlerContext.java:379)
	at io.netty.channel.AbstractChannelHandlerContext.invokeChannelRead(AbstractChannelHandlerContext.java:365)
	at io.netty.channel.AbstractChannelHandlerContext.fireChannelRead(AbstractChannelHandlerContext.java:357)
	at io.netty.channel.DefaultChannelPipeline$HeadContext.channelRead(DefaultChannelPipeline.java:1410)
	at io.netty.channel.AbstractChannelHandlerContext.invokeChannelRead(AbstractChannelHandlerContext.java:379)
	at io.netty.channel.AbstractChannelHandlerContext.invokeChannelRead(AbstractChannelHandlerContext.java:365)
	at io.netty.channel.DefaultChannelPipeline.fireChannelRead(DefaultChannelPipeline.java:919)
	at io.netty.channel.nio.AbstractNioByteChannel$NioByteUnsafe.read(AbstractNioByteChannel.java:166)
	at io.netty.channel.nio.NioEventLoop.processSelectedKey(NioEventLoop.java:722)
	at io.netty.channel.nio.NioEventLoop.processSelectedKeysOptimized(NioEventLoop.java:658)
	at io.netty.channel.nio.NioEventLoop.processSelectedKeys(NioEventLoop.java:584)
	at io.netty.channel.nio.NioEventLoop.run(NioEventLoop.java:496)
	at io.netty.util.concurrent.SingleThreadEventExecutor$4.run(SingleThreadEventExecutor.java:995)
	at io.netty.util.internal.ThreadExecutorMap$2.run(ThreadExecutorMap.java:74)
	at io.netty.util.concurrent.FastThreadLocalRunnable.run(FastThreadLocalRunnable.java:30)
	at java.lang.Thread.run(Thread.java:750)
	Suppressed: java.lang.Exception: #block terminated with an error
		at reactor.core.publisher.BlockingSingleSubscriber.blockingGet(BlockingSingleSubscriber.java:99)
		at reactor.core.publisher.Flux.blockFirst(Flux.java:2600)
		at io.micronaut.http.client.netty.DefaultHttpClient$3.exchange(DefaultHttpClient.java:617)
		at io.micronaut.http.client.BlockingHttpClient.retrieve(BlockingHttpClient.java:140)
		at io.micronaut.http.client.BlockingHttpClient.retrieve(BlockingHttpClient.java:122)
		at com.qsystems.meddoctorassignment.adapter.gateway.impl.OrchestraMetadataGatewayImpl.getList(OrchestraMetadataGatewayImpl.java:74)
		at com.qsystems.meddoctorassignment.adapter.gateway.impl.OrchestraMetadataGatewayImpl.getServicePointsFromBranch(OrchestraMetadataGatewayImpl.java:55)
		at com.qsystems.meddoctorassignment.cache.BranchCacheUpdater.updateBranchCache(BranchCacheUpdater.java:114)
		at com.qsystems.meddoctorassignment.cache.service.OrchestraDataCacheUpdateService.refreshConfiguredBranches(OrchestraDataCacheUpdateService.java:63)
		at com.qsystems.meddoctorassignment.cache.service.OrchestraDataCacheUpdateService.onApplicationEvent(OrchestraDataCacheUpdateService.java:53)
		at com.qsystems.meddoctorassignment.cache.service.OrchestraDataCacheUpdateService.onApplicationEvent(OrchestraDataCacheUpdateService.java:25)
		at io.micronaut.context.event.ApplicationEventPublisherFactory.notifyEventListeners(ApplicationEventPublisherFactory.java:262)
		at io.micronaut.context.event.ApplicationEventPublisherFactory.access$200(ApplicationEventPublisherFactory.java:60)
		at io.micronaut.context.event.ApplicationEventPublisherFactory$2.publishEvent(ApplicationEventPublisherFactory.java:229)
		at io.micronaut.context.DefaultBeanContext.publishEvent(DefaultBeanContext.java:1682)
		at io.micronaut.context.DefaultBeanContext.start(DefaultBeanContext.java:354)
		at io.micronaut.context.DefaultApplicationContext.start(DefaultApplicationContext.java:190)
		at io.micronaut.runtime.Micronaut.start(Micronaut.java:72)
		at io.micronaut.runtime.Micronaut.run(Micronaut.java:320)
		at io.micronaut.runtime.Micronaut.run(Micronaut.java:306)
		at com.qsystems.meddoctorassignment.DoctorAssignmentApplication.main(DoctorAssignmentApplication.java:15)
27 апр 2026;12:37:30.023 [main] DEBUG i.n.u.i.l.InternalLoggerFactory - Using SLF4J as the default logging framework
27 апр 2026;12:37:30.027 [main] DEBUG i.n.u.i.InternalThreadLocalMap - -Dio.netty.threadLocalMap.stringBuilder.initialSize: 1024
27 апр 2026;12:37:30.027 [main] DEBUG i.n.u.i.InternalThreadLocalMap - -Dio.netty.threadLocalMap.stringBuilder.maxSize: 4096
27 апр 2026;12:37:30.041 [main] DEBUG i.n.util.internal.PlatformDependent0 - -Dio.netty.noUnsafe: false
27 апр 2026;12:37:30.041 [main] DEBUG i.n.util.internal.PlatformDependent0 - Java version: 8
27 апр 2026;12:37:30.042 [main] DEBUG i.n.util.internal.PlatformDependent0 - sun.misc.Unsafe.theUnsafe: available
27 апр 2026;12:37:30.042 [main] DEBUG i.n.util.internal.PlatformDependent0 - sun.misc.Unsafe.copyMemory: available
27 апр 2026;12:37:30.043 [main] DEBUG i.n.util.internal.PlatformDependent0 - sun.misc.Unsafe.storeFence: available
27 апр 2026;12:37:30.043 [main] DEBUG i.n.util.internal.PlatformDependent0 - java.nio.Buffer.address: available
27 апр 2026;12:37:30.043 [main] DEBUG i.n.util.internal.PlatformDependent0 - direct buffer constructor: available
27 апр 2026;12:37:30.044 [main] DEBUG i.n.util.internal.PlatformDependent0 - java.nio.Bits.unaligned: available, true
27 апр 2026;12:37:30.044 [main] DEBUG i.n.util.internal.PlatformDependent0 - jdk.internal.misc.Unsafe.allocateUninitializedArray(int): unavailable prior to Java9
27 апр 2026;12:37:30.044 [main] DEBUG i.n.util.internal.PlatformDependent0 - java.nio.DirectByteBuffer.<init>(long, int): available
27 апр 2026;12:37:30.044 [main] DEBUG i.n.util.internal.PlatformDependent - sun.misc.Unsafe: available
27 апр 2026;12:37:30.045 [main] DEBUG i.n.util.internal.PlatformDependent - -Dio.netty.tmpdir: C:\Users\psoko\AppData\Local\Temp (java.io.tmpdir)
27 апр 2026;12:37:30.045 [main] DEBUG i.n.util.internal.PlatformDependent - -Dio.netty.bitMode: 64 (sun.arch.data.model)
27 апр 2026;12:37:30.045 [main] DEBUG i.n.util.internal.PlatformDependent - Platform: Windows
27 апр 2026;12:37:30.046 [main] DEBUG i.n.util.internal.PlatformDependent - -Dio.netty.maxDirectMemory: 7628390400 bytes
27 апр 2026;12:37:30.046 [main] DEBUG i.n.util.internal.PlatformDependent - -Dio.netty.uninitializedArrayAllocationThreshold: -1
27 апр 2026;12:37:30.047 [main] DEBUG io.netty.util.internal.CleanerJava6 - java.nio.ByteBuffer.cleaner(): available
27 апр 2026;12:37:30.047 [main] DEBUG i.n.util.internal.PlatformDependent - -Dio.netty.noPreferDirect: false
27 апр 2026;12:37:30.055 [main] DEBUG io.netty.util.ResourceLeakDetector - -Dio.netty.leakDetection.level: simple
27 апр 2026;12:37:30.055 [main] DEBUG io.netty.util.ResourceLeakDetector - -Dio.netty.leakDetection.targetRecords: 4
27 апр 2026;12:37:30.057 [main] DEBUG i.n.buffer.PooledByteBufAllocator - -Dio.netty.allocator.numHeapArenas: 16
27 апр 2026;12:37:30.057 [main] DEBUG i.n.buffer.PooledByteBufAllocator - -Dio.netty.allocator.numDirectArenas: 16
27 апр 2026;12:37:30.057 [main] DEBUG i.n.buffer.PooledByteBufAllocator - -Dio.netty.allocator.pageSize: 8192
27 апр 2026;12:37:30.057 [main] DEBUG i.n.buffer.PooledByteBufAllocator - -Dio.netty.allocator.maxOrder: 9
27 апр 2026;12:37:30.057 [main] DEBUG i.n.buffer.PooledByteBufAllocator - -Dio.netty.allocator.chunkSize: 4194304
27 апр 2026;12:37:30.057 [main] DEBUG i.n.buffer.PooledByteBufAllocator - -Dio.netty.allocator.smallCacheSize: 256
27 апр 2026;12:37:30.057 [main] DEBUG i.n.buffer.PooledByteBufAllocator - -Dio.netty.allocator.normalCacheSize: 64
27 апр 2026;12:37:30.057 [main] DEBUG i.n.buffer.PooledByteBufAllocator - -Dio.netty.allocator.maxCachedBufferCapacity: 32768
27 апр 2026;12:37:30.058 [main] DEBUG i.n.buffer.PooledByteBufAllocator - -Dio.netty.allocator.cacheTrimInterval: 8192
27 апр 2026;12:37:30.058 [main] DEBUG i.n.buffer.PooledByteBufAllocator - -Dio.netty.allocator.cacheTrimIntervalMillis: 0
27 апр 2026;12:37:30.058 [main] DEBUG i.n.buffer.PooledByteBufAllocator - -Dio.netty.allocator.useCacheForAllThreads: false
27 апр 2026;12:37:30.058 [main] DEBUG i.n.buffer.PooledByteBufAllocator - -Dio.netty.allocator.maxCachedByteBuffersPerChunk: 1023
27 апр 2026;12:37:30.068 [main] DEBUG io.netty.buffer.ByteBufUtil - -Dio.netty.allocator.type: pooled
27 апр 2026;12:37:30.068 [main] DEBUG io.netty.buffer.ByteBufUtil - -Dio.netty.threadLocalDirectBufferSize: 0
27 апр 2026;12:37:30.068 [main] DEBUG io.netty.buffer.ByteBufUtil - -Dio.netty.maxThreadLocalCharBufferSize: 16384
27 апр 2026;12:37:30.396 [main] DEBUG i.n.c.MultithreadEventLoopGroup - -Dio.netty.eventLoopThreads: 16
27 апр 2026;12:37:30.413 [main] DEBUG io.netty.channel.nio.NioEventLoop - -Dio.netty.noKeySetOptimization: false
27 апр 2026;12:37:30.413 [main] DEBUG io.netty.channel.nio.NioEventLoop - -Dio.netty.selectorAutoRebuildThreshold: 512
27 апр 2026;12:37:30.420 [main] DEBUG i.n.util.internal.PlatformDependent - org.jctools-core.MpscChunkedArrayQueue: available
27 апр 2026;12:37:30.883 [main] DEBUG io.netty.handler.ssl.OpenSsl - netty-tcnative not in the classpath; OpenSslEngine will be unavailable.
27 апр 2026;12:37:30.987 [main] DEBUG io.netty.handler.ssl.JdkSslContext - Default protocols (JDK): [TLSv1.3, TLSv1.2] 
27 апр 2026;12:37:30.987 [main] DEBUG io.netty.handler.ssl.JdkSslContext - Default cipher suites (JDK): [TLS_ECDHE_ECDSA_WITH_AES_256_GCM_SHA384, TLS_ECDHE_ECDSA_WITH_AES_128_GCM_SHA256, TLS_ECDHE_RSA_WITH_AES_128_GCM_SHA256, TLS_ECDHE_RSA_WITH_AES_256_GCM_SHA384, TLS_ECDHE_RSA_WITH_AES_128_CBC_SHA, TLS_ECDHE_RSA_WITH_AES_256_CBC_SHA, TLS_RSA_WITH_AES_128_GCM_SHA256, TLS_RSA_WITH_AES_128_CBC_SHA, TLS_RSA_WITH_AES_256_CBC_SHA, TLS_AES_128_GCM_SHA256, TLS_AES_256_GCM_SHA384]
27 апр 2026;12:37:30.994 [main] DEBUG reactor.util.Loggers - Using Slf4j logging framework
27 апр 2026;12:37:31.049 [main] DEBUG reactor.core.publisher.Hooks - Hooking onEachOperator: micronaut
27 апр 2026;12:37:31.146 [main] DEBUG io.netty.channel.DefaultChannelId - -Dio.netty.processId: 21060 (auto-detected)
27 апр 2026;12:37:31.148 [main] DEBUG io.netty.util.NetUtil - -Djava.net.preferIPv4Stack: false
27 апр 2026;12:37:31.148 [main] DEBUG io.netty.util.NetUtil - -Djava.net.preferIPv6Addresses: false
27 апр 2026;12:37:31.444 [main] DEBUG io.netty.util.NetUtilInitializations - Loopback interface: lo (Software Loopback Interface 1, 127.0.0.1)
27 апр 2026;12:37:31.445 [main] DEBUG io.netty.util.NetUtil - Failed to get SOMAXCONN from sysctl and file \proc\sys\net\core\somaxconn. Default: 200
27 апр 2026;12:37:31.769 [main] DEBUG io.netty.channel.DefaultChannelId - -Dio.netty.machineId: 30:9c:23:ff:fe:02:cb:6e (auto-detected)
27 апр 2026;12:37:31.835 [default-nioEventLoopGroup-1-1] DEBUG io.netty.buffer.AbstractByteBuf - -Dio.netty.buffer.checkAccessible: true
27 апр 2026;12:37:31.836 [default-nioEventLoopGroup-1-1] DEBUG io.netty.buffer.AbstractByteBuf - -Dio.netty.buffer.checkBounds: true
27 апр 2026;12:37:31.836 [default-nioEventLoopGroup-1-1] DEBUG i.n.util.ResourceLeakDetectorFactory - Loaded default ResourceLeakDetector: io.netty.util.ResourceLeakDetector@2220a166
27 апр 2026;12:37:31.878 [default-nioEventLoopGroup-1-1] DEBUG io.netty.util.Recycler - -Dio.netty.recycler.maxCapacityPerThread: 4096
27 апр 2026;12:37:31.878 [default-nioEventLoopGroup-1-1] DEBUG io.netty.util.Recycler - -Dio.netty.recycler.ratio: 8
27 апр 2026;12:37:31.878 [default-nioEventLoopGroup-1-1] DEBUG io.netty.util.Recycler - -Dio.netty.recycler.chunkSize: 32
27 апр 2026;12:37:31.878 [default-nioEventLoopGroup-1-1] DEBUG io.netty.util.Recycler - -Dio.netty.recycler.blocking: false
27 апр 2026;12:37:31.938 [default-nioEventLoopGroup-1-1] DEBUG i.n.handler.codec.compression.Brotli - brotli4j not in the classpath; Brotli support will be unavailable.
27 апр 2026;12:37:32.294 [main] ERROR io.micronaut.runtime.Micronaut - Error starting Micronaut server: Not Found
io.micronaut.http.client.exceptions.HttpClientResponseException: Not Found
	at io.micronaut.http.client.netty.DefaultHttpClient$FullHttpResponseHandler.makeErrorFromRequestBody(DefaultHttpClient.java:3317)
	at io.micronaut.http.client.netty.DefaultHttpClient$FullHttpResponseHandler.buildResponse(DefaultHttpClient.java:3279)
	at io.micronaut.http.client.netty.DefaultHttpClient$FullHttpResponseHandler.buildResponse(DefaultHttpClient.java:3200)
	at io.micronaut.http.client.netty.DefaultHttpClient$BaseHttpResponseHandler.channelReadInstrumented(DefaultHttpClient.java:3175)
	at io.micronaut.http.client.netty.DefaultHttpClient$FullHttpResponseHandler.channelReadInstrumented(DefaultHttpClient.java:3238)
	at io.micronaut.http.client.netty.DefaultHttpClient$FullHttpResponseHandler.channelReadInstrumented(DefaultHttpClient.java:3200)
	at io.micronaut.http.client.netty.SimpleChannelInboundHandlerInstrumented.channelRead0(SimpleChannelInboundHandlerInstrumented.java:49)
	at io.netty.channel.SimpleChannelInboundHandler.channelRead(SimpleChannelInboundHandler.java:99)
	at io.netty.channel.AbstractChannelHandlerContext.invokeChannelRead(AbstractChannelHandlerContext.java:379)
	at io.netty.channel.AbstractChannelHandlerContext.invokeChannelRead(AbstractChannelHandlerContext.java:365)
	at io.netty.channel.AbstractChannelHandlerContext.fireChannelRead(AbstractChannelHandlerContext.java:357)
	at io.micronaut.http.netty.stream.HttpStreamsHandler.channelRead(HttpStreamsHandler.java:215)
	at io.micronaut.http.netty.stream.HttpStreamsClientHandler.channelRead(HttpStreamsClientHandler.java:180)
	at io.netty.channel.AbstractChannelHandlerContext.invokeChannelRead(AbstractChannelHandlerContext.java:379)
	at io.netty.channel.AbstractChannelHandlerContext.invokeChannelRead(AbstractChannelHandlerContext.java:365)
	at io.netty.channel.AbstractChannelHandlerContext.fireChannelRead(AbstractChannelHandlerContext.java:357)
	at io.netty.handler.codec.MessageToMessageDecoder.channelRead(MessageToMessageDecoder.java:103)
	at io.netty.channel.AbstractChannelHandlerContext.invokeChannelRead(AbstractChannelHandlerContext.java:379)
	at io.netty.channel.AbstractChannelHandlerContext.invokeChannelRead(AbstractChannelHandlerContext.java:365)
	at io.netty.channel.AbstractChannelHandlerContext.fireChannelRead(AbstractChannelHandlerContext.java:357)
	at io.netty.handler.codec.MessageToMessageDecoder.channelRead(MessageToMessageDecoder.java:103)
	at io.netty.channel.AbstractChannelHandlerContext.invokeChannelRead(AbstractChannelHandlerContext.java:379)
	at io.netty.channel.AbstractChannelHandlerContext.invokeChannelRead(AbstractChannelHandlerContext.java:365)
	at io.netty.channel.AbstractChannelHandlerContext.fireChannelRead(AbstractChannelHandlerContext.java:357)
	at io.netty.channel.CombinedChannelDuplexHandler$DelegatingChannelHandlerContext.fireChannelRead(CombinedChannelDuplexHandler.java:436)
	at io.netty.handler.codec.ByteToMessageDecoder.fireChannelRead(ByteToMessageDecoder.java:327)
	at io.netty.handler.codec.ByteToMessageDecoder.channelRead(ByteToMessageDecoder.java:299)
	at io.netty.channel.CombinedChannelDuplexHandler.channelRead(CombinedChannelDuplexHandler.java:251)
	at io.netty.channel.AbstractChannelHandlerContext.invokeChannelRead(AbstractChannelHandlerContext.java:379)
	at io.netty.channel.AbstractChannelHandlerContext.invokeChannelRead(AbstractChannelHandlerContext.java:365)
	at io.netty.channel.AbstractChannelHandlerContext.fireChannelRead(AbstractChannelHandlerContext.java:357)
	at io.netty.handler.timeout.IdleStateHandler.channelRead(IdleStateHandler.java:286)
	at io.netty.channel.AbstractChannelHandlerContext.invokeChannelRead(AbstractChannelHandlerContext.java:379)
	at io.netty.channel.AbstractChannelHandlerContext.invokeChannelRead(AbstractChannelHandlerContext.java:365)
	at io.netty.channel.AbstractChannelHandlerContext.fireChannelRead(AbstractChannelHandlerContext.java:357)
	at io.netty.channel.DefaultChannelPipeline$HeadContext.channelRead(DefaultChannelPipeline.java:1410)
	at io.netty.channel.AbstractChannelHandlerContext.invokeChannelRead(AbstractChannelHandlerContext.java:379)
	at io.netty.channel.AbstractChannelHandlerContext.invokeChannelRead(AbstractChannelHandlerContext.java:365)
	at io.netty.channel.DefaultChannelPipeline.fireChannelRead(DefaultChannelPipeline.java:919)
	at io.netty.channel.nio.AbstractNioByteChannel$NioByteUnsafe.read(AbstractNioByteChannel.java:166)
	at io.netty.channel.nio.NioEventLoop.processSelectedKey(NioEventLoop.java:722)
	at io.netty.channel.nio.NioEventLoop.processSelectedKeysOptimized(NioEventLoop.java:658)
	at io.netty.channel.nio.NioEventLoop.processSelectedKeys(NioEventLoop.java:584)
	at io.netty.channel.nio.NioEventLoop.run(NioEventLoop.java:496)
	at io.netty.util.concurrent.SingleThreadEventExecutor$4.run(SingleThreadEventExecutor.java:995)
	at io.netty.util.internal.ThreadExecutorMap$2.run(ThreadExecutorMap.java:74)
	at io.netty.util.concurrent.FastThreadLocalRunnable.run(FastThreadLocalRunnable.java:30)
	at java.lang.Thread.run(Thread.java:750)
	Suppressed: java.lang.Exception: #block terminated with an error
		at reactor.core.publisher.BlockingSingleSubscriber.blockingGet(BlockingSingleSubscriber.java:99)
		at reactor.core.publisher.Flux.blockFirst(Flux.java:2600)
		at io.micronaut.http.client.netty.DefaultHttpClient$3.exchange(DefaultHttpClient.java:617)
		at io.micronaut.http.client.BlockingHttpClient.retrieve(BlockingHttpClient.java:140)
		at io.micronaut.http.client.BlockingHttpClient.retrieve(BlockingHttpClient.java:122)
		at com.qsystems.meddoctorassignment.adapter.gateway.impl.OrchestraMetadataGatewayImpl.getList(OrchestraMetadataGatewayImpl.java:74)
		at com.qsystems.meddoctorassignment.adapter.gateway.impl.OrchestraMetadataGatewayImpl.getServicePointsFromBranch(OrchestraMetadataGatewayImpl.java:55)
		at com.qsystems.meddoctorassignment.cache.BranchCacheUpdater.updateBranchCache(BranchCacheUpdater.java:114)
		at com.qsystems.meddoctorassignment.cache.service.OrchestraDataCacheUpdateService.refreshConfiguredBranches(OrchestraDataCacheUpdateService.java:63)
		at com.qsystems.meddoctorassignment.cache.service.OrchestraDataCacheUpdateService.onApplicationEvent(OrchestraDataCacheUpdateService.java:53)
		at com.qsystems.meddoctorassignment.cache.service.OrchestraDataCacheUpdateService.onApplicationEvent(OrchestraDataCacheUpdateService.java:25)
		at io.micronaut.context.event.ApplicationEventPublisherFactory.notifyEventListeners(ApplicationEventPublisherFactory.java:262)
		at io.micronaut.context.event.ApplicationEventPublisherFactory.access$200(ApplicationEventPublisherFactory.java:60)
		at io.micronaut.context.event.ApplicationEventPublisherFactory$2.publishEvent(ApplicationEventPublisherFactory.java:229)
		at io.micronaut.context.DefaultBeanContext.publishEvent(DefaultBeanContext.java:1682)
		at io.micronaut.context.DefaultBeanContext.start(DefaultBeanContext.java:354)
		at io.micronaut.context.DefaultApplicationContext.start(DefaultApplicationContext.java:190)
		at io.micronaut.runtime.Micronaut.start(Micronaut.java:72)
		at io.micronaut.runtime.Micronaut.run(Micronaut.java:320)
		at io.micronaut.runtime.Micronaut.run(Micronaut.java:306)
		at com.qsystems.meddoctorassignment.DoctorAssignmentApplication.main(DoctorAssignmentApplication.java:15)
27 апр 2026;12:38:56.767 [main] DEBUG i.n.u.i.l.InternalLoggerFactory - Using SLF4J as the default logging framework
27 апр 2026;12:38:56.770 [main] DEBUG i.n.u.i.InternalThreadLocalMap - -Dio.netty.threadLocalMap.stringBuilder.initialSize: 1024
27 апр 2026;12:38:56.771 [main] DEBUG i.n.u.i.InternalThreadLocalMap - -Dio.netty.threadLocalMap.stringBuilder.maxSize: 4096
27 апр 2026;12:38:56.784 [main] DEBUG i.n.util.internal.PlatformDependent0 - -Dio.netty.noUnsafe: false
27 апр 2026;12:38:56.785 [main] DEBUG i.n.util.internal.PlatformDependent0 - Java version: 8
27 апр 2026;12:38:56.786 [main] DEBUG i.n.util.internal.PlatformDependent0 - sun.misc.Unsafe.theUnsafe: available
27 апр 2026;12:38:56.786 [main] DEBUG i.n.util.internal.PlatformDependent0 - sun.misc.Unsafe.copyMemory: available
27 апр 2026;12:38:56.786 [main] DEBUG i.n.util.internal.PlatformDependent0 - sun.misc.Unsafe.storeFence: available
27 апр 2026;12:38:56.787 [main] DEBUG i.n.util.internal.PlatformDependent0 - java.nio.Buffer.address: available
27 апр 2026;12:38:56.787 [main] DEBUG i.n.util.internal.PlatformDependent0 - direct buffer constructor: available
27 апр 2026;12:38:56.788 [main] DEBUG i.n.util.internal.PlatformDependent0 - java.nio.Bits.unaligned: available, true
27 апр 2026;12:38:56.788 [main] DEBUG i.n.util.internal.PlatformDependent0 - jdk.internal.misc.Unsafe.allocateUninitializedArray(int): unavailable prior to Java9
27 апр 2026;12:38:56.788 [main] DEBUG i.n.util.internal.PlatformDependent0 - java.nio.DirectByteBuffer.<init>(long, int): available
27 апр 2026;12:38:56.788 [main] DEBUG i.n.util.internal.PlatformDependent - sun.misc.Unsafe: available
27 апр 2026;12:38:56.788 [main] DEBUG i.n.util.internal.PlatformDependent - -Dio.netty.tmpdir: C:\Users\psoko\AppData\Local\Temp (java.io.tmpdir)
27 апр 2026;12:38:56.789 [main] DEBUG i.n.util.internal.PlatformDependent - -Dio.netty.bitMode: 64 (sun.arch.data.model)
27 апр 2026;12:38:56.789 [main] DEBUG i.n.util.internal.PlatformDependent - Platform: Windows
27 апр 2026;12:38:56.790 [main] DEBUG i.n.util.internal.PlatformDependent - -Dio.netty.maxDirectMemory: 7628390400 bytes
27 апр 2026;12:38:56.790 [main] DEBUG i.n.util.internal.PlatformDependent - -Dio.netty.uninitializedArrayAllocationThreshold: -1
27 апр 2026;12:38:56.791 [main] DEBUG io.netty.util.internal.CleanerJava6 - java.nio.ByteBuffer.cleaner(): available
27 апр 2026;12:38:56.791 [main] DEBUG i.n.util.internal.PlatformDependent - -Dio.netty.noPreferDirect: false
27 апр 2026;12:38:56.799 [main] DEBUG io.netty.util.ResourceLeakDetector - -Dio.netty.leakDetection.level: simple
27 апр 2026;12:38:56.799 [main] DEBUG io.netty.util.ResourceLeakDetector - -Dio.netty.leakDetection.targetRecords: 4
27 апр 2026;12:38:56.802 [main] DEBUG i.n.buffer.PooledByteBufAllocator - -Dio.netty.allocator.numHeapArenas: 16
27 апр 2026;12:38:56.802 [main] DEBUG i.n.buffer.PooledByteBufAllocator - -Dio.netty.allocator.numDirectArenas: 16
27 апр 2026;12:38:56.802 [main] DEBUG i.n.buffer.PooledByteBufAllocator - -Dio.netty.allocator.pageSize: 8192
27 апр 2026;12:38:56.802 [main] DEBUG i.n.buffer.PooledByteBufAllocator - -Dio.netty.allocator.maxOrder: 9
27 апр 2026;12:38:56.802 [main] DEBUG i.n.buffer.PooledByteBufAllocator - -Dio.netty.allocator.chunkSize: 4194304
27 апр 2026;12:38:56.802 [main] DEBUG i.n.buffer.PooledByteBufAllocator - -Dio.netty.allocator.smallCacheSize: 256
27 апр 2026;12:38:56.802 [main] DEBUG i.n.buffer.PooledByteBufAllocator - -Dio.netty.allocator.normalCacheSize: 64
27 апр 2026;12:38:56.802 [main] DEBUG i.n.buffer.PooledByteBufAllocator - -Dio.netty.allocator.maxCachedBufferCapacity: 32768
27 апр 2026;12:38:56.802 [main] DEBUG i.n.buffer.PooledByteBufAllocator - -Dio.netty.allocator.cacheTrimInterval: 8192
27 апр 2026;12:38:56.802 [main] DEBUG i.n.buffer.PooledByteBufAllocator - -Dio.netty.allocator.cacheTrimIntervalMillis: 0
27 апр 2026;12:38:56.803 [main] DEBUG i.n.buffer.PooledByteBufAllocator - -Dio.netty.allocator.useCacheForAllThreads: false
27 апр 2026;12:38:56.803 [main] DEBUG i.n.buffer.PooledByteBufAllocator - -Dio.netty.allocator.maxCachedByteBuffersPerChunk: 1023
27 апр 2026;12:38:56.815 [main] DEBUG io.netty.buffer.ByteBufUtil - -Dio.netty.allocator.type: pooled
27 апр 2026;12:38:56.815 [main] DEBUG io.netty.buffer.ByteBufUtil - -Dio.netty.threadLocalDirectBufferSize: 0
27 апр 2026;12:38:56.815 [main] DEBUG io.netty.buffer.ByteBufUtil - -Dio.netty.maxThreadLocalCharBufferSize: 16384
27 апр 2026;12:38:57.191 [main] DEBUG i.n.c.MultithreadEventLoopGroup - -Dio.netty.eventLoopThreads: 16
27 апр 2026;12:38:57.213 [main] DEBUG io.netty.channel.nio.NioEventLoop - -Dio.netty.noKeySetOptimization: false
27 апр 2026;12:38:57.214 [main] DEBUG io.netty.channel.nio.NioEventLoop - -Dio.netty.selectorAutoRebuildThreshold: 512
27 апр 2026;12:38:57.225 [main] DEBUG i.n.util.internal.PlatformDependent - org.jctools-core.MpscChunkedArrayQueue: available
27 апр 2026;12:38:57.720 [main] DEBUG io.netty.handler.ssl.OpenSsl - netty-tcnative not in the classpath; OpenSslEngine will be unavailable.
27 апр 2026;12:38:57.814 [main] DEBUG io.netty.handler.ssl.JdkSslContext - Default protocols (JDK): [TLSv1.3, TLSv1.2] 
27 апр 2026;12:38:57.814 [main] DEBUG io.netty.handler.ssl.JdkSslContext - Default cipher suites (JDK): [TLS_ECDHE_ECDSA_WITH_AES_256_GCM_SHA384, TLS_ECDHE_ECDSA_WITH_AES_128_GCM_SHA256, TLS_ECDHE_RSA_WITH_AES_128_GCM_SHA256, TLS_ECDHE_RSA_WITH_AES_256_GCM_SHA384, TLS_ECDHE_RSA_WITH_AES_128_CBC_SHA, TLS_ECDHE_RSA_WITH_AES_256_CBC_SHA, TLS_RSA_WITH_AES_128_GCM_SHA256, TLS_RSA_WITH_AES_128_CBC_SHA, TLS_RSA_WITH_AES_256_CBC_SHA, TLS_AES_128_GCM_SHA256, TLS_AES_256_GCM_SHA384]
27 апр 2026;12:38:57.820 [main] DEBUG reactor.util.Loggers - Using Slf4j logging framework
27 апр 2026;12:38:57.872 [main] DEBUG reactor.core.publisher.Hooks - Hooking onEachOperator: micronaut
27 апр 2026;12:38:57.963 [main] DEBUG io.netty.channel.DefaultChannelId - -Dio.netty.processId: 23360 (auto-detected)
27 апр 2026;12:38:57.965 [main] DEBUG io.netty.util.NetUtil - -Djava.net.preferIPv4Stack: false
27 апр 2026;12:38:57.965 [main] DEBUG io.netty.util.NetUtil - -Djava.net.preferIPv6Addresses: false
27 апр 2026;12:38:58.259 [main] DEBUG io.netty.util.NetUtilInitializations - Loopback interface: lo (Software Loopback Interface 1, 127.0.0.1)
27 апр 2026;12:38:58.260 [main] DEBUG io.netty.util.NetUtil - Failed to get SOMAXCONN from sysctl and file \proc\sys\net\core\somaxconn. Default: 200
27 апр 2026;12:38:58.588 [main] DEBUG io.netty.channel.DefaultChannelId - -Dio.netty.machineId: 30:9c:23:ff:fe:02:cb:6e (auto-detected)
27 апр 2026;12:38:58.655 [default-nioEventLoopGroup-1-1] DEBUG io.netty.buffer.AbstractByteBuf - -Dio.netty.buffer.checkAccessible: true
27 апр 2026;12:38:58.656 [default-nioEventLoopGroup-1-1] DEBUG io.netty.buffer.AbstractByteBuf - -Dio.netty.buffer.checkBounds: true
27 апр 2026;12:38:58.656 [default-nioEventLoopGroup-1-1] DEBUG i.n.util.ResourceLeakDetectorFactory - Loaded default ResourceLeakDetector: io.netty.util.ResourceLeakDetector@fafc96c
27 апр 2026;12:38:58.694 [default-nioEventLoopGroup-1-1] DEBUG io.netty.util.Recycler - -Dio.netty.recycler.maxCapacityPerThread: 4096
27 апр 2026;12:38:58.694 [default-nioEventLoopGroup-1-1] DEBUG io.netty.util.Recycler - -Dio.netty.recycler.ratio: 8
27 апр 2026;12:38:58.694 [default-nioEventLoopGroup-1-1] DEBUG io.netty.util.Recycler - -Dio.netty.recycler.chunkSize: 32
27 апр 2026;12:38:58.695 [default-nioEventLoopGroup-1-1] DEBUG io.netty.util.Recycler - -Dio.netty.recycler.blocking: false
27 апр 2026;12:38:58.767 [default-nioEventLoopGroup-1-1] DEBUG i.n.handler.codec.compression.Brotli - brotli4j not in the classpath; Brotli support will be unavailable.
27 апр 2026;12:39:00.107 [main] INFO  io.micronaut.runtime.Micronaut - Startup completed in 4469ms. Server Running: http://localhost:8085
27 апр 2026;12:43:18.789 [Thread-1] INFO  io.micronaut.runtime.Micronaut - Embedded Application shutting down
27 апр 2026;12:43:18.810 [default-nioEventLoopGroup-1-14] DEBUG io.netty.buffer.PoolThreadCache - Freed 3 thread-local buffer(s) from thread: default-nioEventLoopGroup-1-14
27 апр 2026;12:43:18.810 [default-nioEventLoopGroup-1-11] DEBUG io.netty.buffer.PoolThreadCache - Freed 5 thread-local buffer(s) from thread: default-nioEventLoopGroup-1-11
27 апр 2026;12:43:18.810 [default-nioEventLoopGroup-1-4] DEBUG io.netty.buffer.PoolThreadCache - Freed 3 thread-local buffer(s) from thread: default-nioEventLoopGroup-1-4
27 апр 2026;12:43:18.810 [default-nioEventLoopGroup-1-3] DEBUG io.netty.buffer.PoolThreadCache - Freed 3 thread-local buffer(s) from thread: default-nioEventLoopGroup-1-3
27 апр 2026;12:43:18.810 [default-nioEventLoopGroup-1-9] DEBUG io.netty.buffer.PoolThreadCache - Freed 5 thread-local buffer(s) from thread: default-nioEventLoopGroup-1-9
27 апр 2026;12:43:18.810 [default-nioEventLoopGroup-1-1] DEBUG io.netty.buffer.PoolThreadCache - Freed 7 thread-local buffer(s) from thread: default-nioEventLoopGroup-1-1
27 апр 2026;12:43:18.810 [default-nioEventLoopGroup-1-5] DEBUG io.netty.buffer.PoolThreadCache - Freed 3 thread-local buffer(s) from thread: default-nioEventLoopGroup-1-5
27 апр 2026;12:43:18.810 [default-nioEventLoopGroup-1-16] DEBUG io.netty.buffer.PoolThreadCache - Freed 3 thread-local buffer(s) from thread: default-nioEventLoopGroup-1-16
27 апр 2026;12:43:18.810 [default-nioEventLoopGroup-1-12] DEBUG io.netty.buffer.PoolThreadCache - Freed 3 thread-local buffer(s) from thread: default-nioEventLoopGroup-1-12
27 апр 2026;12:43:18.810 [default-nioEventLoopGroup-1-8] DEBUG io.netty.buffer.PoolThreadCache - Freed 3 thread-local buffer(s) from thread: default-nioEventLoopGroup-1-8
27 апр 2026;12:43:18.810 [default-nioEventLoopGroup-1-13] DEBUG io.netty.buffer.PoolThreadCache - Freed 3 thread-local buffer(s) from thread: default-nioEventLoopGroup-1-13
27 апр 2026;12:43:18.810 [default-nioEventLoopGroup-1-2] DEBUG io.netty.buffer.PoolThreadCache - Freed 11 thread-local buffer(s) from thread: default-nioEventLoopGroup-1-2
27 апр 2026;12:43:18.810 [default-nioEventLoopGroup-1-15] DEBUG io.netty.buffer.PoolThreadCache - Freed 3 thread-local buffer(s) from thread: default-nioEventLoopGroup-1-15
27 апр 2026;12:43:18.810 [default-nioEventLoopGroup-1-6] DEBUG io.netty.buffer.PoolThreadCache - Freed 3 thread-local buffer(s) from thread: default-nioEventLoopGroup-1-6
27 апр 2026;12:43:18.810 [default-nioEventLoopGroup-1-7] DEBUG io.netty.buffer.PoolThreadCache - Freed 3 thread-local buffer(s) from thread: default-nioEventLoopGroup-1-7
27 апр 2026;12:43:18.810 [default-nioEventLoopGroup-1-10] DEBUG io.netty.buffer.PoolThreadCache - Freed 3 thread-local buffer(s) from thread: default-nioEventLoopGroup-1-10
27 апр 2026;12:43:18.814 [Thread-1] DEBUG reactor.core.publisher.Hooks - Reset onEachOperator: micronaut
27 апр 2026;12:43:28.347 [main] DEBUG i.n.u.i.l.InternalLoggerFactory - Using SLF4J as the default logging framework
27 апр 2026;12:43:28.351 [main] DEBUG i.n.u.i.InternalThreadLocalMap - -Dio.netty.threadLocalMap.stringBuilder.initialSize: 1024
27 апр 2026;12:43:28.351 [main] DEBUG i.n.u.i.InternalThreadLocalMap - -Dio.netty.threadLocalMap.stringBuilder.maxSize: 4096
27 апр 2026;12:43:28.364 [main] DEBUG i.n.util.internal.PlatformDependent0 - -Dio.netty.noUnsafe: false
27 апр 2026;12:43:28.365 [main] DEBUG i.n.util.internal.PlatformDependent0 - Java version: 8
27 апр 2026;12:43:28.366 [main] DEBUG i.n.util.internal.PlatformDependent0 - sun.misc.Unsafe.theUnsafe: available
27 апр 2026;12:43:28.366 [main] DEBUG i.n.util.internal.PlatformDependent0 - sun.misc.Unsafe.copyMemory: available
27 апр 2026;12:43:28.366 [main] DEBUG i.n.util.internal.PlatformDependent0 - sun.misc.Unsafe.storeFence: available
27 апр 2026;12:43:28.367 [main] DEBUG i.n.util.internal.PlatformDependent0 - java.nio.Buffer.address: available
27 апр 2026;12:43:28.367 [main] DEBUG i.n.util.internal.PlatformDependent0 - direct buffer constructor: available
27 апр 2026;12:43:28.368 [main] DEBUG i.n.util.internal.PlatformDependent0 - java.nio.Bits.unaligned: available, true
27 апр 2026;12:43:28.368 [main] DEBUG i.n.util.internal.PlatformDependent0 - jdk.internal.misc.Unsafe.allocateUninitializedArray(int): unavailable prior to Java9
27 апр 2026;12:43:28.368 [main] DEBUG i.n.util.internal.PlatformDependent0 - java.nio.DirectByteBuffer.<init>(long, int): available
27 апр 2026;12:43:28.368 [main] DEBUG i.n.util.internal.PlatformDependent - sun.misc.Unsafe: available
27 апр 2026;12:43:28.368 [main] DEBUG i.n.util.internal.PlatformDependent - -Dio.netty.tmpdir: C:\Users\psoko\AppData\Local\Temp (java.io.tmpdir)
27 апр 2026;12:43:28.368 [main] DEBUG i.n.util.internal.PlatformDependent - -Dio.netty.bitMode: 64 (sun.arch.data.model)
27 апр 2026;12:43:28.369 [main] DEBUG i.n.util.internal.PlatformDependent - Platform: Windows
27 апр 2026;12:43:28.370 [main] DEBUG i.n.util.internal.PlatformDependent - -Dio.netty.maxDirectMemory: 7628390400 bytes
27 апр 2026;12:43:28.370 [main] DEBUG i.n.util.internal.PlatformDependent - -Dio.netty.uninitializedArrayAllocationThreshold: -1
27 апр 2026;12:43:28.370 [main] DEBUG io.netty.util.internal.CleanerJava6 - java.nio.ByteBuffer.cleaner(): available
27 апр 2026;12:43:28.370 [main] DEBUG i.n.util.internal.PlatformDependent - -Dio.netty.noPreferDirect: false
27 апр 2026;12:43:28.378 [main] DEBUG io.netty.util.ResourceLeakDetector - -Dio.netty.leakDetection.level: simple
27 апр 2026;12:43:28.378 [main] DEBUG io.netty.util.ResourceLeakDetector - -Dio.netty.leakDetection.targetRecords: 4
27 апр 2026;12:43:28.380 [main] DEBUG i.n.buffer.PooledByteBufAllocator - -Dio.netty.allocator.numHeapArenas: 16
27 апр 2026;12:43:28.381 [main] DEBUG i.n.buffer.PooledByteBufAllocator - -Dio.netty.allocator.numDirectArenas: 16
27 апр 2026;12:43:28.381 [main] DEBUG i.n.buffer.PooledByteBufAllocator - -Dio.netty.allocator.pageSize: 8192
27 апр 2026;12:43:28.381 [main] DEBUG i.n.buffer.PooledByteBufAllocator - -Dio.netty.allocator.maxOrder: 9
27 апр 2026;12:43:28.381 [main] DEBUG i.n.buffer.PooledByteBufAllocator - -Dio.netty.allocator.chunkSize: 4194304
27 апр 2026;12:43:28.381 [main] DEBUG i.n.buffer.PooledByteBufAllocator - -Dio.netty.allocator.smallCacheSize: 256
27 апр 2026;12:43:28.381 [main] DEBUG i.n.buffer.PooledByteBufAllocator - -Dio.netty.allocator.normalCacheSize: 64
27 апр 2026;12:43:28.381 [main] DEBUG i.n.buffer.PooledByteBufAllocator - -Dio.netty.allocator.maxCachedBufferCapacity: 32768
27 апр 2026;12:43:28.381 [main] DEBUG i.n.buffer.PooledByteBufAllocator - -Dio.netty.allocator.cacheTrimInterval: 8192
27 апр 2026;12:43:28.381 [main] DEBUG i.n.buffer.PooledByteBufAllocator - -Dio.netty.allocator.cacheTrimIntervalMillis: 0
27 апр 2026;12:43:28.381 [main] DEBUG i.n.buffer.PooledByteBufAllocator - -Dio.netty.allocator.useCacheForAllThreads: false
27 апр 2026;12:43:28.381 [main] DEBUG i.n.buffer.PooledByteBufAllocator - -Dio.netty.allocator.maxCachedByteBuffersPerChunk: 1023
27 апр 2026;12:43:28.391 [main] DEBUG io.netty.buffer.ByteBufUtil - -Dio.netty.allocator.type: pooled
27 апр 2026;12:43:28.392 [main] DEBUG io.netty.buffer.ByteBufUtil - -Dio.netty.threadLocalDirectBufferSize: 0
27 апр 2026;12:43:28.392 [main] DEBUG io.netty.buffer.ByteBufUtil - -Dio.netty.maxThreadLocalCharBufferSize: 16384
27 апр 2026;12:43:28.711 [main] DEBUG i.n.c.MultithreadEventLoopGroup - -Dio.netty.eventLoopThreads: 16
27 апр 2026;12:43:28.730 [main] DEBUG io.netty.channel.nio.NioEventLoop - -Dio.netty.noKeySetOptimization: false
27 апр 2026;12:43:28.730 [main] DEBUG io.netty.channel.nio.NioEventLoop - -Dio.netty.selectorAutoRebuildThreshold: 512
27 апр 2026;12:43:28.737 [main] DEBUG i.n.util.internal.PlatformDependent - org.jctools-core.MpscChunkedArrayQueue: available
27 апр 2026;12:43:29.154 [main] DEBUG io.netty.handler.ssl.OpenSsl - netty-tcnative not in the classpath; OpenSslEngine will be unavailable.
27 апр 2026;12:43:29.243 [main] DEBUG io.netty.handler.ssl.JdkSslContext - Default protocols (JDK): [TLSv1.3, TLSv1.2] 
27 апр 2026;12:43:29.244 [main] DEBUG io.netty.handler.ssl.JdkSslContext - Default cipher suites (JDK): [TLS_ECDHE_ECDSA_WITH_AES_256_GCM_SHA384, TLS_ECDHE_ECDSA_WITH_AES_128_GCM_SHA256, TLS_ECDHE_RSA_WITH_AES_128_GCM_SHA256, TLS_ECDHE_RSA_WITH_AES_256_GCM_SHA384, TLS_ECDHE_RSA_WITH_AES_128_CBC_SHA, TLS_ECDHE_RSA_WITH_AES_256_CBC_SHA, TLS_RSA_WITH_AES_128_GCM_SHA256, TLS_RSA_WITH_AES_128_CBC_SHA, TLS_RSA_WITH_AES_256_CBC_SHA, TLS_AES_128_GCM_SHA256, TLS_AES_256_GCM_SHA384]
27 апр 2026;12:43:29.249 [main] DEBUG reactor.util.Loggers - Using Slf4j logging framework
27 апр 2026;12:43:29.300 [main] DEBUG reactor.core.publisher.Hooks - Hooking onEachOperator: micronaut
27 апр 2026;12:43:29.390 [main] DEBUG io.netty.channel.DefaultChannelId - -Dio.netty.processId: 25472 (auto-detected)
27 апр 2026;12:43:29.392 [main] DEBUG io.netty.util.NetUtil - -Djava.net.preferIPv4Stack: false
27 апр 2026;12:43:29.392 [main] DEBUG io.netty.util.NetUtil - -Djava.net.preferIPv6Addresses: false
27 апр 2026;12:43:29.691 [main] DEBUG io.netty.util.NetUtilInitializations - Loopback interface: lo (Software Loopback Interface 1, 127.0.0.1)
27 апр 2026;12:43:29.692 [main] DEBUG io.netty.util.NetUtil - Failed to get SOMAXCONN from sysctl and file \proc\sys\net\core\somaxconn. Default: 200
27 апр 2026;12:43:30.013 [main] DEBUG io.netty.channel.DefaultChannelId - -Dio.netty.machineId: 30:9c:23:ff:fe:02:cb:6e (auto-detected)
27 апр 2026;12:43:30.078 [default-nioEventLoopGroup-1-1] DEBUG io.netty.buffer.AbstractByteBuf - -Dio.netty.buffer.checkAccessible: true
27 апр 2026;12:43:30.078 [default-nioEventLoopGroup-1-1] DEBUG io.netty.buffer.AbstractByteBuf - -Dio.netty.buffer.checkBounds: true
27 апр 2026;12:43:30.079 [default-nioEventLoopGroup-1-1] DEBUG i.n.util.ResourceLeakDetectorFactory - Loaded default ResourceLeakDetector: io.netty.util.ResourceLeakDetector@36688efa
27 апр 2026;12:43:30.119 [default-nioEventLoopGroup-1-1] DEBUG io.netty.util.Recycler - -Dio.netty.recycler.maxCapacityPerThread: 4096
27 апр 2026;12:43:30.119 [default-nioEventLoopGroup-1-1] DEBUG io.netty.util.Recycler - -Dio.netty.recycler.ratio: 8
27 апр 2026;12:43:30.119 [default-nioEventLoopGroup-1-1] DEBUG io.netty.util.Recycler - -Dio.netty.recycler.chunkSize: 32
27 апр 2026;12:43:30.119 [default-nioEventLoopGroup-1-1] DEBUG io.netty.util.Recycler - -Dio.netty.recycler.blocking: false
27 апр 2026;12:43:30.171 [default-nioEventLoopGroup-1-1] DEBUG i.n.handler.codec.compression.Brotli - brotli4j not in the classpath; Brotli support will be unavailable.
27 апр 2026;12:43:31.473 [main] INFO  io.micronaut.runtime.Micronaut - Startup completed in 4344ms. Server Running: http://localhost:8085
27 апр 2026;12:49:58.989 [Thread-1] INFO  io.micronaut.runtime.Micronaut - Embedded Application shutting down
27 апр 2026;12:49:59.007 [default-nioEventLoopGroup-1-2] DEBUG io.netty.buffer.PoolThreadCache - Freed 15 thread-local buffer(s) from thread: default-nioEventLoopGroup-1-2
27 апр 2026;12:49:59.007 [default-nioEventLoopGroup-1-8] DEBUG io.netty.buffer.PoolThreadCache - Freed 6 thread-local buffer(s) from thread: default-nioEventLoopGroup-1-8
27 апр 2026;12:49:59.007 [default-nioEventLoopGroup-1-11] DEBUG io.netty.buffer.PoolThreadCache - Freed 6 thread-local buffer(s) from thread: default-nioEventLoopGroup-1-11
27 апр 2026;12:49:59.007 [default-nioEventLoopGroup-1-9] DEBUG io.netty.buffer.PoolThreadCache - Freed 6 thread-local buffer(s) from thread: default-nioEventLoopGroup-1-9
27 апр 2026;12:49:59.007 [default-nioEventLoopGroup-1-15] DEBUG io.netty.buffer.PoolThreadCache - Freed 6 thread-local buffer(s) from thread: default-nioEventLoopGroup-1-15
27 апр 2026;12:49:59.007 [default-nioEventLoopGroup-1-13] DEBUG io.netty.buffer.PoolThreadCache - Freed 5 thread-local buffer(s) from thread: default-nioEventLoopGroup-1-13
27 апр 2026;12:49:59.007 [default-nioEventLoopGroup-1-12] DEBUG io.netty.buffer.PoolThreadCache - Freed 6 thread-local buffer(s) from thread: default-nioEventLoopGroup-1-12
27 апр 2026;12:49:59.007 [default-nioEventLoopGroup-1-16] DEBUG io.netty.buffer.PoolThreadCache - Freed 6 thread-local buffer(s) from thread: default-nioEventLoopGroup-1-16
27 апр 2026;12:49:59.007 [default-nioEventLoopGroup-1-14] DEBUG io.netty.buffer.PoolThreadCache - Freed 6 thread-local buffer(s) from thread: default-nioEventLoopGroup-1-14
27 апр 2026;12:49:59.008 [default-nioEventLoopGroup-1-1] DEBUG io.netty.buffer.PoolThreadCache - Freed 8 thread-local buffer(s) from thread: default-nioEventLoopGroup-1-1
27 апр 2026;12:49:59.010 [default-nioEventLoopGroup-1-3] DEBUG io.netty.buffer.PoolThreadCache - Freed 6 thread-local buffer(s) from thread: default-nioEventLoopGroup-1-3
27 апр 2026;12:49:59.007 [default-nioEventLoopGroup-1-10] DEBUG io.netty.buffer.PoolThreadCache - Freed 6 thread-local buffer(s) from thread: default-nioEventLoopGroup-1-10
27 апр 2026;12:49:59.010 [default-nioEventLoopGroup-1-5] DEBUG io.netty.buffer.PoolThreadCache - Freed 6 thread-local buffer(s) from thread: default-nioEventLoopGroup-1-5
27 апр 2026;12:49:59.008 [default-nioEventLoopGroup-1-7] DEBUG io.netty.buffer.PoolThreadCache - Freed 7 thread-local buffer(s) from thread: default-nioEventLoopGroup-1-7
27 апр 2026;12:49:59.010 [default-nioEventLoopGroup-1-4] DEBUG io.netty.buffer.PoolThreadCache - Freed 10 thread-local buffer(s) from thread: default-nioEventLoopGroup-1-4
27 апр 2026;12:49:59.007 [default-nioEventLoopGroup-1-6] DEBUG io.netty.buffer.PoolThreadCache - Freed 6 thread-local buffer(s) from thread: default-nioEventLoopGroup-1-6
27 апр 2026;12:49:59.016 [Thread-1] DEBUG reactor.core.publisher.Hooks - Reset onEachOperator: micronaut
27 апр 2026;13:17:53.150 [main] DEBUG i.n.u.i.l.InternalLoggerFactory - Using SLF4J as the default logging framework
27 апр 2026;13:17:53.153 [main] DEBUG i.n.u.i.InternalThreadLocalMap - -Dio.netty.threadLocalMap.stringBuilder.initialSize: 1024
27 апр 2026;13:17:53.154 [main] DEBUG i.n.u.i.InternalThreadLocalMap - -Dio.netty.threadLocalMap.stringBuilder.maxSize: 4096
27 апр 2026;13:17:53.167 [main] DEBUG i.n.util.internal.PlatformDependent0 - -Dio.netty.noUnsafe: false
27 апр 2026;13:17:53.167 [main] DEBUG i.n.util.internal.PlatformDependent0 - Java version: 8
27 апр 2026;13:17:53.168 [main] DEBUG i.n.util.internal.PlatformDependent0 - sun.misc.Unsafe.theUnsafe: available
27 апр 2026;13:17:53.168 [main] DEBUG i.n.util.internal.PlatformDependent0 - sun.misc.Unsafe.copyMemory: available
27 апр 2026;13:17:53.169 [main] DEBUG i.n.util.internal.PlatformDependent0 - sun.misc.Unsafe.storeFence: available
27 апр 2026;13:17:53.169 [main] DEBUG i.n.util.internal.PlatformDependent0 - java.nio.Buffer.address: available
27 апр 2026;13:17:53.169 [main] DEBUG i.n.util.internal.PlatformDependent0 - direct buffer constructor: available
27 апр 2026;13:17:53.170 [main] DEBUG i.n.util.internal.PlatformDependent0 - java.nio.Bits.unaligned: available, true
27 апр 2026;13:17:53.170 [main] DEBUG i.n.util.internal.PlatformDependent0 - jdk.internal.misc.Unsafe.allocateUninitializedArray(int): unavailable prior to Java9
27 апр 2026;13:17:53.170 [main] DEBUG i.n.util.internal.PlatformDependent0 - java.nio.DirectByteBuffer.<init>(long, int): available
27 апр 2026;13:17:53.170 [main] DEBUG i.n.util.internal.PlatformDependent - sun.misc.Unsafe: available
27 апр 2026;13:17:53.171 [main] DEBUG i.n.util.internal.PlatformDependent - -Dio.netty.tmpdir: C:\Users\psoko\AppData\Local\Temp (java.io.tmpdir)
27 апр 2026;13:17:53.171 [main] DEBUG i.n.util.internal.PlatformDependent - -Dio.netty.bitMode: 64 (sun.arch.data.model)
27 апр 2026;13:17:53.171 [main] DEBUG i.n.util.internal.PlatformDependent - Platform: Windows
27 апр 2026;13:17:53.172 [main] DEBUG i.n.util.internal.PlatformDependent - -Dio.netty.maxDirectMemory: 7628390400 bytes
27 апр 2026;13:17:53.172 [main] DEBUG i.n.util.internal.PlatformDependent - -Dio.netty.uninitializedArrayAllocationThreshold: -1
27 апр 2026;13:17:53.172 [main] DEBUG io.netty.util.internal.CleanerJava6 - java.nio.ByteBuffer.cleaner(): available
27 апр 2026;13:17:53.173 [main] DEBUG i.n.util.internal.PlatformDependent - -Dio.netty.noPreferDirect: false
27 апр 2026;13:17:53.180 [main] DEBUG io.netty.util.ResourceLeakDetector - -Dio.netty.leakDetection.level: simple
27 апр 2026;13:17:53.180 [main] DEBUG io.netty.util.ResourceLeakDetector - -Dio.netty.leakDetection.targetRecords: 4
27 апр 2026;13:17:53.183 [main] DEBUG i.n.buffer.PooledByteBufAllocator - -Dio.netty.allocator.numHeapArenas: 16
27 апр 2026;13:17:53.183 [main] DEBUG i.n.buffer.PooledByteBufAllocator - -Dio.netty.allocator.numDirectArenas: 16
27 апр 2026;13:17:53.183 [main] DEBUG i.n.buffer.PooledByteBufAllocator - -Dio.netty.allocator.pageSize: 8192
27 апр 2026;13:17:53.183 [main] DEBUG i.n.buffer.PooledByteBufAllocator - -Dio.netty.allocator.maxOrder: 9
27 апр 2026;13:17:53.183 [main] DEBUG i.n.buffer.PooledByteBufAllocator - -Dio.netty.allocator.chunkSize: 4194304
27 апр 2026;13:17:53.183 [main] DEBUG i.n.buffer.PooledByteBufAllocator - -Dio.netty.allocator.smallCacheSize: 256
27 апр 2026;13:17:53.183 [main] DEBUG i.n.buffer.PooledByteBufAllocator - -Dio.netty.allocator.normalCacheSize: 64
27 апр 2026;13:17:53.183 [main] DEBUG i.n.buffer.PooledByteBufAllocator - -Dio.netty.allocator.maxCachedBufferCapacity: 32768
27 апр 2026;13:17:53.183 [main] DEBUG i.n.buffer.PooledByteBufAllocator - -Dio.netty.allocator.cacheTrimInterval: 8192
27 апр 2026;13:17:53.183 [main] DEBUG i.n.buffer.PooledByteBufAllocator - -Dio.netty.allocator.cacheTrimIntervalMillis: 0
27 апр 2026;13:17:53.183 [main] DEBUG i.n.buffer.PooledByteBufAllocator - -Dio.netty.allocator.useCacheForAllThreads: false
27 апр 2026;13:17:53.183 [main] DEBUG i.n.buffer.PooledByteBufAllocator - -Dio.netty.allocator.maxCachedByteBuffersPerChunk: 1023
27 апр 2026;13:17:53.193 [main] DEBUG io.netty.buffer.ByteBufUtil - -Dio.netty.allocator.type: pooled
27 апр 2026;13:17:53.194 [main] DEBUG io.netty.buffer.ByteBufUtil - -Dio.netty.threadLocalDirectBufferSize: 0
27 апр 2026;13:17:53.194 [main] DEBUG io.netty.buffer.ByteBufUtil - -Dio.netty.maxThreadLocalCharBufferSize: 16384
27 апр 2026;13:17:53.498 [main] DEBUG i.n.c.MultithreadEventLoopGroup - -Dio.netty.eventLoopThreads: 16
27 апр 2026;13:17:53.514 [main] DEBUG io.netty.channel.nio.NioEventLoop - -Dio.netty.noKeySetOptimization: false
27 апр 2026;13:17:53.514 [main] DEBUG io.netty.channel.nio.NioEventLoop - -Dio.netty.selectorAutoRebuildThreshold: 512
27 апр 2026;13:17:53.521 [main] DEBUG i.n.util.internal.PlatformDependent - org.jctools-core.MpscChunkedArrayQueue: available
27 апр 2026;13:17:53.978 [main] DEBUG io.netty.handler.ssl.OpenSsl - netty-tcnative not in the classpath; OpenSslEngine will be unavailable.
27 апр 2026;13:17:54.069 [main] DEBUG io.netty.handler.ssl.JdkSslContext - Default protocols (JDK): [TLSv1.3, TLSv1.2] 
27 апр 2026;13:17:54.070 [main] DEBUG io.netty.handler.ssl.JdkSslContext - Default cipher suites (JDK): [TLS_ECDHE_ECDSA_WITH_AES_256_GCM_SHA384, TLS_ECDHE_ECDSA_WITH_AES_128_GCM_SHA256, TLS_ECDHE_RSA_WITH_AES_128_GCM_SHA256, TLS_ECDHE_RSA_WITH_AES_256_GCM_SHA384, TLS_ECDHE_RSA_WITH_AES_128_CBC_SHA, TLS_ECDHE_RSA_WITH_AES_256_CBC_SHA, TLS_RSA_WITH_AES_128_GCM_SHA256, TLS_RSA_WITH_AES_128_CBC_SHA, TLS_RSA_WITH_AES_256_CBC_SHA, TLS_AES_128_GCM_SHA256, TLS_AES_256_GCM_SHA384]
27 апр 2026;13:17:54.075 [main] DEBUG reactor.util.Loggers - Using Slf4j logging framework
27 апр 2026;13:17:54.126 [main] DEBUG reactor.core.publisher.Hooks - Hooking onEachOperator: micronaut
27 апр 2026;13:17:54.227 [main] DEBUG io.netty.channel.DefaultChannelId - -Dio.netty.processId: 5452 (auto-detected)
27 апр 2026;13:17:54.230 [main] DEBUG io.netty.util.NetUtil - -Djava.net.preferIPv4Stack: false
27 апр 2026;13:17:54.230 [main] DEBUG io.netty.util.NetUtil - -Djava.net.preferIPv6Addresses: false
27 апр 2026;13:17:54.539 [main] DEBUG io.netty.util.NetUtilInitializations - Loopback interface: lo (Software Loopback Interface 1, 127.0.0.1)
27 апр 2026;13:17:54.539 [main] DEBUG io.netty.util.NetUtil - Failed to get SOMAXCONN from sysctl and file \proc\sys\net\core\somaxconn. Default: 200
27 апр 2026;13:17:54.869 [main] DEBUG io.netty.channel.DefaultChannelId - -Dio.netty.machineId: 30:9c:23:ff:fe:02:cb:6e (auto-detected)
27 апр 2026;13:17:54.933 [default-nioEventLoopGroup-1-1] DEBUG io.netty.buffer.AbstractByteBuf - -Dio.netty.buffer.checkAccessible: true
27 апр 2026;13:17:54.933 [default-nioEventLoopGroup-1-1] DEBUG io.netty.buffer.AbstractByteBuf - -Dio.netty.buffer.checkBounds: true
27 апр 2026;13:17:54.934 [default-nioEventLoopGroup-1-1] DEBUG i.n.util.ResourceLeakDetectorFactory - Loaded default ResourceLeakDetector: io.netty.util.ResourceLeakDetector@fafc96c
27 апр 2026;13:17:54.975 [default-nioEventLoopGroup-1-1] DEBUG io.netty.util.Recycler - -Dio.netty.recycler.maxCapacityPerThread: 4096
27 апр 2026;13:17:54.975 [default-nioEventLoopGroup-1-1] DEBUG io.netty.util.Recycler - -Dio.netty.recycler.ratio: 8
27 апр 2026;13:17:54.975 [default-nioEventLoopGroup-1-1] DEBUG io.netty.util.Recycler - -Dio.netty.recycler.chunkSize: 32
27 апр 2026;13:17:54.975 [default-nioEventLoopGroup-1-1] DEBUG io.netty.util.Recycler - -Dio.netty.recycler.blocking: false
27 апр 2026;13:17:55.056 [default-nioEventLoopGroup-1-1] DEBUG i.n.handler.codec.compression.Brotli - brotli4j not in the classpath; Brotli support will be unavailable.
27 апр 2026;13:17:56.450 [main] INFO  io.micronaut.runtime.Micronaut - Startup completed in 4478ms. Server Running: http://localhost:8085
27 апр 2026;13:21:01.872 [Thread-1] INFO  io.micronaut.runtime.Micronaut - Embedded Application shutting down
27 апр 2026;13:21:01.890 [default-nioEventLoopGroup-1-9] DEBUG io.netty.buffer.PoolThreadCache - Freed 6 thread-local buffer(s) from thread: default-nioEventLoopGroup-1-9
27 апр 2026;13:21:01.889 [default-nioEventLoopGroup-1-10] DEBUG io.netty.buffer.PoolThreadCache - Freed 6 thread-local buffer(s) from thread: default-nioEventLoopGroup-1-10
27 апр 2026;13:21:01.889 [default-nioEventLoopGroup-1-12] DEBUG io.netty.buffer.PoolThreadCache - Freed 6 thread-local buffer(s) from thread: default-nioEventLoopGroup-1-12
27 апр 2026;13:21:01.889 [default-nioEventLoopGroup-1-15] DEBUG io.netty.buffer.PoolThreadCache - Freed 6 thread-local buffer(s) from thread: default-nioEventLoopGroup-1-15
27 апр 2026;13:21:01.890 [default-nioEventLoopGroup-1-8] DEBUG io.netty.buffer.PoolThreadCache - Freed 6 thread-local buffer(s) from thread: default-nioEventLoopGroup-1-8
27 апр 2026;13:21:01.889 [default-nioEventLoopGroup-1-13] DEBUG io.netty.buffer.PoolThreadCache - Freed 7 thread-local buffer(s) from thread: default-nioEventLoopGroup-1-13
27 апр 2026;13:21:01.889 [default-nioEventLoopGroup-1-2] DEBUG io.netty.buffer.PoolThreadCache - Freed 13 thread-local buffer(s) from thread: default-nioEventLoopGroup-1-2
27 апр 2026;13:21:01.889 [default-nioEventLoopGroup-1-14] DEBUG io.netty.buffer.PoolThreadCache - Freed 7 thread-local buffer(s) from thread: default-nioEventLoopGroup-1-14
27 апр 2026;13:21:01.889 [default-nioEventLoopGroup-1-4] DEBUG io.netty.buffer.PoolThreadCache - Freed 10 thread-local buffer(s) from thread: default-nioEventLoopGroup-1-4
27 апр 2026;13:21:01.889 [default-nioEventLoopGroup-1-11] DEBUG io.netty.buffer.PoolThreadCache - Freed 7 thread-local buffer(s) from thread: default-nioEventLoopGroup-1-11
27 апр 2026;13:21:01.889 [default-nioEventLoopGroup-1-16] DEBUG io.netty.buffer.PoolThreadCache - Freed 6 thread-local buffer(s) from thread: default-nioEventLoopGroup-1-16
27 апр 2026;13:21:01.890 [default-nioEventLoopGroup-1-5] DEBUG io.netty.buffer.PoolThreadCache - Freed 7 thread-local buffer(s) from thread: default-nioEventLoopGroup-1-5
27 апр 2026;13:21:01.889 [default-nioEventLoopGroup-1-6] DEBUG io.netty.buffer.PoolThreadCache - Freed 6 thread-local buffer(s) from thread: default-nioEventLoopGroup-1-6
27 апр 2026;13:21:01.890 [default-nioEventLoopGroup-1-3] DEBUG io.netty.buffer.PoolThreadCache - Freed 8 thread-local buffer(s) from thread: default-nioEventLoopGroup-1-3
27 апр 2026;13:21:01.890 [default-nioEventLoopGroup-1-7] DEBUG io.netty.buffer.PoolThreadCache - Freed 6 thread-local buffer(s) from thread: default-nioEventLoopGroup-1-7
27 апр 2026;13:21:01.890 [default-nioEventLoopGroup-1-1] DEBUG io.netty.buffer.PoolThreadCache - Freed 8 thread-local buffer(s) from thread: default-nioEventLoopGroup-1-1
27 апр 2026;13:21:01.894 [Thread-1] DEBUG reactor.core.publisher.Hooks - Reset onEachOperator: micronaut
27 апр 2026;13:21:05.638 [main] DEBUG i.n.u.i.l.InternalLoggerFactory - Using SLF4J as the default logging framework
27 апр 2026;13:21:05.642 [main] DEBUG i.n.u.i.InternalThreadLocalMap - -Dio.netty.threadLocalMap.stringBuilder.initialSize: 1024
27 апр 2026;13:21:05.642 [main] DEBUG i.n.u.i.InternalThreadLocalMap - -Dio.netty.threadLocalMap.stringBuilder.maxSize: 4096
27 апр 2026;13:21:05.656 [main] DEBUG i.n.util.internal.PlatformDependent0 - -Dio.netty.noUnsafe: false
27 апр 2026;13:21:05.656 [main] DEBUG i.n.util.internal.PlatformDependent0 - Java version: 8
27 апр 2026;13:21:05.657 [main] DEBUG i.n.util.internal.PlatformDependent0 - sun.misc.Unsafe.theUnsafe: available
27 апр 2026;13:21:05.657 [main] DEBUG i.n.util.internal.PlatformDependent0 - sun.misc.Unsafe.copyMemory: available
27 апр 2026;13:21:05.657 [main] DEBUG i.n.util.internal.PlatformDependent0 - sun.misc.Unsafe.storeFence: available
27 апр 2026;13:21:05.658 [main] DEBUG i.n.util.internal.PlatformDependent0 - java.nio.Buffer.address: available
27 апр 2026;13:21:05.658 [main] DEBUG i.n.util.internal.PlatformDependent0 - direct buffer constructor: available
27 апр 2026;13:21:05.659 [main] DEBUG i.n.util.internal.PlatformDependent0 - java.nio.Bits.unaligned: available, true
27 апр 2026;13:21:05.659 [main] DEBUG i.n.util.internal.PlatformDependent0 - jdk.internal.misc.Unsafe.allocateUninitializedArray(int): unavailable prior to Java9
27 апр 2026;13:21:05.659 [main] DEBUG i.n.util.internal.PlatformDependent0 - java.nio.DirectByteBuffer.<init>(long, int): available
27 апр 2026;13:21:05.659 [main] DEBUG i.n.util.internal.PlatformDependent - sun.misc.Unsafe: available
27 апр 2026;13:21:05.659 [main] DEBUG i.n.util.internal.PlatformDependent - -Dio.netty.tmpdir: C:\Users\psoko\AppData\Local\Temp (java.io.tmpdir)
27 апр 2026;13:21:05.659 [main] DEBUG i.n.util.internal.PlatformDependent - -Dio.netty.bitMode: 64 (sun.arch.data.model)
27 апр 2026;13:21:05.660 [main] DEBUG i.n.util.internal.PlatformDependent - Platform: Windows
27 апр 2026;13:21:05.660 [main] DEBUG i.n.util.internal.PlatformDependent - -Dio.netty.maxDirectMemory: 7628390400 bytes
27 апр 2026;13:21:05.660 [main] DEBUG i.n.util.internal.PlatformDependent - -Dio.netty.uninitializedArrayAllocationThreshold: -1
27 апр 2026;13:21:05.661 [main] DEBUG io.netty.util.internal.CleanerJava6 - java.nio.ByteBuffer.cleaner(): available
27 апр 2026;13:21:05.661 [main] DEBUG i.n.util.internal.PlatformDependent - -Dio.netty.noPreferDirect: false
27 апр 2026;13:21:05.669 [main] DEBUG io.netty.util.ResourceLeakDetector - -Dio.netty.leakDetection.level: simple
27 апр 2026;13:21:05.669 [main] DEBUG io.netty.util.ResourceLeakDetector - -Dio.netty.leakDetection.targetRecords: 4
27 апр 2026;13:21:05.671 [main] DEBUG i.n.buffer.PooledByteBufAllocator - -Dio.netty.allocator.numHeapArenas: 16
27 апр 2026;13:21:05.671 [main] DEBUG i.n.buffer.PooledByteBufAllocator - -Dio.netty.allocator.numDirectArenas: 16
27 апр 2026;13:21:05.671 [main] DEBUG i.n.buffer.PooledByteBufAllocator - -Dio.netty.allocator.pageSize: 8192
27 апр 2026;13:21:05.672 [main] DEBUG i.n.buffer.PooledByteBufAllocator - -Dio.netty.allocator.maxOrder: 9
27 апр 2026;13:21:05.672 [main] DEBUG i.n.buffer.PooledByteBufAllocator - -Dio.netty.allocator.chunkSize: 4194304
27 апр 2026;13:21:05.672 [main] DEBUG i.n.buffer.PooledByteBufAllocator - -Dio.netty.allocator.smallCacheSize: 256
27 апр 2026;13:21:05.672 [main] DEBUG i.n.buffer.PooledByteBufAllocator - -Dio.netty.allocator.normalCacheSize: 64
27 апр 2026;13:21:05.672 [main] DEBUG i.n.buffer.PooledByteBufAllocator - -Dio.netty.allocator.maxCachedBufferCapacity: 32768
27 апр 2026;13:21:05.672 [main] DEBUG i.n.buffer.PooledByteBufAllocator - -Dio.netty.allocator.cacheTrimInterval: 8192
27 апр 2026;13:21:05.672 [main] DEBUG i.n.buffer.PooledByteBufAllocator - -Dio.netty.allocator.cacheTrimIntervalMillis: 0
27 апр 2026;13:21:05.672 [main] DEBUG i.n.buffer.PooledByteBufAllocator - -Dio.netty.allocator.useCacheForAllThreads: false
27 апр 2026;13:21:05.672 [main] DEBUG i.n.buffer.PooledByteBufAllocator - -Dio.netty.allocator.maxCachedByteBuffersPerChunk: 1023
27 апр 2026;13:21:05.682 [main] DEBUG io.netty.buffer.ByteBufUtil - -Dio.netty.allocator.type: pooled
27 апр 2026;13:21:05.682 [main] DEBUG io.netty.buffer.ByteBufUtil - -Dio.netty.threadLocalDirectBufferSize: 0
27 апр 2026;13:21:05.682 [main] DEBUG io.netty.buffer.ByteBufUtil - -Dio.netty.maxThreadLocalCharBufferSize: 16384
27 апр 2026;13:21:05.969 [main] DEBUG i.n.c.MultithreadEventLoopGroup - -Dio.netty.eventLoopThreads: 16
27 апр 2026;13:21:05.985 [main] DEBUG io.netty.channel.nio.NioEventLoop - -Dio.netty.noKeySetOptimization: false
27 апр 2026;13:21:05.985 [main] DEBUG io.netty.channel.nio.NioEventLoop - -Dio.netty.selectorAutoRebuildThreshold: 512
27 апр 2026;13:21:05.991 [main] DEBUG i.n.util.internal.PlatformDependent - org.jctools-core.MpscChunkedArrayQueue: available
27 апр 2026;13:21:06.445 [main] DEBUG io.netty.handler.ssl.OpenSsl - netty-tcnative not in the classpath; OpenSslEngine will be unavailable.
27 апр 2026;13:21:06.534 [main] DEBUG io.netty.handler.ssl.JdkSslContext - Default protocols (JDK): [TLSv1.3, TLSv1.2] 
27 апр 2026;13:21:06.535 [main] DEBUG io.netty.handler.ssl.JdkSslContext - Default cipher suites (JDK): [TLS_ECDHE_ECDSA_WITH_AES_256_GCM_SHA384, TLS_ECDHE_ECDSA_WITH_AES_128_GCM_SHA256, TLS_ECDHE_RSA_WITH_AES_128_GCM_SHA256, TLS_ECDHE_RSA_WITH_AES_256_GCM_SHA384, TLS_ECDHE_RSA_WITH_AES_128_CBC_SHA, TLS_ECDHE_RSA_WITH_AES_256_CBC_SHA, TLS_RSA_WITH_AES_128_GCM_SHA256, TLS_RSA_WITH_AES_128_CBC_SHA, TLS_RSA_WITH_AES_256_CBC_SHA, TLS_AES_128_GCM_SHA256, TLS_AES_256_GCM_SHA384]
27 апр 2026;13:21:06.540 [main] DEBUG reactor.util.Loggers - Using Slf4j logging framework
27 апр 2026;13:21:06.597 [main] DEBUG reactor.core.publisher.Hooks - Hooking onEachOperator: micronaut
27 апр 2026;13:21:06.708 [main] DEBUG io.netty.channel.DefaultChannelId - -Dio.netty.processId: 15972 (auto-detected)
27 апр 2026;13:21:06.710 [main] DEBUG io.netty.util.NetUtil - -Djava.net.preferIPv4Stack: false
27 апр 2026;13:21:06.711 [main] DEBUG io.netty.util.NetUtil - -Djava.net.preferIPv6Addresses: false
27 апр 2026;13:21:07.005 [main] DEBUG io.netty.util.NetUtilInitializations - Loopback interface: lo (Software Loopback Interface 1, 127.0.0.1)
27 апр 2026;13:21:07.005 [main] DEBUG io.netty.util.NetUtil - Failed to get SOMAXCONN from sysctl and file \proc\sys\net\core\somaxconn. Default: 200
27 апр 2026;13:21:07.325 [main] DEBUG io.netty.channel.DefaultChannelId - -Dio.netty.machineId: 30:9c:23:ff:fe:02:cb:6e (auto-detected)
27 апр 2026;13:21:07.396 [default-nioEventLoopGroup-1-1] DEBUG io.netty.buffer.AbstractByteBuf - -Dio.netty.buffer.checkAccessible: true
27 апр 2026;13:21:07.397 [default-nioEventLoopGroup-1-1] DEBUG io.netty.buffer.AbstractByteBuf - -Dio.netty.buffer.checkBounds: true
27 апр 2026;13:21:07.397 [default-nioEventLoopGroup-1-1] DEBUG i.n.util.ResourceLeakDetectorFactory - Loaded default ResourceLeakDetector: io.netty.util.ResourceLeakDetector@2220a166
27 апр 2026;13:21:07.440 [default-nioEventLoopGroup-1-1] DEBUG io.netty.util.Recycler - -Dio.netty.recycler.maxCapacityPerThread: 4096
27 апр 2026;13:21:07.440 [default-nioEventLoopGroup-1-1] DEBUG io.netty.util.Recycler - -Dio.netty.recycler.ratio: 8
27 апр 2026;13:21:07.440 [default-nioEventLoopGroup-1-1] DEBUG io.netty.util.Recycler - -Dio.netty.recycler.chunkSize: 32
27 апр 2026;13:21:07.440 [default-nioEventLoopGroup-1-1] DEBUG io.netty.util.Recycler - -Dio.netty.recycler.blocking: false
27 апр 2026;13:21:07.488 [default-nioEventLoopGroup-1-1] DEBUG i.n.handler.codec.compression.Brotli - brotli4j not in the classpath; Brotli support will be unavailable.
27 апр 2026;13:21:08.740 [main] INFO  io.micronaut.runtime.Micronaut - Startup completed in 4282ms. Server Running: http://localhost:8085
27 апр 2026;13:26:32.866 [Thread-1] INFO  io.micronaut.runtime.Micronaut - Embedded Application shutting down
27 апр 2026;13:26:32.893 [default-nioEventLoopGroup-1-3] DEBUG io.netty.buffer.PoolThreadCache - Freed 10 thread-local buffer(s) from thread: default-nioEventLoopGroup-1-3
27 апр 2026;13:26:32.893 [default-nioEventLoopGroup-1-13] DEBUG io.netty.buffer.PoolThreadCache - Freed 6 thread-local buffer(s) from thread: default-nioEventLoopGroup-1-13
27 апр 2026;13:26:32.893 [default-nioEventLoopGroup-1-2] DEBUG io.netty.buffer.PoolThreadCache - Freed 17 thread-local buffer(s) from thread: default-nioEventLoopGroup-1-2
27 апр 2026;13:26:32.893 [default-nioEventLoopGroup-1-16] DEBUG io.netty.buffer.PoolThreadCache - Freed 6 thread-local buffer(s) from thread: default-nioEventLoopGroup-1-16
27 апр 2026;13:26:32.893 [default-nioEventLoopGroup-1-1] DEBUG io.netty.buffer.PoolThreadCache - Freed 7 thread-local buffer(s) from thread: default-nioEventLoopGroup-1-1
27 апр 2026;13:26:32.893 [default-nioEventLoopGroup-1-5] DEBUG io.netty.buffer.PoolThreadCache - Freed 13 thread-local buffer(s) from thread: default-nioEventLoopGroup-1-5
27 апр 2026;13:26:32.893 [default-nioEventLoopGroup-1-15] DEBUG io.netty.buffer.PoolThreadCache - Freed 6 thread-local buffer(s) from thread: default-nioEventLoopGroup-1-15
27 апр 2026;13:26:32.893 [default-nioEventLoopGroup-1-9] DEBUG io.netty.buffer.PoolThreadCache - Freed 6 thread-local buffer(s) from thread: default-nioEventLoopGroup-1-9
27 апр 2026;13:26:32.893 [default-nioEventLoopGroup-1-11] DEBUG io.netty.buffer.PoolThreadCache - Freed 6 thread-local buffer(s) from thread: default-nioEventLoopGroup-1-11
27 апр 2026;13:26:32.893 [default-nioEventLoopGroup-1-14] DEBUG io.netty.buffer.PoolThreadCache - Freed 6 thread-local buffer(s) from thread: default-nioEventLoopGroup-1-14
27 апр 2026;13:26:32.893 [default-nioEventLoopGroup-1-12] DEBUG io.netty.buffer.PoolThreadCache - Freed 6 thread-local buffer(s) from thread: default-nioEventLoopGroup-1-12
27 апр 2026;13:26:32.893 [default-nioEventLoopGroup-1-6] DEBUG io.netty.buffer.PoolThreadCache - Freed 6 thread-local buffer(s) from thread: default-nioEventLoopGroup-1-6
27 апр 2026;13:26:32.893 [default-nioEventLoopGroup-1-4] DEBUG io.netty.buffer.PoolThreadCache - Freed 9 thread-local buffer(s) from thread: default-nioEventLoopGroup-1-4
27 апр 2026;13:26:32.893 [default-nioEventLoopGroup-1-8] DEBUG io.netty.buffer.PoolThreadCache - Freed 6 thread-local buffer(s) from thread: default-nioEventLoopGroup-1-8
27 апр 2026;13:26:32.893 [default-nioEventLoopGroup-1-10] DEBUG io.netty.buffer.PoolThreadCache - Freed 6 thread-local buffer(s) from thread: default-nioEventLoopGroup-1-10
27 апр 2026;13:26:32.893 [default-nioEventLoopGroup-1-7] DEBUG io.netty.buffer.PoolThreadCache - Freed 6 thread-local buffer(s) from thread: default-nioEventLoopGroup-1-7
27 апр 2026;13:26:32.898 [Thread-1] DEBUG reactor.core.publisher.Hooks - Reset onEachOperator: micronaut
27 апр 2026;13:26:36.444 [main] DEBUG i.n.u.i.l.InternalLoggerFactory - Using SLF4J as the default logging framework
27 апр 2026;13:26:36.447 [main] DEBUG i.n.u.i.InternalThreadLocalMap - -Dio.netty.threadLocalMap.stringBuilder.initialSize: 1024
27 апр 2026;13:26:36.448 [main] DEBUG i.n.u.i.InternalThreadLocalMap - -Dio.netty.threadLocalMap.stringBuilder.maxSize: 4096
27 апр 2026;13:26:36.461 [main] DEBUG i.n.util.internal.PlatformDependent0 - -Dio.netty.noUnsafe: false
27 апр 2026;13:26:36.462 [main] DEBUG i.n.util.internal.PlatformDependent0 - Java version: 8
27 апр 2026;13:26:36.462 [main] DEBUG i.n.util.internal.PlatformDependent0 - sun.misc.Unsafe.theUnsafe: available
27 апр 2026;13:26:36.463 [main] DEBUG i.n.util.internal.PlatformDependent0 - sun.misc.Unsafe.copyMemory: available
27 апр 2026;13:26:36.463 [main] DEBUG i.n.util.internal.PlatformDependent0 - sun.misc.Unsafe.storeFence: available
27 апр 2026;13:26:36.463 [main] DEBUG i.n.util.internal.PlatformDependent0 - java.nio.Buffer.address: available
27 апр 2026;13:26:36.464 [main] DEBUG i.n.util.internal.PlatformDependent0 - direct buffer constructor: available
27 апр 2026;13:26:36.464 [main] DEBUG i.n.util.internal.PlatformDependent0 - java.nio.Bits.unaligned: available, true
27 апр 2026;13:26:36.464 [main] DEBUG i.n.util.internal.PlatformDependent0 - jdk.internal.misc.Unsafe.allocateUninitializedArray(int): unavailable prior to Java9
27 апр 2026;13:26:36.464 [main] DEBUG i.n.util.internal.PlatformDependent0 - java.nio.DirectByteBuffer.<init>(long, int): available
27 апр 2026;13:26:36.464 [main] DEBUG i.n.util.internal.PlatformDependent - sun.misc.Unsafe: available
27 апр 2026;13:26:36.465 [main] DEBUG i.n.util.internal.PlatformDependent - -Dio.netty.tmpdir: C:\Users\psoko\AppData\Local\Temp (java.io.tmpdir)
27 апр 2026;13:26:36.465 [main] DEBUG i.n.util.internal.PlatformDependent - -Dio.netty.bitMode: 64 (sun.arch.data.model)
27 апр 2026;13:26:36.465 [main] DEBUG i.n.util.internal.PlatformDependent - Platform: Windows
27 апр 2026;13:26:36.466 [main] DEBUG i.n.util.internal.PlatformDependent - -Dio.netty.maxDirectMemory: 7628390400 bytes
27 апр 2026;13:26:36.466 [main] DEBUG i.n.util.internal.PlatformDependent - -Dio.netty.uninitializedArrayAllocationThreshold: -1
27 апр 2026;13:26:36.467 [main] DEBUG io.netty.util.internal.CleanerJava6 - java.nio.ByteBuffer.cleaner(): available
27 апр 2026;13:26:36.467 [main] DEBUG i.n.util.internal.PlatformDependent - -Dio.netty.noPreferDirect: false
27 апр 2026;13:26:36.475 [main] DEBUG io.netty.util.ResourceLeakDetector - -Dio.netty.leakDetection.level: simple
27 апр 2026;13:26:36.475 [main] DEBUG io.netty.util.ResourceLeakDetector - -Dio.netty.leakDetection.targetRecords: 4
27 апр 2026;13:26:36.477 [main] DEBUG i.n.buffer.PooledByteBufAllocator - -Dio.netty.allocator.numHeapArenas: 16
27 апр 2026;13:26:36.477 [main] DEBUG i.n.buffer.PooledByteBufAllocator - -Dio.netty.allocator.numDirectArenas: 16
27 апр 2026;13:26:36.477 [main] DEBUG i.n.buffer.PooledByteBufAllocator - -Dio.netty.allocator.pageSize: 8192
27 апр 2026;13:26:36.477 [main] DEBUG i.n.buffer.PooledByteBufAllocator - -Dio.netty.allocator.maxOrder: 9
27 апр 2026;13:26:36.478 [main] DEBUG i.n.buffer.PooledByteBufAllocator - -Dio.netty.allocator.chunkSize: 4194304
27 апр 2026;13:26:36.478 [main] DEBUG i.n.buffer.PooledByteBufAllocator - -Dio.netty.allocator.smallCacheSize: 256
27 апр 2026;13:26:36.478 [main] DEBUG i.n.buffer.PooledByteBufAllocator - -Dio.netty.allocator.normalCacheSize: 64
27 апр 2026;13:26:36.478 [main] DEBUG i.n.buffer.PooledByteBufAllocator - -Dio.netty.allocator.maxCachedBufferCapacity: 32768
27 апр 2026;13:26:36.478 [main] DEBUG i.n.buffer.PooledByteBufAllocator - -Dio.netty.allocator.cacheTrimInterval: 8192
27 апр 2026;13:26:36.478 [main] DEBUG i.n.buffer.PooledByteBufAllocator - -Dio.netty.allocator.cacheTrimIntervalMillis: 0
27 апр 2026;13:26:36.478 [main] DEBUG i.n.buffer.PooledByteBufAllocator - -Dio.netty.allocator.useCacheForAllThreads: false
27 апр 2026;13:26:36.478 [main] DEBUG i.n.buffer.PooledByteBufAllocator - -Dio.netty.allocator.maxCachedByteBuffersPerChunk: 1023
27 апр 2026;13:26:36.489 [main] DEBUG io.netty.buffer.ByteBufUtil - -Dio.netty.allocator.type: pooled
27 апр 2026;13:26:36.489 [main] DEBUG io.netty.buffer.ByteBufUtil - -Dio.netty.threadLocalDirectBufferSize: 0
27 апр 2026;13:26:36.489 [main] DEBUG io.netty.buffer.ByteBufUtil - -Dio.netty.maxThreadLocalCharBufferSize: 16384
27 апр 2026;13:26:36.791 [main] DEBUG i.n.c.MultithreadEventLoopGroup - -Dio.netty.eventLoopThreads: 16
27 апр 2026;13:26:36.808 [main] DEBUG io.netty.channel.nio.NioEventLoop - -Dio.netty.noKeySetOptimization: false
27 апр 2026;13:26:36.808 [main] DEBUG io.netty.channel.nio.NioEventLoop - -Dio.netty.selectorAutoRebuildThreshold: 512
27 апр 2026;13:26:36.815 [main] DEBUG i.n.util.internal.PlatformDependent - org.jctools-core.MpscChunkedArrayQueue: available
27 апр 2026;13:26:37.260 [main] DEBUG io.netty.handler.ssl.OpenSsl - netty-tcnative not in the classpath; OpenSslEngine will be unavailable.
27 апр 2026;13:26:37.348 [main] DEBUG io.netty.handler.ssl.JdkSslContext - Default protocols (JDK): [TLSv1.3, TLSv1.2] 
27 апр 2026;13:26:37.349 [main] DEBUG io.netty.handler.ssl.JdkSslContext - Default cipher suites (JDK): [TLS_ECDHE_ECDSA_WITH_AES_256_GCM_SHA384, TLS_ECDHE_ECDSA_WITH_AES_128_GCM_SHA256, TLS_ECDHE_RSA_WITH_AES_128_GCM_SHA256, TLS_ECDHE_RSA_WITH_AES_256_GCM_SHA384, TLS_ECDHE_RSA_WITH_AES_128_CBC_SHA, TLS_ECDHE_RSA_WITH_AES_256_CBC_SHA, TLS_RSA_WITH_AES_128_GCM_SHA256, TLS_RSA_WITH_AES_128_CBC_SHA, TLS_RSA_WITH_AES_256_CBC_SHA, TLS_AES_128_GCM_SHA256, TLS_AES_256_GCM_SHA384]
27 апр 2026;13:26:37.354 [main] DEBUG reactor.util.Loggers - Using Slf4j logging framework
27 апр 2026;13:26:37.406 [main] DEBUG reactor.core.publisher.Hooks - Hooking onEachOperator: micronaut
27 апр 2026;13:26:37.494 [main] DEBUG io.netty.channel.DefaultChannelId - -Dio.netty.processId: 29484 (auto-detected)
27 апр 2026;13:26:37.496 [main] DEBUG io.netty.util.NetUtil - -Djava.net.preferIPv4Stack: false
27 апр 2026;13:26:37.496 [main] DEBUG io.netty.util.NetUtil - -Djava.net.preferIPv6Addresses: false
27 апр 2026;13:26:37.790 [main] DEBUG io.netty.util.NetUtilInitializations - Loopback interface: lo (Software Loopback Interface 1, 127.0.0.1)
27 апр 2026;13:26:37.791 [main] DEBUG io.netty.util.NetUtil - Failed to get SOMAXCONN from sysctl and file \proc\sys\net\core\somaxconn. Default: 200
27 апр 2026;13:26:38.116 [main] DEBUG io.netty.channel.DefaultChannelId - -Dio.netty.machineId: 30:9c:23:ff:fe:02:cb:6e (auto-detected)
27 апр 2026;13:26:38.180 [default-nioEventLoopGroup-1-1] DEBUG io.netty.buffer.AbstractByteBuf - -Dio.netty.buffer.checkAccessible: true
27 апр 2026;13:26:38.180 [default-nioEventLoopGroup-1-1] DEBUG io.netty.buffer.AbstractByteBuf - -Dio.netty.buffer.checkBounds: true
27 апр 2026;13:26:38.180 [default-nioEventLoopGroup-1-1] DEBUG i.n.util.ResourceLeakDetectorFactory - Loaded default ResourceLeakDetector: io.netty.util.ResourceLeakDetector@1193ceb6
27 апр 2026;13:26:38.220 [default-nioEventLoopGroup-1-1] DEBUG io.netty.util.Recycler - -Dio.netty.recycler.maxCapacityPerThread: 4096
27 апр 2026;13:26:38.220 [default-nioEventLoopGroup-1-1] DEBUG io.netty.util.Recycler - -Dio.netty.recycler.ratio: 8
27 апр 2026;13:26:38.220 [default-nioEventLoopGroup-1-1] DEBUG io.netty.util.Recycler - -Dio.netty.recycler.chunkSize: 32
27 апр 2026;13:26:38.220 [default-nioEventLoopGroup-1-1] DEBUG io.netty.util.Recycler - -Dio.netty.recycler.blocking: false
27 апр 2026;13:26:38.286 [default-nioEventLoopGroup-1-1] DEBUG i.n.handler.codec.compression.Brotli - brotli4j not in the classpath; Brotli support will be unavailable.
27 апр 2026;13:26:39.536 [main] INFO  io.micronaut.runtime.Micronaut - Startup completed in 4304ms. Server Running: http://localhost:8085
27 апр 2026;13:38:28.074 [Thread-1] INFO  io.micronaut.runtime.Micronaut - Embedded Application shutting down
27 апр 2026;13:38:28.096 [default-nioEventLoopGroup-1-15] DEBUG io.netty.buffer.PoolThreadCache - Freed 18 thread-local buffer(s) from thread: default-nioEventLoopGroup-1-15
27 апр 2026;13:38:28.096 [default-nioEventLoopGroup-1-7] DEBUG io.netty.buffer.PoolThreadCache - Freed 7 thread-local buffer(s) from thread: default-nioEventLoopGroup-1-7
27 апр 2026;13:38:28.096 [default-nioEventLoopGroup-1-3] DEBUG io.netty.buffer.PoolThreadCache - Freed 11 thread-local buffer(s) from thread: default-nioEventLoopGroup-1-3
27 апр 2026;13:38:28.096 [default-nioEventLoopGroup-1-8] DEBUG io.netty.buffer.PoolThreadCache - Freed 6 thread-local buffer(s) from thread: default-nioEventLoopGroup-1-8
27 апр 2026;13:38:28.096 [default-nioEventLoopGroup-1-10] DEBUG io.netty.buffer.PoolThreadCache - Freed 6 thread-local buffer(s) from thread: default-nioEventLoopGroup-1-10
27 апр 2026;13:38:28.096 [default-nioEventLoopGroup-1-13] DEBUG io.netty.buffer.PoolThreadCache - Freed 6 thread-local buffer(s) from thread: default-nioEventLoopGroup-1-13
27 апр 2026;13:38:28.096 [default-nioEventLoopGroup-1-1] DEBUG io.netty.buffer.PoolThreadCache - Freed 9 thread-local buffer(s) from thread: default-nioEventLoopGroup-1-1
27 апр 2026;13:38:28.096 [default-nioEventLoopGroup-1-11] DEBUG io.netty.buffer.PoolThreadCache - Freed 6 thread-local buffer(s) from thread: default-nioEventLoopGroup-1-11
27 апр 2026;13:38:28.096 [default-nioEventLoopGroup-1-9] DEBUG io.netty.buffer.PoolThreadCache - Freed 6 thread-local buffer(s) from thread: default-nioEventLoopGroup-1-9
27 апр 2026;13:38:28.096 [default-nioEventLoopGroup-1-14] DEBUG io.netty.buffer.PoolThreadCache - Freed 8 thread-local buffer(s) from thread: default-nioEventLoopGroup-1-14
27 апр 2026;13:38:28.096 [default-nioEventLoopGroup-1-16] DEBUG io.netty.buffer.PoolThreadCache - Freed 6 thread-local buffer(s) from thread: default-nioEventLoopGroup-1-16
27 апр 2026;13:38:28.096 [default-nioEventLoopGroup-1-2] DEBUG io.netty.buffer.PoolThreadCache - Freed 17 thread-local buffer(s) from thread: default-nioEventLoopGroup-1-2
27 апр 2026;13:38:28.096 [default-nioEventLoopGroup-1-5] DEBUG io.netty.buffer.PoolThreadCache - Freed 6 thread-local buffer(s) from thread: default-nioEventLoopGroup-1-5
27 апр 2026;13:38:28.096 [default-nioEventLoopGroup-1-6] DEBUG io.netty.buffer.PoolThreadCache - Freed 6 thread-local buffer(s) from thread: default-nioEventLoopGroup-1-6
27 апр 2026;13:38:28.096 [default-nioEventLoopGroup-1-12] DEBUG io.netty.buffer.PoolThreadCache - Freed 6 thread-local buffer(s) from thread: default-nioEventLoopGroup-1-12
27 апр 2026;13:38:28.096 [default-nioEventLoopGroup-1-4] DEBUG io.netty.buffer.PoolThreadCache - Freed 7 thread-local buffer(s) from thread: default-nioEventLoopGroup-1-4
27 апр 2026;13:38:28.100 [Thread-1] DEBUG reactor.core.publisher.Hooks - Reset onEachOperator: micronaut
27 апр 2026;13:38:34.179 [main] DEBUG i.n.u.i.l.InternalLoggerFactory - Using SLF4J as the default logging framework
27 апр 2026;13:38:34.182 [main] DEBUG i.n.u.i.InternalThreadLocalMap - -Dio.netty.threadLocalMap.stringBuilder.initialSize: 1024
27 апр 2026;13:38:34.183 [main] DEBUG i.n.u.i.InternalThreadLocalMap - -Dio.netty.threadLocalMap.stringBuilder.maxSize: 4096
27 апр 2026;13:38:34.197 [main] DEBUG i.n.util.internal.PlatformDependent0 - -Dio.netty.noUnsafe: false
27 апр 2026;13:38:34.197 [main] DEBUG i.n.util.internal.PlatformDependent0 - Java version: 8
27 апр 2026;13:38:34.198 [main] DEBUG i.n.util.internal.PlatformDependent0 - sun.misc.Unsafe.theUnsafe: available
27 апр 2026;13:38:34.198 [main] DEBUG i.n.util.internal.PlatformDependent0 - sun.misc.Unsafe.copyMemory: available
27 апр 2026;13:38:34.198 [main] DEBUG i.n.util.internal.PlatformDependent0 - sun.misc.Unsafe.storeFence: available
27 апр 2026;13:38:34.199 [main] DEBUG i.n.util.internal.PlatformDependent0 - java.nio.Buffer.address: available
27 апр 2026;13:38:34.199 [main] DEBUG i.n.util.internal.PlatformDependent0 - direct buffer constructor: available
27 апр 2026;13:38:34.200 [main] DEBUG i.n.util.internal.PlatformDependent0 - java.nio.Bits.unaligned: available, true
27 апр 2026;13:38:34.200 [main] DEBUG i.n.util.internal.PlatformDependent0 - jdk.internal.misc.Unsafe.allocateUninitializedArray(int): unavailable prior to Java9
27 апр 2026;13:38:34.200 [main] DEBUG i.n.util.internal.PlatformDependent0 - java.nio.DirectByteBuffer.<init>(long, int): available
27 апр 2026;13:38:34.200 [main] DEBUG i.n.util.internal.PlatformDependent - sun.misc.Unsafe: available
27 апр 2026;13:38:34.200 [main] DEBUG i.n.util.internal.PlatformDependent - -Dio.netty.tmpdir: C:\Users\psoko\AppData\Local\Temp (java.io.tmpdir)
27 апр 2026;13:38:34.200 [main] DEBUG i.n.util.internal.PlatformDependent - -Dio.netty.bitMode: 64 (sun.arch.data.model)
27 апр 2026;13:38:34.201 [main] DEBUG i.n.util.internal.PlatformDependent - Platform: Windows
27 апр 2026;13:38:34.202 [main] DEBUG i.n.util.internal.PlatformDependent - -Dio.netty.maxDirectMemory: 7628390400 bytes
27 апр 2026;13:38:34.202 [main] DEBUG i.n.util.internal.PlatformDependent - -Dio.netty.uninitializedArrayAllocationThreshold: -1
27 апр 2026;13:38:34.202 [main] DEBUG io.netty.util.internal.CleanerJava6 - java.nio.ByteBuffer.cleaner(): available
27 апр 2026;13:38:34.202 [main] DEBUG i.n.util.internal.PlatformDependent - -Dio.netty.noPreferDirect: false
27 апр 2026;13:38:34.210 [main] DEBUG io.netty.util.ResourceLeakDetector - -Dio.netty.leakDetection.level: simple
27 апр 2026;13:38:34.210 [main] DEBUG io.netty.util.ResourceLeakDetector - -Dio.netty.leakDetection.targetRecords: 4
27 апр 2026;13:38:34.212 [main] DEBUG i.n.buffer.PooledByteBufAllocator - -Dio.netty.allocator.numHeapArenas: 16
27 апр 2026;13:38:34.213 [main] DEBUG i.n.buffer.PooledByteBufAllocator - -Dio.netty.allocator.numDirectArenas: 16
27 апр 2026;13:38:34.213 [main] DEBUG i.n.buffer.PooledByteBufAllocator - -Dio.netty.allocator.pageSize: 8192
27 апр 2026;13:38:34.213 [main] DEBUG i.n.buffer.PooledByteBufAllocator - -Dio.netty.allocator.maxOrder: 9
27 апр 2026;13:38:34.213 [main] DEBUG i.n.buffer.PooledByteBufAllocator - -Dio.netty.allocator.chunkSize: 4194304
27 апр 2026;13:38:34.213 [main] DEBUG i.n.buffer.PooledByteBufAllocator - -Dio.netty.allocator.smallCacheSize: 256
27 апр 2026;13:38:34.213 [main] DEBUG i.n.buffer.PooledByteBufAllocator - -Dio.netty.allocator.normalCacheSize: 64
27 апр 2026;13:38:34.213 [main] DEBUG i.n.buffer.PooledByteBufAllocator - -Dio.netty.allocator.maxCachedBufferCapacity: 32768
27 апр 2026;13:38:34.213 [main] DEBUG i.n.buffer.PooledByteBufAllocator - -Dio.netty.allocator.cacheTrimInterval: 8192
27 апр 2026;13:38:34.213 [main] DEBUG i.n.buffer.PooledByteBufAllocator - -Dio.netty.allocator.cacheTrimIntervalMillis: 0
27 апр 2026;13:38:34.213 [main] DEBUG i.n.buffer.PooledByteBufAllocator - -Dio.netty.allocator.useCacheForAllThreads: false
27 апр 2026;13:38:34.213 [main] DEBUG i.n.buffer.PooledByteBufAllocator - -Dio.netty.allocator.maxCachedByteBuffersPerChunk: 1023
27 апр 2026;13:38:34.223 [main] DEBUG io.netty.buffer.ByteBufUtil - -Dio.netty.allocator.type: pooled
27 апр 2026;13:38:34.223 [main] DEBUG io.netty.buffer.ByteBufUtil - -Dio.netty.threadLocalDirectBufferSize: 0
27 апр 2026;13:38:34.223 [main] DEBUG io.netty.buffer.ByteBufUtil - -Dio.netty.maxThreadLocalCharBufferSize: 16384
27 апр 2026;13:38:34.523 [main] DEBUG i.n.c.MultithreadEventLoopGroup - -Dio.netty.eventLoopThreads: 16
27 апр 2026;13:38:34.540 [main] DEBUG io.netty.channel.nio.NioEventLoop - -Dio.netty.noKeySetOptimization: false
27 апр 2026;13:38:34.541 [main] DEBUG io.netty.channel.nio.NioEventLoop - -Dio.netty.selectorAutoRebuildThreshold: 512
27 апр 2026;13:38:34.548 [main] DEBUG i.n.util.internal.PlatformDependent - org.jctools-core.MpscChunkedArrayQueue: available
27 апр 2026;13:38:34.995 [main] DEBUG io.netty.handler.ssl.OpenSsl - netty-tcnative not in the classpath; OpenSslEngine will be unavailable.
27 апр 2026;13:38:35.107 [main] DEBUG io.netty.handler.ssl.JdkSslContext - Default protocols (JDK): [TLSv1.3, TLSv1.2] 
27 апр 2026;13:38:35.107 [main] DEBUG io.netty.handler.ssl.JdkSslContext - Default cipher suites (JDK): [TLS_ECDHE_ECDSA_WITH_AES_256_GCM_SHA384, TLS_ECDHE_ECDSA_WITH_AES_128_GCM_SHA256, TLS_ECDHE_RSA_WITH_AES_128_GCM_SHA256, TLS_ECDHE_RSA_WITH_AES_256_GCM_SHA384, TLS_ECDHE_RSA_WITH_AES_128_CBC_SHA, TLS_ECDHE_RSA_WITH_AES_256_CBC_SHA, TLS_RSA_WITH_AES_128_GCM_SHA256, TLS_RSA_WITH_AES_128_CBC_SHA, TLS_RSA_WITH_AES_256_CBC_SHA, TLS_AES_128_GCM_SHA256, TLS_AES_256_GCM_SHA384]
27 апр 2026;13:38:35.117 [main] DEBUG reactor.util.Loggers - Using Slf4j logging framework
27 апр 2026;13:38:35.197 [main] DEBUG reactor.core.publisher.Hooks - Hooking onEachOperator: micronaut
27 апр 2026;13:38:35.324 [main] DEBUG io.netty.channel.DefaultChannelId - -Dio.netty.processId: 19496 (auto-detected)
27 апр 2026;13:38:35.326 [main] DEBUG io.netty.util.NetUtil - -Djava.net.preferIPv4Stack: false
27 апр 2026;13:38:35.326 [main] DEBUG io.netty.util.NetUtil - -Djava.net.preferIPv6Addresses: false
27 апр 2026;13:38:35.631 [main] DEBUG io.netty.util.NetUtilInitializations - Loopback interface: lo (Software Loopback Interface 1, 127.0.0.1)
27 апр 2026;13:38:35.631 [main] DEBUG io.netty.util.NetUtil - Failed to get SOMAXCONN from sysctl and file \proc\sys\net\core\somaxconn. Default: 200
27 апр 2026;13:38:35.964 [main] DEBUG io.netty.channel.DefaultChannelId - -Dio.netty.machineId: 30:9c:23:ff:fe:02:cb:6e (auto-detected)
27 апр 2026;13:38:36.030 [default-nioEventLoopGroup-1-1] DEBUG io.netty.buffer.AbstractByteBuf - -Dio.netty.buffer.checkAccessible: true
27 апр 2026;13:38:36.030 [default-nioEventLoopGroup-1-1] DEBUG io.netty.buffer.AbstractByteBuf - -Dio.netty.buffer.checkBounds: true
27 апр 2026;13:38:36.030 [default-nioEventLoopGroup-1-1] DEBUG i.n.util.ResourceLeakDetectorFactory - Loaded default ResourceLeakDetector: io.netty.util.ResourceLeakDetector@3ea27421
27 апр 2026;13:38:36.069 [default-nioEventLoopGroup-1-1] DEBUG io.netty.util.Recycler - -Dio.netty.recycler.maxCapacityPerThread: 4096
27 апр 2026;13:38:36.069 [default-nioEventLoopGroup-1-1] DEBUG io.netty.util.Recycler - -Dio.netty.recycler.ratio: 8
27 апр 2026;13:38:36.069 [default-nioEventLoopGroup-1-1] DEBUG io.netty.util.Recycler - -Dio.netty.recycler.chunkSize: 32
27 апр 2026;13:38:36.069 [default-nioEventLoopGroup-1-1] DEBUG io.netty.util.Recycler - -Dio.netty.recycler.blocking: false
27 апр 2026;13:38:36.115 [default-nioEventLoopGroup-1-1] DEBUG i.n.handler.codec.compression.Brotli - brotli4j not in the classpath; Brotli support will be unavailable.
27 апр 2026;13:38:38.442 [main] INFO  io.micronaut.runtime.Micronaut - Startup completed in 5479ms. Server Running: http://localhost:8085
27 апр 2026;14:08:58.877 [Thread-1] INFO  io.micronaut.runtime.Micronaut - Embedded Application shutting down
27 апр 2026;14:08:58.896 [default-nioEventLoopGroup-1-10] DEBUG io.netty.buffer.PoolThreadCache - Freed 7 thread-local buffer(s) from thread: default-nioEventLoopGroup-1-10
27 апр 2026;14:08:58.896 [default-nioEventLoopGroup-1-7] DEBUG io.netty.buffer.PoolThreadCache - Freed 7 thread-local buffer(s) from thread: default-nioEventLoopGroup-1-7
27 апр 2026;14:08:58.896 [default-nioEventLoopGroup-1-9] DEBUG io.netty.buffer.PoolThreadCache - Freed 7 thread-local buffer(s) from thread: default-nioEventLoopGroup-1-9
27 апр 2026;14:08:58.896 [default-nioEventLoopGroup-1-5] DEBUG io.netty.buffer.PoolThreadCache - Freed 23 thread-local buffer(s) from thread: default-nioEventLoopGroup-1-5
27 апр 2026;14:08:58.896 [default-nioEventLoopGroup-1-12] DEBUG io.netty.buffer.PoolThreadCache - Freed 16 thread-local buffer(s) from thread: default-nioEventLoopGroup-1-12
27 апр 2026;14:08:58.896 [default-nioEventLoopGroup-1-2] DEBUG io.netty.buffer.PoolThreadCache - Freed 20 thread-local buffer(s) from thread: default-nioEventLoopGroup-1-2
27 апр 2026;14:08:58.896 [default-nioEventLoopGroup-1-13] DEBUG io.netty.buffer.PoolThreadCache - Freed 22 thread-local buffer(s) from thread: default-nioEventLoopGroup-1-13
27 апр 2026;14:08:58.897 [default-nioEventLoopGroup-1-16] DEBUG io.netty.buffer.PoolThreadCache - Freed 10 thread-local buffer(s) from thread: default-nioEventLoopGroup-1-16
27 апр 2026;14:08:58.896 [default-nioEventLoopGroup-1-11] DEBUG io.netty.buffer.PoolThreadCache - Freed 7 thread-local buffer(s) from thread: default-nioEventLoopGroup-1-11
27 апр 2026;14:08:58.896 [default-nioEventLoopGroup-1-14] DEBUG io.netty.buffer.PoolThreadCache - Freed 7 thread-local buffer(s) from thread: default-nioEventLoopGroup-1-14
27 апр 2026;14:08:58.896 [default-nioEventLoopGroup-1-4] DEBUG io.netty.buffer.PoolThreadCache - Freed 26 thread-local buffer(s) from thread: default-nioEventLoopGroup-1-4
27 апр 2026;14:08:58.896 [default-nioEventLoopGroup-1-6] DEBUG io.netty.buffer.PoolThreadCache - Freed 7 thread-local buffer(s) from thread: default-nioEventLoopGroup-1-6
27 апр 2026;14:08:58.896 [default-nioEventLoopGroup-1-15] DEBUG io.netty.buffer.PoolThreadCache - Freed 7 thread-local buffer(s) from thread: default-nioEventLoopGroup-1-15
27 апр 2026;14:08:58.896 [default-nioEventLoopGroup-1-8] DEBUG io.netty.buffer.PoolThreadCache - Freed 7 thread-local buffer(s) from thread: default-nioEventLoopGroup-1-8
27 апр 2026;14:08:58.896 [default-nioEventLoopGroup-1-3] DEBUG io.netty.buffer.PoolThreadCache - Freed 7 thread-local buffer(s) from thread: default-nioEventLoopGroup-1-3
27 апр 2026;14:08:58.897 [default-nioEventLoopGroup-1-1] DEBUG io.netty.buffer.PoolThreadCache - Freed 23 thread-local buffer(s) from thread: default-nioEventLoopGroup-1-1
27 апр 2026;14:08:58.903 [Thread-1] DEBUG reactor.core.publisher.Hooks - Reset onEachOperator: micronaut
27 апр 2026;14:09:04.820 [main] DEBUG i.n.u.i.l.InternalLoggerFactory - Using SLF4J as the default logging framework
27 апр 2026;14:09:04.823 [main] DEBUG i.n.u.i.InternalThreadLocalMap - -Dio.netty.threadLocalMap.stringBuilder.initialSize: 1024
27 апр 2026;14:09:04.824 [main] DEBUG i.n.u.i.InternalThreadLocalMap - -Dio.netty.threadLocalMap.stringBuilder.maxSize: 4096
27 апр 2026;14:09:04.837 [main] DEBUG i.n.util.internal.PlatformDependent0 - -Dio.netty.noUnsafe: false
27 апр 2026;14:09:04.837 [main] DEBUG i.n.util.internal.PlatformDependent0 - Java version: 8
27 апр 2026;14:09:04.838 [main] DEBUG i.n.util.internal.PlatformDependent0 - sun.misc.Unsafe.theUnsafe: available
27 апр 2026;14:09:04.838 [main] DEBUG i.n.util.internal.PlatformDependent0 - sun.misc.Unsafe.copyMemory: available
27 апр 2026;14:09:04.839 [main] DEBUG i.n.util.internal.PlatformDependent0 - sun.misc.Unsafe.storeFence: available
27 апр 2026;14:09:04.839 [main] DEBUG i.n.util.internal.PlatformDependent0 - java.nio.Buffer.address: available
27 апр 2026;14:09:04.839 [main] DEBUG i.n.util.internal.PlatformDependent0 - direct buffer constructor: available
27 апр 2026;14:09:04.840 [main] DEBUG i.n.util.internal.PlatformDependent0 - java.nio.Bits.unaligned: available, true
27 апр 2026;14:09:04.840 [main] DEBUG i.n.util.internal.PlatformDependent0 - jdk.internal.misc.Unsafe.allocateUninitializedArray(int): unavailable prior to Java9
27 апр 2026;14:09:04.840 [main] DEBUG i.n.util.internal.PlatformDependent0 - java.nio.DirectByteBuffer.<init>(long, int): available
27 апр 2026;14:09:04.840 [main] DEBUG i.n.util.internal.PlatformDependent - sun.misc.Unsafe: available
27 апр 2026;14:09:04.841 [main] DEBUG i.n.util.internal.PlatformDependent - -Dio.netty.tmpdir: C:\Users\psoko\AppData\Local\Temp (java.io.tmpdir)
27 апр 2026;14:09:04.841 [main] DEBUG i.n.util.internal.PlatformDependent - -Dio.netty.bitMode: 64 (sun.arch.data.model)
27 апр 2026;14:09:04.841 [main] DEBUG i.n.util.internal.PlatformDependent - Platform: Windows
27 апр 2026;14:09:04.842 [main] DEBUG i.n.util.internal.PlatformDependent - -Dio.netty.maxDirectMemory: 7628390400 bytes
27 апр 2026;14:09:04.842 [main] DEBUG i.n.util.internal.PlatformDependent - -Dio.netty.uninitializedArrayAllocationThreshold: -1
27 апр 2026;14:09:04.843 [main] DEBUG io.netty.util.internal.CleanerJava6 - java.nio.ByteBuffer.cleaner(): available
27 апр 2026;14:09:04.843 [main] DEBUG i.n.util.internal.PlatformDependent - -Dio.netty.noPreferDirect: false
27 апр 2026;14:09:04.851 [main] DEBUG io.netty.util.ResourceLeakDetector - -Dio.netty.leakDetection.level: simple
27 апр 2026;14:09:04.851 [main] DEBUG io.netty.util.ResourceLeakDetector - -Dio.netty.leakDetection.targetRecords: 4
27 апр 2026;14:09:04.853 [main] DEBUG i.n.buffer.PooledByteBufAllocator - -Dio.netty.allocator.numHeapArenas: 16
27 апр 2026;14:09:04.853 [main] DEBUG i.n.buffer.PooledByteBufAllocator - -Dio.netty.allocator.numDirectArenas: 16
27 апр 2026;14:09:04.853 [main] DEBUG i.n.buffer.PooledByteBufAllocator - -Dio.netty.allocator.pageSize: 8192
27 апр 2026;14:09:04.853 [main] DEBUG i.n.buffer.PooledByteBufAllocator - -Dio.netty.allocator.maxOrder: 9
27 апр 2026;14:09:04.853 [main] DEBUG i.n.buffer.PooledByteBufAllocator - -Dio.netty.allocator.chunkSize: 4194304
27 апр 2026;14:09:04.853 [main] DEBUG i.n.buffer.PooledByteBufAllocator - -Dio.netty.allocator.smallCacheSize: 256
27 апр 2026;14:09:04.853 [main] DEBUG i.n.buffer.PooledByteBufAllocator - -Dio.netty.allocator.normalCacheSize: 64
27 апр 2026;14:09:04.853 [main] DEBUG i.n.buffer.PooledByteBufAllocator - -Dio.netty.allocator.maxCachedBufferCapacity: 32768
27 апр 2026;14:09:04.854 [main] DEBUG i.n.buffer.PooledByteBufAllocator - -Dio.netty.allocator.cacheTrimInterval: 8192
27 апр 2026;14:09:04.854 [main] DEBUG i.n.buffer.PooledByteBufAllocator - -Dio.netty.allocator.cacheTrimIntervalMillis: 0
27 апр 2026;14:09:04.854 [main] DEBUG i.n.buffer.PooledByteBufAllocator - -Dio.netty.allocator.useCacheForAllThreads: false
27 апр 2026;14:09:04.854 [main] DEBUG i.n.buffer.PooledByteBufAllocator - -Dio.netty.allocator.maxCachedByteBuffersPerChunk: 1023
27 апр 2026;14:09:04.864 [main] DEBUG io.netty.buffer.ByteBufUtil - -Dio.netty.allocator.type: pooled
27 апр 2026;14:09:04.864 [main] DEBUG io.netty.buffer.ByteBufUtil - -Dio.netty.threadLocalDirectBufferSize: 0
27 апр 2026;14:09:04.864 [main] DEBUG io.netty.buffer.ByteBufUtil - -Dio.netty.maxThreadLocalCharBufferSize: 16384
27 апр 2026;14:09:05.196 [main] DEBUG i.n.c.MultithreadEventLoopGroup - -Dio.netty.eventLoopThreads: 16
27 апр 2026;14:09:05.217 [main] DEBUG io.netty.channel.nio.NioEventLoop - -Dio.netty.noKeySetOptimization: false
27 апр 2026;14:09:05.217 [main] DEBUG io.netty.channel.nio.NioEventLoop - -Dio.netty.selectorAutoRebuildThreshold: 512
27 апр 2026;14:09:05.224 [main] DEBUG i.n.util.internal.PlatformDependent - org.jctools-core.MpscChunkedArrayQueue: available
27 апр 2026;14:09:05.649 [main] DEBUG io.netty.handler.ssl.OpenSsl - netty-tcnative not in the classpath; OpenSslEngine will be unavailable.
27 апр 2026;14:09:05.745 [main] DEBUG io.netty.handler.ssl.JdkSslContext - Default protocols (JDK): [TLSv1.3, TLSv1.2] 
27 апр 2026;14:09:05.746 [main] DEBUG io.netty.handler.ssl.JdkSslContext - Default cipher suites (JDK): [TLS_ECDHE_ECDSA_WITH_AES_256_GCM_SHA384, TLS_ECDHE_ECDSA_WITH_AES_128_GCM_SHA256, TLS_ECDHE_RSA_WITH_AES_128_GCM_SHA256, TLS_ECDHE_RSA_WITH_AES_256_GCM_SHA384, TLS_ECDHE_RSA_WITH_AES_128_CBC_SHA, TLS_ECDHE_RSA_WITH_AES_256_CBC_SHA, TLS_RSA_WITH_AES_128_GCM_SHA256, TLS_RSA_WITH_AES_128_CBC_SHA, TLS_RSA_WITH_AES_256_CBC_SHA, TLS_AES_128_GCM_SHA256, TLS_AES_256_GCM_SHA384]
27 апр 2026;14:09:05.752 [main] DEBUG reactor.util.Loggers - Using Slf4j logging framework
27 апр 2026;14:09:05.810 [main] DEBUG reactor.core.publisher.Hooks - Hooking onEachOperator: micronaut
27 апр 2026;14:09:05.907 [main] DEBUG io.netty.channel.DefaultChannelId - -Dio.netty.processId: 9692 (auto-detected)
27 апр 2026;14:09:05.909 [main] DEBUG io.netty.util.NetUtil - -Djava.net.preferIPv4Stack: false
27 апр 2026;14:09:05.909 [main] DEBUG io.netty.util.NetUtil - -Djava.net.preferIPv6Addresses: false
27 апр 2026;14:09:06.203 [main] DEBUG io.netty.util.NetUtilInitializations - Loopback interface: lo (Software Loopback Interface 1, 127.0.0.1)
27 апр 2026;14:09:06.204 [main] DEBUG io.netty.util.NetUtil - Failed to get SOMAXCONN from sysctl and file \proc\sys\net\core\somaxconn. Default: 200
27 апр 2026;14:09:06.532 [main] DEBUG io.netty.channel.DefaultChannelId - -Dio.netty.machineId: 30:9c:23:ff:fe:02:cb:6e (auto-detected)
27 апр 2026;14:09:06.598 [default-nioEventLoopGroup-1-1] DEBUG io.netty.buffer.AbstractByteBuf - -Dio.netty.buffer.checkAccessible: true
27 апр 2026;14:09:06.598 [default-nioEventLoopGroup-1-1] DEBUG io.netty.buffer.AbstractByteBuf - -Dio.netty.buffer.checkBounds: true
27 апр 2026;14:09:06.599 [default-nioEventLoopGroup-1-1] DEBUG i.n.util.ResourceLeakDetectorFactory - Loaded default ResourceLeakDetector: io.netty.util.ResourceLeakDetector@22c9214d
27 апр 2026;14:09:06.637 [default-nioEventLoopGroup-1-1] DEBUG io.netty.util.Recycler - -Dio.netty.recycler.maxCapacityPerThread: 4096
27 апр 2026;14:09:06.637 [default-nioEventLoopGroup-1-1] DEBUG io.netty.util.Recycler - -Dio.netty.recycler.ratio: 8
27 апр 2026;14:09:06.637 [default-nioEventLoopGroup-1-1] DEBUG io.netty.util.Recycler - -Dio.netty.recycler.chunkSize: 32
27 апр 2026;14:09:06.637 [default-nioEventLoopGroup-1-1] DEBUG io.netty.util.Recycler - -Dio.netty.recycler.blocking: false
27 апр 2026;14:09:06.694 [default-nioEventLoopGroup-1-1] DEBUG i.n.handler.codec.compression.Brotli - brotli4j not in the classpath; Brotli support will be unavailable.
27 апр 2026;14:09:10.092 [main] INFO  io.micronaut.runtime.Micronaut - Startup completed in 6465ms. Server Running: http://localhost:8085
27 апр 2026;14:33:03.547 [Thread-1] INFO  io.micronaut.runtime.Micronaut - Embedded Application shutting down
27 апр 2026;14:33:03.572 [Thread-1] DEBUG reactor.core.publisher.Hooks - Reset onEachOperator: micronaut
27 апр 2026;14:56:11.104 [main] DEBUG i.n.u.i.l.InternalLoggerFactory - Using SLF4J as the default logging framework
27 апр 2026;14:56:11.108 [main] DEBUG i.n.u.i.InternalThreadLocalMap - -Dio.netty.threadLocalMap.stringBuilder.initialSize: 1024
27 апр 2026;14:56:11.108 [main] DEBUG i.n.u.i.InternalThreadLocalMap - -Dio.netty.threadLocalMap.stringBuilder.maxSize: 4096
27 апр 2026;14:56:11.123 [main] DEBUG i.n.util.internal.PlatformDependent0 - -Dio.netty.noUnsafe: false
27 апр 2026;14:56:11.123 [main] DEBUG i.n.util.internal.PlatformDependent0 - Java version: 8
27 апр 2026;14:56:11.124 [main] DEBUG i.n.util.internal.PlatformDependent0 - sun.misc.Unsafe.theUnsafe: available
27 апр 2026;14:56:11.124 [main] DEBUG i.n.util.internal.PlatformDependent0 - sun.misc.Unsafe.copyMemory: available
27 апр 2026;14:56:11.125 [main] DEBUG i.n.util.internal.PlatformDependent0 - sun.misc.Unsafe.storeFence: available
27 апр 2026;14:56:11.125 [main] DEBUG i.n.util.internal.PlatformDependent0 - java.nio.Buffer.address: available
27 апр 2026;14:56:11.125 [main] DEBUG i.n.util.internal.PlatformDependent0 - direct buffer constructor: available
27 апр 2026;14:56:11.126 [main] DEBUG i.n.util.internal.PlatformDependent0 - java.nio.Bits.unaligned: available, true
27 апр 2026;14:56:11.126 [main] DEBUG i.n.util.internal.PlatformDependent0 - jdk.internal.misc.Unsafe.allocateUninitializedArray(int): unavailable prior to Java9
27 апр 2026;14:56:11.126 [main] DEBUG i.n.util.internal.PlatformDependent0 - java.nio.DirectByteBuffer.<init>(long, int): available
27 апр 2026;14:56:11.126 [main] DEBUG i.n.util.internal.PlatformDependent - sun.misc.Unsafe: available
27 апр 2026;14:56:11.127 [main] DEBUG i.n.util.internal.PlatformDependent - -Dio.netty.tmpdir: C:\Users\psoko\AppData\Local\Temp (java.io.tmpdir)
27 апр 2026;14:56:11.127 [main] DEBUG i.n.util.internal.PlatformDependent - -Dio.netty.bitMode: 64 (sun.arch.data.model)
27 апр 2026;14:56:11.127 [main] DEBUG i.n.util.internal.PlatformDependent - Platform: Windows
27 апр 2026;14:56:11.128 [main] DEBUG i.n.util.internal.PlatformDependent - -Dio.netty.maxDirectMemory: 7628390400 bytes
27 апр 2026;14:56:11.128 [main] DEBUG i.n.util.internal.PlatformDependent - -Dio.netty.uninitializedArrayAllocationThreshold: -1
27 апр 2026;14:56:11.128 [main] DEBUG io.netty.util.internal.CleanerJava6 - java.nio.ByteBuffer.cleaner(): available
27 апр 2026;14:56:11.128 [main] DEBUG i.n.util.internal.PlatformDependent - -Dio.netty.noPreferDirect: false
27 апр 2026;14:56:11.136 [main] DEBUG io.netty.util.ResourceLeakDetector - -Dio.netty.leakDetection.level: simple
27 апр 2026;14:56:11.136 [main] DEBUG io.netty.util.ResourceLeakDetector - -Dio.netty.leakDetection.targetRecords: 4
27 апр 2026;14:56:11.139 [main] DEBUG i.n.buffer.PooledByteBufAllocator - -Dio.netty.allocator.numHeapArenas: 16
27 апр 2026;14:56:11.139 [main] DEBUG i.n.buffer.PooledByteBufAllocator - -Dio.netty.allocator.numDirectArenas: 16
27 апр 2026;14:56:11.139 [main] DEBUG i.n.buffer.PooledByteBufAllocator - -Dio.netty.allocator.pageSize: 8192
27 апр 2026;14:56:11.139 [main] DEBUG i.n.buffer.PooledByteBufAllocator - -Dio.netty.allocator.maxOrder: 9
27 апр 2026;14:56:11.139 [main] DEBUG i.n.buffer.PooledByteBufAllocator - -Dio.netty.allocator.chunkSize: 4194304
27 апр 2026;14:56:11.139 [main] DEBUG i.n.buffer.PooledByteBufAllocator - -Dio.netty.allocator.smallCacheSize: 256
27 апр 2026;14:56:11.139 [main] DEBUG i.n.buffer.PooledByteBufAllocator - -Dio.netty.allocator.normalCacheSize: 64
27 апр 2026;14:56:11.139 [main] DEBUG i.n.buffer.PooledByteBufAllocator - -Dio.netty.allocator.maxCachedBufferCapacity: 32768
27 апр 2026;14:56:11.139 [main] DEBUG i.n.buffer.PooledByteBufAllocator - -Dio.netty.allocator.cacheTrimInterval: 8192
27 апр 2026;14:56:11.139 [main] DEBUG i.n.buffer.PooledByteBufAllocator - -Dio.netty.allocator.cacheTrimIntervalMillis: 0
27 апр 2026;14:56:11.140 [main] DEBUG i.n.buffer.PooledByteBufAllocator - -Dio.netty.allocator.useCacheForAllThreads: false
27 апр 2026;14:56:11.140 [main] DEBUG i.n.buffer.PooledByteBufAllocator - -Dio.netty.allocator.maxCachedByteBuffersPerChunk: 1023
27 апр 2026;14:56:11.150 [main] DEBUG io.netty.buffer.ByteBufUtil - -Dio.netty.allocator.type: pooled
27 апр 2026;14:56:11.150 [main] DEBUG io.netty.buffer.ByteBufUtil - -Dio.netty.threadLocalDirectBufferSize: 0
27 апр 2026;14:56:11.150 [main] DEBUG io.netty.buffer.ByteBufUtil - -Dio.netty.maxThreadLocalCharBufferSize: 16384
27 апр 2026;14:56:11.453 [main] DEBUG i.n.c.MultithreadEventLoopGroup - -Dio.netty.eventLoopThreads: 16
27 апр 2026;14:56:11.470 [main] DEBUG io.netty.channel.nio.NioEventLoop - -Dio.netty.noKeySetOptimization: false
27 апр 2026;14:56:11.470 [main] DEBUG io.netty.channel.nio.NioEventLoop - -Dio.netty.selectorAutoRebuildThreshold: 512
27 апр 2026;14:56:11.476 [main] DEBUG i.n.util.internal.PlatformDependent - org.jctools-core.MpscChunkedArrayQueue: available
27 апр 2026;14:56:11.900 [main] DEBUG io.netty.handler.ssl.OpenSsl - netty-tcnative not in the classpath; OpenSslEngine will be unavailable.
27 апр 2026;14:56:11.985 [main] DEBUG io.netty.handler.ssl.JdkSslContext - Default protocols (JDK): [TLSv1.3, TLSv1.2] 
27 апр 2026;14:56:11.985 [main] DEBUG io.netty.handler.ssl.JdkSslContext - Default cipher suites (JDK): [TLS_ECDHE_ECDSA_WITH_AES_256_GCM_SHA384, TLS_ECDHE_ECDSA_WITH_AES_128_GCM_SHA256, TLS_ECDHE_RSA_WITH_AES_128_GCM_SHA256, TLS_ECDHE_RSA_WITH_AES_256_GCM_SHA384, TLS_ECDHE_RSA_WITH_AES_128_CBC_SHA, TLS_ECDHE_RSA_WITH_AES_256_CBC_SHA, TLS_RSA_WITH_AES_128_GCM_SHA256, TLS_RSA_WITH_AES_128_CBC_SHA, TLS_RSA_WITH_AES_256_CBC_SHA, TLS_AES_128_GCM_SHA256, TLS_AES_256_GCM_SHA384]
27 апр 2026;14:56:11.992 [main] DEBUG reactor.util.Loggers - Using Slf4j logging framework
27 апр 2026;14:56:12.047 [main] DEBUG reactor.core.publisher.Hooks - Hooking onEachOperator: micronaut
27 апр 2026;14:56:12.135 [main] DEBUG io.netty.channel.DefaultChannelId - -Dio.netty.processId: 22796 (auto-detected)
27 апр 2026;14:56:12.137 [main] DEBUG io.netty.util.NetUtil - -Djava.net.preferIPv4Stack: false
27 апр 2026;14:56:12.137 [main] DEBUG io.netty.util.NetUtil - -Djava.net.preferIPv6Addresses: false
27 апр 2026;14:56:12.429 [main] DEBUG io.netty.util.NetUtilInitializations - Loopback interface: lo (Software Loopback Interface 1, 127.0.0.1)
27 апр 2026;14:56:12.430 [main] DEBUG io.netty.util.NetUtil - Failed to get SOMAXCONN from sysctl and file \proc\sys\net\core\somaxconn. Default: 200
27 апр 2026;14:56:12.757 [main] DEBUG io.netty.channel.DefaultChannelId - -Dio.netty.machineId: 30:9c:23:ff:fe:02:cb:6e (auto-detected)
27 апр 2026;14:56:12.822 [default-nioEventLoopGroup-1-1] DEBUG io.netty.buffer.AbstractByteBuf - -Dio.netty.buffer.checkAccessible: true
27 апр 2026;14:56:12.822 [default-nioEventLoopGroup-1-1] DEBUG io.netty.buffer.AbstractByteBuf - -Dio.netty.buffer.checkBounds: true
27 апр 2026;14:56:12.823 [default-nioEventLoopGroup-1-1] DEBUG i.n.util.ResourceLeakDetectorFactory - Loaded default ResourceLeakDetector: io.netty.util.ResourceLeakDetector@3ed75f3a
27 апр 2026;14:56:12.861 [default-nioEventLoopGroup-1-1] DEBUG io.netty.util.Recycler - -Dio.netty.recycler.maxCapacityPerThread: 4096
27 апр 2026;14:56:12.861 [default-nioEventLoopGroup-1-1] DEBUG io.netty.util.Recycler - -Dio.netty.recycler.ratio: 8
27 апр 2026;14:56:12.861 [default-nioEventLoopGroup-1-1] DEBUG io.netty.util.Recycler - -Dio.netty.recycler.chunkSize: 32
27 апр 2026;14:56:12.861 [default-nioEventLoopGroup-1-1] DEBUG io.netty.util.Recycler - -Dio.netty.recycler.blocking: false
27 апр 2026;14:56:12.918 [default-nioEventLoopGroup-1-1] DEBUG i.n.handler.codec.compression.Brotli - brotli4j not in the classpath; Brotli support will be unavailable.
27 апр 2026;14:56:24.615 [main] INFO  io.micronaut.runtime.Micronaut - Startup completed in 14975ms. Server Running: http://localhost:8085
27 апр 2026;15:10:26.425 [Thread-1] INFO  io.micronaut.runtime.Micronaut - Embedded Application shutting down
27 апр 2026;15:10:26.444 [default-nioEventLoopGroup-1-4] DEBUG io.netty.buffer.PoolThreadCache - Freed 7 thread-local buffer(s) from thread: default-nioEventLoopGroup-1-4
27 апр 2026;15:10:26.444 [default-nioEventLoopGroup-1-11] DEBUG io.netty.buffer.PoolThreadCache - Freed 44 thread-local buffer(s) from thread: default-nioEventLoopGroup-1-11
27 апр 2026;15:10:26.444 [default-nioEventLoopGroup-1-2] DEBUG io.netty.buffer.PoolThreadCache - Freed 39 thread-local buffer(s) from thread: default-nioEventLoopGroup-1-2
27 апр 2026;15:10:26.444 [default-nioEventLoopGroup-1-16] DEBUG io.netty.buffer.PoolThreadCache - Freed 6 thread-local buffer(s) from thread: default-nioEventLoopGroup-1-16
27 апр 2026;15:10:26.444 [default-nioEventLoopGroup-1-10] DEBUG io.netty.buffer.PoolThreadCache - Freed 6 thread-local buffer(s) from thread: default-nioEventLoopGroup-1-10
27 апр 2026;15:10:26.444 [default-nioEventLoopGroup-1-15] DEBUG io.netty.buffer.PoolThreadCache - Freed 26 thread-local buffer(s) from thread: default-nioEventLoopGroup-1-15
27 апр 2026;15:10:26.444 [default-nioEventLoopGroup-1-14] DEBUG io.netty.buffer.PoolThreadCache - Freed 7 thread-local buffer(s) from thread: default-nioEventLoopGroup-1-14
27 апр 2026;15:10:26.444 [default-nioEventLoopGroup-1-13] DEBUG io.netty.buffer.PoolThreadCache - Freed 37 thread-local buffer(s) from thread: default-nioEventLoopGroup-1-13
27 апр 2026;15:10:26.444 [default-nioEventLoopGroup-1-9] DEBUG io.netty.buffer.PoolThreadCache - Freed 27 thread-local buffer(s) from thread: default-nioEventLoopGroup-1-9
27 апр 2026;15:10:26.444 [default-nioEventLoopGroup-1-8] DEBUG io.netty.buffer.PoolThreadCache - Freed 6 thread-local buffer(s) from thread: default-nioEventLoopGroup-1-8
27 апр 2026;15:10:26.444 [default-nioEventLoopGroup-1-6] DEBUG io.netty.buffer.PoolThreadCache - Freed 45 thread-local buffer(s) from thread: default-nioEventLoopGroup-1-6
27 апр 2026;15:10:26.444 [default-nioEventLoopGroup-1-12] DEBUG io.netty.buffer.PoolThreadCache - Freed 39 thread-local buffer(s) from thread: default-nioEventLoopGroup-1-12
27 апр 2026;15:10:26.444 [default-nioEventLoopGroup-1-1] DEBUG io.netty.buffer.PoolThreadCache - Freed 39 thread-local buffer(s) from thread: default-nioEventLoopGroup-1-1
27 апр 2026;15:10:26.444 [default-nioEventLoopGroup-1-3] DEBUG io.netty.buffer.PoolThreadCache - Freed 27 thread-local buffer(s) from thread: default-nioEventLoopGroup-1-3
27 апр 2026;15:10:26.445 [default-nioEventLoopGroup-1-7] DEBUG io.netty.buffer.PoolThreadCache - Freed 36 thread-local buffer(s) from thread: default-nioEventLoopGroup-1-7
27 апр 2026;15:10:26.445 [default-nioEventLoopGroup-1-5] DEBUG io.netty.buffer.PoolThreadCache - Freed 34 thread-local buffer(s) from thread: default-nioEventLoopGroup-1-5
27 апр 2026;15:10:26.450 [Thread-1] DEBUG reactor.core.publisher.Hooks - Reset onEachOperator: micronaut
27 апр 2026;15:20:34.404 [main] DEBUG i.n.u.i.l.InternalLoggerFactory - Using SLF4J as the default logging framework
27 апр 2026;15:20:34.408 [main] DEBUG i.n.u.i.InternalThreadLocalMap - -Dio.netty.threadLocalMap.stringBuilder.initialSize: 1024
27 апр 2026;15:20:34.408 [main] DEBUG i.n.u.i.InternalThreadLocalMap - -Dio.netty.threadLocalMap.stringBuilder.maxSize: 4096
27 апр 2026;15:20:34.422 [main] DEBUG i.n.util.internal.PlatformDependent0 - -Dio.netty.noUnsafe: false
27 апр 2026;15:20:34.422 [main] DEBUG i.n.util.internal.PlatformDependent0 - Java version: 8
27 апр 2026;15:20:34.423 [main] DEBUG i.n.util.internal.PlatformDependent0 - sun.misc.Unsafe.theUnsafe: available
27 апр 2026;15:20:34.423 [main] DEBUG i.n.util.internal.PlatformDependent0 - sun.misc.Unsafe.copyMemory: available
27 апр 2026;15:20:34.424 [main] DEBUG i.n.util.internal.PlatformDependent0 - sun.misc.Unsafe.storeFence: available
27 апр 2026;15:20:34.424 [main] DEBUG i.n.util.internal.PlatformDependent0 - java.nio.Buffer.address: available
27 апр 2026;15:20:34.424 [main] DEBUG i.n.util.internal.PlatformDependent0 - direct buffer constructor: available
27 апр 2026;15:20:34.425 [main] DEBUG i.n.util.internal.PlatformDependent0 - java.nio.Bits.unaligned: available, true
27 апр 2026;15:20:34.425 [main] DEBUG i.n.util.internal.PlatformDependent0 - jdk.internal.misc.Unsafe.allocateUninitializedArray(int): unavailable prior to Java9
27 апр 2026;15:20:34.425 [main] DEBUG i.n.util.internal.PlatformDependent0 - java.nio.DirectByteBuffer.<init>(long, int): available
27 апр 2026;15:20:34.425 [main] DEBUG i.n.util.internal.PlatformDependent - sun.misc.Unsafe: available
27 апр 2026;15:20:34.426 [main] DEBUG i.n.util.internal.PlatformDependent - -Dio.netty.tmpdir: C:\Users\psoko\AppData\Local\Temp (java.io.tmpdir)
27 апр 2026;15:20:34.426 [main] DEBUG i.n.util.internal.PlatformDependent - -Dio.netty.bitMode: 64 (sun.arch.data.model)
27 апр 2026;15:20:34.426 [main] DEBUG i.n.util.internal.PlatformDependent - Platform: Windows
27 апр 2026;15:20:34.427 [main] DEBUG i.n.util.internal.PlatformDependent - -Dio.netty.maxDirectMemory: 7628390400 bytes
27 апр 2026;15:20:34.427 [main] DEBUG i.n.util.internal.PlatformDependent - -Dio.netty.uninitializedArrayAllocationThreshold: -1
27 апр 2026;15:20:34.427 [main] DEBUG io.netty.util.internal.CleanerJava6 - java.nio.ByteBuffer.cleaner(): available
27 апр 2026;15:20:34.428 [main] DEBUG i.n.util.internal.PlatformDependent - -Dio.netty.noPreferDirect: false
27 апр 2026;15:20:34.436 [main] DEBUG io.netty.util.ResourceLeakDetector - -Dio.netty.leakDetection.level: simple
27 апр 2026;15:20:34.436 [main] DEBUG io.netty.util.ResourceLeakDetector - -Dio.netty.leakDetection.targetRecords: 4
27 апр 2026;15:20:34.439 [main] DEBUG i.n.buffer.PooledByteBufAllocator - -Dio.netty.allocator.numHeapArenas: 16
27 апр 2026;15:20:34.439 [main] DEBUG i.n.buffer.PooledByteBufAllocator - -Dio.netty.allocator.numDirectArenas: 16
27 апр 2026;15:20:34.439 [main] DEBUG i.n.buffer.PooledByteBufAllocator - -Dio.netty.allocator.pageSize: 8192
27 апр 2026;15:20:34.439 [main] DEBUG i.n.buffer.PooledByteBufAllocator - -Dio.netty.allocator.maxOrder: 9
27 апр 2026;15:20:34.439 [main] DEBUG i.n.buffer.PooledByteBufAllocator - -Dio.netty.allocator.chunkSize: 4194304
27 апр 2026;15:20:34.439 [main] DEBUG i.n.buffer.PooledByteBufAllocator - -Dio.netty.allocator.smallCacheSize: 256
27 апр 2026;15:20:34.439 [main] DEBUG i.n.buffer.PooledByteBufAllocator - -Dio.netty.allocator.normalCacheSize: 64
27 апр 2026;15:20:34.439 [main] DEBUG i.n.buffer.PooledByteBufAllocator - -Dio.netty.allocator.maxCachedBufferCapacity: 32768
27 апр 2026;15:20:34.439 [main] DEBUG i.n.buffer.PooledByteBufAllocator - -Dio.netty.allocator.cacheTrimInterval: 8192
27 апр 2026;15:20:34.440 [main] DEBUG i.n.buffer.PooledByteBufAllocator - -Dio.netty.allocator.cacheTrimIntervalMillis: 0
27 апр 2026;15:20:34.440 [main] DEBUG i.n.buffer.PooledByteBufAllocator - -Dio.netty.allocator.useCacheForAllThreads: false
27 апр 2026;15:20:34.440 [main] DEBUG i.n.buffer.PooledByteBufAllocator - -Dio.netty.allocator.maxCachedByteBuffersPerChunk: 1023
27 апр 2026;15:20:34.450 [main] DEBUG io.netty.buffer.ByteBufUtil - -Dio.netty.allocator.type: pooled
27 апр 2026;15:20:34.450 [main] DEBUG io.netty.buffer.ByteBufUtil - -Dio.netty.threadLocalDirectBufferSize: 0
27 апр 2026;15:20:34.450 [main] DEBUG io.netty.buffer.ByteBufUtil - -Dio.netty.maxThreadLocalCharBufferSize: 16384
27 апр 2026;15:20:34.793 [main] DEBUG i.n.c.MultithreadEventLoopGroup - -Dio.netty.eventLoopThreads: 16
27 апр 2026;15:20:34.815 [main] DEBUG io.netty.channel.nio.NioEventLoop - -Dio.netty.noKeySetOptimization: false
27 апр 2026;15:20:34.815 [main] DEBUG io.netty.channel.nio.NioEventLoop - -Dio.netty.selectorAutoRebuildThreshold: 512
27 апр 2026;15:20:34.822 [main] DEBUG i.n.util.internal.PlatformDependent - org.jctools-core.MpscChunkedArrayQueue: available
27 апр 2026;15:20:35.271 [main] DEBUG io.netty.handler.ssl.OpenSsl - netty-tcnative not in the classpath; OpenSslEngine will be unavailable.
27 апр 2026;15:20:35.360 [main] DEBUG io.netty.handler.ssl.JdkSslContext - Default protocols (JDK): [TLSv1.3, TLSv1.2] 
27 апр 2026;15:20:35.360 [main] DEBUG io.netty.handler.ssl.JdkSslContext - Default cipher suites (JDK): [TLS_ECDHE_ECDSA_WITH_AES_256_GCM_SHA384, TLS_ECDHE_ECDSA_WITH_AES_128_GCM_SHA256, TLS_ECDHE_RSA_WITH_AES_128_GCM_SHA256, TLS_ECDHE_RSA_WITH_AES_256_GCM_SHA384, TLS_ECDHE_RSA_WITH_AES_128_CBC_SHA, TLS_ECDHE_RSA_WITH_AES_256_CBC_SHA, TLS_RSA_WITH_AES_128_GCM_SHA256, TLS_RSA_WITH_AES_128_CBC_SHA, TLS_RSA_WITH_AES_256_CBC_SHA, TLS_AES_128_GCM_SHA256, TLS_AES_256_GCM_SHA384]
27 апр 2026;15:20:35.365 [main] DEBUG reactor.util.Loggers - Using Slf4j logging framework
27 апр 2026;15:20:35.423 [main] DEBUG reactor.core.publisher.Hooks - Hooking onEachOperator: micronaut
27 апр 2026;15:20:35.518 [main] DEBUG io.netty.channel.DefaultChannelId - -Dio.netty.processId: 7764 (auto-detected)
27 апр 2026;15:20:35.521 [main] DEBUG io.netty.util.NetUtil - -Djava.net.preferIPv4Stack: false
27 апр 2026;15:20:35.522 [main] DEBUG io.netty.util.NetUtil - -Djava.net.preferIPv6Addresses: false
27 апр 2026;15:20:35.826 [main] DEBUG io.netty.util.NetUtilInitializations - Loopback interface: lo (Software Loopback Interface 1, 127.0.0.1)
27 апр 2026;15:20:35.827 [main] DEBUG io.netty.util.NetUtil - Failed to get SOMAXCONN from sysctl and file \proc\sys\net\core\somaxconn. Default: 200
27 апр 2026;15:20:36.149 [main] DEBUG io.netty.channel.DefaultChannelId - -Dio.netty.machineId: 30:9c:23:ff:fe:02:cb:6e (auto-detected)
27 апр 2026;15:20:36.217 [default-nioEventLoopGroup-1-1] DEBUG io.netty.buffer.AbstractByteBuf - -Dio.netty.buffer.checkAccessible: true
27 апр 2026;15:20:36.217 [default-nioEventLoopGroup-1-1] DEBUG io.netty.buffer.AbstractByteBuf - -Dio.netty.buffer.checkBounds: true
27 апр 2026;15:20:36.218 [default-nioEventLoopGroup-1-1] DEBUG i.n.util.ResourceLeakDetectorFactory - Loaded default ResourceLeakDetector: io.netty.util.ResourceLeakDetector@6d9d3e05
27 апр 2026;15:20:36.257 [default-nioEventLoopGroup-1-1] DEBUG io.netty.util.Recycler - -Dio.netty.recycler.maxCapacityPerThread: 4096
27 апр 2026;15:20:36.257 [default-nioEventLoopGroup-1-1] DEBUG io.netty.util.Recycler - -Dio.netty.recycler.ratio: 8
27 апр 2026;15:20:36.257 [default-nioEventLoopGroup-1-1] DEBUG io.netty.util.Recycler - -Dio.netty.recycler.chunkSize: 32
27 апр 2026;15:20:36.258 [default-nioEventLoopGroup-1-1] DEBUG io.netty.util.Recycler - -Dio.netty.recycler.blocking: false
27 апр 2026;15:20:36.311 [default-nioEventLoopGroup-1-1] DEBUG i.n.handler.codec.compression.Brotli - brotli4j not in the classpath; Brotli support will be unavailable.
27 апр 2026;15:20:39.540 [main] INFO  io.micronaut.runtime.Micronaut - Startup completed in 6372ms. Server Running: http://localhost:8085
27 апр 2026;15:30:46.793 [Thread-1] INFO  io.micronaut.runtime.Micronaut - Embedded Application shutting down
27 апр 2026;15:30:46.812 [default-nioEventLoopGroup-1-1] DEBUG io.netty.buffer.PoolThreadCache - Freed 29 thread-local buffer(s) from thread: default-nioEventLoopGroup-1-1
27 апр 2026;15:30:46.812 [default-nioEventLoopGroup-1-5] DEBUG io.netty.buffer.PoolThreadCache - Freed 21 thread-local buffer(s) from thread: default-nioEventLoopGroup-1-5
27 апр 2026;15:30:46.812 [default-nioEventLoopGroup-1-2] DEBUG io.netty.buffer.PoolThreadCache - Freed 32 thread-local buffer(s) from thread: default-nioEventLoopGroup-1-2
27 апр 2026;15:30:46.813 [default-nioEventLoopGroup-1-11] DEBUG io.netty.buffer.PoolThreadCache - Freed 18 thread-local buffer(s) from thread: default-nioEventLoopGroup-1-11
27 апр 2026;15:30:46.813 [default-nioEventLoopGroup-1-12] DEBUG io.netty.buffer.PoolThreadCache - Freed 16 thread-local buffer(s) from thread: default-nioEventLoopGroup-1-12
27 апр 2026;15:30:46.813 [default-nioEventLoopGroup-1-16] DEBUG io.netty.buffer.PoolThreadCache - Freed 15 thread-local buffer(s) from thread: default-nioEventLoopGroup-1-16
27 апр 2026;15:30:46.812 [default-nioEventLoopGroup-1-3] DEBUG io.netty.buffer.PoolThreadCache - Freed 19 thread-local buffer(s) from thread: default-nioEventLoopGroup-1-3
27 апр 2026;15:30:46.813 [default-nioEventLoopGroup-1-9] DEBUG io.netty.buffer.PoolThreadCache - Freed 29 thread-local buffer(s) from thread: default-nioEventLoopGroup-1-9
27 апр 2026;15:30:46.812 [default-nioEventLoopGroup-1-7] DEBUG io.netty.buffer.PoolThreadCache - Freed 15 thread-local buffer(s) from thread: default-nioEventLoopGroup-1-7
27 апр 2026;15:30:46.812 [default-nioEventLoopGroup-1-6] DEBUG io.netty.buffer.PoolThreadCache - Freed 16 thread-local buffer(s) from thread: default-nioEventLoopGroup-1-6
27 апр 2026;15:30:46.813 [default-nioEventLoopGroup-1-13] DEBUG io.netty.buffer.PoolThreadCache - Freed 17 thread-local buffer(s) from thread: default-nioEventLoopGroup-1-13
27 апр 2026;15:30:46.812 [default-nioEventLoopGroup-1-14] DEBUG io.netty.buffer.PoolThreadCache - Freed 15 thread-local buffer(s) from thread: default-nioEventLoopGroup-1-14
27 апр 2026;15:30:46.814 [default-nioEventLoopGroup-1-10] DEBUG io.netty.buffer.PoolThreadCache - Freed 45 thread-local buffer(s) from thread: default-nioEventLoopGroup-1-10
27 апр 2026;15:30:46.812 [default-nioEventLoopGroup-1-4] DEBUG io.netty.buffer.PoolThreadCache - Freed 11 thread-local buffer(s) from thread: default-nioEventLoopGroup-1-4
27 апр 2026;15:30:46.812 [default-nioEventLoopGroup-1-15] DEBUG io.netty.buffer.PoolThreadCache - Freed 6 thread-local buffer(s) from thread: default-nioEventLoopGroup-1-15
27 апр 2026;15:30:46.812 [default-nioEventLoopGroup-1-8] DEBUG io.netty.buffer.PoolThreadCache - Freed 16 thread-local buffer(s) from thread: default-nioEventLoopGroup-1-8
27 апр 2026;15:30:46.816 [Thread-1] DEBUG reactor.core.publisher.Hooks - Reset onEachOperator: micronaut
27 апр 2026;15:41:51.752 [main] DEBUG i.n.u.i.l.InternalLoggerFactory - Using SLF4J as the default logging framework
27 апр 2026;15:41:51.755 [main] DEBUG i.n.u.i.InternalThreadLocalMap - -Dio.netty.threadLocalMap.stringBuilder.initialSize: 1024
27 апр 2026;15:41:51.755 [main] DEBUG i.n.u.i.InternalThreadLocalMap - -Dio.netty.threadLocalMap.stringBuilder.maxSize: 4096
27 апр 2026;15:41:51.769 [main] DEBUG i.n.util.internal.PlatformDependent0 - -Dio.netty.noUnsafe: false
27 апр 2026;15:41:51.769 [main] DEBUG i.n.util.internal.PlatformDependent0 - Java version: 8
27 апр 2026;15:41:51.770 [main] DEBUG i.n.util.internal.PlatformDependent0 - sun.misc.Unsafe.theUnsafe: available
27 апр 2026;15:41:51.770 [main] DEBUG i.n.util.internal.PlatformDependent0 - sun.misc.Unsafe.copyMemory: available
27 апр 2026;15:41:51.771 [main] DEBUG i.n.util.internal.PlatformDependent0 - sun.misc.Unsafe.storeFence: available
27 апр 2026;15:41:51.771 [main] DEBUG i.n.util.internal.PlatformDependent0 - java.nio.Buffer.address: available
27 апр 2026;15:41:51.771 [main] DEBUG i.n.util.internal.PlatformDependent0 - direct buffer constructor: available
27 апр 2026;15:41:51.772 [main] DEBUG i.n.util.internal.PlatformDependent0 - java.nio.Bits.unaligned: available, true
27 апр 2026;15:41:51.772 [main] DEBUG i.n.util.internal.PlatformDependent0 - jdk.internal.misc.Unsafe.allocateUninitializedArray(int): unavailable prior to Java9
27 апр 2026;15:41:51.772 [main] DEBUG i.n.util.internal.PlatformDependent0 - java.nio.DirectByteBuffer.<init>(long, int): available
27 апр 2026;15:41:51.772 [main] DEBUG i.n.util.internal.PlatformDependent - sun.misc.Unsafe: available
27 апр 2026;15:41:51.772 [main] DEBUG i.n.util.internal.PlatformDependent - -Dio.netty.tmpdir: C:\Users\psoko\AppData\Local\Temp (java.io.tmpdir)
27 апр 2026;15:41:51.773 [main] DEBUG i.n.util.internal.PlatformDependent - -Dio.netty.bitMode: 64 (sun.arch.data.model)
27 апр 2026;15:41:51.773 [main] DEBUG i.n.util.internal.PlatformDependent - Platform: Windows
27 апр 2026;15:41:51.773 [main] DEBUG i.n.util.internal.PlatformDependent - -Dio.netty.maxDirectMemory: 7628390400 bytes
27 апр 2026;15:41:51.774 [main] DEBUG i.n.util.internal.PlatformDependent - -Dio.netty.uninitializedArrayAllocationThreshold: -1
27 апр 2026;15:41:51.774 [main] DEBUG io.netty.util.internal.CleanerJava6 - java.nio.ByteBuffer.cleaner(): available
27 апр 2026;15:41:51.774 [main] DEBUG i.n.util.internal.PlatformDependent - -Dio.netty.noPreferDirect: false
27 апр 2026;15:41:51.782 [main] DEBUG io.netty.util.ResourceLeakDetector - -Dio.netty.leakDetection.level: simple
27 апр 2026;15:41:51.782 [main] DEBUG io.netty.util.ResourceLeakDetector - -Dio.netty.leakDetection.targetRecords: 4
27 апр 2026;15:41:51.784 [main] DEBUG i.n.buffer.PooledByteBufAllocator - -Dio.netty.allocator.numHeapArenas: 16
27 апр 2026;15:41:51.784 [main] DEBUG i.n.buffer.PooledByteBufAllocator - -Dio.netty.allocator.numDirectArenas: 16
27 апр 2026;15:41:51.784 [main] DEBUG i.n.buffer.PooledByteBufAllocator - -Dio.netty.allocator.pageSize: 8192
27 апр 2026;15:41:51.784 [main] DEBUG i.n.buffer.PooledByteBufAllocator - -Dio.netty.allocator.maxOrder: 9
27 апр 2026;15:41:51.784 [main] DEBUG i.n.buffer.PooledByteBufAllocator - -Dio.netty.allocator.chunkSize: 4194304
27 апр 2026;15:41:51.785 [main] DEBUG i.n.buffer.PooledByteBufAllocator - -Dio.netty.allocator.smallCacheSize: 256
27 апр 2026;15:41:51.785 [main] DEBUG i.n.buffer.PooledByteBufAllocator - -Dio.netty.allocator.normalCacheSize: 64
27 апр 2026;15:41:51.785 [main] DEBUG i.n.buffer.PooledByteBufAllocator - -Dio.netty.allocator.maxCachedBufferCapacity: 32768
27 апр 2026;15:41:51.785 [main] DEBUG i.n.buffer.PooledByteBufAllocator - -Dio.netty.allocator.cacheTrimInterval: 8192
27 апр 2026;15:41:51.785 [main] DEBUG i.n.buffer.PooledByteBufAllocator - -Dio.netty.allocator.cacheTrimIntervalMillis: 0
27 апр 2026;15:41:51.785 [main] DEBUG i.n.buffer.PooledByteBufAllocator - -Dio.netty.allocator.useCacheForAllThreads: false
27 апр 2026;15:41:51.785 [main] DEBUG i.n.buffer.PooledByteBufAllocator - -Dio.netty.allocator.maxCachedByteBuffersPerChunk: 1023
27 апр 2026;15:41:51.795 [main] DEBUG io.netty.buffer.ByteBufUtil - -Dio.netty.allocator.type: pooled
27 апр 2026;15:41:51.795 [main] DEBUG io.netty.buffer.ByteBufUtil - -Dio.netty.threadLocalDirectBufferSize: 0
27 апр 2026;15:41:51.795 [main] DEBUG io.netty.buffer.ByteBufUtil - -Dio.netty.maxThreadLocalCharBufferSize: 16384
27 апр 2026;15:41:52.110 [main] DEBUG i.n.c.MultithreadEventLoopGroup - -Dio.netty.eventLoopThreads: 16
27 апр 2026;15:41:52.127 [main] DEBUG io.netty.channel.nio.NioEventLoop - -Dio.netty.noKeySetOptimization: false
27 апр 2026;15:41:52.127 [main] DEBUG io.netty.channel.nio.NioEventLoop - -Dio.netty.selectorAutoRebuildThreshold: 512
27 апр 2026;15:41:52.134 [main] DEBUG i.n.util.internal.PlatformDependent - org.jctools-core.MpscChunkedArrayQueue: available
27 апр 2026;15:41:52.577 [main] DEBUG io.netty.handler.ssl.OpenSsl - netty-tcnative not in the classpath; OpenSslEngine will be unavailable.
27 апр 2026;15:41:52.665 [main] DEBUG io.netty.handler.ssl.JdkSslContext - Default protocols (JDK): [TLSv1.3, TLSv1.2] 
27 апр 2026;15:41:52.665 [main] DEBUG io.netty.handler.ssl.JdkSslContext - Default cipher suites (JDK): [TLS_ECDHE_ECDSA_WITH_AES_256_GCM_SHA384, TLS_ECDHE_ECDSA_WITH_AES_128_GCM_SHA256, TLS_ECDHE_RSA_WITH_AES_128_GCM_SHA256, TLS_ECDHE_RSA_WITH_AES_256_GCM_SHA384, TLS_ECDHE_RSA_WITH_AES_128_CBC_SHA, TLS_ECDHE_RSA_WITH_AES_256_CBC_SHA, TLS_RSA_WITH_AES_128_GCM_SHA256, TLS_RSA_WITH_AES_128_CBC_SHA, TLS_RSA_WITH_AES_256_CBC_SHA, TLS_AES_128_GCM_SHA256, TLS_AES_256_GCM_SHA384]
27 апр 2026;15:41:52.671 [main] DEBUG reactor.util.Loggers - Using Slf4j logging framework
27 апр 2026;15:41:52.724 [main] DEBUG reactor.core.publisher.Hooks - Hooking onEachOperator: micronaut
27 апр 2026;15:41:52.816 [main] DEBUG io.netty.channel.DefaultChannelId - -Dio.netty.processId: 6484 (auto-detected)
27 апр 2026;15:41:52.818 [main] DEBUG io.netty.util.NetUtil - -Djava.net.preferIPv4Stack: false
27 апр 2026;15:41:52.819 [main] DEBUG io.netty.util.NetUtil - -Djava.net.preferIPv6Addresses: false
27 апр 2026;15:41:53.116 [main] DEBUG io.netty.util.NetUtilInitializations - Loopback interface: lo (Software Loopback Interface 1, 127.0.0.1)
27 апр 2026;15:41:53.116 [main] DEBUG io.netty.util.NetUtil - Failed to get SOMAXCONN from sysctl and file \proc\sys\net\core\somaxconn. Default: 200
27 апр 2026;15:41:53.439 [main] DEBUG io.netty.channel.DefaultChannelId - -Dio.netty.machineId: 30:9c:23:ff:fe:02:cb:6e (auto-detected)
27 апр 2026;15:41:53.504 [default-nioEventLoopGroup-1-1] DEBUG io.netty.buffer.AbstractByteBuf - -Dio.netty.buffer.checkAccessible: true
27 апр 2026;15:41:53.505 [default-nioEventLoopGroup-1-1] DEBUG io.netty.buffer.AbstractByteBuf - -Dio.netty.buffer.checkBounds: true
27 апр 2026;15:41:53.505 [default-nioEventLoopGroup-1-1] DEBUG i.n.util.ResourceLeakDetectorFactory - Loaded default ResourceLeakDetector: io.netty.util.ResourceLeakDetector@1472bb4a
27 апр 2026;15:41:53.543 [default-nioEventLoopGroup-1-1] DEBUG io.netty.util.Recycler - -Dio.netty.recycler.maxCapacityPerThread: 4096
27 апр 2026;15:41:53.544 [default-nioEventLoopGroup-1-1] DEBUG io.netty.util.Recycler - -Dio.netty.recycler.ratio: 8
27 апр 2026;15:41:53.544 [default-nioEventLoopGroup-1-1] DEBUG io.netty.util.Recycler - -Dio.netty.recycler.chunkSize: 32
27 апр 2026;15:41:53.544 [default-nioEventLoopGroup-1-1] DEBUG io.netty.util.Recycler - -Dio.netty.recycler.blocking: false
27 апр 2026;15:41:53.595 [default-nioEventLoopGroup-1-1] DEBUG i.n.handler.codec.compression.Brotli - brotli4j not in the classpath; Brotli support will be unavailable.
27 апр 2026;15:41:57.917 [main] INFO  io.micronaut.runtime.Micronaut - Startup completed in 7397ms. Server Running: http://localhost:8085
27 апр 2026;15:48:09.066 [Thread-1] INFO  io.micronaut.runtime.Micronaut - Embedded Application shutting down
27 апр 2026;15:48:09.086 [default-nioEventLoopGroup-1-4] DEBUG io.netty.buffer.PoolThreadCache - Freed 10 thread-local buffer(s) from thread: default-nioEventLoopGroup-1-4
27 апр 2026;15:48:09.086 [default-nioEventLoopGroup-1-15] DEBUG io.netty.buffer.PoolThreadCache - Freed 37 thread-local buffer(s) from thread: default-nioEventLoopGroup-1-15
27 апр 2026;15:48:09.086 [default-nioEventLoopGroup-1-14] DEBUG io.netty.buffer.PoolThreadCache - Freed 9 thread-local buffer(s) from thread: default-nioEventLoopGroup-1-14
27 апр 2026;15:48:09.086 [default-nioEventLoopGroup-1-13] DEBUG io.netty.buffer.PoolThreadCache - Freed 8 thread-local buffer(s) from thread: default-nioEventLoopGroup-1-13
27 апр 2026;15:48:09.087 [default-nioEventLoopGroup-1-12] DEBUG io.netty.buffer.PoolThreadCache - Freed 4 thread-local buffer(s) from thread: default-nioEventLoopGroup-1-12
27 апр 2026;15:48:09.086 [default-nioEventLoopGroup-1-5] DEBUG io.netty.buffer.PoolThreadCache - Freed 10 thread-local buffer(s) from thread: default-nioEventLoopGroup-1-5
27 апр 2026;15:48:09.086 [default-nioEventLoopGroup-1-6] DEBUG io.netty.buffer.PoolThreadCache - Freed 11 thread-local buffer(s) from thread: default-nioEventLoopGroup-1-6
27 апр 2026;15:48:09.086 [default-nioEventLoopGroup-1-7] DEBUG io.netty.buffer.PoolThreadCache - Freed 11 thread-local buffer(s) from thread: default-nioEventLoopGroup-1-7
27 апр 2026;15:48:09.087 [default-nioEventLoopGroup-1-8] DEBUG io.netty.buffer.PoolThreadCache - Freed 10 thread-local buffer(s) from thread: default-nioEventLoopGroup-1-8
27 апр 2026;15:48:09.086 [default-nioEventLoopGroup-1-1] DEBUG io.netty.buffer.PoolThreadCache - Freed 27 thread-local buffer(s) from thread: default-nioEventLoopGroup-1-1
27 апр 2026;15:48:09.087 [default-nioEventLoopGroup-1-3] DEBUG io.netty.buffer.PoolThreadCache - Freed 11 thread-local buffer(s) from thread: default-nioEventLoopGroup-1-3
27 апр 2026;15:48:09.086 [default-nioEventLoopGroup-1-10] DEBUG io.netty.buffer.PoolThreadCache - Freed 3 thread-local buffer(s) from thread: default-nioEventLoopGroup-1-10
27 апр 2026;15:48:09.086 [default-nioEventLoopGroup-1-16] DEBUG io.netty.buffer.PoolThreadCache - Freed 45 thread-local buffer(s) from thread: default-nioEventLoopGroup-1-16
27 апр 2026;15:48:09.086 [default-nioEventLoopGroup-1-2] DEBUG io.netty.buffer.PoolThreadCache - Freed 30 thread-local buffer(s) from thread: default-nioEventLoopGroup-1-2
27 апр 2026;15:48:09.086 [default-nioEventLoopGroup-1-11] DEBUG io.netty.buffer.PoolThreadCache - Freed 7 thread-local buffer(s) from thread: default-nioEventLoopGroup-1-11
27 апр 2026;15:48:09.086 [default-nioEventLoopGroup-1-9] DEBUG io.netty.buffer.PoolThreadCache - Freed 4 thread-local buffer(s) from thread: default-nioEventLoopGroup-1-9
27 апр 2026;15:48:09.091 [Thread-1] DEBUG reactor.core.publisher.Hooks - Reset onEachOperator: micronaut
27 апр 2026;16:08:08.356 [main] DEBUG i.n.u.i.l.InternalLoggerFactory - Using SLF4J as the default logging framework
27 апр 2026;16:08:08.365 [main] DEBUG i.n.u.i.InternalThreadLocalMap - -Dio.netty.threadLocalMap.stringBuilder.initialSize: 1024
27 апр 2026;16:08:08.365 [main] DEBUG i.n.u.i.InternalThreadLocalMap - -Dio.netty.threadLocalMap.stringBuilder.maxSize: 4096
27 апр 2026;16:08:08.394 [main] DEBUG i.n.util.internal.PlatformDependent0 - -Dio.netty.noUnsafe: false
27 апр 2026;16:08:08.395 [main] DEBUG i.n.util.internal.PlatformDependent0 - Java version: 8
27 апр 2026;16:08:08.396 [main] DEBUG i.n.util.internal.PlatformDependent0 - sun.misc.Unsafe.theUnsafe: available
27 апр 2026;16:08:08.398 [main] DEBUG i.n.util.internal.PlatformDependent0 - sun.misc.Unsafe.copyMemory: available
27 апр 2026;16:08:08.399 [main] DEBUG i.n.util.internal.PlatformDependent0 - sun.misc.Unsafe.storeFence: available
27 апр 2026;16:08:08.400 [main] DEBUG i.n.util.internal.PlatformDependent0 - java.nio.Buffer.address: available
27 апр 2026;16:08:08.401 [main] DEBUG i.n.util.internal.PlatformDependent0 - direct buffer constructor: available
27 апр 2026;16:08:08.403 [main] DEBUG i.n.util.internal.PlatformDependent0 - java.nio.Bits.unaligned: available, true
27 апр 2026;16:08:08.403 [main] DEBUG i.n.util.internal.PlatformDependent0 - jdk.internal.misc.Unsafe.allocateUninitializedArray(int): unavailable prior to Java9
27 апр 2026;16:08:08.403 [main] DEBUG i.n.util.internal.PlatformDependent0 - java.nio.DirectByteBuffer.<init>(long, int): available
27 апр 2026;16:08:08.403 [main] DEBUG i.n.util.internal.PlatformDependent - sun.misc.Unsafe: available
27 апр 2026;16:08:08.404 [main] DEBUG i.n.util.internal.PlatformDependent - -Dio.netty.tmpdir: C:\Users\psoko\AppData\Local\Temp (java.io.tmpdir)
27 апр 2026;16:08:08.405 [main] DEBUG i.n.util.internal.PlatformDependent - -Dio.netty.bitMode: 64 (sun.arch.data.model)
27 апр 2026;16:08:08.406 [main] DEBUG i.n.util.internal.PlatformDependent - Platform: Windows
27 апр 2026;16:08:08.407 [main] DEBUG i.n.util.internal.PlatformDependent - -Dio.netty.maxDirectMemory: 7628390400 bytes
27 апр 2026;16:08:08.407 [main] DEBUG i.n.util.internal.PlatformDependent - -Dio.netty.uninitializedArrayAllocationThreshold: -1
27 апр 2026;16:08:08.408 [main] DEBUG io.netty.util.internal.CleanerJava6 - java.nio.ByteBuffer.cleaner(): available
27 апр 2026;16:08:08.409 [main] DEBUG i.n.util.internal.PlatformDependent - -Dio.netty.noPreferDirect: false
27 апр 2026;16:08:08.429 [main] DEBUG io.netty.util.ResourceLeakDetector - -Dio.netty.leakDetection.level: simple
27 апр 2026;16:08:08.429 [main] DEBUG io.netty.util.ResourceLeakDetector - -Dio.netty.leakDetection.targetRecords: 4
27 апр 2026;16:08:08.434 [main] DEBUG i.n.buffer.PooledByteBufAllocator - -Dio.netty.allocator.numHeapArenas: 16
27 апр 2026;16:08:08.434 [main] DEBUG i.n.buffer.PooledByteBufAllocator - -Dio.netty.allocator.numDirectArenas: 16
27 апр 2026;16:08:08.435 [main] DEBUG i.n.buffer.PooledByteBufAllocator - -Dio.netty.allocator.pageSize: 8192
27 апр 2026;16:08:08.435 [main] DEBUG i.n.buffer.PooledByteBufAllocator - -Dio.netty.allocator.maxOrder: 9
27 апр 2026;16:08:08.435 [main] DEBUG i.n.buffer.PooledByteBufAllocator - -Dio.netty.allocator.chunkSize: 4194304
27 апр 2026;16:08:08.435 [main] DEBUG i.n.buffer.PooledByteBufAllocator - -Dio.netty.allocator.smallCacheSize: 256
27 апр 2026;16:08:08.435 [main] DEBUG i.n.buffer.PooledByteBufAllocator - -Dio.netty.allocator.normalCacheSize: 64
27 апр 2026;16:08:08.435 [main] DEBUG i.n.buffer.PooledByteBufAllocator - -Dio.netty.allocator.maxCachedBufferCapacity: 32768
27 апр 2026;16:08:08.435 [main] DEBUG i.n.buffer.PooledByteBufAllocator - -Dio.netty.allocator.cacheTrimInterval: 8192
27 апр 2026;16:08:08.436 [main] DEBUG i.n.buffer.PooledByteBufAllocator - -Dio.netty.allocator.cacheTrimIntervalMillis: 0
27 апр 2026;16:08:08.436 [main] DEBUG i.n.buffer.PooledByteBufAllocator - -Dio.netty.allocator.useCacheForAllThreads: false
27 апр 2026;16:08:08.436 [main] DEBUG i.n.buffer.PooledByteBufAllocator - -Dio.netty.allocator.maxCachedByteBuffersPerChunk: 1023
27 апр 2026;16:08:08.457 [main] DEBUG io.netty.buffer.ByteBufUtil - -Dio.netty.allocator.type: pooled
27 апр 2026;16:08:08.457 [main] DEBUG io.netty.buffer.ByteBufUtil - -Dio.netty.threadLocalDirectBufferSize: 0
27 апр 2026;16:08:08.457 [main] DEBUG io.netty.buffer.ByteBufUtil - -Dio.netty.maxThreadLocalCharBufferSize: 16384
27 апр 2026;16:08:08.976 [main] DEBUG i.n.c.MultithreadEventLoopGroup - -Dio.netty.eventLoopThreads: 16
27 апр 2026;16:08:09.001 [main] DEBUG io.netty.channel.nio.NioEventLoop - -Dio.netty.noKeySetOptimization: false
27 апр 2026;16:08:09.002 [main] DEBUG io.netty.channel.nio.NioEventLoop - -Dio.netty.selectorAutoRebuildThreshold: 512
27 апр 2026;16:08:09.010 [main] DEBUG i.n.util.internal.PlatformDependent - org.jctools-core.MpscChunkedArrayQueue: available
27 апр 2026;16:08:09.457 [main] DEBUG io.netty.handler.ssl.OpenSsl - netty-tcnative not in the classpath; OpenSslEngine will be unavailable.
27 апр 2026;16:08:09.554 [main] DEBUG io.netty.handler.ssl.JdkSslContext - Default protocols (JDK): [TLSv1.3, TLSv1.2] 
27 апр 2026;16:08:09.554 [main] DEBUG io.netty.handler.ssl.JdkSslContext - Default cipher suites (JDK): [TLS_ECDHE_ECDSA_WITH_AES_256_GCM_SHA384, TLS_ECDHE_ECDSA_WITH_AES_128_GCM_SHA256, TLS_ECDHE_RSA_WITH_AES_128_GCM_SHA256, TLS_ECDHE_RSA_WITH_AES_256_GCM_SHA384, TLS_ECDHE_RSA_WITH_AES_128_CBC_SHA, TLS_ECDHE_RSA_WITH_AES_256_CBC_SHA, TLS_RSA_WITH_AES_128_GCM_SHA256, TLS_RSA_WITH_AES_128_CBC_SHA, TLS_RSA_WITH_AES_256_CBC_SHA, TLS_AES_128_GCM_SHA256, TLS_AES_256_GCM_SHA384]
27 апр 2026;16:08:09.560 [main] DEBUG reactor.util.Loggers - Using Slf4j logging framework
27 апр 2026;16:08:09.614 [main] DEBUG reactor.core.publisher.Hooks - Hooking onEachOperator: micronaut
27 апр 2026;16:08:09.707 [main] DEBUG io.netty.channel.DefaultChannelId - -Dio.netty.processId: 29708 (auto-detected)
27 апр 2026;16:08:09.709 [main] DEBUG io.netty.util.NetUtil - -Djava.net.preferIPv4Stack: false
27 апр 2026;16:08:09.709 [main] DEBUG io.netty.util.NetUtil - -Djava.net.preferIPv6Addresses: false
27 апр 2026;16:08:10.016 [main] DEBUG io.netty.util.NetUtilInitializations - Loopback interface: lo (Software Loopback Interface 1, 127.0.0.1)
27 апр 2026;16:08:10.017 [main] DEBUG io.netty.util.NetUtil - Failed to get SOMAXCONN from sysctl and file \proc\sys\net\core\somaxconn. Default: 200
27 апр 2026;16:08:10.388 [main] DEBUG io.netty.channel.DefaultChannelId - -Dio.netty.machineId: 30:9c:23:ff:fe:02:cb:6e (auto-detected)
27 апр 2026;16:08:10.459 [default-nioEventLoopGroup-1-1] DEBUG io.netty.buffer.AbstractByteBuf - -Dio.netty.buffer.checkAccessible: true
27 апр 2026;16:08:10.459 [default-nioEventLoopGroup-1-1] DEBUG io.netty.buffer.AbstractByteBuf - -Dio.netty.buffer.checkBounds: true
27 апр 2026;16:08:10.459 [default-nioEventLoopGroup-1-1] DEBUG i.n.util.ResourceLeakDetectorFactory - Loaded default ResourceLeakDetector: io.netty.util.ResourceLeakDetector@18065f10
27 апр 2026;16:08:10.500 [default-nioEventLoopGroup-1-1] DEBUG io.netty.util.Recycler - -Dio.netty.recycler.maxCapacityPerThread: 4096
27 апр 2026;16:08:10.500 [default-nioEventLoopGroup-1-1] DEBUG io.netty.util.Recycler - -Dio.netty.recycler.ratio: 8
27 апр 2026;16:08:10.500 [default-nioEventLoopGroup-1-1] DEBUG io.netty.util.Recycler - -Dio.netty.recycler.chunkSize: 32
27 апр 2026;16:08:10.500 [default-nioEventLoopGroup-1-1] DEBUG io.netty.util.Recycler - -Dio.netty.recycler.blocking: false
27 апр 2026;16:08:10.562 [default-nioEventLoopGroup-1-1] DEBUG i.n.handler.codec.compression.Brotli - brotli4j not in the classpath; Brotli support will be unavailable.
27 апр 2026;16:08:14.876 [main] INFO  io.micronaut.runtime.Micronaut - Startup completed in 8564ms. Server Running: http://localhost:8085
27 апр 2026;16:16:53.763 [Thread-1] INFO  io.micronaut.runtime.Micronaut - Embedded Application shutting down
27 апр 2026;16:16:53.790 [default-nioEventLoopGroup-1-15] DEBUG io.netty.buffer.PoolThreadCache - Freed 3 thread-local buffer(s) from thread: default-nioEventLoopGroup-1-15
27 апр 2026;16:16:53.790 [default-nioEventLoopGroup-1-10] DEBUG io.netty.buffer.PoolThreadCache - Freed 3 thread-local buffer(s) from thread: default-nioEventLoopGroup-1-10
27 апр 2026;16:16:53.790 [default-nioEventLoopGroup-1-11] DEBUG io.netty.buffer.PoolThreadCache - Freed 3 thread-local buffer(s) from thread: default-nioEventLoopGroup-1-11
27 апр 2026;16:16:53.796 [default-nioEventLoopGroup-1-1] DEBUG io.netty.buffer.PoolThreadCache - Freed 26 thread-local buffer(s) from thread: default-nioEventLoopGroup-1-1
27 апр 2026;16:16:53.794 [default-nioEventLoopGroup-1-14] DEBUG io.netty.buffer.PoolThreadCache - Freed 3 thread-local buffer(s) from thread: default-nioEventLoopGroup-1-14
27 апр 2026;16:16:53.793 [default-nioEventLoopGroup-1-8] DEBUG io.netty.buffer.PoolThreadCache - Freed 30 thread-local buffer(s) from thread: default-nioEventLoopGroup-1-8
27 апр 2026;16:16:53.790 [default-nioEventLoopGroup-1-16] DEBUG io.netty.buffer.PoolThreadCache - Freed 3 thread-local buffer(s) from thread: default-nioEventLoopGroup-1-16
27 апр 2026;16:16:53.793 [default-nioEventLoopGroup-1-2] DEBUG io.netty.buffer.PoolThreadCache - Freed 39 thread-local buffer(s) from thread: default-nioEventLoopGroup-1-2
27 апр 2026;16:16:53.790 [default-nioEventLoopGroup-1-9] DEBUG io.netty.buffer.PoolThreadCache - Freed 35 thread-local buffer(s) from thread: default-nioEventLoopGroup-1-9
27 апр 2026;16:16:53.799 [default-nioEventLoopGroup-1-3] DEBUG io.netty.buffer.PoolThreadCache - Freed 3 thread-local buffer(s) from thread: default-nioEventLoopGroup-1-3
27 апр 2026;16:16:53.790 [default-nioEventLoopGroup-1-7] DEBUG io.netty.buffer.PoolThreadCache - Freed 3 thread-local buffer(s) from thread: default-nioEventLoopGroup-1-7
27 апр 2026;16:16:53.790 [default-nioEventLoopGroup-1-13] DEBUG io.netty.buffer.PoolThreadCache - Freed 6 thread-local buffer(s) from thread: default-nioEventLoopGroup-1-13
27 апр 2026;16:16:53.790 [default-nioEventLoopGroup-1-12] DEBUG io.netty.buffer.PoolThreadCache - Freed 3 thread-local buffer(s) from thread: default-nioEventLoopGroup-1-12
27 апр 2026;16:16:53.798 [default-nioEventLoopGroup-1-4] DEBUG io.netty.buffer.PoolThreadCache - Freed 5 thread-local buffer(s) from thread: default-nioEventLoopGroup-1-4
27 апр 2026;16:16:53.790 [default-nioEventLoopGroup-1-6] DEBUG io.netty.buffer.PoolThreadCache - Freed 3 thread-local buffer(s) from thread: default-nioEventLoopGroup-1-6
27 апр 2026;16:16:53.798 [default-nioEventLoopGroup-1-5] DEBUG io.netty.buffer.PoolThreadCache - Freed 3 thread-local buffer(s) from thread: default-nioEventLoopGroup-1-5
27 апр 2026;16:16:53.808 [Thread-1] DEBUG reactor.core.publisher.Hooks - Reset onEachOperator: micronaut
27 апр 2026;16:16:57.453 [main] DEBUG i.n.u.i.l.InternalLoggerFactory - Using SLF4J as the default logging framework
27 апр 2026;16:16:57.457 [main] DEBUG i.n.u.i.InternalThreadLocalMap - -Dio.netty.threadLocalMap.stringBuilder.initialSize: 1024
27 апр 2026;16:16:57.457 [main] DEBUG i.n.u.i.InternalThreadLocalMap - -Dio.netty.threadLocalMap.stringBuilder.maxSize: 4096
27 апр 2026;16:16:57.471 [main] DEBUG i.n.util.internal.PlatformDependent0 - -Dio.netty.noUnsafe: false
27 апр 2026;16:16:57.471 [main] DEBUG i.n.util.internal.PlatformDependent0 - Java version: 8
27 апр 2026;16:16:57.472 [main] DEBUG i.n.util.internal.PlatformDependent0 - sun.misc.Unsafe.theUnsafe: available
27 апр 2026;16:16:57.472 [main] DEBUG i.n.util.internal.PlatformDependent0 - sun.misc.Unsafe.copyMemory: available
27 апр 2026;16:16:57.472 [main] DEBUG i.n.util.internal.PlatformDependent0 - sun.misc.Unsafe.storeFence: available
27 апр 2026;16:16:57.473 [main] DEBUG i.n.util.internal.PlatformDependent0 - java.nio.Buffer.address: available
27 апр 2026;16:16:57.473 [main] DEBUG i.n.util.internal.PlatformDependent0 - direct buffer constructor: available
27 апр 2026;16:16:57.474 [main] DEBUG i.n.util.internal.PlatformDependent0 - java.nio.Bits.unaligned: available, true
27 апр 2026;16:16:57.474 [main] DEBUG i.n.util.internal.PlatformDependent0 - jdk.internal.misc.Unsafe.allocateUninitializedArray(int): unavailable prior to Java9
27 апр 2026;16:16:57.474 [main] DEBUG i.n.util.internal.PlatformDependent0 - java.nio.DirectByteBuffer.<init>(long, int): available
27 апр 2026;16:16:57.474 [main] DEBUG i.n.util.internal.PlatformDependent - sun.misc.Unsafe: available
27 апр 2026;16:16:57.474 [main] DEBUG i.n.util.internal.PlatformDependent - -Dio.netty.tmpdir: C:\Users\psoko\AppData\Local\Temp (java.io.tmpdir)
27 апр 2026;16:16:57.474 [main] DEBUG i.n.util.internal.PlatformDependent - -Dio.netty.bitMode: 64 (sun.arch.data.model)
27 апр 2026;16:16:57.475 [main] DEBUG i.n.util.internal.PlatformDependent - Platform: Windows
27 апр 2026;16:16:57.475 [main] DEBUG i.n.util.internal.PlatformDependent - -Dio.netty.maxDirectMemory: 7628390400 bytes
27 апр 2026;16:16:57.476 [main] DEBUG i.n.util.internal.PlatformDependent - -Dio.netty.uninitializedArrayAllocationThreshold: -1
27 апр 2026;16:16:57.476 [main] DEBUG io.netty.util.internal.CleanerJava6 - java.nio.ByteBuffer.cleaner(): available
27 апр 2026;16:16:57.477 [main] DEBUG i.n.util.internal.PlatformDependent - -Dio.netty.noPreferDirect: false
27 апр 2026;16:16:57.485 [main] DEBUG io.netty.util.ResourceLeakDetector - -Dio.netty.leakDetection.level: simple
27 апр 2026;16:16:57.485 [main] DEBUG io.netty.util.ResourceLeakDetector - -Dio.netty.leakDetection.targetRecords: 4
27 апр 2026;16:16:57.487 [main] DEBUG i.n.buffer.PooledByteBufAllocator - -Dio.netty.allocator.numHeapArenas: 16
27 апр 2026;16:16:57.487 [main] DEBUG i.n.buffer.PooledByteBufAllocator - -Dio.netty.allocator.numDirectArenas: 16
27 апр 2026;16:16:57.487 [main] DEBUG i.n.buffer.PooledByteBufAllocator - -Dio.netty.allocator.pageSize: 8192
27 апр 2026;16:16:57.487 [main] DEBUG i.n.buffer.PooledByteBufAllocator - -Dio.netty.allocator.maxOrder: 9
27 апр 2026;16:16:57.487 [main] DEBUG i.n.buffer.PooledByteBufAllocator - -Dio.netty.allocator.chunkSize: 4194304
27 апр 2026;16:16:57.487 [main] DEBUG i.n.buffer.PooledByteBufAllocator - -Dio.netty.allocator.smallCacheSize: 256
27 апр 2026;16:16:57.488 [main] DEBUG i.n.buffer.PooledByteBufAllocator - -Dio.netty.allocator.normalCacheSize: 64
27 апр 2026;16:16:57.488 [main] DEBUG i.n.buffer.PooledByteBufAllocator - -Dio.netty.allocator.maxCachedBufferCapacity: 32768
27 апр 2026;16:16:57.488 [main] DEBUG i.n.buffer.PooledByteBufAllocator - -Dio.netty.allocator.cacheTrimInterval: 8192
27 апр 2026;16:16:57.488 [main] DEBUG i.n.buffer.PooledByteBufAllocator - -Dio.netty.allocator.cacheTrimIntervalMillis: 0
27 апр 2026;16:16:57.488 [main] DEBUG i.n.buffer.PooledByteBufAllocator - -Dio.netty.allocator.useCacheForAllThreads: false
27 апр 2026;16:16:57.488 [main] DEBUG i.n.buffer.PooledByteBufAllocator - -Dio.netty.allocator.maxCachedByteBuffersPerChunk: 1023
27 апр 2026;16:16:57.498 [main] DEBUG io.netty.buffer.ByteBufUtil - -Dio.netty.allocator.type: pooled
27 апр 2026;16:16:57.499 [main] DEBUG io.netty.buffer.ByteBufUtil - -Dio.netty.threadLocalDirectBufferSize: 0
27 апр 2026;16:16:57.499 [main] DEBUG io.netty.buffer.ByteBufUtil - -Dio.netty.maxThreadLocalCharBufferSize: 16384
27 апр 2026;16:16:57.865 [main] DEBUG i.n.c.MultithreadEventLoopGroup - -Dio.netty.eventLoopThreads: 16
27 апр 2026;16:16:57.887 [main] DEBUG io.netty.channel.nio.NioEventLoop - -Dio.netty.noKeySetOptimization: false
27 апр 2026;16:16:57.887 [main] DEBUG io.netty.channel.nio.NioEventLoop - -Dio.netty.selectorAutoRebuildThreshold: 512
27 апр 2026;16:16:57.894 [main] DEBUG i.n.util.internal.PlatformDependent - org.jctools-core.MpscChunkedArrayQueue: available
27 апр 2026;16:16:58.347 [main] DEBUG io.netty.handler.ssl.OpenSsl - netty-tcnative not in the classpath; OpenSslEngine will be unavailable.
27 апр 2026;16:16:58.452 [main] DEBUG io.netty.handler.ssl.JdkSslContext - Default protocols (JDK): [TLSv1.3, TLSv1.2] 
27 апр 2026;16:16:58.452 [main] DEBUG io.netty.handler.ssl.JdkSslContext - Default cipher suites (JDK): [TLS_ECDHE_ECDSA_WITH_AES_256_GCM_SHA384, TLS_ECDHE_ECDSA_WITH_AES_128_GCM_SHA256, TLS_ECDHE_RSA_WITH_AES_128_GCM_SHA256, TLS_ECDHE_RSA_WITH_AES_256_GCM_SHA384, TLS_ECDHE_RSA_WITH_AES_128_CBC_SHA, TLS_ECDHE_RSA_WITH_AES_256_CBC_SHA, TLS_RSA_WITH_AES_128_GCM_SHA256, TLS_RSA_WITH_AES_128_CBC_SHA, TLS_RSA_WITH_AES_256_CBC_SHA, TLS_AES_128_GCM_SHA256, TLS_AES_256_GCM_SHA384]
27 апр 2026;16:16:58.458 [main] DEBUG reactor.util.Loggers - Using Slf4j logging framework
27 апр 2026;16:16:58.515 [main] DEBUG reactor.core.publisher.Hooks - Hooking onEachOperator: micronaut
27 апр 2026;16:16:58.607 [main] DEBUG io.netty.channel.DefaultChannelId - -Dio.netty.processId: 25576 (auto-detected)
27 апр 2026;16:16:58.609 [main] DEBUG io.netty.util.NetUtil - -Djava.net.preferIPv4Stack: false
27 апр 2026;16:16:58.609 [main] DEBUG io.netty.util.NetUtil - -Djava.net.preferIPv6Addresses: false
27 апр 2026;16:16:58.908 [main] DEBUG io.netty.util.NetUtilInitializations - Loopback interface: lo (Software Loopback Interface 1, 127.0.0.1)
27 апр 2026;16:16:58.909 [main] DEBUG io.netty.util.NetUtil - Failed to get SOMAXCONN from sysctl and file \proc\sys\net\core\somaxconn. Default: 200
27 апр 2026;16:16:59.276 [main] DEBUG io.netty.channel.DefaultChannelId - -Dio.netty.machineId: 30:9c:23:ff:fe:02:cb:6e (auto-detected)
27 апр 2026;16:16:59.344 [default-nioEventLoopGroup-1-1] DEBUG io.netty.buffer.AbstractByteBuf - -Dio.netty.buffer.checkAccessible: true
27 апр 2026;16:16:59.345 [default-nioEventLoopGroup-1-1] DEBUG io.netty.buffer.AbstractByteBuf - -Dio.netty.buffer.checkBounds: true
27 апр 2026;16:16:59.346 [default-nioEventLoopGroup-1-1] DEBUG i.n.util.ResourceLeakDetectorFactory - Loaded default ResourceLeakDetector: io.netty.util.ResourceLeakDetector@ded5463
27 апр 2026;16:16:59.384 [default-nioEventLoopGroup-1-1] DEBUG io.netty.util.Recycler - -Dio.netty.recycler.maxCapacityPerThread: 4096
27 апр 2026;16:16:59.384 [default-nioEventLoopGroup-1-1] DEBUG io.netty.util.Recycler - -Dio.netty.recycler.ratio: 8
27 апр 2026;16:16:59.385 [default-nioEventLoopGroup-1-1] DEBUG io.netty.util.Recycler - -Dio.netty.recycler.chunkSize: 32
27 апр 2026;16:16:59.385 [default-nioEventLoopGroup-1-1] DEBUG io.netty.util.Recycler - -Dio.netty.recycler.blocking: false
27 апр 2026;16:16:59.439 [default-nioEventLoopGroup-1-1] DEBUG i.n.handler.codec.compression.Brotli - brotli4j not in the classpath; Brotli support will be unavailable.
27 апр 2026;16:17:03.362 [main] INFO  io.micronaut.runtime.Micronaut - Startup completed in 7325ms. Server Running: http://localhost:8085
27 апр 2026;16:21:52.668 [Thread-1] INFO  io.micronaut.runtime.Micronaut - Embedded Application shutting down
27 апр 2026;16:21:52.698 [default-nioEventLoopGroup-1-8] DEBUG io.netty.buffer.PoolThreadCache - Freed 4 thread-local buffer(s) from thread: default-nioEventLoopGroup-1-8
27 апр 2026;16:21:52.698 [default-nioEventLoopGroup-1-7] DEBUG io.netty.buffer.PoolThreadCache - Freed 4 thread-local buffer(s) from thread: default-nioEventLoopGroup-1-7
27 апр 2026;16:21:52.698 [default-nioEventLoopGroup-1-13] DEBUG io.netty.buffer.PoolThreadCache - Freed 5 thread-local buffer(s) from thread: default-nioEventLoopGroup-1-13
27 апр 2026;16:21:52.698 [default-nioEventLoopGroup-1-11] DEBUG io.netty.buffer.PoolThreadCache - Freed 3 thread-local buffer(s) from thread: default-nioEventLoopGroup-1-11
27 апр 2026;16:21:52.698 [default-nioEventLoopGroup-1-1] DEBUG io.netty.buffer.PoolThreadCache - Freed 23 thread-local buffer(s) from thread: default-nioEventLoopGroup-1-1
27 апр 2026;16:21:52.699 [default-nioEventLoopGroup-1-5] DEBUG io.netty.buffer.PoolThreadCache - Freed 3 thread-local buffer(s) from thread: default-nioEventLoopGroup-1-5
27 апр 2026;16:21:52.698 [default-nioEventLoopGroup-1-2] DEBUG io.netty.buffer.PoolThreadCache - Freed 40 thread-local buffer(s) from thread: default-nioEventLoopGroup-1-2
27 апр 2026;16:21:52.698 [default-nioEventLoopGroup-1-10] DEBUG io.netty.buffer.PoolThreadCache - Freed 3 thread-local buffer(s) from thread: default-nioEventLoopGroup-1-10
27 апр 2026;16:21:52.698 [default-nioEventLoopGroup-1-6] DEBUG io.netty.buffer.PoolThreadCache - Freed 4 thread-local buffer(s) from thread: default-nioEventLoopGroup-1-6
27 апр 2026;16:21:52.698 [default-nioEventLoopGroup-1-9] DEBUG io.netty.buffer.PoolThreadCache - Freed 4 thread-local buffer(s) from thread: default-nioEventLoopGroup-1-9
27 апр 2026;16:21:52.699 [default-nioEventLoopGroup-1-4] DEBUG io.netty.buffer.PoolThreadCache - Freed 4 thread-local buffer(s) from thread: default-nioEventLoopGroup-1-4
27 апр 2026;16:21:52.699 [default-nioEventLoopGroup-1-3] DEBUG io.netty.buffer.PoolThreadCache - Freed 4 thread-local buffer(s) from thread: default-nioEventLoopGroup-1-3
27 апр 2026;16:21:52.700 [default-nioEventLoopGroup-1-15] DEBUG io.netty.buffer.PoolThreadCache - Freed 3 thread-local buffer(s) from thread: default-nioEventLoopGroup-1-15
27 апр 2026;16:21:52.698 [default-nioEventLoopGroup-1-12] DEBUG io.netty.buffer.PoolThreadCache - Freed 3 thread-local buffer(s) from thread: default-nioEventLoopGroup-1-12
27 апр 2026;16:21:52.701 [default-nioEventLoopGroup-1-16] DEBUG io.netty.buffer.PoolThreadCache - Freed 4 thread-local buffer(s) from thread: default-nioEventLoopGroup-1-16
27 апр 2026;16:21:52.702 [default-nioEventLoopGroup-1-14] DEBUG io.netty.buffer.PoolThreadCache - Freed 3 thread-local buffer(s) from thread: default-nioEventLoopGroup-1-14
27 апр 2026;16:21:52.710 [Thread-1] DEBUG reactor.core.publisher.Hooks - Reset onEachOperator: micronaut
27 апр 2026;17:12:45.675 [main] DEBUG i.n.u.i.l.InternalLoggerFactory - Using SLF4J as the default logging framework
27 апр 2026;17:12:45.679 [main] DEBUG i.n.u.i.InternalThreadLocalMap - -Dio.netty.threadLocalMap.stringBuilder.initialSize: 1024
27 апр 2026;17:12:45.679 [main] DEBUG i.n.u.i.InternalThreadLocalMap - -Dio.netty.threadLocalMap.stringBuilder.maxSize: 4096
27 апр 2026;17:12:45.693 [main] DEBUG i.n.util.internal.PlatformDependent0 - -Dio.netty.noUnsafe: false
27 апр 2026;17:12:45.694 [main] DEBUG i.n.util.internal.PlatformDependent0 - Java version: 8
27 апр 2026;17:12:45.694 [main] DEBUG i.n.util.internal.PlatformDependent0 - sun.misc.Unsafe.theUnsafe: available
27 апр 2026;17:12:45.695 [main] DEBUG i.n.util.internal.PlatformDependent0 - sun.misc.Unsafe.copyMemory: available
27 апр 2026;17:12:45.695 [main] DEBUG i.n.util.internal.PlatformDependent0 - sun.misc.Unsafe.storeFence: available
27 апр 2026;17:12:45.696 [main] DEBUG i.n.util.internal.PlatformDependent0 - java.nio.Buffer.address: available
27 апр 2026;17:12:45.696 [main] DEBUG i.n.util.internal.PlatformDependent0 - direct buffer constructor: available
27 апр 2026;17:12:45.697 [main] DEBUG i.n.util.internal.PlatformDependent0 - java.nio.Bits.unaligned: available, true
27 апр 2026;17:12:45.697 [main] DEBUG i.n.util.internal.PlatformDependent0 - jdk.internal.misc.Unsafe.allocateUninitializedArray(int): unavailable prior to Java9
27 апр 2026;17:12:45.697 [main] DEBUG i.n.util.internal.PlatformDependent0 - java.nio.DirectByteBuffer.<init>(long, int): available
27 апр 2026;17:12:45.697 [main] DEBUG i.n.util.internal.PlatformDependent - sun.misc.Unsafe: available
27 апр 2026;17:12:45.697 [main] DEBUG i.n.util.internal.PlatformDependent - -Dio.netty.tmpdir: C:\Users\psoko\AppData\Local\Temp (java.io.tmpdir)
27 апр 2026;17:12:45.697 [main] DEBUG i.n.util.internal.PlatformDependent - -Dio.netty.bitMode: 64 (sun.arch.data.model)
27 апр 2026;17:12:45.698 [main] DEBUG i.n.util.internal.PlatformDependent - Platform: Windows
27 апр 2026;17:12:45.699 [main] DEBUG i.n.util.internal.PlatformDependent - -Dio.netty.maxDirectMemory: 7628390400 bytes
27 апр 2026;17:12:45.699 [main] DEBUG i.n.util.internal.PlatformDependent - -Dio.netty.uninitializedArrayAllocationThreshold: -1
27 апр 2026;17:12:45.700 [main] DEBUG io.netty.util.internal.CleanerJava6 - java.nio.ByteBuffer.cleaner(): available
27 апр 2026;17:12:45.700 [main] DEBUG i.n.util.internal.PlatformDependent - -Dio.netty.noPreferDirect: false
27 апр 2026;17:12:45.708 [main] DEBUG io.netty.util.ResourceLeakDetector - -Dio.netty.leakDetection.level: simple
27 апр 2026;17:12:45.708 [main] DEBUG io.netty.util.ResourceLeakDetector - -Dio.netty.leakDetection.targetRecords: 4
27 апр 2026;17:12:45.711 [main] DEBUG i.n.buffer.PooledByteBufAllocator - -Dio.netty.allocator.numHeapArenas: 16
27 апр 2026;17:12:45.711 [main] DEBUG i.n.buffer.PooledByteBufAllocator - -Dio.netty.allocator.numDirectArenas: 16
27 апр 2026;17:12:45.711 [main] DEBUG i.n.buffer.PooledByteBufAllocator - -Dio.netty.allocator.pageSize: 8192
27 апр 2026;17:12:45.711 [main] DEBUG i.n.buffer.PooledByteBufAllocator - -Dio.netty.allocator.maxOrder: 9
27 апр 2026;17:12:45.711 [main] DEBUG i.n.buffer.PooledByteBufAllocator - -Dio.netty.allocator.chunkSize: 4194304
27 апр 2026;17:12:45.711 [main] DEBUG i.n.buffer.PooledByteBufAllocator - -Dio.netty.allocator.smallCacheSize: 256
27 апр 2026;17:12:45.711 [main] DEBUG i.n.buffer.PooledByteBufAllocator - -Dio.netty.allocator.normalCacheSize: 64
27 апр 2026;17:12:45.711 [main] DEBUG i.n.buffer.PooledByteBufAllocator - -Dio.netty.allocator.maxCachedBufferCapacity: 32768
27 апр 2026;17:12:45.711 [main] DEBUG i.n.buffer.PooledByteBufAllocator - -Dio.netty.allocator.cacheTrimInterval: 8192
27 апр 2026;17:12:45.711 [main] DEBUG i.n.buffer.PooledByteBufAllocator - -Dio.netty.allocator.cacheTrimIntervalMillis: 0
27 апр 2026;17:12:45.712 [main] DEBUG i.n.buffer.PooledByteBufAllocator - -Dio.netty.allocator.useCacheForAllThreads: false
27 апр 2026;17:12:45.712 [main] DEBUG i.n.buffer.PooledByteBufAllocator - -Dio.netty.allocator.maxCachedByteBuffersPerChunk: 1023
27 апр 2026;17:12:45.722 [main] DEBUG io.netty.buffer.ByteBufUtil - -Dio.netty.allocator.type: pooled
27 апр 2026;17:12:45.722 [main] DEBUG io.netty.buffer.ByteBufUtil - -Dio.netty.threadLocalDirectBufferSize: 0
27 апр 2026;17:12:45.722 [main] DEBUG io.netty.buffer.ByteBufUtil - -Dio.netty.maxThreadLocalCharBufferSize: 16384
27 апр 2026;17:12:46.039 [main] DEBUG i.n.c.MultithreadEventLoopGroup - -Dio.netty.eventLoopThreads: 16
27 апр 2026;17:12:46.054 [main] DEBUG io.netty.channel.nio.NioEventLoop - -Dio.netty.noKeySetOptimization: false
27 апр 2026;17:12:46.054 [main] DEBUG io.netty.channel.nio.NioEventLoop - -Dio.netty.selectorAutoRebuildThreshold: 512
27 апр 2026;17:12:46.061 [main] DEBUG i.n.util.internal.PlatformDependent - org.jctools-core.MpscChunkedArrayQueue: available
27 апр 2026;17:12:46.500 [main] DEBUG io.netty.handler.ssl.OpenSsl - netty-tcnative not in the classpath; OpenSslEngine will be unavailable.
27 апр 2026;17:12:46.603 [main] DEBUG io.netty.handler.ssl.JdkSslContext - Default protocols (JDK): [TLSv1.3, TLSv1.2] 
27 апр 2026;17:12:46.603 [main] DEBUG io.netty.handler.ssl.JdkSslContext - Default cipher suites (JDK): [TLS_ECDHE_ECDSA_WITH_AES_256_GCM_SHA384, TLS_ECDHE_ECDSA_WITH_AES_128_GCM_SHA256, TLS_ECDHE_RSA_WITH_AES_128_GCM_SHA256, TLS_ECDHE_RSA_WITH_AES_256_GCM_SHA384, TLS_ECDHE_RSA_WITH_AES_128_CBC_SHA, TLS_ECDHE_RSA_WITH_AES_256_CBC_SHA, TLS_RSA_WITH_AES_128_GCM_SHA256, TLS_RSA_WITH_AES_128_CBC_SHA, TLS_RSA_WITH_AES_256_CBC_SHA, TLS_AES_128_GCM_SHA256, TLS_AES_256_GCM_SHA384]
27 апр 2026;17:12:46.609 [main] DEBUG reactor.util.Loggers - Using Slf4j logging framework
27 апр 2026;17:12:46.668 [main] DEBUG reactor.core.publisher.Hooks - Hooking onEachOperator: micronaut
27 апр 2026;17:12:46.763 [main] DEBUG io.netty.channel.DefaultChannelId - -Dio.netty.processId: 288 (auto-detected)
27 апр 2026;17:12:46.765 [main] DEBUG io.netty.util.NetUtil - -Djava.net.preferIPv4Stack: false
27 апр 2026;17:12:46.765 [main] DEBUG io.netty.util.NetUtil - -Djava.net.preferIPv6Addresses: false
27 апр 2026;17:12:47.094 [main] DEBUG io.netty.util.NetUtilInitializations - Loopback interface: lo (Software Loopback Interface 1, 127.0.0.1)
27 апр 2026;17:12:47.095 [main] DEBUG io.netty.util.NetUtil - Failed to get SOMAXCONN from sysctl and file \proc\sys\net\core\somaxconn. Default: 200
27 апр 2026;17:12:47.437 [main] DEBUG io.netty.channel.DefaultChannelId - -Dio.netty.machineId: 30:9c:23:ff:fe:02:cb:6e (auto-detected)
27 апр 2026;17:12:47.503 [default-nioEventLoopGroup-1-1] DEBUG io.netty.buffer.AbstractByteBuf - -Dio.netty.buffer.checkAccessible: true
27 апр 2026;17:12:47.504 [default-nioEventLoopGroup-1-1] DEBUG io.netty.buffer.AbstractByteBuf - -Dio.netty.buffer.checkBounds: true
27 апр 2026;17:12:47.504 [default-nioEventLoopGroup-1-1] DEBUG i.n.util.ResourceLeakDetectorFactory - Loaded default ResourceLeakDetector: io.netty.util.ResourceLeakDetector@468d0af
27 апр 2026;17:12:47.544 [default-nioEventLoopGroup-1-1] DEBUG io.netty.util.Recycler - -Dio.netty.recycler.maxCapacityPerThread: 4096
27 апр 2026;17:12:47.544 [default-nioEventLoopGroup-1-1] DEBUG io.netty.util.Recycler - -Dio.netty.recycler.ratio: 8
27 апр 2026;17:12:47.544 [default-nioEventLoopGroup-1-1] DEBUG io.netty.util.Recycler - -Dio.netty.recycler.chunkSize: 32
27 апр 2026;17:12:47.545 [default-nioEventLoopGroup-1-1] DEBUG io.netty.util.Recycler - -Dio.netty.recycler.blocking: false
27 апр 2026;17:12:47.619 [default-nioEventLoopGroup-1-1] DEBUG i.n.handler.codec.compression.Brotli - brotli4j not in the classpath; Brotli support will be unavailable.
27 апр 2026;17:12:51.470 [main] INFO  io.micronaut.runtime.Micronaut - Startup completed in 7029ms. Server Running: http://localhost:8085
27 апр 2026;17:26:31.036 [Thread-1] INFO  io.micronaut.runtime.Micronaut - Embedded Application shutting down
27 апр 2026;17:26:31.057 [default-nioEventLoopGroup-1-10] DEBUG io.netty.buffer.PoolThreadCache - Freed 8 thread-local buffer(s) from thread: default-nioEventLoopGroup-1-10
27 апр 2026;17:26:31.057 [default-nioEventLoopGroup-1-3] DEBUG io.netty.buffer.PoolThreadCache - Freed 5 thread-local buffer(s) from thread: default-nioEventLoopGroup-1-3
27 апр 2026;17:26:31.057 [default-nioEventLoopGroup-1-7] DEBUG io.netty.buffer.PoolThreadCache - Freed 41 thread-local buffer(s) from thread: default-nioEventLoopGroup-1-7
27 апр 2026;17:26:31.057 [default-nioEventLoopGroup-1-6] DEBUG io.netty.buffer.PoolThreadCache - Freed 29 thread-local buffer(s) from thread: default-nioEventLoopGroup-1-6
27 апр 2026;17:26:31.058 [default-nioEventLoopGroup-1-2] DEBUG io.netty.buffer.PoolThreadCache - Freed 38 thread-local buffer(s) from thread: default-nioEventLoopGroup-1-2
27 апр 2026;17:26:31.058 [default-nioEventLoopGroup-1-14] DEBUG io.netty.buffer.PoolThreadCache - Freed 29 thread-local buffer(s) from thread: default-nioEventLoopGroup-1-14
27 апр 2026;17:26:31.058 [default-nioEventLoopGroup-1-8] DEBUG io.netty.buffer.PoolThreadCache - Freed 5 thread-local buffer(s) from thread: default-nioEventLoopGroup-1-8
27 апр 2026;17:26:31.058 [default-nioEventLoopGroup-1-15] DEBUG io.netty.buffer.PoolThreadCache - Freed 36 thread-local buffer(s) from thread: default-nioEventLoopGroup-1-15
27 апр 2026;17:26:31.058 [default-nioEventLoopGroup-1-1] DEBUG io.netty.buffer.PoolThreadCache - Freed 30 thread-local buffer(s) from thread: default-nioEventLoopGroup-1-1
27 апр 2026;17:26:31.057 [default-nioEventLoopGroup-1-5] DEBUG io.netty.buffer.PoolThreadCache - Freed 3 thread-local buffer(s) from thread: default-nioEventLoopGroup-1-5
27 апр 2026;17:26:31.058 [default-nioEventLoopGroup-1-11] DEBUG io.netty.buffer.PoolThreadCache - Freed 3 thread-local buffer(s) from thread: default-nioEventLoopGroup-1-11
27 апр 2026;17:26:31.059 [default-nioEventLoopGroup-1-13] DEBUG io.netty.buffer.PoolThreadCache - Freed 6 thread-local buffer(s) from thread: default-nioEventLoopGroup-1-13
27 апр 2026;17:26:31.057 [default-nioEventLoopGroup-1-4] DEBUG io.netty.buffer.PoolThreadCache - Freed 4 thread-local buffer(s) from thread: default-nioEventLoopGroup-1-4
27 апр 2026;17:26:31.059 [default-nioEventLoopGroup-1-12] DEBUG io.netty.buffer.PoolThreadCache - Freed 3 thread-local buffer(s) from thread: default-nioEventLoopGroup-1-12
27 апр 2026;17:26:31.059 [default-nioEventLoopGroup-1-16] DEBUG io.netty.buffer.PoolThreadCache - Freed 4 thread-local buffer(s) from thread: default-nioEventLoopGroup-1-16
27 апр 2026;17:26:31.059 [default-nioEventLoopGroup-1-9] DEBUG io.netty.buffer.PoolThreadCache - Freed 4 thread-local buffer(s) from thread: default-nioEventLoopGroup-1-9
27 апр 2026;17:26:31.062 [Thread-1] DEBUG reactor.core.publisher.Hooks - Reset onEachOperator: micronaut
27 апр 2026;17:26:54.979 [main] DEBUG i.n.u.i.l.InternalLoggerFactory - Using SLF4J as the default logging framework
27 апр 2026;17:26:54.984 [main] DEBUG i.n.u.i.InternalThreadLocalMap - -Dio.netty.threadLocalMap.stringBuilder.initialSize: 1024
27 апр 2026;17:26:54.984 [main] DEBUG i.n.u.i.InternalThreadLocalMap - -Dio.netty.threadLocalMap.stringBuilder.maxSize: 4096
27 апр 2026;17:26:55.001 [main] DEBUG i.n.util.internal.PlatformDependent0 - -Dio.netty.noUnsafe: false
27 апр 2026;17:26:55.002 [main] DEBUG i.n.util.internal.PlatformDependent0 - Java version: 8
27 апр 2026;17:26:55.003 [main] DEBUG i.n.util.internal.PlatformDependent0 - sun.misc.Unsafe.theUnsafe: available
27 апр 2026;17:26:55.003 [main] DEBUG i.n.util.internal.PlatformDependent0 - sun.misc.Unsafe.copyMemory: available
27 апр 2026;17:26:55.003 [main] DEBUG i.n.util.internal.PlatformDependent0 - sun.misc.Unsafe.storeFence: available
27 апр 2026;17:26:55.004 [main] DEBUG i.n.util.internal.PlatformDependent0 - java.nio.Buffer.address: available
27 апр 2026;17:26:55.004 [main] DEBUG i.n.util.internal.PlatformDependent0 - direct buffer constructor: available
27 апр 2026;17:26:55.005 [main] DEBUG i.n.util.internal.PlatformDependent0 - java.nio.Bits.unaligned: available, true
27 апр 2026;17:26:55.005 [main] DEBUG i.n.util.internal.PlatformDependent0 - jdk.internal.misc.Unsafe.allocateUninitializedArray(int): unavailable prior to Java9
27 апр 2026;17:26:55.005 [main] DEBUG i.n.util.internal.PlatformDependent0 - java.nio.DirectByteBuffer.<init>(long, int): available
27 апр 2026;17:26:55.005 [main] DEBUG i.n.util.internal.PlatformDependent - sun.misc.Unsafe: available
27 апр 2026;17:26:55.005 [main] DEBUG i.n.util.internal.PlatformDependent - -Dio.netty.tmpdir: C:\Users\psoko\AppData\Local\Temp (java.io.tmpdir)
27 апр 2026;17:26:55.005 [main] DEBUG i.n.util.internal.PlatformDependent - -Dio.netty.bitMode: 64 (sun.arch.data.model)
27 апр 2026;17:26:55.006 [main] DEBUG i.n.util.internal.PlatformDependent - Platform: Windows
27 апр 2026;17:26:55.007 [main] DEBUG i.n.util.internal.PlatformDependent - -Dio.netty.maxDirectMemory: 7628390400 bytes
27 апр 2026;17:26:55.007 [main] DEBUG i.n.util.internal.PlatformDependent - -Dio.netty.uninitializedArrayAllocationThreshold: -1
27 апр 2026;17:26:55.008 [main] DEBUG io.netty.util.internal.CleanerJava6 - java.nio.ByteBuffer.cleaner(): available
27 апр 2026;17:26:55.008 [main] DEBUG i.n.util.internal.PlatformDependent - -Dio.netty.noPreferDirect: false
27 апр 2026;17:26:55.019 [main] DEBUG io.netty.util.ResourceLeakDetector - -Dio.netty.leakDetection.level: simple
27 апр 2026;17:26:55.019 [main] DEBUG io.netty.util.ResourceLeakDetector - -Dio.netty.leakDetection.targetRecords: 4
27 апр 2026;17:26:55.021 [main] DEBUG i.n.buffer.PooledByteBufAllocator - -Dio.netty.allocator.numHeapArenas: 16
27 апр 2026;17:26:55.021 [main] DEBUG i.n.buffer.PooledByteBufAllocator - -Dio.netty.allocator.numDirectArenas: 16
27 апр 2026;17:26:55.021 [main] DEBUG i.n.buffer.PooledByteBufAllocator - -Dio.netty.allocator.pageSize: 8192
27 апр 2026;17:26:55.021 [main] DEBUG i.n.buffer.PooledByteBufAllocator - -Dio.netty.allocator.maxOrder: 9
27 апр 2026;17:26:55.022 [main] DEBUG i.n.buffer.PooledByteBufAllocator - -Dio.netty.allocator.chunkSize: 4194304
27 апр 2026;17:26:55.022 [main] DEBUG i.n.buffer.PooledByteBufAllocator - -Dio.netty.allocator.smallCacheSize: 256
27 апр 2026;17:26:55.022 [main] DEBUG i.n.buffer.PooledByteBufAllocator - -Dio.netty.allocator.normalCacheSize: 64
27 апр 2026;17:26:55.022 [main] DEBUG i.n.buffer.PooledByteBufAllocator - -Dio.netty.allocator.maxCachedBufferCapacity: 32768
27 апр 2026;17:26:55.022 [main] DEBUG i.n.buffer.PooledByteBufAllocator - -Dio.netty.allocator.cacheTrimInterval: 8192
27 апр 2026;17:26:55.022 [main] DEBUG i.n.buffer.PooledByteBufAllocator - -Dio.netty.allocator.cacheTrimIntervalMillis: 0
27 апр 2026;17:26:55.022 [main] DEBUG i.n.buffer.PooledByteBufAllocator - -Dio.netty.allocator.useCacheForAllThreads: false
27 апр 2026;17:26:55.022 [main] DEBUG i.n.buffer.PooledByteBufAllocator - -Dio.netty.allocator.maxCachedByteBuffersPerChunk: 1023
27 апр 2026;17:26:55.040 [main] DEBUG io.netty.buffer.ByteBufUtil - -Dio.netty.allocator.type: pooled
27 апр 2026;17:26:55.041 [main] DEBUG io.netty.buffer.ByteBufUtil - -Dio.netty.threadLocalDirectBufferSize: 0
27 апр 2026;17:26:55.041 [main] DEBUG io.netty.buffer.ByteBufUtil - -Dio.netty.maxThreadLocalCharBufferSize: 16384
27 апр 2026;17:26:55.551 [main] DEBUG i.n.c.MultithreadEventLoopGroup - -Dio.netty.eventLoopThreads: 16
27 апр 2026;17:26:55.594 [main] DEBUG io.netty.channel.nio.NioEventLoop - -Dio.netty.noKeySetOptimization: false
27 апр 2026;17:26:55.594 [main] DEBUG io.netty.channel.nio.NioEventLoop - -Dio.netty.selectorAutoRebuildThreshold: 512
27 апр 2026;17:26:55.611 [main] DEBUG i.n.util.internal.PlatformDependent - org.jctools-core.MpscChunkedArrayQueue: available
27 апр 2026;17:26:56.251 [main] DEBUG io.netty.handler.ssl.OpenSsl - netty-tcnative not in the classpath; OpenSslEngine will be unavailable.
27 апр 2026;17:26:56.351 [main] DEBUG io.netty.handler.ssl.JdkSslContext - Default protocols (JDK): [TLSv1.3, TLSv1.2] 
27 апр 2026;17:26:56.351 [main] DEBUG io.netty.handler.ssl.JdkSslContext - Default cipher suites (JDK): [TLS_ECDHE_ECDSA_WITH_AES_256_GCM_SHA384, TLS_ECDHE_ECDSA_WITH_AES_128_GCM_SHA256, TLS_ECDHE_RSA_WITH_AES_128_GCM_SHA256, TLS_ECDHE_RSA_WITH_AES_256_GCM_SHA384, TLS_ECDHE_RSA_WITH_AES_128_CBC_SHA, TLS_ECDHE_RSA_WITH_AES_256_CBC_SHA, TLS_RSA_WITH_AES_128_GCM_SHA256, TLS_RSA_WITH_AES_128_CBC_SHA, TLS_RSA_WITH_AES_256_CBC_SHA, TLS_AES_128_GCM_SHA256, TLS_AES_256_GCM_SHA384]
27 апр 2026;17:26:56.357 [main] DEBUG reactor.util.Loggers - Using Slf4j logging framework
27 апр 2026;17:26:56.416 [main] DEBUG reactor.core.publisher.Hooks - Hooking onEachOperator: micronaut
27 апр 2026;17:26:56.526 [main] DEBUG io.netty.channel.DefaultChannelId - -Dio.netty.processId: 26900 (auto-detected)
27 апр 2026;17:26:56.528 [main] DEBUG io.netty.util.NetUtil - -Djava.net.preferIPv4Stack: false
27 апр 2026;17:26:56.528 [main] DEBUG io.netty.util.NetUtil - -Djava.net.preferIPv6Addresses: false
27 апр 2026;17:26:56.873 [main] DEBUG io.netty.util.NetUtilInitializations - Loopback interface: lo (Software Loopback Interface 1, 127.0.0.1)
27 апр 2026;17:26:56.874 [main] DEBUG io.netty.util.NetUtil - Failed to get SOMAXCONN from sysctl and file \proc\sys\net\core\somaxconn. Default: 200
27 апр 2026;17:26:57.225 [main] DEBUG io.netty.channel.DefaultChannelId - -Dio.netty.machineId: 30:9c:23:ff:fe:02:cb:6e (auto-detected)
27 апр 2026;17:26:57.543 [default-nioEventLoopGroup-1-1] DEBUG io.netty.buffer.AbstractByteBuf - -Dio.netty.buffer.checkAccessible: true
27 апр 2026;17:26:57.543 [default-nioEventLoopGroup-1-1] DEBUG io.netty.buffer.AbstractByteBuf - -Dio.netty.buffer.checkBounds: true
27 апр 2026;17:26:57.544 [default-nioEventLoopGroup-1-1] DEBUG i.n.util.ResourceLeakDetectorFactory - Loaded default ResourceLeakDetector: io.netty.util.ResourceLeakDetector@65c79905
27 апр 2026;17:26:57.609 [default-nioEventLoopGroup-1-1] DEBUG io.netty.util.Recycler - -Dio.netty.recycler.maxCapacityPerThread: 4096
27 апр 2026;17:26:57.609 [default-nioEventLoopGroup-1-1] DEBUG io.netty.util.Recycler - -Dio.netty.recycler.ratio: 8
27 апр 2026;17:26:57.609 [default-nioEventLoopGroup-1-1] DEBUG io.netty.util.Recycler - -Dio.netty.recycler.chunkSize: 32
27 апр 2026;17:26:57.609 [default-nioEventLoopGroup-1-1] DEBUG io.netty.util.Recycler - -Dio.netty.recycler.blocking: false
27 апр 2026;17:26:57.708 [default-nioEventLoopGroup-1-1] DEBUG i.n.handler.codec.compression.Brotli - brotli4j not in the classpath; Brotli support will be unavailable.
27 апр 2026;17:27:01.820 [main] INFO  io.micronaut.runtime.Micronaut - Startup completed in 8337ms. Server Running: http://localhost:8085
27 апр 2026;17:31:36.150 [Thread-1] INFO  io.micronaut.runtime.Micronaut - Embedded Application shutting down
27 апр 2026;17:31:36.184 [default-nioEventLoopGroup-1-3] DEBUG io.netty.buffer.PoolThreadCache - Freed 5 thread-local buffer(s) from thread: default-nioEventLoopGroup-1-3
27 апр 2026;17:31:36.184 [default-nioEventLoopGroup-1-6] DEBUG io.netty.buffer.PoolThreadCache - Freed 3 thread-local buffer(s) from thread: default-nioEventLoopGroup-1-6
27 апр 2026;17:31:36.184 [default-nioEventLoopGroup-1-7] DEBUG io.netty.buffer.PoolThreadCache - Freed 3 thread-local buffer(s) from thread: default-nioEventLoopGroup-1-7
27 апр 2026;17:31:36.184 [default-nioEventLoopGroup-1-4] DEBUG io.netty.buffer.PoolThreadCache - Freed 5 thread-local buffer(s) from thread: default-nioEventLoopGroup-1-4
27 апр 2026;17:31:36.184 [default-nioEventLoopGroup-1-9] DEBUG io.netty.buffer.PoolThreadCache - Freed 4 thread-local buffer(s) from thread: default-nioEventLoopGroup-1-9
27 апр 2026;17:31:36.184 [default-nioEventLoopGroup-1-8] DEBUG io.netty.buffer.PoolThreadCache - Freed 3 thread-local buffer(s) from thread: default-nioEventLoopGroup-1-8
27 апр 2026;17:31:36.184 [default-nioEventLoopGroup-1-1] DEBUG io.netty.buffer.PoolThreadCache - Freed 29 thread-local buffer(s) from thread: default-nioEventLoopGroup-1-1
27 апр 2026;17:31:36.184 [default-nioEventLoopGroup-1-2] DEBUG io.netty.buffer.PoolThreadCache - Freed 37 thread-local buffer(s) from thread: default-nioEventLoopGroup-1-2
27 апр 2026;17:31:36.184 [default-nioEventLoopGroup-1-5] DEBUG io.netty.buffer.PoolThreadCache - Freed 3 thread-local buffer(s) from thread: default-nioEventLoopGroup-1-5
27 апр 2026;17:31:36.187 [default-nioEventLoopGroup-1-16] DEBUG io.netty.buffer.PoolThreadCache - Freed 5 thread-local buffer(s) from thread: default-nioEventLoopGroup-1-16
27 апр 2026;17:31:36.184 [default-nioEventLoopGroup-1-10] DEBUG io.netty.buffer.PoolThreadCache - Freed 4 thread-local buffer(s) from thread: default-nioEventLoopGroup-1-10
27 апр 2026;17:31:36.187 [default-nioEventLoopGroup-1-14] DEBUG io.netty.buffer.PoolThreadCache - Freed 3 thread-local buffer(s) from thread: default-nioEventLoopGroup-1-14
27 апр 2026;17:31:36.185 [default-nioEventLoopGroup-1-12] DEBUG io.netty.buffer.PoolThreadCache - Freed 3 thread-local buffer(s) from thread: default-nioEventLoopGroup-1-12
27 апр 2026;17:31:36.184 [default-nioEventLoopGroup-1-11] DEBUG io.netty.buffer.PoolThreadCache - Freed 3 thread-local buffer(s) from thread: default-nioEventLoopGroup-1-11
27 апр 2026;17:31:36.185 [default-nioEventLoopGroup-1-13] DEBUG io.netty.buffer.PoolThreadCache - Freed 6 thread-local buffer(s) from thread: default-nioEventLoopGroup-1-13
27 апр 2026;17:31:36.189 [default-nioEventLoopGroup-1-15] DEBUG io.netty.buffer.PoolThreadCache - Freed 3 thread-local buffer(s) from thread: default-nioEventLoopGroup-1-15
27 апр 2026;17:31:36.195 [Thread-1] DEBUG reactor.core.publisher.Hooks - Reset onEachOperator: micronaut
27 апр 2026;17:31:40.350 [main] DEBUG i.n.u.i.l.InternalLoggerFactory - Using SLF4J as the default logging framework
27 апр 2026;17:31:40.354 [main] DEBUG i.n.u.i.InternalThreadLocalMap - -Dio.netty.threadLocalMap.stringBuilder.initialSize: 1024
27 апр 2026;17:31:40.354 [main] DEBUG i.n.u.i.InternalThreadLocalMap - -Dio.netty.threadLocalMap.stringBuilder.maxSize: 4096
27 апр 2026;17:31:40.370 [main] DEBUG i.n.util.internal.PlatformDependent0 - -Dio.netty.noUnsafe: false
27 апр 2026;17:31:40.370 [main] DEBUG i.n.util.internal.PlatformDependent0 - Java version: 8
27 апр 2026;17:31:40.371 [main] DEBUG i.n.util.internal.PlatformDependent0 - sun.misc.Unsafe.theUnsafe: available
27 апр 2026;17:31:40.371 [main] DEBUG i.n.util.internal.PlatformDependent0 - sun.misc.Unsafe.copyMemory: available
27 апр 2026;17:31:40.372 [main] DEBUG i.n.util.internal.PlatformDependent0 - sun.misc.Unsafe.storeFence: available
27 апр 2026;17:31:40.372 [main] DEBUG i.n.util.internal.PlatformDependent0 - java.nio.Buffer.address: available
27 апр 2026;17:31:40.372 [main] DEBUG i.n.util.internal.PlatformDependent0 - direct buffer constructor: available
27 апр 2026;17:31:40.373 [main] DEBUG i.n.util.internal.PlatformDependent0 - java.nio.Bits.unaligned: available, true
27 апр 2026;17:31:40.373 [main] DEBUG i.n.util.internal.PlatformDependent0 - jdk.internal.misc.Unsafe.allocateUninitializedArray(int): unavailable prior to Java9
27 апр 2026;17:31:40.373 [main] DEBUG i.n.util.internal.PlatformDependent0 - java.nio.DirectByteBuffer.<init>(long, int): available
27 апр 2026;17:31:40.373 [main] DEBUG i.n.util.internal.PlatformDependent - sun.misc.Unsafe: available
27 апр 2026;17:31:40.374 [main] DEBUG i.n.util.internal.PlatformDependent - -Dio.netty.tmpdir: C:\Users\psoko\AppData\Local\Temp (java.io.tmpdir)
27 апр 2026;17:31:40.374 [main] DEBUG i.n.util.internal.PlatformDependent - -Dio.netty.bitMode: 64 (sun.arch.data.model)
27 апр 2026;17:31:40.374 [main] DEBUG i.n.util.internal.PlatformDependent - Platform: Windows
27 апр 2026;17:31:40.375 [main] DEBUG i.n.util.internal.PlatformDependent - -Dio.netty.maxDirectMemory: 7628390400 bytes
27 апр 2026;17:31:40.375 [main] DEBUG i.n.util.internal.PlatformDependent - -Dio.netty.uninitializedArrayAllocationThreshold: -1
27 апр 2026;17:31:40.376 [main] DEBUG io.netty.util.internal.CleanerJava6 - java.nio.ByteBuffer.cleaner(): available
27 апр 2026;17:31:40.376 [main] DEBUG i.n.util.internal.PlatformDependent - -Dio.netty.noPreferDirect: false
27 апр 2026;17:31:40.384 [main] DEBUG io.netty.util.ResourceLeakDetector - -Dio.netty.leakDetection.level: simple
27 апр 2026;17:31:40.384 [main] DEBUG io.netty.util.ResourceLeakDetector - -Dio.netty.leakDetection.targetRecords: 4
27 апр 2026;17:31:40.386 [main] DEBUG i.n.buffer.PooledByteBufAllocator - -Dio.netty.allocator.numHeapArenas: 16
27 апр 2026;17:31:40.386 [main] DEBUG i.n.buffer.PooledByteBufAllocator - -Dio.netty.allocator.numDirectArenas: 16
27 апр 2026;17:31:40.386 [main] DEBUG i.n.buffer.PooledByteBufAllocator - -Dio.netty.allocator.pageSize: 8192
27 апр 2026;17:31:40.386 [main] DEBUG i.n.buffer.PooledByteBufAllocator - -Dio.netty.allocator.maxOrder: 9
27 апр 2026;17:31:40.386 [main] DEBUG i.n.buffer.PooledByteBufAllocator - -Dio.netty.allocator.chunkSize: 4194304
27 апр 2026;17:31:40.387 [main] DEBUG i.n.buffer.PooledByteBufAllocator - -Dio.netty.allocator.smallCacheSize: 256
27 апр 2026;17:31:40.387 [main] DEBUG i.n.buffer.PooledByteBufAllocator - -Dio.netty.allocator.normalCacheSize: 64
27 апр 2026;17:31:40.387 [main] DEBUG i.n.buffer.PooledByteBufAllocator - -Dio.netty.allocator.maxCachedBufferCapacity: 32768
27 апр 2026;17:31:40.387 [main] DEBUG i.n.buffer.PooledByteBufAllocator - -Dio.netty.allocator.cacheTrimInterval: 8192
27 апр 2026;17:31:40.387 [main] DEBUG i.n.buffer.PooledByteBufAllocator - -Dio.netty.allocator.cacheTrimIntervalMillis: 0
27 апр 2026;17:31:40.387 [main] DEBUG i.n.buffer.PooledByteBufAllocator - -Dio.netty.allocator.useCacheForAllThreads: false
27 апр 2026;17:31:40.387 [main] DEBUG i.n.buffer.PooledByteBufAllocator - -Dio.netty.allocator.maxCachedByteBuffersPerChunk: 1023
27 апр 2026;17:31:40.398 [main] DEBUG io.netty.buffer.ByteBufUtil - -Dio.netty.allocator.type: pooled
27 апр 2026;17:31:40.398 [main] DEBUG io.netty.buffer.ByteBufUtil - -Dio.netty.threadLocalDirectBufferSize: 0
27 апр 2026;17:31:40.398 [main] DEBUG io.netty.buffer.ByteBufUtil - -Dio.netty.maxThreadLocalCharBufferSize: 16384
27 апр 2026;17:31:40.701 [main] DEBUG i.n.c.MultithreadEventLoopGroup - -Dio.netty.eventLoopThreads: 16
27 апр 2026;17:31:40.718 [main] DEBUG io.netty.channel.nio.NioEventLoop - -Dio.netty.noKeySetOptimization: false
27 апр 2026;17:31:40.719 [main] DEBUG io.netty.channel.nio.NioEventLoop - -Dio.netty.selectorAutoRebuildThreshold: 512
27 апр 2026;17:31:40.726 [main] DEBUG i.n.util.internal.PlatformDependent - org.jctools-core.MpscChunkedArrayQueue: available
27 апр 2026;17:31:41.230 [main] DEBUG io.netty.handler.ssl.OpenSsl - netty-tcnative not in the classpath; OpenSslEngine will be unavailable.
27 апр 2026;17:31:41.339 [main] DEBUG io.netty.handler.ssl.JdkSslContext - Default protocols (JDK): [TLSv1.3, TLSv1.2] 
27 апр 2026;17:31:41.340 [main] DEBUG io.netty.handler.ssl.JdkSslContext - Default cipher suites (JDK): [TLS_ECDHE_ECDSA_WITH_AES_256_GCM_SHA384, TLS_ECDHE_ECDSA_WITH_AES_128_GCM_SHA256, TLS_ECDHE_RSA_WITH_AES_128_GCM_SHA256, TLS_ECDHE_RSA_WITH_AES_256_GCM_SHA384, TLS_ECDHE_RSA_WITH_AES_128_CBC_SHA, TLS_ECDHE_RSA_WITH_AES_256_CBC_SHA, TLS_RSA_WITH_AES_128_GCM_SHA256, TLS_RSA_WITH_AES_128_CBC_SHA, TLS_RSA_WITH_AES_256_CBC_SHA, TLS_AES_128_GCM_SHA256, TLS_AES_256_GCM_SHA384]
27 апр 2026;17:31:41.348 [main] DEBUG reactor.util.Loggers - Using Slf4j logging framework
27 апр 2026;17:31:41.412 [main] DEBUG reactor.core.publisher.Hooks - Hooking onEachOperator: micronaut
27 апр 2026;17:31:41.511 [main] DEBUG io.netty.channel.DefaultChannelId - -Dio.netty.processId: 32332 (auto-detected)
27 апр 2026;17:31:41.513 [main] DEBUG io.netty.util.NetUtil - -Djava.net.preferIPv4Stack: false
27 апр 2026;17:31:41.513 [main] DEBUG io.netty.util.NetUtil - -Djava.net.preferIPv6Addresses: false
27 апр 2026;17:31:41.829 [main] DEBUG io.netty.util.NetUtilInitializations - Loopback interface: lo (Software Loopback Interface 1, 127.0.0.1)
27 апр 2026;17:31:41.830 [main] DEBUG io.netty.util.NetUtil - Failed to get SOMAXCONN from sysctl and file \proc\sys\net\core\somaxconn. Default: 200
27 апр 2026;17:31:42.173 [main] DEBUG io.netty.channel.DefaultChannelId - -Dio.netty.machineId: 30:9c:23:ff:fe:02:cb:6e (auto-detected)
27 апр 2026;17:31:42.247 [default-nioEventLoopGroup-1-1] DEBUG io.netty.buffer.AbstractByteBuf - -Dio.netty.buffer.checkAccessible: true
27 апр 2026;17:31:42.247 [default-nioEventLoopGroup-1-1] DEBUG io.netty.buffer.AbstractByteBuf - -Dio.netty.buffer.checkBounds: true
27 апр 2026;17:31:42.248 [default-nioEventLoopGroup-1-1] DEBUG i.n.util.ResourceLeakDetectorFactory - Loaded default ResourceLeakDetector: io.netty.util.ResourceLeakDetector@358514d2
27 апр 2026;17:31:42.289 [default-nioEventLoopGroup-1-1] DEBUG io.netty.util.Recycler - -Dio.netty.recycler.maxCapacityPerThread: 4096
27 апр 2026;17:31:42.289 [default-nioEventLoopGroup-1-1] DEBUG io.netty.util.Recycler - -Dio.netty.recycler.ratio: 8
27 апр 2026;17:31:42.289 [default-nioEventLoopGroup-1-1] DEBUG io.netty.util.Recycler - -Dio.netty.recycler.chunkSize: 32
27 апр 2026;17:31:42.289 [default-nioEventLoopGroup-1-1] DEBUG io.netty.util.Recycler - -Dio.netty.recycler.blocking: false
27 апр 2026;17:31:42.360 [default-nioEventLoopGroup-1-1] DEBUG i.n.handler.codec.compression.Brotli - brotli4j not in the classpath; Brotli support will be unavailable.
27 апр 2026;17:31:48.382 [main] INFO  io.micronaut.runtime.Micronaut - Startup completed in 9337ms. Server Running: http://localhost:8085
27 апр 2026;17:34:11.104 [Thread-1] INFO  io.micronaut.runtime.Micronaut - Embedded Application shutting down
27 апр 2026;17:34:11.121 [default-nioEventLoopGroup-1-2] DEBUG io.netty.buffer.PoolThreadCache - Freed 40 thread-local buffer(s) from thread: default-nioEventLoopGroup-1-2
27 апр 2026;17:34:11.121 [default-nioEventLoopGroup-1-3] DEBUG io.netty.buffer.PoolThreadCache - Freed 5 thread-local buffer(s) from thread: default-nioEventLoopGroup-1-3
27 апр 2026;17:34:11.121 [default-nioEventLoopGroup-1-14] DEBUG io.netty.buffer.PoolThreadCache - Freed 3 thread-local buffer(s) from thread: default-nioEventLoopGroup-1-14
27 апр 2026;17:34:11.121 [default-nioEventLoopGroup-1-7] DEBUG io.netty.buffer.PoolThreadCache - Freed 3 thread-local buffer(s) from thread: default-nioEventLoopGroup-1-7
27 апр 2026;17:34:11.121 [default-nioEventLoopGroup-1-1] DEBUG io.netty.buffer.PoolThreadCache - Freed 21 thread-local buffer(s) from thread: default-nioEventLoopGroup-1-1
27 апр 2026;17:34:11.121 [default-nioEventLoopGroup-1-11] DEBUG io.netty.buffer.PoolThreadCache - Freed 3 thread-local buffer(s) from thread: default-nioEventLoopGroup-1-11
27 апр 2026;17:34:11.121 [default-nioEventLoopGroup-1-9] DEBUG io.netty.buffer.PoolThreadCache - Freed 3 thread-local buffer(s) from thread: default-nioEventLoopGroup-1-9
27 апр 2026;17:34:11.121 [default-nioEventLoopGroup-1-13] DEBUG io.netty.buffer.PoolThreadCache - Freed 7 thread-local buffer(s) from thread: default-nioEventLoopGroup-1-13
27 апр 2026;17:34:11.121 [default-nioEventLoopGroup-1-10] DEBUG io.netty.buffer.PoolThreadCache - Freed 3 thread-local buffer(s) from thread: default-nioEventLoopGroup-1-10
27 апр 2026;17:34:11.121 [default-nioEventLoopGroup-1-12] DEBUG io.netty.buffer.PoolThreadCache - Freed 3 thread-local buffer(s) from thread: default-nioEventLoopGroup-1-12
27 апр 2026;17:34:11.121 [default-nioEventLoopGroup-1-16] DEBUG io.netty.buffer.PoolThreadCache - Freed 5 thread-local buffer(s) from thread: default-nioEventLoopGroup-1-16
27 апр 2026;17:34:11.121 [default-nioEventLoopGroup-1-15] DEBUG io.netty.buffer.PoolThreadCache - Freed 3 thread-local buffer(s) from thread: default-nioEventLoopGroup-1-15
27 апр 2026;17:34:11.121 [default-nioEventLoopGroup-1-6] DEBUG io.netty.buffer.PoolThreadCache - Freed 3 thread-local buffer(s) from thread: default-nioEventLoopGroup-1-6
27 апр 2026;17:34:11.121 [default-nioEventLoopGroup-1-5] DEBUG io.netty.buffer.PoolThreadCache - Freed 3 thread-local buffer(s) from thread: default-nioEventLoopGroup-1-5
27 апр 2026;17:34:11.121 [default-nioEventLoopGroup-1-8] DEBUG io.netty.buffer.PoolThreadCache - Freed 3 thread-local buffer(s) from thread: default-nioEventLoopGroup-1-8
27 апр 2026;17:34:11.121 [default-nioEventLoopGroup-1-4] DEBUG io.netty.buffer.PoolThreadCache - Freed 3 thread-local buffer(s) from thread: default-nioEventLoopGroup-1-4
27 апр 2026;17:34:11.126 [Thread-1] DEBUG reactor.core.publisher.Hooks - Reset onEachOperator: micronaut
27 апр 2026;17:34:14.708 [main] DEBUG i.n.u.i.l.InternalLoggerFactory - Using SLF4J as the default logging framework
27 апр 2026;17:34:14.712 [main] DEBUG i.n.u.i.InternalThreadLocalMap - -Dio.netty.threadLocalMap.stringBuilder.initialSize: 1024
27 апр 2026;17:34:14.712 [main] DEBUG i.n.u.i.InternalThreadLocalMap - -Dio.netty.threadLocalMap.stringBuilder.maxSize: 4096
27 апр 2026;17:34:14.726 [main] DEBUG i.n.util.internal.PlatformDependent0 - -Dio.netty.noUnsafe: false
27 апр 2026;17:34:14.727 [main] DEBUG i.n.util.internal.PlatformDependent0 - Java version: 8
27 апр 2026;17:34:14.727 [main] DEBUG i.n.util.internal.PlatformDependent0 - sun.misc.Unsafe.theUnsafe: available
27 апр 2026;17:34:14.728 [main] DEBUG i.n.util.internal.PlatformDependent0 - sun.misc.Unsafe.copyMemory: available
27 апр 2026;17:34:14.728 [main] DEBUG i.n.util.internal.PlatformDependent0 - sun.misc.Unsafe.storeFence: available
27 апр 2026;17:34:14.728 [main] DEBUG i.n.util.internal.PlatformDependent0 - java.nio.Buffer.address: available
27 апр 2026;17:34:14.729 [main] DEBUG i.n.util.internal.PlatformDependent0 - direct buffer constructor: available
27 апр 2026;17:34:14.729 [main] DEBUG i.n.util.internal.PlatformDependent0 - java.nio.Bits.unaligned: available, true
27 апр 2026;17:34:14.729 [main] DEBUG i.n.util.internal.PlatformDependent0 - jdk.internal.misc.Unsafe.allocateUninitializedArray(int): unavailable prior to Java9
27 апр 2026;17:34:14.730 [main] DEBUG i.n.util.internal.PlatformDependent0 - java.nio.DirectByteBuffer.<init>(long, int): available
27 апр 2026;17:34:14.730 [main] DEBUG i.n.util.internal.PlatformDependent - sun.misc.Unsafe: available
27 апр 2026;17:34:14.731 [main] DEBUG i.n.util.internal.PlatformDependent - -Dio.netty.tmpdir: C:\Users\psoko\AppData\Local\Temp (java.io.tmpdir)
27 апр 2026;17:34:14.731 [main] DEBUG i.n.util.internal.PlatformDependent - -Dio.netty.bitMode: 64 (sun.arch.data.model)
27 апр 2026;17:34:14.731 [main] DEBUG i.n.util.internal.PlatformDependent - Platform: Windows
27 апр 2026;17:34:14.732 [main] DEBUG i.n.util.internal.PlatformDependent - -Dio.netty.maxDirectMemory: 7628390400 bytes
27 апр 2026;17:34:14.732 [main] DEBUG i.n.util.internal.PlatformDependent - -Dio.netty.uninitializedArrayAllocationThreshold: -1
27 апр 2026;17:34:14.733 [main] DEBUG io.netty.util.internal.CleanerJava6 - java.nio.ByteBuffer.cleaner(): available
27 апр 2026;17:34:14.733 [main] DEBUG i.n.util.internal.PlatformDependent - -Dio.netty.noPreferDirect: false
27 апр 2026;17:34:14.742 [main] DEBUG io.netty.util.ResourceLeakDetector - -Dio.netty.leakDetection.level: simple
27 апр 2026;17:34:14.742 [main] DEBUG io.netty.util.ResourceLeakDetector - -Dio.netty.leakDetection.targetRecords: 4
27 апр 2026;17:34:14.744 [main] DEBUG i.n.buffer.PooledByteBufAllocator - -Dio.netty.allocator.numHeapArenas: 16
27 апр 2026;17:34:14.744 [main] DEBUG i.n.buffer.PooledByteBufAllocator - -Dio.netty.allocator.numDirectArenas: 16
27 апр 2026;17:34:14.744 [main] DEBUG i.n.buffer.PooledByteBufAllocator - -Dio.netty.allocator.pageSize: 8192
27 апр 2026;17:34:14.744 [main] DEBUG i.n.buffer.PooledByteBufAllocator - -Dio.netty.allocator.maxOrder: 9
27 апр 2026;17:34:14.744 [main] DEBUG i.n.buffer.PooledByteBufAllocator - -Dio.netty.allocator.chunkSize: 4194304
27 апр 2026;17:34:14.744 [main] DEBUG i.n.buffer.PooledByteBufAllocator - -Dio.netty.allocator.smallCacheSize: 256
27 апр 2026;17:34:14.744 [main] DEBUG i.n.buffer.PooledByteBufAllocator - -Dio.netty.allocator.normalCacheSize: 64
27 апр 2026;17:34:14.745 [main] DEBUG i.n.buffer.PooledByteBufAllocator - -Dio.netty.allocator.maxCachedBufferCapacity: 32768
27 апр 2026;17:34:14.745 [main] DEBUG i.n.buffer.PooledByteBufAllocator - -Dio.netty.allocator.cacheTrimInterval: 8192
27 апр 2026;17:34:14.745 [main] DEBUG i.n.buffer.PooledByteBufAllocator - -Dio.netty.allocator.cacheTrimIntervalMillis: 0
27 апр 2026;17:34:14.745 [main] DEBUG i.n.buffer.PooledByteBufAllocator - -Dio.netty.allocator.useCacheForAllThreads: false
27 апр 2026;17:34:14.745 [main] DEBUG i.n.buffer.PooledByteBufAllocator - -Dio.netty.allocator.maxCachedByteBuffersPerChunk: 1023
27 апр 2026;17:34:14.756 [main] DEBUG io.netty.buffer.ByteBufUtil - -Dio.netty.allocator.type: pooled
27 апр 2026;17:34:14.756 [main] DEBUG io.netty.buffer.ByteBufUtil - -Dio.netty.threadLocalDirectBufferSize: 0
27 апр 2026;17:34:14.756 [main] DEBUG io.netty.buffer.ByteBufUtil - -Dio.netty.maxThreadLocalCharBufferSize: 16384
27 апр 2026;17:34:15.075 [main] DEBUG i.n.c.MultithreadEventLoopGroup - -Dio.netty.eventLoopThreads: 16
27 апр 2026;17:34:15.097 [main] DEBUG io.netty.channel.nio.NioEventLoop - -Dio.netty.noKeySetOptimization: false
27 апр 2026;17:34:15.097 [main] DEBUG io.netty.channel.nio.NioEventLoop - -Dio.netty.selectorAutoRebuildThreshold: 512
27 апр 2026;17:34:15.103 [main] DEBUG i.n.util.internal.PlatformDependent - org.jctools-core.MpscChunkedArrayQueue: available
27 апр 2026;17:34:15.575 [main] DEBUG io.netty.handler.ssl.OpenSsl - netty-tcnative not in the classpath; OpenSslEngine will be unavailable.
27 апр 2026;17:34:15.670 [main] DEBUG io.netty.handler.ssl.JdkSslContext - Default protocols (JDK): [TLSv1.3, TLSv1.2] 
27 апр 2026;17:34:15.670 [main] DEBUG io.netty.handler.ssl.JdkSslContext - Default cipher suites (JDK): [TLS_ECDHE_ECDSA_WITH_AES_256_GCM_SHA384, TLS_ECDHE_ECDSA_WITH_AES_128_GCM_SHA256, TLS_ECDHE_RSA_WITH_AES_128_GCM_SHA256, TLS_ECDHE_RSA_WITH_AES_256_GCM_SHA384, TLS_ECDHE_RSA_WITH_AES_128_CBC_SHA, TLS_ECDHE_RSA_WITH_AES_256_CBC_SHA, TLS_RSA_WITH_AES_128_GCM_SHA256, TLS_RSA_WITH_AES_128_CBC_SHA, TLS_RSA_WITH_AES_256_CBC_SHA, TLS_AES_128_GCM_SHA256, TLS_AES_256_GCM_SHA384]
27 апр 2026;17:34:15.676 [main] DEBUG reactor.util.Loggers - Using Slf4j logging framework
27 апр 2026;17:34:15.746 [main] DEBUG reactor.core.publisher.Hooks - Hooking onEachOperator: micronaut
27 апр 2026;17:34:15.898 [main] DEBUG io.netty.channel.DefaultChannelId - -Dio.netty.processId: 17640 (auto-detected)
27 апр 2026;17:34:15.900 [main] DEBUG io.netty.util.NetUtil - -Djava.net.preferIPv4Stack: false
27 апр 2026;17:34:15.900 [main] DEBUG io.netty.util.NetUtil - -Djava.net.preferIPv6Addresses: false
27 апр 2026;17:34:16.226 [main] DEBUG io.netty.util.NetUtilInitializations - Loopback interface: lo (Software Loopback Interface 1, 127.0.0.1)
27 апр 2026;17:34:16.226 [main] DEBUG io.netty.util.NetUtil - Failed to get SOMAXCONN from sysctl and file \proc\sys\net\core\somaxconn. Default: 200
27 апр 2026;17:34:16.570 [main] DEBUG io.netty.channel.DefaultChannelId - -Dio.netty.machineId: 30:9c:23:ff:fe:02:cb:6e (auto-detected)
27 апр 2026;17:34:16.638 [default-nioEventLoopGroup-1-1] DEBUG io.netty.buffer.AbstractByteBuf - -Dio.netty.buffer.checkAccessible: true
27 апр 2026;17:34:16.639 [default-nioEventLoopGroup-1-1] DEBUG io.netty.buffer.AbstractByteBuf - -Dio.netty.buffer.checkBounds: true
27 апр 2026;17:34:16.639 [default-nioEventLoopGroup-1-1] DEBUG i.n.util.ResourceLeakDetectorFactory - Loaded default ResourceLeakDetector: io.netty.util.ResourceLeakDetector@6bfcc4a9
27 апр 2026;17:34:16.679 [default-nioEventLoopGroup-1-1] DEBUG io.netty.util.Recycler - -Dio.netty.recycler.maxCapacityPerThread: 4096
27 апр 2026;17:34:16.680 [default-nioEventLoopGroup-1-1] DEBUG io.netty.util.Recycler - -Dio.netty.recycler.ratio: 8
27 апр 2026;17:34:16.680 [default-nioEventLoopGroup-1-1] DEBUG io.netty.util.Recycler - -Dio.netty.recycler.chunkSize: 32
27 апр 2026;17:34:16.680 [default-nioEventLoopGroup-1-1] DEBUG io.netty.util.Recycler - -Dio.netty.recycler.blocking: false
27 апр 2026;17:34:17.074 [default-nioEventLoopGroup-1-1] DEBUG i.n.handler.codec.compression.Brotli - brotli4j not in the classpath; Brotli support will be unavailable.
27 апр 2026;17:34:20.651 [main] INFO  io.micronaut.runtime.Micronaut - Startup completed in 7165ms. Server Running: http://localhost:8085
27 апр 2026;17:48:33.287 [Thread-1] INFO  io.micronaut.runtime.Micronaut - Embedded Application shutting down
27 апр 2026;17:48:33.323 [default-nioEventLoopGroup-1-2] DEBUG io.netty.buffer.PoolThreadCache - Freed 43 thread-local buffer(s) from thread: default-nioEventLoopGroup-1-2
27 апр 2026;17:48:33.323 [default-nioEventLoopGroup-1-1] DEBUG io.netty.buffer.PoolThreadCache - Freed 27 thread-local buffer(s) from thread: default-nioEventLoopGroup-1-1
27 апр 2026;17:48:33.322 [default-nioEventLoopGroup-1-4] DEBUG io.netty.buffer.PoolThreadCache - Freed 5 thread-local buffer(s) from thread: default-nioEventLoopGroup-1-4
27 апр 2026;17:48:33.324 [default-nioEventLoopGroup-1-3] DEBUG io.netty.buffer.PoolThreadCache - Freed 6 thread-local buffer(s) from thread: default-nioEventLoopGroup-1-3
27 апр 2026;17:48:33.325 [default-nioEventLoopGroup-1-5] DEBUG io.netty.buffer.PoolThreadCache - Freed 30 thread-local buffer(s) from thread: default-nioEventLoopGroup-1-5
27 апр 2026;17:48:33.328 [default-nioEventLoopGroup-1-6] DEBUG io.netty.buffer.PoolThreadCache - Freed 45 thread-local buffer(s) from thread: default-nioEventLoopGroup-1-6
27 апр 2026;17:48:33.328 [default-nioEventLoopGroup-1-7] DEBUG io.netty.buffer.PoolThreadCache - Freed 32 thread-local buffer(s) from thread: default-nioEventLoopGroup-1-7
27 апр 2026;17:48:33.334 [default-nioEventLoopGroup-1-10] DEBUG io.netty.buffer.PoolThreadCache - Freed 4 thread-local buffer(s) from thread: default-nioEventLoopGroup-1-10
27 апр 2026;17:48:33.334 [default-nioEventLoopGroup-1-9] DEBUG io.netty.buffer.PoolThreadCache - Freed 4 thread-local buffer(s) from thread: default-nioEventLoopGroup-1-9
27 апр 2026;17:48:33.335 [default-nioEventLoopGroup-1-8] DEBUG io.netty.buffer.PoolThreadCache - Freed 4 thread-local buffer(s) from thread: default-nioEventLoopGroup-1-8
27 апр 2026;17:48:33.335 [default-nioEventLoopGroup-1-12] DEBUG io.netty.buffer.PoolThreadCache - Freed 3 thread-local buffer(s) from thread: default-nioEventLoopGroup-1-12
27 апр 2026;17:48:33.335 [default-nioEventLoopGroup-1-11] DEBUG io.netty.buffer.PoolThreadCache - Freed 3 thread-local buffer(s) from thread: default-nioEventLoopGroup-1-11
27 апр 2026;17:48:33.335 [default-nioEventLoopGroup-1-14] DEBUG io.netty.buffer.PoolThreadCache - Freed 4 thread-local buffer(s) from thread: default-nioEventLoopGroup-1-14
27 апр 2026;17:48:33.336 [default-nioEventLoopGroup-1-13] DEBUG io.netty.buffer.PoolThreadCache - Freed 7 thread-local buffer(s) from thread: default-nioEventLoopGroup-1-13
27 апр 2026;17:48:33.336 [default-nioEventLoopGroup-1-16] DEBUG io.netty.buffer.PoolThreadCache - Freed 4 thread-local buffer(s) from thread: default-nioEventLoopGroup-1-16
27 апр 2026;17:48:33.336 [default-nioEventLoopGroup-1-15] DEBUG io.netty.buffer.PoolThreadCache - Freed 3 thread-local buffer(s) from thread: default-nioEventLoopGroup-1-15
27 апр 2026;17:48:33.342 [Thread-1] DEBUG reactor.core.publisher.Hooks - Reset onEachOperator: micronaut
27 апр 2026;20:43:00.092 [main] DEBUG i.n.u.i.l.InternalLoggerFactory - Using SLF4J as the default logging framework
27 апр 2026;20:43:00.097 [main] DEBUG i.n.u.i.InternalThreadLocalMap - -Dio.netty.threadLocalMap.stringBuilder.initialSize: 1024
27 апр 2026;20:43:00.098 [main] DEBUG i.n.u.i.InternalThreadLocalMap - -Dio.netty.threadLocalMap.stringBuilder.maxSize: 4096
27 апр 2026;20:43:00.115 [main] DEBUG i.n.util.internal.PlatformDependent0 - -Dio.netty.noUnsafe: false
27 апр 2026;20:43:00.116 [main] DEBUG i.n.util.internal.PlatformDependent0 - Java version: 8
27 апр 2026;20:43:00.116 [main] DEBUG i.n.util.internal.PlatformDependent0 - sun.misc.Unsafe.theUnsafe: available
27 апр 2026;20:43:00.117 [main] DEBUG i.n.util.internal.PlatformDependent0 - sun.misc.Unsafe.copyMemory: available
27 апр 2026;20:43:00.117 [main] DEBUG i.n.util.internal.PlatformDependent0 - sun.misc.Unsafe.storeFence: available
27 апр 2026;20:43:00.118 [main] DEBUG i.n.util.internal.PlatformDependent0 - java.nio.Buffer.address: available
27 апр 2026;20:43:00.118 [main] DEBUG i.n.util.internal.PlatformDependent0 - direct buffer constructor: available
27 апр 2026;20:43:00.119 [main] DEBUG i.n.util.internal.PlatformDependent0 - java.nio.Bits.unaligned: available, true
27 апр 2026;20:43:00.119 [main] DEBUG i.n.util.internal.PlatformDependent0 - jdk.internal.misc.Unsafe.allocateUninitializedArray(int): unavailable prior to Java9
27 апр 2026;20:43:00.119 [main] DEBUG i.n.util.internal.PlatformDependent0 - java.nio.DirectByteBuffer.<init>(long, int): available
27 апр 2026;20:43:00.119 [main] DEBUG i.n.util.internal.PlatformDependent - sun.misc.Unsafe: available
27 апр 2026;20:43:00.119 [main] DEBUG i.n.util.internal.PlatformDependent - -Dio.netty.tmpdir: C:\Users\psoko\AppData\Local\Temp (java.io.tmpdir)
27 апр 2026;20:43:00.120 [main] DEBUG i.n.util.internal.PlatformDependent - -Dio.netty.bitMode: 64 (sun.arch.data.model)
27 апр 2026;20:43:00.120 [main] DEBUG i.n.util.internal.PlatformDependent - Platform: Windows
27 апр 2026;20:43:00.121 [main] DEBUG i.n.util.internal.PlatformDependent - -Dio.netty.maxDirectMemory: 7628390400 bytes
27 апр 2026;20:43:00.121 [main] DEBUG i.n.util.internal.PlatformDependent - -Dio.netty.uninitializedArrayAllocationThreshold: -1
27 апр 2026;20:43:00.121 [main] DEBUG io.netty.util.internal.CleanerJava6 - java.nio.ByteBuffer.cleaner(): available
27 апр 2026;20:43:00.122 [main] DEBUG i.n.util.internal.PlatformDependent - -Dio.netty.noPreferDirect: false
27 апр 2026;20:43:00.131 [main] DEBUG io.netty.util.ResourceLeakDetector - -Dio.netty.leakDetection.level: simple
27 апр 2026;20:43:00.131 [main] DEBUG io.netty.util.ResourceLeakDetector - -Dio.netty.leakDetection.targetRecords: 4
27 апр 2026;20:43:00.133 [main] DEBUG i.n.buffer.PooledByteBufAllocator - -Dio.netty.allocator.numHeapArenas: 16
27 апр 2026;20:43:00.133 [main] DEBUG i.n.buffer.PooledByteBufAllocator - -Dio.netty.allocator.numDirectArenas: 16
27 апр 2026;20:43:00.133 [main] DEBUG i.n.buffer.PooledByteBufAllocator - -Dio.netty.allocator.pageSize: 8192
27 апр 2026;20:43:00.133 [main] DEBUG i.n.buffer.PooledByteBufAllocator - -Dio.netty.allocator.maxOrder: 9
27 апр 2026;20:43:00.133 [main] DEBUG i.n.buffer.PooledByteBufAllocator - -Dio.netty.allocator.chunkSize: 4194304
27 апр 2026;20:43:00.134 [main] DEBUG i.n.buffer.PooledByteBufAllocator - -Dio.netty.allocator.smallCacheSize: 256
27 апр 2026;20:43:00.134 [main] DEBUG i.n.buffer.PooledByteBufAllocator - -Dio.netty.allocator.normalCacheSize: 64
27 апр 2026;20:43:00.134 [main] DEBUG i.n.buffer.PooledByteBufAllocator - -Dio.netty.allocator.maxCachedBufferCapacity: 32768
27 апр 2026;20:43:00.134 [main] DEBUG i.n.buffer.PooledByteBufAllocator - -Dio.netty.allocator.cacheTrimInterval: 8192
27 апр 2026;20:43:00.134 [main] DEBUG i.n.buffer.PooledByteBufAllocator - -Dio.netty.allocator.cacheTrimIntervalMillis: 0
27 апр 2026;20:43:00.134 [main] DEBUG i.n.buffer.PooledByteBufAllocator - -Dio.netty.allocator.useCacheForAllThreads: false
27 апр 2026;20:43:00.134 [main] DEBUG i.n.buffer.PooledByteBufAllocator - -Dio.netty.allocator.maxCachedByteBuffersPerChunk: 1023
27 апр 2026;20:43:00.146 [main] DEBUG io.netty.buffer.ByteBufUtil - -Dio.netty.allocator.type: pooled
27 апр 2026;20:43:00.146 [main] DEBUG io.netty.buffer.ByteBufUtil - -Dio.netty.threadLocalDirectBufferSize: 0
27 апр 2026;20:43:00.146 [main] DEBUG io.netty.buffer.ByteBufUtil - -Dio.netty.maxThreadLocalCharBufferSize: 16384
27 апр 2026;20:43:00.523 [main] DEBUG i.n.c.MultithreadEventLoopGroup - -Dio.netty.eventLoopThreads: 16
27 апр 2026;20:43:00.561 [main] DEBUG io.netty.channel.nio.NioEventLoop - -Dio.netty.noKeySetOptimization: false
27 апр 2026;20:43:00.561 [main] DEBUG io.netty.channel.nio.NioEventLoop - -Dio.netty.selectorAutoRebuildThreshold: 512
27 апр 2026;20:43:00.572 [main] DEBUG i.n.util.internal.PlatformDependent - org.jctools-core.MpscChunkedArrayQueue: available
27 апр 2026;20:43:01.133 [main] DEBUG io.netty.handler.ssl.OpenSsl - netty-tcnative not in the classpath; OpenSslEngine will be unavailable.
27 апр 2026;20:43:01.591 [main] DEBUG io.netty.handler.ssl.JdkSslContext - Default protocols (JDK): [TLSv1.3, TLSv1.2] 
27 апр 2026;20:43:01.591 [main] DEBUG io.netty.handler.ssl.JdkSslContext - Default cipher suites (JDK): [TLS_ECDHE_ECDSA_WITH_AES_256_GCM_SHA384, TLS_ECDHE_ECDSA_WITH_AES_128_GCM_SHA256, TLS_ECDHE_RSA_WITH_AES_128_GCM_SHA256, TLS_ECDHE_RSA_WITH_AES_256_GCM_SHA384, TLS_ECDHE_RSA_WITH_AES_128_CBC_SHA, TLS_ECDHE_RSA_WITH_AES_256_CBC_SHA, TLS_RSA_WITH_AES_128_GCM_SHA256, TLS_RSA_WITH_AES_128_CBC_SHA, TLS_RSA_WITH_AES_256_CBC_SHA, TLS_AES_128_GCM_SHA256, TLS_AES_256_GCM_SHA384]
27 апр 2026;20:43:01.614 [main] DEBUG reactor.util.Loggers - Using Slf4j logging framework
27 апр 2026;20:43:01.743 [main] DEBUG reactor.core.publisher.Hooks - Hooking onEachOperator: micronaut
27 апр 2026;20:43:01.896 [main] DEBUG io.netty.channel.DefaultChannelId - -Dio.netty.processId: 24492 (auto-detected)
27 апр 2026;20:43:01.898 [main] DEBUG io.netty.util.NetUtil - -Djava.net.preferIPv4Stack: false
27 апр 2026;20:43:01.898 [main] DEBUG io.netty.util.NetUtil - -Djava.net.preferIPv6Addresses: false
27 апр 2026;20:43:02.290 [main] DEBUG io.netty.util.NetUtilInitializations - Loopback interface: lo (Software Loopback Interface 1, 127.0.0.1)
27 апр 2026;20:43:02.291 [main] DEBUG io.netty.util.NetUtil - Failed to get SOMAXCONN from sysctl and file \proc\sys\net\core\somaxconn. Default: 200
27 апр 2026;20:43:02.693 [main] DEBUG io.netty.channel.DefaultChannelId - -Dio.netty.machineId: 30:9c:23:ff:fe:02:cb:6e (auto-detected)
27 апр 2026;20:43:02.784 [default-nioEventLoopGroup-1-1] DEBUG io.netty.buffer.AbstractByteBuf - -Dio.netty.buffer.checkAccessible: true
27 апр 2026;20:43:02.785 [default-nioEventLoopGroup-1-1] DEBUG io.netty.buffer.AbstractByteBuf - -Dio.netty.buffer.checkBounds: true
27 апр 2026;20:43:02.786 [default-nioEventLoopGroup-1-1] DEBUG i.n.util.ResourceLeakDetectorFactory - Loaded default ResourceLeakDetector: io.netty.util.ResourceLeakDetector@742ea5ff
27 апр 2026;20:43:02.851 [default-nioEventLoopGroup-1-1] DEBUG io.netty.util.Recycler - -Dio.netty.recycler.maxCapacityPerThread: 4096
27 апр 2026;20:43:02.851 [default-nioEventLoopGroup-1-1] DEBUG io.netty.util.Recycler - -Dio.netty.recycler.ratio: 8
27 апр 2026;20:43:02.851 [default-nioEventLoopGroup-1-1] DEBUG io.netty.util.Recycler - -Dio.netty.recycler.chunkSize: 32
27 апр 2026;20:43:02.851 [default-nioEventLoopGroup-1-1] DEBUG io.netty.util.Recycler - -Dio.netty.recycler.blocking: false
27 апр 2026;20:43:02.922 [default-nioEventLoopGroup-1-1] DEBUG i.n.handler.codec.compression.Brotli - brotli4j not in the classpath; Brotli support will be unavailable.
27 апр 2026;20:43:06.971 [main] INFO  io.micronaut.runtime.Micronaut - Startup completed in 8670ms. Server Running: http://localhost:8085
27 апр 2026;20:44:49.319 [Thread-1] INFO  io.micronaut.runtime.Micronaut - Embedded Application shutting down
27 апр 2026;20:44:49.335 [default-nioEventLoopGroup-1-9] DEBUG io.netty.buffer.PoolThreadCache - Freed 3 thread-local buffer(s) from thread: default-nioEventLoopGroup-1-9
27 апр 2026;20:44:49.335 [default-nioEventLoopGroup-1-16] DEBUG io.netty.buffer.PoolThreadCache - Freed 3 thread-local buffer(s) from thread: default-nioEventLoopGroup-1-16
27 апр 2026;20:44:49.335 [default-nioEventLoopGroup-1-7] DEBUG io.netty.buffer.PoolThreadCache - Freed 3 thread-local buffer(s) from thread: default-nioEventLoopGroup-1-7
27 апр 2026;20:44:49.335 [default-nioEventLoopGroup-1-15] DEBUG io.netty.buffer.PoolThreadCache - Freed 3 thread-local buffer(s) from thread: default-nioEventLoopGroup-1-15
27 апр 2026;20:44:49.335 [default-nioEventLoopGroup-1-13] DEBUG io.netty.buffer.PoolThreadCache - Freed 5 thread-local buffer(s) from thread: default-nioEventLoopGroup-1-13
27 апр 2026;20:44:49.335 [default-nioEventLoopGroup-1-1] DEBUG io.netty.buffer.PoolThreadCache - Freed 23 thread-local buffer(s) from thread: default-nioEventLoopGroup-1-1
27 апр 2026;20:44:49.335 [default-nioEventLoopGroup-1-14] DEBUG io.netty.buffer.PoolThreadCache - Freed 3 thread-local buffer(s) from thread: default-nioEventLoopGroup-1-14
27 апр 2026;20:44:49.335 [default-nioEventLoopGroup-1-11] DEBUG io.netty.buffer.PoolThreadCache - Freed 3 thread-local buffer(s) from thread: default-nioEventLoopGroup-1-11
27 апр 2026;20:44:49.335 [default-nioEventLoopGroup-1-5] DEBUG io.netty.buffer.PoolThreadCache - Freed 3 thread-local buffer(s) from thread: default-nioEventLoopGroup-1-5
27 апр 2026;20:44:49.335 [default-nioEventLoopGroup-1-6] DEBUG io.netty.buffer.PoolThreadCache - Freed 3 thread-local buffer(s) from thread: default-nioEventLoopGroup-1-6
27 апр 2026;20:44:49.335 [default-nioEventLoopGroup-1-3] DEBUG io.netty.buffer.PoolThreadCache - Freed 3 thread-local buffer(s) from thread: default-nioEventLoopGroup-1-3
27 апр 2026;20:44:49.335 [default-nioEventLoopGroup-1-12] DEBUG io.netty.buffer.PoolThreadCache - Freed 3 thread-local buffer(s) from thread: default-nioEventLoopGroup-1-12
27 апр 2026;20:44:49.335 [default-nioEventLoopGroup-1-10] DEBUG io.netty.buffer.PoolThreadCache - Freed 3 thread-local buffer(s) from thread: default-nioEventLoopGroup-1-10
27 апр 2026;20:44:49.335 [default-nioEventLoopGroup-1-4] DEBUG io.netty.buffer.PoolThreadCache - Freed 3 thread-local buffer(s) from thread: default-nioEventLoopGroup-1-4
27 апр 2026;20:44:49.335 [default-nioEventLoopGroup-1-8] DEBUG io.netty.buffer.PoolThreadCache - Freed 3 thread-local buffer(s) from thread: default-nioEventLoopGroup-1-8
27 апр 2026;20:44:49.336 [default-nioEventLoopGroup-1-2] DEBUG io.netty.buffer.PoolThreadCache - Freed 38 thread-local buffer(s) from thread: default-nioEventLoopGroup-1-2
27 апр 2026;20:44:49.340 [Thread-1] DEBUG reactor.core.publisher.Hooks - Reset onEachOperator: micronaut
